"routeMappingId","routeType","routeSlug","normalizedRouteSlug","routeTitle","pillarId","subPageId","nestedPageId","topicId","quizId","refPath","targetExists","expectedType","targetType","targetSlug","normalizedTargetSlug","targetTitle"
"00ovwopQq62aDJK9kiCs","quiz","ati-pn-advanced-med-surg-proctored-exam-practice-questions","ati-pn-advanced-med-surg-proctored-exam-practice-questions","ATI PN Advanced Med Surg Proctored Exam. Practice Questions","nursing-test-bank","z0xzINtS3EohZNaKosBz","lyrHg4RBzN6UafuymMFT","NywbGW22YNeZSM3kuwKk","XHWqHQ2bEOP33PwErUTI","pillarPages/nursing-test-bank/subPages/z0xzINtS3EohZNaKosBz/nestedSubPages/lyrHg4RBzN6UafuymMFT/topics/NywbGW22YNeZSM3kuwKk/quizzes/XHWqHQ2bEOP33PwErUTI","true","quiz","quiz","ati-pn-advanced-med-surg-proctored-exam-practice-questions","ati-pn-advanced-med-surg-proctored-exam-practice-questions","ATI PN Advanced Med Surg Proctored Exam. Practice Questions"
"03KMuK7Mh6itZUChVI62","quiz","hesi-a2-biology-practice-test-set-1","hesi-a2-biology-practice-test-set-1","","nursing-entrance-exam","rdYGUZ9DzFvAmo6EsrVe","4f2Tydp51lxl4u4OtTlL","","hesi-a2-biology-practice-test-set-1","pillarPages/nursing-entrance-exam/subPages/rdYGUZ9DzFvAmo6EsrVe/nestedSubPages/4f2Tydp51lxl4u4OtTlL/quizzes/hesi-a2-biology-practice-test-set-1","true","quiz","entrance_quiz_subject","hesi-a2-biology-practice-test-set-1","hesi-a2-biology-practice-test-set-1","HESI A2 Biology Practice Test Set 1"
"04YURJ9APUdsYlZfVWj2","quiz","anatomy-and-physiology-proctored-exam-bio-210-practice-questions","anatomy-and-physiology-proctored-exam-bio-210-practice-questions","Anatomy and Physiology Proctored Exam (Bio 210) Practice Questions","nursing-test-bank","SuT1noZoNGEjKGR1vTbi","zMFBI0XMiRsJnnXWhL5S","PavJlfHXwXRUhopKAOO9","elqQNBhHvKZXqmgvjyJh","pillarPages/nursing-test-bank/subPages/SuT1noZoNGEjKGR1vTbi/nestedSubPages/zMFBI0XMiRsJnnXWhL5S/topics/PavJlfHXwXRUhopKAOO9/quizzes/elqQNBhHvKZXqmgvjyJh","true","quiz","quiz","anatomy-and-physiology-proctored-exam-bio-210-practice-questions","anatomy-and-physiology-proctored-exam-bio-210-practice-questions","Anatomy and Physiology Proctored Exam (Bio 210) Practice Questions"
"0BaCDqobYv3jdkBNuDt2","quiz","hesi-rn-dosage-calculation-proctored-exam-practice-questions-set-6","hesi-rn-dosage-calculation-proctored-exam-practice-questions-set-6","HESI RN Dosage Calculation Proctored Exam Practice Questions - Set 6","nursing-test-bank","SuT1noZoNGEjKGR1vTbi","iT55qp9NAFOvZLBAiQzC","dfRlrdGOvpDhVVXIqa0H","iRh6LiEuUJG9QK0K9GtC","pillarPages/nursing-test-bank/subPages/SuT1noZoNGEjKGR1vTbi/nestedSubPages/iT55qp9NAFOvZLBAiQzC/topics/dfRlrdGOvpDhVVXIqa0H/quizzes/iRh6LiEuUJG9QK0K9GtC","true","quiz","quiz","hesi-rn-dosage-calculation-proctored-exam-practice-questions-set-6","hesi-rn-dosage-calculation-proctored-exam-practice-questions-set-6","HESI RN Dosage Calculation Proctored Exam Practice Questions - Set 6"
"0CAXw55tfsngONhjsj0g","topic","rn-nursing-course-endocrinology-practice-questions","rn-nursing-course-endocrinology-practice-questions","Endocrinology","nursing-test-bank","SuT1noZoNGEjKGR1vTbi","zMFBI0XMiRsJnnXWhL5S","A9zXNbSKb0vVjEfyHpKx","","pillarPages/nursing-test-bank/subPages/SuT1noZoNGEjKGR1vTbi/nestedSubPages/zMFBI0XMiRsJnnXWhL5S/topics/A9zXNbSKb0vVjEfyHpKx","true","topic","topic","rn-nursing-course-endocrinology-practice-questions","rn-nursing-course-endocrinology-practice-questions","Endocrinology"
"0H7fy4Ce4YxbVt9GmrCs","quiz","ati-pn-pediatrics-nursing-proctored-exam-4-practice-questions","ati-pn-pediatrics-nursing-proctored-exam-4-practice-questions","ATI PN Pediatrics Nursing Proctored Exam 4 Practice Questions","nursing-test-bank","z0xzINtS3EohZNaKosBz","lyrHg4RBzN6UafuymMFT","Y0MhOdG0hGVh8AUsgVrz","NH3gyG5aP7WEF0CLYByB","pillarPages/nursing-test-bank/subPages/z0xzINtS3EohZNaKosBz/nestedSubPages/lyrHg4RBzN6UafuymMFT/topics/Y0MhOdG0hGVh8AUsgVrz/quizzes/NH3gyG5aP7WEF0CLYByB","true","quiz","quiz","ati-pn-pediatrics-nursing-proctored-exam-4-practice-questions","ati-pn-pediatrics-nursing-proctored-exam-4-practice-questions","ATI PN Pediatrics Nursing Proctored Exam 4 Practice Questions"
"0N4NqoR5LzJlxNZRqkSd","quiz","ati-pn-fundamentals-proctored-exam-ii-practice-questions","ati-pn-fundamentals-proctored-exam-ii-practice-questions","ATI PN Fundamentals Proctored Exam II Practice Questions","nursing-test-bank","z0xzINtS3EohZNaKosBz","lyrHg4RBzN6UafuymMFT","1Lb0PkKiTEM2wQOIMDtv","735MCl6VWvWceXcBvU3I","pillarPages/nursing-test-bank/subPages/z0xzINtS3EohZNaKosBz/nestedSubPages/lyrHg4RBzN6UafuymMFT/topics/1Lb0PkKiTEM2wQOIMDtv/quizzes/735MCl6VWvWceXcBvU3I","true","quiz","quiz","ati-pn-fundamentals-proctored-exam-ii-practice-questions","ati-pn-fundamentals-proctored-exam-ii-practice-questions","ATI PN Fundamentals Proctored Exam II Practice Questions"
"0NBX51jWj6yMTOMVJM6f","quiz","ati-rn-comprehensive-predictor-2023-proctored-exam-form-3","ati-rn-comprehensive-predictor-2023-proctored-exam-form-3","ATI RN Comprehensive Predictor 2023 Proctored Exam Form 3","nursing-exit-exam","S4vSoa5bxDgZ1L5kLOJe","QsMAv9L9bzYoFjgdfKgH","","4b9ZGlgK7CqJUZ5UVnDo","pillarPages/nursing-exit-exam/subPages/S4vSoa5bxDgZ1L5kLOJe/nestedSubPages/QsMAv9L9bzYoFjgdfKgH/quizzes/4b9ZGlgK7CqJUZ5UVnDo","true","quiz","quiz","ati-rn-comprehensive-predictor-2023-proctored-exam-form-3","ati-rn-comprehensive-predictor-2023-proctored-exam-form-3","ATI RN Comprehensive Predictor 2023 Proctored Exam Form 3"
"0RKy0bSv6o5NsyVw2CNN","quiz","nu-314-maternal-newborn-proctored-exam-practice-questions-set-6","nu-314-maternal-newborn-proctored-exam-practice-questions-set-6","Nu 314 Maternal Newborn Proctored Exam Practice Questions - Set 6","nursing-test-bank","SuT1noZoNGEjKGR1vTbi","zMFBI0XMiRsJnnXWhL5S","stnDIFRoA0VwLaoxbGv1","1as6z7CWehDGH7sSvspp","pillarPages/nursing-test-bank/subPages/SuT1noZoNGEjKGR1vTbi/nestedSubPages/zMFBI0XMiRsJnnXWhL5S/topics/stnDIFRoA0VwLaoxbGv1/quizzes/1as6z7CWehDGH7sSvspp","true","quiz","quiz","nu-314-maternal-newborn-proctored-exam-practice-questions-set-6","nu-314-maternal-newborn-proctored-exam-practice-questions-set-6","Nu 314 Maternal Newborn Proctored Exam Practice Questions - Set 6"
"0WeVGhbRQ2GqhWpK8vtw","quiz","hesi-rn-dosage-calculation-proctored-exam-practice-questions-set-4","hesi-rn-dosage-calculation-proctored-exam-practice-questions-set-4","HESI RN Dosage Calculation Proctored Exam Practice Questions - Set 4","nursing-test-bank","SuT1noZoNGEjKGR1vTbi","iT55qp9NAFOvZLBAiQzC","dfRlrdGOvpDhVVXIqa0H","KXkIAIdmuvGAhSoQlqS6","pillarPages/nursing-test-bank/subPages/SuT1noZoNGEjKGR1vTbi/nestedSubPages/iT55qp9NAFOvZLBAiQzC/topics/dfRlrdGOvpDhVVXIqa0H/quizzes/KXkIAIdmuvGAhSoQlqS6","true","quiz","quiz","hesi-rn-dosage-calculation-proctored-exam-practice-questions-set-4","hesi-rn-dosage-calculation-proctored-exam-practice-questions-set-4","HESI RN Dosage Calculation Proctored Exam Practice Questions - Set 4"
"0hG6j1ktT6u4UP4VAi4G","quiz","ob-and-pedeatrics-proctored-exam-hcp-bridge-practice-questions","ob-and-pedeatrics-proctored-exam-hcp-bridge-practice-questions","OB and Pedeatrics Proctored Exam (Hcp Bridge) Practice Questions","nursing-test-bank","SuT1noZoNGEjKGR1vTbi","zMFBI0XMiRsJnnXWhL5S","Hwspg6smTqrELsoRSNmc","vggPwwFcmYZKmuMI8MJL","pillarPages/nursing-test-bank/subPages/SuT1noZoNGEjKGR1vTbi/nestedSubPages/zMFBI0XMiRsJnnXWhL5S/topics/Hwspg6smTqrELsoRSNmc/quizzes/vggPwwFcmYZKmuMI8MJL","true","quiz","quiz","ob-and-pedeatrics-proctored-exam-hcp-bridge-practice-questions","ob-and-pedeatrics-proctored-exam-hcp-bridge-practice-questions","OB and Pedeatrics Proctored Exam (Hcp Bridge) Practice Questions"
"0kehAPtDmQi0F054sznd","topic","ati-nutrition-practice-questions","ati-nutrition-practice-questions","","nursing-test-bank","SuT1noZoNGEjKGR1vTbi","Fnnd4c6ae0Uiurk2KUSc","XU1Jo4dwI3E9VPqZX0VT","","pillarPages/nursing-test-bank/subPages/SuT1noZoNGEjKGR1vTbi/nestedSubPages/Fnnd4c6ae0Uiurk2KUSc/topics/XU1Jo4dwI3E9VPqZX0VT","true","topic","topic","ati-nutrition-practice-questions","ati-nutrition-practice-questions","Nutrition"
"0pYCwkHrFsQitn4P7MWZ","quiz","wgu-hesi-rn-foundation-of-nursing-proctored-exam-practice-questions","wgu-hesi-rn-foundation-of-nursing-proctored-exam-practice-questions","WGU HESI RN Foundation of Nursing Proctored Exam Practice Questions","nursing-test-bank","SuT1noZoNGEjKGR1vTbi","iT55qp9NAFOvZLBAiQzC","70YsvvAfpEoWkJ2zO8Vy","scUQyNlRvgEmdkevnnJk","pillarPages/nursing-test-bank/subPages/SuT1noZoNGEjKGR1vTbi/nestedSubPages/iT55qp9NAFOvZLBAiQzC/topics/70YsvvAfpEoWkJ2zO8Vy/quizzes/scUQyNlRvgEmdkevnnJk","true","quiz","quiz","wgu-hesi-rn-foundation-of-nursing-proctored-exam-practice-questions","wgu-hesi-rn-foundation-of-nursing-proctored-exam-practice-questions","WGU HESI RN Foundation of Nursing Proctored Exam Practice Questions"
"0q5zjihkUfARUgWH8322","kb","free-ati-teas-7-practice-test-2025-full-length-simulation.","free-ati-teas-7-practice-test-2025-full-length-simulation.","","nursing-entrance-exam","WC8LD6lj28myPCzXpIpT","","","","knowledgeBase/WC8LD6lj28myPCzXpIpT","true","kb","kb","free-ati-teas-7-practice-test-2025-full-length-simulation.","free-ati-teas-7-practice-test-2025-full-length-simulation.","ATI TEAS 7 Practice Test"
"0sz4beh1in34GzkwJSkX","quiz","ati-pn-mental-health-pn-ecpi-college-proctored-exam-practice-questions","ati-pn-mental-health-pn-ecpi-college-proctored-exam-practice-questions","ATI PN Mental Health PN(Ecpi College) Proctored Exam Practice Questions","nursing-test-bank","z0xzINtS3EohZNaKosBz","lyrHg4RBzN6UafuymMFT","6i5h4wWlOfz4R8huNTkC","PFewnOklavlOrbuP1ZTh","pillarPages/nursing-test-bank/subPages/z0xzINtS3EohZNaKosBz/nestedSubPages/lyrHg4RBzN6UafuymMFT/topics/6i5h4wWlOfz4R8huNTkC/quizzes/PFewnOklavlOrbuP1ZTh","true","quiz","quiz","ati-pn-mental-health-pn-ecpi-college-proctored-exam-practice-questions","ati-pn-mental-health-pn-ecpi-college-proctored-exam-practice-questions","ATI PN Mental Health PN(Ecpi College) Proctored Exam Practice Questions"
"0uIy4YGYBJ0defg2WLh9","quiz","teas-reading-practice-test-set-13","teas-reading-practice-test-set-13","","nursing-entrance-exam","yrdSf0KpOcuybL1SLnw7","2JIZgWhm9jUkoNFmkY7R","","DdOaj7o2STEkWwbqKigF","pillarPages/nursing-entrance-exam/subPages/yrdSf0KpOcuybL1SLnw7/nestedSubPages/2JIZgWhm9jUkoNFmkY7R/quizzes/DdOaj7o2STEkWwbqKigF","true","quiz","quiz","teas-reading-practice-test-set-13","teas-reading-practice-test-set-13","TEAS Reading Practice Test Set 13"
"0wGnbazQicMu1hAgeiqG","sub","hesi-a2-practice-test","hesi-a2-practice-test","","nursing-entrance-exam","rdYGUZ9DzFvAmo6EsrVe","","","","pillarPages/nursing-entrance-exam/subPages/rdYGUZ9DzFvAmo6EsrVe","true","subPage","sub","hesi-a2-practice-test","hesi-a2-practice-test","HESI A2"
"0zY0zC9p5QCdBiDbOdYL","quiz","hesi-rn-leadership-proctored-exam-practice-questions","hesi-rn-leadership-proctored-exam-practice-questions","HESI RN Leadership Proctored Exam Practice Questions","nursing-test-bank","SuT1noZoNGEjKGR1vTbi","iT55qp9NAFOvZLBAiQzC","30nccr09IVuWd4PtZ4XA","byegyFwRRkBAxewuKhDm","pillarPages/nursing-test-bank/subPages/SuT1noZoNGEjKGR1vTbi/nestedSubPages/iT55qp9NAFOvZLBAiQzC/topics/30nccr09IVuWd4PtZ4XA/quizzes/byegyFwRRkBAxewuKhDm","true","quiz","quiz","hesi-rn-leadership-proctored-exam-practice-questions","hesi-rn-leadership-proctored-exam-practice-questions","HESI RN Leadership Proctored Exam Practice Questions"
"11war13uNyuUALcmSmN6","quiz","hesi-rn-medical-surgical-nursing-proctored-exam-practice-questions","hesi-rn-medical-surgical-nursing-proctored-exam-practice-questions","HESI RN Medical Surgical Nursing Proctored Exam Practice Questions","nursing-test-bank","SuT1noZoNGEjKGR1vTbi","iT55qp9NAFOvZLBAiQzC","aS23yuUD7OS39aVVutYn","IHAh9XiKapQiPTKQE9vp","pillarPages/nursing-test-bank/subPages/SuT1noZoNGEjKGR1vTbi/nestedSubPages/iT55qp9NAFOvZLBAiQzC/topics/aS23yuUD7OS39aVVutYn/quizzes/IHAh9XiKapQiPTKQE9vp","true","quiz","quiz","hesi-rn-medical-surgical-nursing-proctored-exam-practice-questions","hesi-rn-medical-surgical-nursing-proctored-exam-practice-questions","HESI RN Medical Surgical Nursing Proctored Exam Practice Questions"
"18yEQ02h9a8Lk01YyCZ4","quiz","med-surg-proctored-exam-herzing-university-nss123-practice-questions","med-surg-proctored-exam-herzing-university-nss123-practice-questions","Med Surg Proctored Exam (Herzing University Nss123) Practice Questions","nursing-test-bank","SuT1noZoNGEjKGR1vTbi","zMFBI0XMiRsJnnXWhL5S","4xNDZPMszSkpgRfEsOck","7NcDGMGtPnfkipJ9KIo9","pillarPages/nursing-test-bank/subPages/SuT1noZoNGEjKGR1vTbi/nestedSubPages/zMFBI0XMiRsJnnXWhL5S/topics/4xNDZPMszSkpgRfEsOck/quizzes/7NcDGMGtPnfkipJ9KIo9","true","quiz","quiz","med-surg-proctored-exam-herzing-university-nss123-practice-questions","med-surg-proctored-exam-herzing-university-nss123-practice-questions","Med Surg Proctored Exam (Herzing University Nss123) Practice Questions"
"1Dl2rVrNJuFNq8g6evTi","quiz","ati-pn-med-surg-pn-proctored-exam-monroe-college-practice-questions","ati-pn-med-surg-pn-proctored-exam-monroe-college-practice-questions","ATI PN Med Surg PN Proctored Exam (Monroe College) Practice Questions","nursing-test-bank","z0xzINtS3EohZNaKosBz","lyrHg4RBzN6UafuymMFT","NywbGW22YNeZSM3kuwKk","bkWtAcqfdm9l1NEdIQaT","pillarPages/nursing-test-bank/subPages/z0xzINtS3EohZNaKosBz/nestedSubPages/lyrHg4RBzN6UafuymMFT/topics/NywbGW22YNeZSM3kuwKk/quizzes/bkWtAcqfdm9l1NEdIQaT","true","quiz","quiz","ati-pn-med-surg-pn-proctored-exam-monroe-college-practice-questions","ati-pn-med-surg-pn-proctored-exam-monroe-college-practice-questions","ATI PN Med Surg PN Proctored Exam (Monroe College) Practice Questions"
"1Icj9QEHBQUkMizKi082","quiz","ati-pn-med-surg-proctored-exam-practice-questions-set-20","ati-pn-med-surg-proctored-exam-practice-questions-set-20","ATI PN Med Surg Proctored Exam Practice Questions - Set 20","nursing-test-bank","z0xzINtS3EohZNaKosBz","lyrHg4RBzN6UafuymMFT","NywbGW22YNeZSM3kuwKk","UNpA2CM7ebFWBcyGTTh4","pillarPages/nursing-test-bank/subPages/z0xzINtS3EohZNaKosBz/nestedSubPages/lyrHg4RBzN6UafuymMFT/topics/NywbGW22YNeZSM3kuwKk/quizzes/UNpA2CM7ebFWBcyGTTh4","true","quiz","quiz","ati-pn-med-surg-proctored-exam-practice-questions-set-20","ati-pn-med-surg-proctored-exam-practice-questions-set-20","ATI PN Med Surg Proctored Exam Practice Questions - Set 20"
"1K5QnWN9oCwltItusboa","quiz","hesi-rn-health-assessment-proctored-exam-practice-questions-set-13","hesi-rn-health-assessment-proctored-exam-practice-questions-set-13","HESI RN Health Assessment Proctored Exam Practice Questions - Set 13","nursing-test-bank","SuT1noZoNGEjKGR1vTbi","iT55qp9NAFOvZLBAiQzC","0zSu4efsFf1RPT4W2Xjn","se0AdeGgDu0iVJ4rHbWl","pillarPages/nursing-test-bank/subPages/SuT1noZoNGEjKGR1vTbi/nestedSubPages/iT55qp9NAFOvZLBAiQzC/topics/0zSu4efsFf1RPT4W2Xjn/quizzes/se0AdeGgDu0iVJ4rHbWl","true","quiz","quiz","hesi-rn-health-assessment-proctored-exam-practice-questions-set-13","hesi-rn-health-assessment-proctored-exam-practice-questions-set-13","HESI RN Health Assessment Proctored Exam Practice Questions - Set 13"
"1L6WroJKnD6zlx30BgKq","kb-article","rn-test-kb-df","rn-test-kb-df","","nursing-exit-exam","pxxCHZxblBsuB7nBLbaK","","","","knowledgeBase/pxxCHZxblBsuB7nBLbaK","true","kb","kb-article","rn-test-kb-df","rn-test-kb-df","RN TEst KB xzaaxxcv"
"1R2wQ2lS7zDCC8QsVsY6","quiz","foundation-of-nursing-proctored-exam-university-of-texas-practice-questions","foundation-of-nursing-proctored-exam-university-of-texas-practice-questions","Foundation of Nursing Proctored Exam (University of Texas) Practice Questions","nursing-test-bank","SuT1noZoNGEjKGR1vTbi","zMFBI0XMiRsJnnXWhL5S","sBc3Ee7TKg33PIbmj4Hb","nB2PPGbPPXQCSPaxMb3O","pillarPages/nursing-test-bank/subPages/SuT1noZoNGEjKGR1vTbi/nestedSubPages/zMFBI0XMiRsJnnXWhL5S/topics/sBc3Ee7TKg33PIbmj4Hb/quizzes/nB2PPGbPPXQCSPaxMb3O","true","quiz","quiz","foundation-of-nursing-proctored-exam-university-of-texas-practice-questions","foundation-of-nursing-proctored-exam-university-of-texas-practice-questions","Foundation of Nursing Proctored Exam (University of Texas) Practice Questions"
"1T9SithasuWSmaxN0Rex","quiz","pharmacology-proctored-exam-gi-and-diabetes-medication-practice-questions","pharmacology-proctored-exam-gi-and-diabetes-medication-practice-questions","Pharmacology Proctored Exam (Gi and Diabetes Medication) Practice Questions","nursing-test-bank","SuT1noZoNGEjKGR1vTbi","zMFBI0XMiRsJnnXWhL5S","qjQzp4HMFByeL1UEKGDd","M2EJAHcfvK3txoChuYPF","pillarPages/nursing-test-bank/subPages/SuT1noZoNGEjKGR1vTbi/nestedSubPages/zMFBI0XMiRsJnnXWhL5S/topics/qjQzp4HMFByeL1UEKGDd/quizzes/M2EJAHcfvK3txoChuYPF","true","quiz","quiz","pharmacology-proctored-exam-gi-and-diabetes-medication-practice-questions","pharmacology-proctored-exam-gi-and-diabetes-medication-practice-questions","Pharmacology Proctored Exam (Gi and Diabetes Medication) Practice Questions"
"1TmUiz45QVd31UprCgCb","quiz","managing-adult-care-1-proctored-exam-samuel-merit-university-practice-questions","managing-adult-care-1-proctored-exam-samuel-merit-university-practice-questions","Managing Adult Care 1 Proctored Exam (Samuel Merit University) Practice Questions","nursing-test-bank","SuT1noZoNGEjKGR1vTbi","zMFBI0XMiRsJnnXWhL5S","L2wWtC9VGd9bcVlQMhD1","fR3sOMFY8C10vvSEEDBT","pillarPages/nursing-test-bank/subPages/SuT1noZoNGEjKGR1vTbi/nestedSubPages/zMFBI0XMiRsJnnXWhL5S/topics/L2wWtC9VGd9bcVlQMhD1/quizzes/fR3sOMFY8C10vvSEEDBT","true","quiz","quiz","managing-adult-care-1-proctored-exam-samuel-merit-university-practice-questions","managing-adult-care-1-proctored-exam-samuel-merit-university-practice-questions","Managing Adult Care 1 Proctored Exam (Samuel Merit University) Practice Questions"
"1WRfrj4ka7vOVtWROQW0","quiz","pediatrics-proctored-exam-practice-questions-set-2","pediatrics-proctored-exam-practice-questions-set-2","Pediatrics Proctored Exam Practice Questions - Set 2","nursing-test-bank","SuT1noZoNGEjKGR1vTbi","zMFBI0XMiRsJnnXWhL5S","Hwspg6smTqrELsoRSNmc","yxrXczf6Otuw8eBRYWGb","pillarPages/nursing-test-bank/subPages/SuT1noZoNGEjKGR1vTbi/nestedSubPages/zMFBI0XMiRsJnnXWhL5S/topics/Hwspg6smTqrELsoRSNmc/quizzes/yxrXczf6Otuw8eBRYWGb","true","quiz","quiz","pediatrics-proctored-exam-practice-questions-set-2","pediatrics-proctored-exam-practice-questions-set-2","Pediatrics Proctored Exam Practice Questions - Set 2"
"1b6lhlUZQDQRVFSpZpg9","quiz","ati-pn-pharmacology-proctored-exam-practice-questions-set-8","ati-pn-pharmacology-proctored-exam-practice-questions-set-8","ATI PN Pharmacology Proctored Exam Practice Questions - Set 8","nursing-test-bank","z0xzINtS3EohZNaKosBz","lyrHg4RBzN6UafuymMFT","13a3GLxldltUqhIxNzkr","HvGrrrNlu9HoPb78VndH","pillarPages/nursing-test-bank/subPages/z0xzINtS3EohZNaKosBz/nestedSubPages/lyrHg4RBzN6UafuymMFT/topics/13a3GLxldltUqhIxNzkr/quizzes/HvGrrrNlu9HoPb78VndH","true","quiz","quiz","ati-pn-pharmacology-proctored-exam-practice-questions-set-8","ati-pn-pharmacology-proctored-exam-practice-questions-set-8","ATI PN Pharmacology Proctored Exam Practice Questions - Set 8"
"1bdWlUXtvctLPtJ1ZcJH","quiz","ati-lpn-comprehensive-predictor-2023-proctored-exam","ati-lpn-comprehensive-predictor-2023-proctored-exam","ATI LPN Comprehensive Predictor 2023 Proctored Exam","nursing-exit-exam","nkXaaMfkkbvjmrSRwtVq","ShdTxCRHYWbhmGg06Sgw","","EmymgdDcm9romnoheHBP","pillarPages/nursing-exit-exam/subPages/nkXaaMfkkbvjmrSRwtVq/nestedSubPages/ShdTxCRHYWbhmGg06Sgw/quizzes/EmymgdDcm9romnoheHBP","true","quiz","quiz","ati-lpn-comprehensive-predictor-2023-proctored-exam","ati-lpn-comprehensive-predictor-2023-proctored-exam","ATI LPN Comprehensive Predictor 2023 Proctored Exam"
"1cbcnTIDWSit6dBMaphA","quiz","ati-pn-fundamentals-proctored-exam-practice-questions-set-35","ati-pn-fundamentals-proctored-exam-practice-questions-set-35","ATI PN Fundamentals Proctored Exam Practice Questions - Set 35","nursing-test-bank","z0xzINtS3EohZNaKosBz","lyrHg4RBzN6UafuymMFT","1Lb0PkKiTEM2wQOIMDtv","whQvOHGTCVmHlLY1avhB","pillarPages/nursing-test-bank/subPages/z0xzINtS3EohZNaKosBz/nestedSubPages/lyrHg4RBzN6UafuymMFT/topics/1Lb0PkKiTEM2wQOIMDtv/quizzes/whQvOHGTCVmHlLY1avhB","true","quiz","quiz","ati-pn-fundamentals-proctored-exam-practice-questions-set-35","ati-pn-fundamentals-proctored-exam-practice-questions-set-35","ATI PN Fundamentals Proctored Exam Practice Questions - Set 35"
"1dOWfbpPR3BGjsJeTbqf","quiz","nurs-4th-sem-mce-a-fall-2025-dosage-calculation-proctored-exam-montgomery-college-practice-questions","nurs-4th-sem-mce-a-fall-2025-dosage-calculation-proctored-exam-montgomery-college-practice-questions","NURS 4Th Sem Mce A-Fall 2025 Dosage Calculation Proctored Exam (Montgomery College) Practice Questions","nursing-test-bank","SuT1noZoNGEjKGR1vTbi","zMFBI0XMiRsJnnXWhL5S","GXrH3QXIidtKg5Jx0ly4","gConpVBsaj0QKhvOtHhT","pillarPages/nursing-test-bank/subPages/SuT1noZoNGEjKGR1vTbi/nestedSubPages/zMFBI0XMiRsJnnXWhL5S/topics/GXrH3QXIidtKg5Jx0ly4/quizzes/gConpVBsaj0QKhvOtHhT","true","quiz","quiz","nurs-4th-sem-mce-a-fall-2025-dosage-calculation-proctored-exam-montgomery-college-practice-questions","nurs-4th-sem-mce-a-fall-2025-dosage-calculation-proctored-exam-montgomery-college-practice-questions","NURS 4Th Sem Mce A-Fall 2025 Dosage Calculation Proctored Exam (Montgomery College) Practice Questions"
"1g9eEHh4aHZXv6rtETqX","quiz","multidimensional-module-ii-final-exam-proctored-exam-practice-questions","multidimensional-module-ii-final-exam-proctored-exam-practice-questions","Multidimensional Module II Final Exam Proctored Exam Practice Questions","nursing-test-bank","SuT1noZoNGEjKGR1vTbi","zMFBI0XMiRsJnnXWhL5S","5wsEQxaa4oxFg4kMLWiR","LIuViyE6abX1LqRbGlzO","pillarPages/nursing-test-bank/subPages/SuT1noZoNGEjKGR1vTbi/nestedSubPages/zMFBI0XMiRsJnnXWhL5S/topics/5wsEQxaa4oxFg4kMLWiR/quizzes/LIuViyE6abX1LqRbGlzO","true","quiz","quiz","multidimensional-module-ii-final-exam-proctored-exam-practice-questions","multidimensional-module-ii-final-exam-proctored-exam-practice-questions","Multidimensional Module II Final Exam Proctored Exam Practice Questions"
"1ix7zAiO8H8MBhKp1EPD","quiz","hesi-a2-grammar-practice-test-set-1","hesi-a2-grammar-practice-test-set-1","","nursing-entrance-exam","rdYGUZ9DzFvAmo6EsrVe","XYJ11eHtMbIhQnTYPS6j","","hesi-a2-grammar-practice-test-set-1","pillarPages/nursing-entrance-exam/subPages/rdYGUZ9DzFvAmo6EsrVe/nestedSubPages/XYJ11eHtMbIhQnTYPS6j/quizzes/hesi-a2-grammar-practice-test-set-1","true","quiz","entrance_quiz_subject","hesi-a2-grammar-practice-test-set-1","hesi-a2-grammar-practice-test-set-1","HESI A2 Grammar Practice Test Set 1"
"1xV5ZNqYwYiE1T0G7c2e","quiz","ivytech-community-college-lawrence-campus-pediatric-proctored-exam-practice-questions","ivytech-community-college-lawrence-campus-pediatric-proctored-exam-practice-questions","Ivytech Community College Lawrence Campus Pediatric Proctored Exam Practice Questions","nursing-test-bank","SuT1noZoNGEjKGR1vTbi","zMFBI0XMiRsJnnXWhL5S","Hwspg6smTqrELsoRSNmc","QIUrkYJp0QqoB7yqKR1s","pillarPages/nursing-test-bank/subPages/SuT1noZoNGEjKGR1vTbi/nestedSubPages/zMFBI0XMiRsJnnXWhL5S/topics/Hwspg6smTqrELsoRSNmc/quizzes/QIUrkYJp0QqoB7yqKR1s","true","quiz","quiz","ivytech-community-college-lawrence-campus-pediatric-proctored-exam-practice-questions","ivytech-community-college-lawrence-campus-pediatric-proctored-exam-practice-questions","Ivytech Community College Lawrence Campus Pediatric Proctored Exam Practice Questions"
"20v31s4B4hWdZ7sQdqik","quiz","hesi-rn-med-surg-proctored-exam-mcphs-university-practice-questions","hesi-rn-med-surg-proctored-exam-mcphs-university-practice-questions","HESI RN Med-Surg Proctored Exam (Mcphs University) Practice Questions","nursing-test-bank","SuT1noZoNGEjKGR1vTbi","iT55qp9NAFOvZLBAiQzC","aS23yuUD7OS39aVVutYn","EjMpi4tE8olgaZKvkRBq","pillarPages/nursing-test-bank/subPages/SuT1noZoNGEjKGR1vTbi/nestedSubPages/iT55qp9NAFOvZLBAiQzC/topics/aS23yuUD7OS39aVVutYn/quizzes/EjMpi4tE8olgaZKvkRBq","true","quiz","quiz","hesi-rn-med-surg-proctored-exam-mcphs-university-practice-questions","hesi-rn-med-surg-proctored-exam-mcphs-university-practice-questions","HESI RN Med-Surg Proctored Exam (Mcphs University) Practice Questions"
"25rVAegb2Js7LBjHrNxn","quiz","hesi-rn-community-and-population-health-final-exam-practice-questions","hesi-rn-community-and-population-health-final-exam-practice-questions","HESI RN Community and Population Health Final Exam Practice Questions","nursing-test-bank","SuT1noZoNGEjKGR1vTbi","iT55qp9NAFOvZLBAiQzC","KMxUPDNscYEZBOVA2kMH","tBKxe8jJXbERsEZ6Adox","pillarPages/nursing-test-bank/subPages/SuT1noZoNGEjKGR1vTbi/nestedSubPages/iT55qp9NAFOvZLBAiQzC/topics/KMxUPDNscYEZBOVA2kMH/quizzes/tBKxe8jJXbERsEZ6Adox","true","quiz","quiz","hesi-rn-community-and-population-health-final-exam-practice-questions","hesi-rn-community-and-population-health-final-exam-practice-questions","HESI RN Community and Population Health Final Exam Practice Questions"
"2AQBXZN8IyYdqj7GFx7m","topic","ati-dosage-calculation-proctored-exam-practice-questions","ati-dosage-calculation-proctored-exam-practice-questions","","nursing-test-bank","SuT1noZoNGEjKGR1vTbi","Fnnd4c6ae0Uiurk2KUSc","OyGsclWkUHyyZy4Qugqq","","pillarPages/nursing-test-bank/subPages/SuT1noZoNGEjKGR1vTbi/nestedSubPages/Fnnd4c6ae0Uiurk2KUSc/topics/OyGsclWkUHyyZy4Qugqq","true","topic","topic","ati-dosage-calculation-proctored-exam-practice-questions","ati-dosage-calculation-proctored-exam-practice-questions","Dosage Calculations"
"2CoTgxjjj5NNtm4mYK9y","quiz","ati-pn-custom-mental-health-proctored-exam-practice-questions","ati-pn-custom-mental-health-proctored-exam-practice-questions","ATI PN Custom Mental Health Proctored Exam Practice Questions","nursing-test-bank","z0xzINtS3EohZNaKosBz","lyrHg4RBzN6UafuymMFT","6i5h4wWlOfz4R8huNTkC","kQ0lBDDg6jjxRkrTsdZY","pillarPages/nursing-test-bank/subPages/z0xzINtS3EohZNaKosBz/nestedSubPages/lyrHg4RBzN6UafuymMFT/topics/6i5h4wWlOfz4R8huNTkC/quizzes/kQ0lBDDg6jjxRkrTsdZY","true","quiz","quiz","ati-pn-custom-mental-health-proctored-exam-practice-questions","ati-pn-custom-mental-health-proctored-exam-practice-questions","ATI PN Custom Mental Health Proctored Exam Practice Questions"
"2H8VKlb3splGKrB5wpAk","quiz","nace-care-of-the-child-proctored-exam-practice-questions","nace-care-of-the-child-proctored-exam-practice-questions","NACE Care of the Child Proctored Exam Practice Questions","nursing-test-bank","SuT1noZoNGEjKGR1vTbi","zMFBI0XMiRsJnnXWhL5S","Hwspg6smTqrELsoRSNmc","AYSUZRiGJcX9dYI3h0x6","pillarPages/nursing-test-bank/subPages/SuT1noZoNGEjKGR1vTbi/nestedSubPages/zMFBI0XMiRsJnnXWhL5S/topics/Hwspg6smTqrELsoRSNmc/quizzes/AYSUZRiGJcX9dYI3h0x6","true","quiz","quiz","nace-care-of-the-child-proctored-exam-practice-questions","nace-care-of-the-child-proctored-exam-practice-questions","NACE Care of the Child Proctored Exam Practice Questions"
"2HTjQZnzOJE5BBmXVKo1","quiz","nur-250-med-surg-proctored-exam-care-of-patients-across-life-span-excelsior-university-practice-questions","nur-250-med-surg-proctored-exam-care-of-patients-across-life-span-excelsior-university-practice-questions","NUR 250 Med Surg Proctored Exam (Care of Patients Across Life Span) (Excelsior University) Practice Questions","nursing-test-bank","SuT1noZoNGEjKGR1vTbi","zMFBI0XMiRsJnnXWhL5S","4xNDZPMszSkpgRfEsOck","PuzjCXqc4ybDIGDBAkja","pillarPages/nursing-test-bank/subPages/SuT1noZoNGEjKGR1vTbi/nestedSubPages/zMFBI0XMiRsJnnXWhL5S/topics/4xNDZPMszSkpgRfEsOck/quizzes/PuzjCXqc4ybDIGDBAkja","true","quiz","quiz","nur-250-med-surg-proctored-exam-care-of-patients-across-life-span-excelsior-university-practice-questions","nur-250-med-surg-proctored-exam-care-of-patients-across-life-span-excelsior-university-practice-questions","NUR 250 Med Surg Proctored Exam (Care of Patients Across Life Span) (Excelsior University) Practice Questions"
"2N2KcVPhd7CPLpoTMpkJ","topic","hesi-lpn-medical-surgical-practice-questions","hesi-lpn-medical-surgical-practice-questions","Medical Surgical","nursing-test-bank","z0xzINtS3EohZNaKosBz","ToLSmb6DG83NTZWXEJxt","jD7wUAqBY3cn5ZMToJOK","","pillarPages/nursing-test-bank/subPages/z0xzINtS3EohZNaKosBz/nestedSubPages/ToLSmb6DG83NTZWXEJxt/topics/jD7wUAqBY3cn5ZMToJOK","true","topic","topic","hesi-lpn-medical-surgical-practice-questions","hesi-lpn-medical-surgical-practice-questions","Medical Surgical"
"2OKxYCHXOpsSI4F4Ic0e","quiz","hesi-rn-medical-surgical-proctored-exam-practice-questions-set-20","hesi-rn-medical-surgical-proctored-exam-practice-questions-set-20","HESI RN Medical Surgical Proctored Exam Practice Questions - Set 20","nursing-test-bank","SuT1noZoNGEjKGR1vTbi","iT55qp9NAFOvZLBAiQzC","aS23yuUD7OS39aVVutYn","EXLiFBVNpmLsBVcIw2Mm","pillarPages/nursing-test-bank/subPages/SuT1noZoNGEjKGR1vTbi/nestedSubPages/iT55qp9NAFOvZLBAiQzC/topics/aS23yuUD7OS39aVVutYn/quizzes/EXLiFBVNpmLsBVcIw2Mm","true","quiz","quiz","hesi-rn-medical-surgical-proctored-exam-practice-questions-set-20","hesi-rn-medical-surgical-proctored-exam-practice-questions-set-20","HESI RN Medical Surgical Proctored Exam Practice Questions - Set 20"
"2PXjGr9YdSYy8HPFGU2k","quiz","anatomy-and-physiology-proctored-exam-hellen-fuld-college-practice-questions","anatomy-and-physiology-proctored-exam-hellen-fuld-college-practice-questions","Anatomy and Physiology Proctored Exam (Hellen Fuld College) Practice Questions","nursing-test-bank","SuT1noZoNGEjKGR1vTbi","zMFBI0XMiRsJnnXWhL5S","PavJlfHXwXRUhopKAOO9","vbUtWNhWiZSW4oPvmnW0","pillarPages/nursing-test-bank/subPages/SuT1noZoNGEjKGR1vTbi/nestedSubPages/zMFBI0XMiRsJnnXWhL5S/topics/PavJlfHXwXRUhopKAOO9/quizzes/vbUtWNhWiZSW4oPvmnW0","true","quiz","quiz","anatomy-and-physiology-proctored-exam-hellen-fuld-college-practice-questions","anatomy-and-physiology-proctored-exam-hellen-fuld-college-practice-questions","Anatomy and Physiology Proctored Exam (Hellen Fuld College) Practice Questions"
"2ShXskSKMyzfhHzS77YR","quiz","fundamental-proctored-exam-herzing-university-practice-questions","fundamental-proctored-exam-herzing-university-practice-questions","Fundamental Proctored Exam(Herzing University) Practice Questions","nursing-test-bank","SuT1noZoNGEjKGR1vTbi","zMFBI0XMiRsJnnXWhL5S","sBc3Ee7TKg33PIbmj4Hb","yKa8se06WVGL2r9GGUPE","pillarPages/nursing-test-bank/subPages/SuT1noZoNGEjKGR1vTbi/nestedSubPages/zMFBI0XMiRsJnnXWhL5S/topics/sBc3Ee7TKg33PIbmj4Hb/quizzes/yKa8se06WVGL2r9GGUPE","true","quiz","quiz","fundamental-proctored-exam-herzing-university-practice-questions","fundamental-proctored-exam-herzing-university-practice-questions","Fundamental Proctored Exam(Herzing University) Practice Questions"
"2cFnfsbvj8fVdppbqVhC","quiz","ati-pn-management-2023-proctored-exam-practice-questions-set-5","ati-pn-management-2023-proctored-exam-practice-questions-set-5","ATI PN Management 2023 Proctored Exam Practice Questions - Set 5","nursing-test-bank","z0xzINtS3EohZNaKosBz","lyrHg4RBzN6UafuymMFT","i0Rf69MPdXLbYTSRdCOW","sdqT2VZLyvE4fHe8Mafo","pillarPages/nursing-test-bank/subPages/z0xzINtS3EohZNaKosBz/nestedSubPages/lyrHg4RBzN6UafuymMFT/topics/i0Rf69MPdXLbYTSRdCOW/quizzes/sdqT2VZLyvE4fHe8Mafo","true","quiz","quiz","ati-pn-management-2023-proctored-exam-practice-questions-set-5","ati-pn-management-2023-proctored-exam-practice-questions-set-5","ATI PN Management 2023 Proctored Exam Practice Questions - Set 5"
"2j5Ts3ECzXb171uhxX2m","quiz","ati-pn-dosage-calculation-pn-adult-medical-surgical-proctored-exam-3-2-practice-questions","ati-pn-dosage-calculation-pn-adult-medical-surgical-proctored-exam-3-2-practice-questions","ATI PN Dosage Calculation PN Adult Medical Surgical Proctored Exam 3.2 Practice Questions","nursing-test-bank","z0xzINtS3EohZNaKosBz","lyrHg4RBzN6UafuymMFT","NHgx9LFXpsLVcFjsOujF","Ub6cab9QGhrIdNfUut3L","pillarPages/nursing-test-bank/subPages/z0xzINtS3EohZNaKosBz/nestedSubPages/lyrHg4RBzN6UafuymMFT/topics/NHgx9LFXpsLVcFjsOujF/quizzes/Ub6cab9QGhrIdNfUut3L","true","quiz","quiz","ati-pn-dosage-calculation-pn-adult-medical-surgical-proctored-exam-3-2-practice-questions","ati-pn-dosage-calculation-pn-adult-medical-surgical-proctored-exam-3-2-practice-questions","ATI PN Dosage Calculation PN Adult Medical Surgical Proctored Exam 3.2 Practice Questions"
"2kQlim2uFE5wnccp3PI5","quiz","pathophysiology-proctored-exam-3-practice-questions","pathophysiology-proctored-exam-3-practice-questions","Pathophysiology Proctored Exam 3 Practice Questions","nursing-test-bank","SuT1noZoNGEjKGR1vTbi","zMFBI0XMiRsJnnXWhL5S","KyUeIK7zxUi2K91H84Bj","LA9wEitpg4QGUCIgITZi","pillarPages/nursing-test-bank/subPages/SuT1noZoNGEjKGR1vTbi/nestedSubPages/zMFBI0XMiRsJnnXWhL5S/topics/KyUeIK7zxUi2K91H84Bj/quizzes/LA9wEitpg4QGUCIgITZi","true","quiz","quiz","pathophysiology-proctored-exam-3-practice-questions","pathophysiology-proctored-exam-3-practice-questions","Pathophysiology Proctored Exam 3 Practice Questions"
"2rR88K6iEr1BqqM8KBZB","quiz","hesi-rn-fundamentals-proctored-exam-practice-questions-set-5","hesi-rn-fundamentals-proctored-exam-practice-questions-set-5","HESI RN Fundamentals Proctored Exam Practice Questions - Set 5","nursing-test-bank","SuT1noZoNGEjKGR1vTbi","iT55qp9NAFOvZLBAiQzC","70YsvvAfpEoWkJ2zO8Vy","uzZLVqOMNfT2uesP8Ydb","pillarPages/nursing-test-bank/subPages/SuT1noZoNGEjKGR1vTbi/nestedSubPages/iT55qp9NAFOvZLBAiQzC/topics/70YsvvAfpEoWkJ2zO8Vy/quizzes/uzZLVqOMNfT2uesP8Ydb","true","quiz","quiz","hesi-rn-fundamentals-proctored-exam-practice-questions-set-5","hesi-rn-fundamentals-proctored-exam-practice-questions-set-5","HESI RN Fundamentals Proctored Exam Practice Questions - Set 5"
"2tRHqdwriPrsj3Jm8enf","quiz","rn-fundamentals-2019-with-ngn-proctored-exam-3-practice-questions","rn-fundamentals-2019-with-ngn-proctored-exam-3-practice-questions","RN Fundamentals 2019 with NGN Proctored Exam 3 Practice Questions","nursing-test-bank","SuT1noZoNGEjKGR1vTbi","zMFBI0XMiRsJnnXWhL5S","sBc3Ee7TKg33PIbmj4Hb","mxA9D5XVpkbbyOkTMKa8","pillarPages/nursing-test-bank/subPages/SuT1noZoNGEjKGR1vTbi/nestedSubPages/zMFBI0XMiRsJnnXWhL5S/topics/sBc3Ee7TKg33PIbmj4Hb/quizzes/mxA9D5XVpkbbyOkTMKa8","true","quiz","quiz","rn-fundamentals-2019-with-ngn-proctored-exam-3-practice-questions","rn-fundamentals-2019-with-ngn-proctored-exam-3-practice-questions","RN Fundamentals 2019 with NGN Proctored Exam 3 Practice Questions"
"2tr7bVP25s674Ua4zDIa","quiz","lpn-fundamental-proctored-exam-basic-nursing-practice-questions","lpn-fundamental-proctored-exam-basic-nursing-practice-questions","LPN Fundamental Proctored Exam (Basic Nursing) Practice Questions","nursing-test-bank","z0xzINtS3EohZNaKosBz","3K3wv7IGcDcXvSNM9Kxm","XKenRdlHMVfdY4Dl99G2","OnqsiGkiLhHWBo0ZlTLS","pillarPages/nursing-test-bank/subPages/z0xzINtS3EohZNaKosBz/nestedSubPages/3K3wv7IGcDcXvSNM9Kxm/topics/XKenRdlHMVfdY4Dl99G2/quizzes/OnqsiGkiLhHWBo0ZlTLS","true","quiz","quiz","lpn-fundamental-proctored-exam-basic-nursing-practice-questions","lpn-fundamental-proctored-exam-basic-nursing-practice-questions","LPN Fundamental Proctored Exam (Basic Nursing) Practice Questions"
"2xpR043kUqgrZWmhO3JM","topic","ati-med-surg-proctored-exam-practice-questions","ati-med-surg-proctored-exam-practice-questions","","nursing-test-bank","SuT1noZoNGEjKGR1vTbi","Fnnd4c6ae0Uiurk2KUSc","LXdyDz6vDpwrmXhu7zKv","","pillarPages/nursing-test-bank/subPages/SuT1noZoNGEjKGR1vTbi/nestedSubPages/Fnnd4c6ae0Uiurk2KUSc/topics/LXdyDz6vDpwrmXhu7zKv","true","topic","topic","ati-med-surg-proctored-exam-practice-questions","ati-med-surg-proctored-exam-practice-questions","Adult Medical Surgical"
"33MkHVpOtXgaEf9mGneJ","quiz","ichs-florida-international-college-of-health-sciences-med-surg-1-proctored-exam-practice-questions","ichs-florida-international-college-of-health-sciences-med-surg-1-proctored-exam-practice-questions","Ichs (Florida International College of Health Sciences) Med Surg 1 Proctored Exam Practice Questions","nursing-test-bank","SuT1noZoNGEjKGR1vTbi","zMFBI0XMiRsJnnXWhL5S","4xNDZPMszSkpgRfEsOck","hZWNMmInlhzDixtJcnPQ","pillarPages/nursing-test-bank/subPages/SuT1noZoNGEjKGR1vTbi/nestedSubPages/zMFBI0XMiRsJnnXWhL5S/topics/4xNDZPMszSkpgRfEsOck/quizzes/hZWNMmInlhzDixtJcnPQ","true","quiz","quiz","ichs-florida-international-college-of-health-sciences-med-surg-1-proctored-exam-practice-questions","ichs-florida-international-college-of-health-sciences-med-surg-1-proctored-exam-practice-questions","Ichs (Florida International College of Health Sciences) Med Surg 1 Proctored Exam Practice Questions"
"37dxG3x9p5pNpV8dXHQV","quiz","health-assessment-proctored-exam-durham-college-practice-questions","health-assessment-proctored-exam-durham-college-practice-questions","Health Assessment Proctored Exam (Durham College) Practice Questions","nursing-test-bank","SuT1noZoNGEjKGR1vTbi","zMFBI0XMiRsJnnXWhL5S","XQlgh9zsLrRK6vilmJPA","UFyENmVEmmORvTGjBKrm","pillarPages/nursing-test-bank/subPages/SuT1noZoNGEjKGR1vTbi/nestedSubPages/zMFBI0XMiRsJnnXWhL5S/topics/XQlgh9zsLrRK6vilmJPA/quizzes/UFyENmVEmmORvTGjBKrm","true","quiz","quiz","health-assessment-proctored-exam-durham-college-practice-questions","health-assessment-proctored-exam-durham-college-practice-questions","Health Assessment Proctored Exam (Durham College) Practice Questions"
"3AkcN32z4SAA9n1gsNDk","sub","kaplan-admission-test","kaplan-admission-test","","nursing-entrance-exam","jdJsAeBdy2mJO0kPibeV","","","","pillarPages/nursing-entrance-exam/subPages/jdJsAeBdy2mJO0kPibeV","true","subPage","sub","kaplan-admission-test","kaplan-admission-test","Kaplan Admission Test"
"3ERaddT0iKcZjyXmFNy5","quiz","hesi-rn-health-assessment-proctored-exam-practice-questions-set-10","hesi-rn-health-assessment-proctored-exam-practice-questions-set-10","HESI RN Health Assessment Proctored Exam Practice Questions - Set 10","nursing-test-bank","SuT1noZoNGEjKGR1vTbi","iT55qp9NAFOvZLBAiQzC","0zSu4efsFf1RPT4W2Xjn","qEb1Tiv8JYweZrmrHVpe","pillarPages/nursing-test-bank/subPages/SuT1noZoNGEjKGR1vTbi/nestedSubPages/iT55qp9NAFOvZLBAiQzC/topics/0zSu4efsFf1RPT4W2Xjn/quizzes/qEb1Tiv8JYweZrmrHVpe","true","quiz","quiz","hesi-rn-health-assessment-proctored-exam-practice-questions-set-10","hesi-rn-health-assessment-proctored-exam-practice-questions-set-10","HESI RN Health Assessment Proctored Exam Practice Questions - Set 10"
"3PInJp5nQv6sKINgzxDu","quiz","rn-adult-medical-surgical-2019-with-ngn-proctored-exam-practice-questions","rn-adult-medical-surgical-2019-with-ngn-proctored-exam-practice-questions","RN Adult Medical Surgical 2019 with NGN Proctored Exam Practice Questions","nursing-test-bank","SuT1noZoNGEjKGR1vTbi","zMFBI0XMiRsJnnXWhL5S","4xNDZPMszSkpgRfEsOck","1t6IJSH8VKZ5ie0oOklo","pillarPages/nursing-test-bank/subPages/SuT1noZoNGEjKGR1vTbi/nestedSubPages/zMFBI0XMiRsJnnXWhL5S/topics/4xNDZPMszSkpgRfEsOck/quizzes/1t6IJSH8VKZ5ie0oOklo","true","quiz","quiz","rn-adult-medical-surgical-2019-with-ngn-proctored-exam-practice-questions","rn-adult-medical-surgical-2019-with-ngn-proctored-exam-practice-questions","RN Adult Medical Surgical 2019 with NGN Proctored Exam Practice Questions"
"3PnwoKxtkTCCC7XV41rX","quiz","samuel-merit-pediatric-proctored-exam-practice-questions","samuel-merit-pediatric-proctored-exam-practice-questions","Samuel Merit Pediatric Proctored Exam Practice Questions","nursing-test-bank","SuT1noZoNGEjKGR1vTbi","zMFBI0XMiRsJnnXWhL5S","Hwspg6smTqrELsoRSNmc","CGjvDrAEupG3cFCHcu0G","pillarPages/nursing-test-bank/subPages/SuT1noZoNGEjKGR1vTbi/nestedSubPages/zMFBI0XMiRsJnnXWhL5S/topics/Hwspg6smTqrELsoRSNmc/quizzes/CGjvDrAEupG3cFCHcu0G","true","quiz","quiz","samuel-merit-pediatric-proctored-exam-practice-questions","samuel-merit-pediatric-proctored-exam-practice-questions","Samuel Merit Pediatric Proctored Exam Practice Questions"
"3UVcSukuFK19C4J5Sx3c","quiz","hesi-rn-mental-health-proctored-exam-practice-questions-set-7","hesi-rn-mental-health-proctored-exam-practice-questions-set-7","HESI RN Mental Health Proctored Exam Practice Questions - Set 7","nursing-test-bank","SuT1noZoNGEjKGR1vTbi","iT55qp9NAFOvZLBAiQzC","nWHmcLCOYFPkjaWIHcVu","6nsPTPAqouKWgBE6AzAA","pillarPages/nursing-test-bank/subPages/SuT1noZoNGEjKGR1vTbi/nestedSubPages/iT55qp9NAFOvZLBAiQzC/topics/nWHmcLCOYFPkjaWIHcVu/quizzes/6nsPTPAqouKWgBE6AzAA","true","quiz","quiz","hesi-rn-mental-health-proctored-exam-practice-questions-set-7","hesi-rn-mental-health-proctored-exam-practice-questions-set-7","HESI RN Mental Health Proctored Exam Practice Questions - Set 7"
"3VgnX7jiSKADo0Uruz3j","quiz","nursing-of-women-and-childbearing-proctored-exam-practice-questions","nursing-of-women-and-childbearing-proctored-exam-practice-questions","Nursing of Women and Childbearing Proctored Exam Practice Questions","nursing-test-bank","SuT1noZoNGEjKGR1vTbi","zMFBI0XMiRsJnnXWhL5S","stnDIFRoA0VwLaoxbGv1","fXYa9jhFKRCK2VVxjOj7","pillarPages/nursing-test-bank/subPages/SuT1noZoNGEjKGR1vTbi/nestedSubPages/zMFBI0XMiRsJnnXWhL5S/topics/stnDIFRoA0VwLaoxbGv1/quizzes/fXYa9jhFKRCK2VVxjOj7","true","quiz","quiz","nursing-of-women-and-childbearing-proctored-exam-practice-questions","nursing-of-women-and-childbearing-proctored-exam-practice-questions","Nursing of Women and Childbearing Proctored Exam Practice Questions"
"3XFZ3uVqY9NSU3agbtVu","quiz","teas-science-practice-test-set-6","teas-science-practice-test-set-6","","nursing-entrance-exam","yrdSf0KpOcuybL1SLnw7","uJVUx7wiwgxZ5HPJXNkV","","XpcEyjkwv0v5BgqypxxZ","pillarPages/nursing-entrance-exam/subPages/yrdSf0KpOcuybL1SLnw7/nestedSubPages/uJVUx7wiwgxZ5HPJXNkV/quizzes/XpcEyjkwv0v5BgqypxxZ","true","quiz","quiz","teas-science-practice-test-set-6","teas-science-practice-test-set-6","TEAS Science Practice Test Set 6"
"3YMBTDFakDKnxFnugta4","quiz","ati-pn-med-surg-proctored-exam-pain-and-shock-practice-questions","ati-pn-med-surg-proctored-exam-pain-and-shock-practice-questions","ATI PN Med Surg Proctored Exam (Pain and Shock) Practice Questions","nursing-test-bank","z0xzINtS3EohZNaKosBz","lyrHg4RBzN6UafuymMFT","NywbGW22YNeZSM3kuwKk","G0wKhr2YAQNrzdjFnJFu","pillarPages/nursing-test-bank/subPages/z0xzINtS3EohZNaKosBz/nestedSubPages/lyrHg4RBzN6UafuymMFT/topics/NywbGW22YNeZSM3kuwKk/quizzes/G0wKhr2YAQNrzdjFnJFu","true","quiz","quiz","ati-pn-med-surg-proctored-exam-pain-and-shock-practice-questions","ati-pn-med-surg-proctored-exam-pain-and-shock-practice-questions","ATI PN Med Surg Proctored Exam (Pain and Shock) Practice Questions"
"3bRP0uGPQFGrbz7cg1Qa","quiz","rn-community-health-2019-proctored-exam-2-practice-questions","rn-community-health-2019-proctored-exam-2-practice-questions","RN Community Health 2019 - Proctored Exam 2 Practice Questions","nursing-test-bank","SuT1noZoNGEjKGR1vTbi","zMFBI0XMiRsJnnXWhL5S","pXf53xDTrL7aSDzdhniW","rhYBwMksGnrKVLEIKkjG","pillarPages/nursing-test-bank/subPages/SuT1noZoNGEjKGR1vTbi/nestedSubPages/zMFBI0XMiRsJnnXWhL5S/topics/pXf53xDTrL7aSDzdhniW/quizzes/rhYBwMksGnrKVLEIKkjG","true","quiz","quiz","rn-community-health-2019-proctored-exam-2-practice-questions","rn-community-health-2019-proctored-exam-2-practice-questions","RN Community Health 2019 - Proctored Exam 2 Practice Questions"
"3fra1QNYxGdukxvVTumn","topic","ati-pn-mental-health-practice-questions","ati-pn-mental-health-practice-questions","ATI PN Mental Health Practice Questions","nursing-test-bank","z0xzINtS3EohZNaKosBz","lyrHg4RBzN6UafuymMFT","6i5h4wWlOfz4R8huNTkC","","pillarPages/nursing-test-bank/subPages/z0xzINtS3EohZNaKosBz/nestedSubPages/lyrHg4RBzN6UafuymMFT/topics/6i5h4wWlOfz4R8huNTkC","true","topic","topic","ati-pn-mental-health-practice-questions","ati-pn-mental-health-practice-questions","Mental Health"
"3hoJtpXFHAbqROFc8R3J","quiz","community-health-nursing-final-proctored-exam-examplify-practice-questions","community-health-nursing-final-proctored-exam-examplify-practice-questions","Community Health Nursing Final Proctored Exam(Examplify) Practice Questions","nursing-test-bank","SuT1noZoNGEjKGR1vTbi","zMFBI0XMiRsJnnXWhL5S","pXf53xDTrL7aSDzdhniW","tV2l3lu3l89fjaNBjScC","pillarPages/nursing-test-bank/subPages/SuT1noZoNGEjKGR1vTbi/nestedSubPages/zMFBI0XMiRsJnnXWhL5S/topics/pXf53xDTrL7aSDzdhniW/quizzes/tV2l3lu3l89fjaNBjScC","true","quiz","quiz","community-health-nursing-final-proctored-exam-examplify-practice-questions","community-health-nursing-final-proctored-exam-examplify-practice-questions","Community Health Nursing Final Proctored Exam(Examplify) Practice Questions"
"3pWYRnLXfiA2q1ZRI18S","quiz","ati-pn-fundamentals-2023-proctored-exam-practice-questions-set-10","ati-pn-fundamentals-2023-proctored-exam-practice-questions-set-10","ATI PN Fundamentals 2023 Proctored Exam Practice Questions - Set 10","nursing-test-bank","z0xzINtS3EohZNaKosBz","lyrHg4RBzN6UafuymMFT","1Lb0PkKiTEM2wQOIMDtv","Xk13AzH7xPn0Kuu7Cays","pillarPages/nursing-test-bank/subPages/z0xzINtS3EohZNaKosBz/nestedSubPages/lyrHg4RBzN6UafuymMFT/topics/1Lb0PkKiTEM2wQOIMDtv/quizzes/Xk13AzH7xPn0Kuu7Cays","true","quiz","quiz","ati-pn-fundamentals-2023-proctored-exam-practice-questions-set-10","ati-pn-fundamentals-2023-proctored-exam-practice-questions-set-10","ATI PN Fundamentals 2023 Proctored Exam Practice Questions - Set 10"
"3rvvTxPFfMmbAfAP9BCs","quiz","med-surg-proctored-exam-regular-practice-questions-set-41","med-surg-proctored-exam-regular-practice-questions-set-41","Med Surg Proctored Exam - Regular Practice Questions","nursing-test-bank","SuT1noZoNGEjKGR1vTbi","zMFBI0XMiRsJnnXWhL5S","4xNDZPMszSkpgRfEsOck","aSx8oeNBNSxMjepsIi7Q","pillarPages/nursing-test-bank/subPages/SuT1noZoNGEjKGR1vTbi/nestedSubPages/zMFBI0XMiRsJnnXWhL5S/topics/4xNDZPMszSkpgRfEsOck/quizzes/aSx8oeNBNSxMjepsIi7Q","true","quiz","quiz","med-surg-proctored-exam-regular-practice-questions-set-41","med-surg-proctored-exam-regular-practice-questions-set-41","Med Surg Proctored Exam - Regular Practice Questions"
"41X6MEwt3DdFANg4WxGK","quiz","med-surg-proctored-exam-1-practice-questions","med-surg-proctored-exam-1-practice-questions","Med Surg Proctored Exam 1 Practice Questions","nursing-test-bank","SuT1noZoNGEjKGR1vTbi","zMFBI0XMiRsJnnXWhL5S","4xNDZPMszSkpgRfEsOck","DxDHsUII46yEZIORt5SH","pillarPages/nursing-test-bank/subPages/SuT1noZoNGEjKGR1vTbi/nestedSubPages/zMFBI0XMiRsJnnXWhL5S/topics/4xNDZPMszSkpgRfEsOck/quizzes/DxDHsUII46yEZIORt5SH","true","quiz","quiz","med-surg-proctored-exam-1-practice-questions","med-surg-proctored-exam-1-practice-questions","Med Surg Proctored Exam 1 Practice Questions"
"421HteJZ2OKDEfF44sw0","quiz","lpn-nursing-leadership-proctored-exam-practice-questions","lpn-nursing-leadership-proctored-exam-practice-questions","LPN Nursing Leadership Proctored Exam Practice Questions","nursing-test-bank","z0xzINtS3EohZNaKosBz","3K3wv7IGcDcXvSNM9Kxm","Qs5JkdFNyVs8OJ4DIUvf","T5eySpwlYDtcpYaIf3ci","pillarPages/nursing-test-bank/subPages/z0xzINtS3EohZNaKosBz/nestedSubPages/3K3wv7IGcDcXvSNM9Kxm/topics/Qs5JkdFNyVs8OJ4DIUvf/quizzes/T5eySpwlYDtcpYaIf3ci","true","quiz","quiz","lpn-nursing-leadership-proctored-exam-practice-questions","lpn-nursing-leadership-proctored-exam-practice-questions","LPN Nursing Leadership Proctored Exam Practice Questions"
"43hrpUiO7JMg9qXPR3mo","quiz","ati-pn-adult-medical-surgical-2020-with-ngn-proctored-exam-practice-questions-set-65","ati-pn-adult-medical-surgical-2020-with-ngn-proctored-exam-practice-questions-set-65","ATI PN Adult Medical Surgical 2020 with NGN Proctored Exam Practice Questions - Set 65","nursing-test-bank","z0xzINtS3EohZNaKosBz","lyrHg4RBzN6UafuymMFT","NywbGW22YNeZSM3kuwKk","CAsfGH2M9jrXKN0gAWeC","pillarPages/nursing-test-bank/subPages/z0xzINtS3EohZNaKosBz/nestedSubPages/lyrHg4RBzN6UafuymMFT/topics/NywbGW22YNeZSM3kuwKk/quizzes/CAsfGH2M9jrXKN0gAWeC","true","quiz","quiz","ati-pn-adult-medical-surgical-2020-with-ngn-proctored-exam-practice-questions-set-65","ati-pn-adult-medical-surgical-2020-with-ngn-proctored-exam-practice-questions-set-65","ATI PN Adult Medical Surgical 2020 with NGN Proctored Exam Practice Questions - Set 65"
"4GlhzB0qdKyE33k34x1F","quiz","hesi-a2-math-practice-test-set-1","hesi-a2-math-practice-test-set-1","","nursing-entrance-exam","rdYGUZ9DzFvAmo6EsrVe","WCMWPi3ol4wwpJaHF6DH","","hesi-a2-math-practice-test-set-1","pillarPages/nursing-entrance-exam/subPages/rdYGUZ9DzFvAmo6EsrVe/nestedSubPages/WCMWPi3ol4wwpJaHF6DH/quizzes/hesi-a2-math-practice-test-set-1","true","quiz","entrance_quiz_subject","hesi-a2-math-practice-test-set-1","hesi-a2-math-practice-test-set-1","HESI A2 Math Practice Test Set 1"
"4HERGXKpqNis820UD5Zc","quiz","dosage-calculation-proctored-exam-hellen-fuld-college-practice-questions","dosage-calculation-proctored-exam-hellen-fuld-college-practice-questions","Dosage Calculation Proctored Exam (Hellen Fuld College) Practice Questions","nursing-test-bank","SuT1noZoNGEjKGR1vTbi","zMFBI0XMiRsJnnXWhL5S","GXrH3QXIidtKg5Jx0ly4","OzprYz9UolhiYdDE0zZg","pillarPages/nursing-test-bank/subPages/SuT1noZoNGEjKGR1vTbi/nestedSubPages/zMFBI0XMiRsJnnXWhL5S/topics/GXrH3QXIidtKg5Jx0ly4/quizzes/OzprYz9UolhiYdDE0zZg","true","quiz","quiz","dosage-calculation-proctored-exam-hellen-fuld-college-practice-questions","dosage-calculation-proctored-exam-hellen-fuld-college-practice-questions","Dosage Calculation Proctored Exam (Hellen Fuld College) Practice Questions"
"4VdBImrZJrlI0mhSAWkb","quiz","ati-pn-pharmacology-safety-proctored-exam-practice-questions","ati-pn-pharmacology-safety-proctored-exam-practice-questions","ATI PN Pharmacology Safety Proctored Exam Practice Questions","nursing-test-bank","z0xzINtS3EohZNaKosBz","lyrHg4RBzN6UafuymMFT","13a3GLxldltUqhIxNzkr","Ce3aVhInLUqsIsZCwVrf","pillarPages/nursing-test-bank/subPages/z0xzINtS3EohZNaKosBz/nestedSubPages/lyrHg4RBzN6UafuymMFT/topics/13a3GLxldltUqhIxNzkr/quizzes/Ce3aVhInLUqsIsZCwVrf","true","quiz","quiz","ati-pn-pharmacology-safety-proctored-exam-practice-questions","ati-pn-pharmacology-safety-proctored-exam-practice-questions","ATI PN Pharmacology Safety Proctored Exam Practice Questions"
"4YFDW24r9a3nHWvM9y3t","quiz","ati-pn-ns117-t-winter-2023-monroe-college-ny-pn-fundamental-of-nursing-proctored-exam-2-practice-questions","ati-pn-ns117-t-winter-2023-monroe-college-ny-pn-fundamental-of-nursing-proctored-exam-2-practice-questions","ATI PN NS117 T Winter 2023 Monroe College NY PN Fundamental of Nursing Proctored Exam 2 Practice Questions","nursing-test-bank","z0xzINtS3EohZNaKosBz","lyrHg4RBzN6UafuymMFT","1Lb0PkKiTEM2wQOIMDtv","tCeCbRaHkqGLU6WTJjMp","pillarPages/nursing-test-bank/subPages/z0xzINtS3EohZNaKosBz/nestedSubPages/lyrHg4RBzN6UafuymMFT/topics/1Lb0PkKiTEM2wQOIMDtv/quizzes/tCeCbRaHkqGLU6WTJjMp","true","quiz","quiz","ati-pn-ns117-t-winter-2023-monroe-college-ny-pn-fundamental-of-nursing-proctored-exam-2-practice-questions","ati-pn-ns117-t-winter-2023-monroe-college-ny-pn-fundamental-of-nursing-proctored-exam-2-practice-questions","ATI PN NS117 T Winter 2023 Monroe College NY PN Fundamental of Nursing Proctored Exam 2 Practice Questions"
"4bZsLVaRbr9YWreBCgkc","quiz","hesi-rn-nutrition-proctored-exam-practice-questions","hesi-rn-nutrition-proctored-exam-practice-questions","HESI RN Nutrition Proctored Exam Practice Questions","nursing-test-bank","SuT1noZoNGEjKGR1vTbi","iT55qp9NAFOvZLBAiQzC","ZQ9GxGjFzBFm4ei4NL2w","FKE3etUpbI0lRz1qCm2Z","pillarPages/nursing-test-bank/subPages/SuT1noZoNGEjKGR1vTbi/nestedSubPages/iT55qp9NAFOvZLBAiQzC/topics/ZQ9GxGjFzBFm4ei4NL2w/quizzes/FKE3etUpbI0lRz1qCm2Z","true","quiz","quiz","hesi-rn-nutrition-proctored-exam-practice-questions","hesi-rn-nutrition-proctored-exam-practice-questions","HESI RN Nutrition Proctored Exam Practice Questions"
"4fILuulmq8lHAp25QqHk","topic","ati-pn-management-practice-questions","ati-pn-management-practice-questions","ATI PN Management Practice Questions","nursing-test-bank","z0xzINtS3EohZNaKosBz","lyrHg4RBzN6UafuymMFT","i0Rf69MPdXLbYTSRdCOW","","pillarPages/nursing-test-bank/subPages/z0xzINtS3EohZNaKosBz/nestedSubPages/lyrHg4RBzN6UafuymMFT/topics/i0Rf69MPdXLbYTSRdCOW","true","topic","topic","ati-pn-management-practice-questions","ati-pn-management-practice-questions","Management"
"4pJblGAdmFvQ9XxX6FYX","quiz","hesi-rn-pharmacology-proctored-exam-practice-questions-set-1","hesi-rn-pharmacology-proctored-exam-practice-questions-set-1","HESI RN Pharmacology Proctored Exam Practice Questions - Set 1","nursing-test-bank","SuT1noZoNGEjKGR1vTbi","iT55qp9NAFOvZLBAiQzC","l1kSgSxIYg2SRUN8aWqE","yiA8WSnYtUMq5286yDdo","pillarPages/nursing-test-bank/subPages/SuT1noZoNGEjKGR1vTbi/nestedSubPages/iT55qp9NAFOvZLBAiQzC/topics/l1kSgSxIYg2SRUN8aWqE/quizzes/yiA8WSnYtUMq5286yDdo","true","quiz","quiz","hesi-rn-pharmacology-proctored-exam-practice-questions-set-1","hesi-rn-pharmacology-proctored-exam-practice-questions-set-1","HESI RN Pharmacology Proctored Exam Practice Questions - Set 1"
"4pKekd5X7XkePeOUKthB","quiz","ati-pn-pediatrics-proctored-exam-practice-questions-set-1","ati-pn-pediatrics-proctored-exam-practice-questions-set-1","ATI PN Pediatrics Proctored Exam Practice Questions - Set 1","nursing-test-bank","z0xzINtS3EohZNaKosBz","lyrHg4RBzN6UafuymMFT","Y0MhOdG0hGVh8AUsgVrz","2bzXTu66m5FuSSxs8aNz","pillarPages/nursing-test-bank/subPages/z0xzINtS3EohZNaKosBz/nestedSubPages/lyrHg4RBzN6UafuymMFT/topics/Y0MhOdG0hGVh8AUsgVrz/quizzes/2bzXTu66m5FuSSxs8aNz","true","quiz","quiz","ati-pn-pediatrics-proctored-exam-practice-questions-set-1","ati-pn-pediatrics-proctored-exam-practice-questions-set-1","ATI PN Pediatrics Proctored Exam Practice Questions - Set 1"
"4z4W68fczLUjBvOWH5zp","quiz","ati-pn-fundamentals-proctored-exam-7-practice-questions","ati-pn-fundamentals-proctored-exam-7-practice-questions","ATI PN Fundamentals Proctored Exam 7 Practice Questions","nursing-test-bank","z0xzINtS3EohZNaKosBz","lyrHg4RBzN6UafuymMFT","1Lb0PkKiTEM2wQOIMDtv","1L3DvGuMj0wSR3XFcWGI","pillarPages/nursing-test-bank/subPages/z0xzINtS3EohZNaKosBz/nestedSubPages/lyrHg4RBzN6UafuymMFT/topics/1Lb0PkKiTEM2wQOIMDtv/quizzes/1L3DvGuMj0wSR3XFcWGI","true","quiz","quiz","ati-pn-fundamentals-proctored-exam-7-practice-questions","ati-pn-fundamentals-proctored-exam-7-practice-questions","ATI PN Fundamentals Proctored Exam 7 Practice Questions"
"55zxOkTqhwPNvaYPgy95","topic","ati-rn-capstone-practice-questions","ati-rn-capstone-practice-questions","","nursing-test-bank","SuT1noZoNGEjKGR1vTbi","Fnnd4c6ae0Uiurk2KUSc","2M75T28XN76wXRPv9B8F","","pillarPages/nursing-test-bank/subPages/SuT1noZoNGEjKGR1vTbi/nestedSubPages/Fnnd4c6ae0Uiurk2KUSc/topics/2M75T28XN76wXRPv9B8F","true","topic","topic","ati-rn-capstone-practice-questions","ati-rn-capstone-practice-questions","Capstone"
"56zyIBmore09TpUYWcg6","quiz","nutrition-proctored-exam-final-practice-questions","nutrition-proctored-exam-final-practice-questions","Nutrition Proctored Exam(Final) Practice Questions","nursing-test-bank","SuT1noZoNGEjKGR1vTbi","zMFBI0XMiRsJnnXWhL5S","8tULxFs8rXbWFtrCCixJ","Ft8vCMeCYkNqcjwr6EO5","pillarPages/nursing-test-bank/subPages/SuT1noZoNGEjKGR1vTbi/nestedSubPages/zMFBI0XMiRsJnnXWhL5S/topics/8tULxFs8rXbWFtrCCixJ/quizzes/Ft8vCMeCYkNqcjwr6EO5","true","quiz","quiz","nutrition-proctored-exam-final-practice-questions","nutrition-proctored-exam-final-practice-questions","Nutrition Proctored Exam(Final) Practice Questions"
"59WqzSdLMZzFy4djohlT","quiz","nurs-612-adult-gerontology-ap1-25-apea-st-thomas-university-proctored-exam-practice-questions","nurs-612-adult-gerontology-ap1-25-apea-st-thomas-university-proctored-exam-practice-questions","NURS 612 Adult Gerontology Ap1.25 Apea St Thomas University Proctored Exam Practice Questions","nursing-test-bank","SuT1noZoNGEjKGR1vTbi","zMFBI0XMiRsJnnXWhL5S","L2wWtC9VGd9bcVlQMhD1","BV2HG7FXkNfG9EjkpdnS","pillarPages/nursing-test-bank/subPages/SuT1noZoNGEjKGR1vTbi/nestedSubPages/zMFBI0XMiRsJnnXWhL5S/topics/L2wWtC9VGd9bcVlQMhD1/quizzes/BV2HG7FXkNfG9EjkpdnS","true","quiz","quiz","nurs-612-adult-gerontology-ap1-25-apea-st-thomas-university-proctored-exam-practice-questions","nurs-612-adult-gerontology-ap1-25-apea-st-thomas-university-proctored-exam-practice-questions","NURS 612 Adult Gerontology Ap1.25 Apea St Thomas University Proctored Exam Practice Questions"
"5ALevNkECk8DfYEn6BRs","topic","hesi-rn-leadership-practice-questions","hesi-rn-leadership-practice-questions","Leadership","nursing-test-bank","SuT1noZoNGEjKGR1vTbi","iT55qp9NAFOvZLBAiQzC","30nccr09IVuWd4PtZ4XA","","pillarPages/nursing-test-bank/subPages/SuT1noZoNGEjKGR1vTbi/nestedSubPages/iT55qp9NAFOvZLBAiQzC/topics/30nccr09IVuWd4PtZ4XA","true","topic","topic","hesi-rn-leadership-practice-questions","hesi-rn-leadership-practice-questions","Leadership"
"5GYF68YrXqeV1bxIkb9x","quiz","ivy-tech-pharmacology-proctored-exam-practice-questions","ivy-tech-pharmacology-proctored-exam-practice-questions","Ivy Tech, Pharmacology Proctored Exam Practice Questions","nursing-test-bank","SuT1noZoNGEjKGR1vTbi","zMFBI0XMiRsJnnXWhL5S","qjQzp4HMFByeL1UEKGDd","9LPTKofmFDKc4VTqI8fG","pillarPages/nursing-test-bank/subPages/SuT1noZoNGEjKGR1vTbi/nestedSubPages/zMFBI0XMiRsJnnXWhL5S/topics/qjQzp4HMFByeL1UEKGDd/quizzes/9LPTKofmFDKc4VTqI8fG","true","quiz","quiz","ivy-tech-pharmacology-proctored-exam-practice-questions","ivy-tech-pharmacology-proctored-exam-practice-questions","Ivy Tech, Pharmacology Proctored Exam Practice Questions"
"5OMAF2w0k2OHpje9BVMQ","quiz","ati-pn-dosage-calculation-pn-mental-health-proctored-assessment-3-1-proctored-exam-practice-questions","ati-pn-dosage-calculation-pn-mental-health-proctored-assessment-3-1-proctored-exam-practice-questions","ATI PN Dosage Calculation PN Mental Health Proctored Assessment 3.1 Proctored Exam Practice Questions","nursing-test-bank","z0xzINtS3EohZNaKosBz","lyrHg4RBzN6UafuymMFT","NHgx9LFXpsLVcFjsOujF","Vfag9Cyx0ZvJ2f0h3LWw","pillarPages/nursing-test-bank/subPages/z0xzINtS3EohZNaKosBz/nestedSubPages/lyrHg4RBzN6UafuymMFT/topics/NHgx9LFXpsLVcFjsOujF/quizzes/Vfag9Cyx0ZvJ2f0h3LWw","true","quiz","quiz","ati-pn-dosage-calculation-pn-mental-health-proctored-assessment-3-1-proctored-exam-practice-questions","ati-pn-dosage-calculation-pn-mental-health-proctored-assessment-3-1-proctored-exam-practice-questions","ATI PN Dosage Calculation PN Mental Health Proctored Assessment 3.1 Proctored Exam Practice Questions"
"5W3NMSkEVlaEc6MPOv4d","quiz","hesi-rn-compass-exit-b-proctored-exam","hesi-rn-compass-exit-b-proctored-exam","HESI RN Compass Exit B Proctored Exam","nursing-exit-exam","S4vSoa5bxDgZ1L5kLOJe","MVHmi7FJbSDlPPz28jh5","","BU6VjVfuanoVQ2WBdPlL","pillarPages/nursing-exit-exam/subPages/S4vSoa5bxDgZ1L5kLOJe/nestedSubPages/MVHmi7FJbSDlPPz28jh5/quizzes/BU6VjVfuanoVQ2WBdPlL","true","quiz","quiz","hesi-rn-compass-exit-b-proctored-exam","hesi-rn-compass-exit-b-proctored-exam","HESI RN Compass Exit B Proctored Exam"
"5eBtaBnno1sUtAi4H8oD","quiz","hesi-rn-med-surg-proctored-exam-3-practice-questions","hesi-rn-med-surg-proctored-exam-3-practice-questions","HESI RN Med Surg Proctored Exam 3 Practice Questions","nursing-test-bank","SuT1noZoNGEjKGR1vTbi","iT55qp9NAFOvZLBAiQzC","aS23yuUD7OS39aVVutYn","68pkBTmBBTcwFROhjBbQ","pillarPages/nursing-test-bank/subPages/SuT1noZoNGEjKGR1vTbi/nestedSubPages/iT55qp9NAFOvZLBAiQzC/topics/aS23yuUD7OS39aVVutYn/quizzes/68pkBTmBBTcwFROhjBbQ","true","quiz","quiz","hesi-rn-med-surg-proctored-exam-3-practice-questions","hesi-rn-med-surg-proctored-exam-3-practice-questions","HESI RN Med Surg Proctored Exam 3 Practice Questions"
"5efZfrNutYho0RZCLfGt","quiz","final-exam-ob-community-proctored-exam-practice-questions","final-exam-ob-community-proctored-exam-practice-questions","Final Exam OB + Community Proctored Exam Practice Questions","nursing-test-bank","SuT1noZoNGEjKGR1vTbi","zMFBI0XMiRsJnnXWhL5S","Hwspg6smTqrELsoRSNmc","CXN6VOjouNBvymhTcxmX","pillarPages/nursing-test-bank/subPages/SuT1noZoNGEjKGR1vTbi/nestedSubPages/zMFBI0XMiRsJnnXWhL5S/topics/Hwspg6smTqrELsoRSNmc/quizzes/CXN6VOjouNBvymhTcxmX","true","quiz","quiz","final-exam-ob-community-proctored-exam-practice-questions","final-exam-ob-community-proctored-exam-practice-questions","Final Exam OB + Community Proctored Exam Practice Questions"
"5erRkEqcNgvDKsouA5OZ","quiz","nu-215-math-competency-proctored-exam-practice-questions","nu-215-math-competency-proctored-exam-practice-questions","NU 215 Math Competency Proctored Exam Practice Questions","nursing-test-bank","z0xzINtS3EohZNaKosBz","3K3wv7IGcDcXvSNM9Kxm","0HON8THyW0E7BoW1rSm1","4TMyauXMPbEVLtpwe9bo","pillarPages/nursing-test-bank/subPages/z0xzINtS3EohZNaKosBz/nestedSubPages/3K3wv7IGcDcXvSNM9Kxm/topics/0HON8THyW0E7BoW1rSm1/quizzes/4TMyauXMPbEVLtpwe9bo","true","quiz","quiz","nu-215-math-competency-proctored-exam-practice-questions","nu-215-math-competency-proctored-exam-practice-questions","NU 215 Math Competency Proctored Exam Practice Questions"
"5kVgAGJr4QxW8ooraG27","quiz","mca-proctored-exam-managing-care-for-adults-samuel-merit-university-practice-questions","mca-proctored-exam-managing-care-for-adults-samuel-merit-university-practice-questions","Mca Proctored Exam (Managing Care for Adults) Samuel Merit University Practice Questions","nursing-test-bank","SuT1noZoNGEjKGR1vTbi","zMFBI0XMiRsJnnXWhL5S","L2wWtC9VGd9bcVlQMhD1","8DW1voFSDNXLLY3vtlfw","pillarPages/nursing-test-bank/subPages/SuT1noZoNGEjKGR1vTbi/nestedSubPages/zMFBI0XMiRsJnnXWhL5S/topics/L2wWtC9VGd9bcVlQMhD1/quizzes/8DW1voFSDNXLLY3vtlfw","true","quiz","quiz","mca-proctored-exam-managing-care-for-adults-samuel-merit-university-practice-questions","mca-proctored-exam-managing-care-for-adults-samuel-merit-university-practice-questions","Mca Proctored Exam (Managing Care for Adults) Samuel Merit University Practice Questions"
"5l6aeN3RJgXkvMVlcCRP","quiz","ati-pn-mental-health-pm-2023-proctored-exam-practice-questions","ati-pn-mental-health-pm-2023-proctored-exam-practice-questions","ATI PN Mental Health Pm 2023 Proctored Exam Practice Questions","nursing-test-bank","z0xzINtS3EohZNaKosBz","lyrHg4RBzN6UafuymMFT","6i5h4wWlOfz4R8huNTkC","DiyiF8v7njjgNDS3fIUy","pillarPages/nursing-test-bank/subPages/z0xzINtS3EohZNaKosBz/nestedSubPages/lyrHg4RBzN6UafuymMFT/topics/6i5h4wWlOfz4R8huNTkC/quizzes/DiyiF8v7njjgNDS3fIUy","true","quiz","quiz","ati-pn-mental-health-pm-2023-proctored-exam-practice-questions","ati-pn-mental-health-pm-2023-proctored-exam-practice-questions","ATI PN Mental Health Pm 2023 Proctored Exam Practice Questions"
"5mOe4vu8xE8k4FpBZdkF","quiz","care-hope-college-rn-hesi-rn-pharmacology-proctored-exam-practice-questions","care-hope-college-rn-hesi-rn-pharmacology-proctored-exam-practice-questions","Care Hope College RN HESI RN Pharmacology Proctored Exam Practice Questions","nursing-test-bank","SuT1noZoNGEjKGR1vTbi","iT55qp9NAFOvZLBAiQzC","l1kSgSxIYg2SRUN8aWqE","sKZMeQzmBGcCJOFgI3HK","pillarPages/nursing-test-bank/subPages/SuT1noZoNGEjKGR1vTbi/nestedSubPages/iT55qp9NAFOvZLBAiQzC/topics/l1kSgSxIYg2SRUN8aWqE/quizzes/sKZMeQzmBGcCJOFgI3HK","true","quiz","quiz","care-hope-college-rn-hesi-rn-pharmacology-proctored-exam-practice-questions","care-hope-college-rn-hesi-rn-pharmacology-proctored-exam-practice-questions","Care Hope College RN HESI RN Pharmacology Proctored Exam Practice Questions"
"5tLNbSIxUkHIfLAUgNJE","quiz","hesi-exit-ii-proctored-exam","hesi-exit-ii-proctored-exam","HESI Exit II Proctored Exam","nursing-exit-exam","S4vSoa5bxDgZ1L5kLOJe","MVHmi7FJbSDlPPz28jh5","","nriuJWbd68nHMlvq86Ko","pillarPages/nursing-exit-exam/subPages/S4vSoa5bxDgZ1L5kLOJe/nestedSubPages/MVHmi7FJbSDlPPz28jh5/quizzes/nriuJWbd68nHMlvq86Ko","true","quiz","quiz","hesi-exit-ii-proctored-exam","hesi-exit-ii-proctored-exam","HESI Exit II Proctored Exam"
"5xQTjD5bvMqhZzcaGuZK","topic","ati-pn-dosage-calculations-practice-questions","ati-pn-dosage-calculations-practice-questions","ATI PN Dosage Calculations Practice Questions","nursing-test-bank","z0xzINtS3EohZNaKosBz","lyrHg4RBzN6UafuymMFT","NHgx9LFXpsLVcFjsOujF","","pillarPages/nursing-test-bank/subPages/z0xzINtS3EohZNaKosBz/nestedSubPages/lyrHg4RBzN6UafuymMFT/topics/NHgx9LFXpsLVcFjsOujF","true","topic","topic","ati-pn-dosage-calculations-practice-questions","ati-pn-dosage-calculations-practice-questions","Dosage Calculations"
"6081UWybhHConEaHh2DH","kb-article","lpn-kb-article","lpn-kb-article","","nursing-test-bank","zoSxJO20FZLDobu2KKXf","","","","knowledgeBase/zoSxJO20FZLDobu2KKXf","true","kb","kb-article","lpn-kb-article","lpn-kb-article","LPN KB Articles Test 1234a"
"62gXo5rtQv6r7e9Lf9ag","quiz","samuel-merrit-university-pediatric-proctored-exam-1-practice-questions","samuel-merrit-university-pediatric-proctored-exam-1-practice-questions","Samuel Merrit University Pediatric Proctored Exam 1 Practice Questions","nursing-test-bank","SuT1noZoNGEjKGR1vTbi","zMFBI0XMiRsJnnXWhL5S","Hwspg6smTqrELsoRSNmc","arEiuWU2DvbLYigOPRbU","pillarPages/nursing-test-bank/subPages/SuT1noZoNGEjKGR1vTbi/nestedSubPages/zMFBI0XMiRsJnnXWhL5S/topics/Hwspg6smTqrELsoRSNmc/quizzes/arEiuWU2DvbLYigOPRbU","true","quiz","quiz","samuel-merrit-university-pediatric-proctored-exam-1-practice-questions","samuel-merrit-university-pediatric-proctored-exam-1-practice-questions","Samuel Merrit University Pediatric Proctored Exam 1 Practice Questions"
"63407p0BujQ0ZtQsayOo","topic","hesi-rn-information-technology-in-nursing-practice-questions","hesi-rn-information-technology-in-nursing-practice-questions","Information Technology in Nursing","nursing-test-bank","SuT1noZoNGEjKGR1vTbi","iT55qp9NAFOvZLBAiQzC","8ys3SWgnclB200ysUQRS","","pillarPages/nursing-test-bank/subPages/SuT1noZoNGEjKGR1vTbi/nestedSubPages/iT55qp9NAFOvZLBAiQzC/topics/8ys3SWgnclB200ysUQRS","true","topic","topic","hesi-rn-information-technology-in-nursing-practice-questions","hesi-rn-information-technology-in-nursing-practice-questions","Information Technology in Nursing"
"64wobQibpAq8QCN6P6JL","topic","hesi-rn-pathophysiology-practice-questions","hesi-rn-pathophysiology-practice-questions","Pathophysiology","nursing-test-bank","SuT1noZoNGEjKGR1vTbi","iT55qp9NAFOvZLBAiQzC","BvVKX25piwII9DcZQJSe","","pillarPages/nursing-test-bank/subPages/SuT1noZoNGEjKGR1vTbi/nestedSubPages/iT55qp9NAFOvZLBAiQzC/topics/BvVKX25piwII9DcZQJSe","true","topic","topic","hesi-rn-pathophysiology-practice-questions","hesi-rn-pathophysiology-practice-questions","Pathophysiology"
"68mxIrDLOmIdRCzrVOmM","topic","ati-pn-fundamentals-practice-questions","ati-pn-fundamentals-practice-questions","ATI PN Fundamentals Practice Questions","nursing-test-bank","z0xzINtS3EohZNaKosBz","lyrHg4RBzN6UafuymMFT","1Lb0PkKiTEM2wQOIMDtv","","pillarPages/nursing-test-bank/subPages/z0xzINtS3EohZNaKosBz/nestedSubPages/lyrHg4RBzN6UafuymMFT/topics/1Lb0PkKiTEM2wQOIMDtv","true","topic","topic","ati-pn-fundamentals-practice-questions","ati-pn-fundamentals-practice-questions","Fundamentals"
"6AmWgh9QegzsKDlw2Jys","nested","ati-teas-science-practice-test","ati-teas-science-practice-test","","nursing-entrance-exam","yrdSf0KpOcuybL1SLnw7","uJVUx7wiwgxZ5HPJXNkV","","","pillarPages/nursing-entrance-exam/subPages/yrdSf0KpOcuybL1SLnw7/nestedSubPages/uJVUx7wiwgxZ5HPJXNkV","true","nested","nested","ati-teas-science-practice-test","ati-teas-science-practice-test","ATI TEAS Science Practice Test"
"6B1uunpFVfQA3RgWIqA7","quiz","hesi-rn-med-surg-proctored-exam-1-practice-questions","hesi-rn-med-surg-proctored-exam-1-practice-questions","HESI RN Med Surg Proctored Exam 1 Practice Questions","nursing-test-bank","SuT1noZoNGEjKGR1vTbi","iT55qp9NAFOvZLBAiQzC","aS23yuUD7OS39aVVutYn","7gorf5DAGRgMTLQ2tP79","pillarPages/nursing-test-bank/subPages/SuT1noZoNGEjKGR1vTbi/nestedSubPages/iT55qp9NAFOvZLBAiQzC/topics/aS23yuUD7OS39aVVutYn/quizzes/7gorf5DAGRgMTLQ2tP79","true","quiz","quiz","hesi-rn-med-surg-proctored-exam-1-practice-questions","hesi-rn-med-surg-proctored-exam-1-practice-questions","HESI RN Med Surg Proctored Exam 1 Practice Questions"
"6BEJQVjIP8aYiQkjdvuK","quiz","ati-pn-med-surg-cardiac-proctored-test-practice-questions","ati-pn-med-surg-cardiac-proctored-test-practice-questions","ATI PN Med Surg Cardiac Proctored Test Practice Questions","nursing-test-bank","z0xzINtS3EohZNaKosBz","lyrHg4RBzN6UafuymMFT","NywbGW22YNeZSM3kuwKk","CjNS6HfMqCXa9cGFseGD","pillarPages/nursing-test-bank/subPages/z0xzINtS3EohZNaKosBz/nestedSubPages/lyrHg4RBzN6UafuymMFT/topics/NywbGW22YNeZSM3kuwKk/quizzes/CjNS6HfMqCXa9cGFseGD","true","quiz","quiz","ati-pn-med-surg-cardiac-proctored-test-practice-questions","ati-pn-med-surg-cardiac-proctored-test-practice-questions","ATI PN Med Surg Cardiac Proctored Test Practice Questions"
"6EpoSZ6keDk8MnT7nk3w","quiz","cna-certification-proctored-exam-practice-questions","cna-certification-proctored-exam-practice-questions","CNA Certification Proctored Exam Practice Questions","nursing-test-bank","SuT1noZoNGEjKGR1vTbi","Xm9CE6gN7AB8T4YZKMNa","mLQLcSPuJFwx9Xk2SZ7f","u3cMcVU0OzoeMRTBxGPo","pillarPages/nursing-test-bank/subPages/SuT1noZoNGEjKGR1vTbi/nestedSubPages/Xm9CE6gN7AB8T4YZKMNa/topics/mLQLcSPuJFwx9Xk2SZ7f/quizzes/u3cMcVU0OzoeMRTBxGPo","true","quiz","quiz","cna-certification-proctored-exam-practice-questions","cna-certification-proctored-exam-practice-questions","CNA Certification Proctored Exam Practice Questions"
"6MNIfvYjj68L1CqgVvgn","quiz","samuel-merrit-university-pediatric-proctored-exam-practice-questions","samuel-merrit-university-pediatric-proctored-exam-practice-questions","Samuel Merrit University Pediatric Proctored Exam Practice Questions","nursing-test-bank","SuT1noZoNGEjKGR1vTbi","zMFBI0XMiRsJnnXWhL5S","Hwspg6smTqrELsoRSNmc","UVeG8zC3exnSC6sl5oqr","pillarPages/nursing-test-bank/subPages/SuT1noZoNGEjKGR1vTbi/nestedSubPages/zMFBI0XMiRsJnnXWhL5S/topics/Hwspg6smTqrELsoRSNmc/quizzes/UVeG8zC3exnSC6sl5oqr","true","quiz","quiz","samuel-merrit-university-pediatric-proctored-exam-practice-questions","samuel-merrit-university-pediatric-proctored-exam-practice-questions","Samuel Merrit University Pediatric Proctored Exam Practice Questions"
"6MRMfGXzcQ7yjbmkA6Qr","quiz","teas-science-practice-test-set-16","teas-science-practice-test-set-16","","nursing-entrance-exam","yrdSf0KpOcuybL1SLnw7","uJVUx7wiwgxZ5HPJXNkV","","ZbYXynRJRw9OmOPqbrnE","pillarPages/nursing-entrance-exam/subPages/yrdSf0KpOcuybL1SLnw7/nestedSubPages/uJVUx7wiwgxZ5HPJXNkV/quizzes/ZbYXynRJRw9OmOPqbrnE","true","quiz","quiz","teas-science-practice-test-set-16","teas-science-practice-test-set-16","TEAS Science Practice Test Set 16"
"6NFGLe4y2HrBiFD5eC6V","topic","hesi-rn-adult-health-practice-questions","hesi-rn-adult-health-practice-questions","Adult Health","nursing-test-bank","SuT1noZoNGEjKGR1vTbi","iT55qp9NAFOvZLBAiQzC","n2FK9jdRFYQvHbryoAbl","","pillarPages/nursing-test-bank/subPages/SuT1noZoNGEjKGR1vTbi/nestedSubPages/iT55qp9NAFOvZLBAiQzC/topics/n2FK9jdRFYQvHbryoAbl","true","topic","topic","hesi-rn-adult-health-practice-questions","hesi-rn-adult-health-practice-questions","Adult Health"
"6NKDP3mOzNYC33M9g6JS","quiz","hesi-rn-exit-proctored-exam","hesi-rn-exit-proctored-exam","HESI RN Exit Proctored Exam","nursing-exit-exam","S4vSoa5bxDgZ1L5kLOJe","MVHmi7FJbSDlPPz28jh5","","VLk4lC6xIlgchUT23njY","pillarPages/nursing-exit-exam/subPages/S4vSoa5bxDgZ1L5kLOJe/nestedSubPages/MVHmi7FJbSDlPPz28jh5/quizzes/VLk4lC6xIlgchUT23njY","true","quiz","quiz","hesi-rn-exit-proctored-exam","hesi-rn-exit-proctored-exam","HESI RN Exit Proctored Exam"
"6PqaEmsTBbdqYOUDFqSP","quiz","hesi-rn-med-surg-adult-health-proctored-exam-practice-questions","hesi-rn-med-surg-adult-health-proctored-exam-practice-questions","HESI RN Med Surg Adult Health Proctored Exam Practice Questions","nursing-test-bank","SuT1noZoNGEjKGR1vTbi","iT55qp9NAFOvZLBAiQzC","aS23yuUD7OS39aVVutYn","ZKOxLRyPt0GrDrDpGKsl","pillarPages/nursing-test-bank/subPages/SuT1noZoNGEjKGR1vTbi/nestedSubPages/iT55qp9NAFOvZLBAiQzC/topics/aS23yuUD7OS39aVVutYn/quizzes/ZKOxLRyPt0GrDrDpGKsl","true","quiz","quiz","hesi-rn-med-surg-adult-health-proctored-exam-practice-questions","hesi-rn-med-surg-adult-health-proctored-exam-practice-questions","HESI RN Med Surg Adult Health Proctored Exam Practice Questions"
"6QXsNdVg2tAe1iyFUJ7c","quiz","ati-pn-mental-health-proctored-exam-2023-practice-questions-set-10","ati-pn-mental-health-proctored-exam-2023-practice-questions-set-10","ATI PN Mental Health Proctored Exam 2023 Practice Questions - Set 10","nursing-test-bank","z0xzINtS3EohZNaKosBz","lyrHg4RBzN6UafuymMFT","6i5h4wWlOfz4R8huNTkC","2fG2uGhn6fyk67ZYFnah","pillarPages/nursing-test-bank/subPages/z0xzINtS3EohZNaKosBz/nestedSubPages/lyrHg4RBzN6UafuymMFT/topics/6i5h4wWlOfz4R8huNTkC/quizzes/2fG2uGhn6fyk67ZYFnah","true","quiz","quiz","ati-pn-mental-health-proctored-exam-2023-practice-questions-set-10","ati-pn-mental-health-proctored-exam-2023-practice-questions-set-10","ATI PN Mental Health Proctored Exam 2023 Practice Questions - Set 10"
"6bXcPEYpUtDZo1ywpnQd","quiz","ati-pn-medical-calculations-proctored-exam-practice-questions","ati-pn-medical-calculations-proctored-exam-practice-questions","ATI PN Medical Calculations Proctored Exam Practice Questions","nursing-test-bank","z0xzINtS3EohZNaKosBz","lyrHg4RBzN6UafuymMFT","NHgx9LFXpsLVcFjsOujF","CR34Oa80rRgPbBv2kxzk","pillarPages/nursing-test-bank/subPages/z0xzINtS3EohZNaKosBz/nestedSubPages/lyrHg4RBzN6UafuymMFT/topics/NHgx9LFXpsLVcFjsOujF/quizzes/CR34Oa80rRgPbBv2kxzk","true","quiz","quiz","ati-pn-medical-calculations-proctored-exam-practice-questions","ati-pn-medical-calculations-proctored-exam-practice-questions","ATI PN Medical Calculations Proctored Exam Practice Questions"
"6bebyUETGbjjDn4fxEBQ","quiz","dosage-calculation-proctored-exam-practice-questions-set-18","dosage-calculation-proctored-exam-practice-questions-set-18","Dosage Calculation Proctored Exam Practice Questions - Set 18","nursing-test-bank","SuT1noZoNGEjKGR1vTbi","zMFBI0XMiRsJnnXWhL5S","GXrH3QXIidtKg5Jx0ly4","GMx2hPFXjBhHG8Fz9fav","pillarPages/nursing-test-bank/subPages/SuT1noZoNGEjKGR1vTbi/nestedSubPages/zMFBI0XMiRsJnnXWhL5S/topics/GXrH3QXIidtKg5Jx0ly4/quizzes/GMx2hPFXjBhHG8Fz9fav","true","quiz","quiz","dosage-calculation-proctored-exam-practice-questions-set-18","dosage-calculation-proctored-exam-practice-questions-set-18","Dosage Calculation Proctored Exam Practice Questions - Set 18"
"6gEAWf7ozg4dRxNRZALb","quiz","ati-pn-pharmacology-proctored-exam-2023-retake-1-practice-questions","ati-pn-pharmacology-proctored-exam-2023-retake-1-practice-questions","ATI PN Pharmacology Proctored Exam 2023 Retake 1 Practice Questions","nursing-test-bank","z0xzINtS3EohZNaKosBz","lyrHg4RBzN6UafuymMFT","13a3GLxldltUqhIxNzkr","JcnIXKivUqqfkcnXmTLG","pillarPages/nursing-test-bank/subPages/z0xzINtS3EohZNaKosBz/nestedSubPages/lyrHg4RBzN6UafuymMFT/topics/13a3GLxldltUqhIxNzkr/quizzes/JcnIXKivUqqfkcnXmTLG","true","quiz","quiz","ati-pn-pharmacology-proctored-exam-2023-retake-1-practice-questions","ati-pn-pharmacology-proctored-exam-2023-retake-1-practice-questions","ATI PN Pharmacology Proctored Exam 2023 Retake 1 Practice Questions"
"6nF4s9L37Qg8UayePyYV","quiz","mental-health-proctored-exam-practice-questions-set-11","mental-health-proctored-exam-practice-questions-set-11","Mental Health Proctored Exam Practice Questions - Set 11","nursing-test-bank","SuT1noZoNGEjKGR1vTbi","zMFBI0XMiRsJnnXWhL5S","dwj41dVBiWR9v4FRpKhC","exC4UgNA0gzVj4dO98Uy","pillarPages/nursing-test-bank/subPages/SuT1noZoNGEjKGR1vTbi/nestedSubPages/zMFBI0XMiRsJnnXWhL5S/topics/dwj41dVBiWR9v4FRpKhC/quizzes/exC4UgNA0gzVj4dO98Uy","true","quiz","quiz","mental-health-proctored-exam-practice-questions-set-11","mental-health-proctored-exam-practice-questions-set-11","Mental Health Proctored Exam Practice Questions - Set 11"
"6rOTDV1SEmwsHfCwSb5B","quiz","pharmacology-proctored-exam-pain-seizure-practice-questions","pharmacology-proctored-exam-pain-seizure-practice-questions","Pharmacology Proctored Exam - Pain Seizure Practice Questions","nursing-test-bank","SuT1noZoNGEjKGR1vTbi","zMFBI0XMiRsJnnXWhL5S","qjQzp4HMFByeL1UEKGDd","QbnA9VzvYk7s4tgqHo7J","pillarPages/nursing-test-bank/subPages/SuT1noZoNGEjKGR1vTbi/nestedSubPages/zMFBI0XMiRsJnnXWhL5S/topics/qjQzp4HMFByeL1UEKGDd/quizzes/QbnA9VzvYk7s4tgqHo7J","true","quiz","quiz","pharmacology-proctored-exam-pain-seizure-practice-questions","pharmacology-proctored-exam-pain-seizure-practice-questions","Pharmacology Proctored Exam - Pain Seizure Practice Questions"
"6ubdEmdtYQsdqmb9Sq4f","quiz","hesi-a2-reading-comprehension-practice-test-set-3","hesi-a2-reading-comprehension-practice-test-set-3","","nursing-entrance-exam","rdYGUZ9DzFvAmo6EsrVe","gGyVK8Up2mhnWjvQONJo","","hesi-a2-reading-comprehension-practice-test-set-3","pillarPages/nursing-entrance-exam/subPages/rdYGUZ9DzFvAmo6EsrVe/nestedSubPages/gGyVK8Up2mhnWjvQONJo/quizzes/hesi-a2-reading-comprehension-practice-test-set-3","true","quiz","entrance_quiz_subject","hesi-a2-reading-comprehension-practice-test-set-3","hesi-a2-reading-comprehension-practice-test-set-3","HESI A2 Reading Comprehension Practice Test Set 3"
"70D7gKcTfagNMo06IywP","quiz","ati-pn-pediatrics-proctored-exam-practice-questions-set-2","ati-pn-pediatrics-proctored-exam-practice-questions-set-2","ATI PN Pediatrics Proctored Exam Practice Questions - Set 2","nursing-test-bank","z0xzINtS3EohZNaKosBz","lyrHg4RBzN6UafuymMFT","Y0MhOdG0hGVh8AUsgVrz","10ZgDbiTDhy5fMIIDhip","pillarPages/nursing-test-bank/subPages/z0xzINtS3EohZNaKosBz/nestedSubPages/lyrHg4RBzN6UafuymMFT/topics/Y0MhOdG0hGVh8AUsgVrz/quizzes/10ZgDbiTDhy5fMIIDhip","true","quiz","quiz","ati-pn-pediatrics-proctored-exam-practice-questions-set-2","ati-pn-pediatrics-proctored-exam-practice-questions-set-2","ATI PN Pediatrics Proctored Exam Practice Questions - Set 2"
"7Eb5iSbLkDWfzJyZTFKy","quiz","ati-pn-mental-health-25-28-proctored-exam-practice-questions","ati-pn-mental-health-25-28-proctored-exam-practice-questions","ATI PN Mental Health 25-28 Proctored Exam Practice Questions","nursing-test-bank","z0xzINtS3EohZNaKosBz","lyrHg4RBzN6UafuymMFT","6i5h4wWlOfz4R8huNTkC","uR0IE0Mlu0IHuHnw5mGR","pillarPages/nursing-test-bank/subPages/z0xzINtS3EohZNaKosBz/nestedSubPages/lyrHg4RBzN6UafuymMFT/topics/6i5h4wWlOfz4R8huNTkC/quizzes/uR0IE0Mlu0IHuHnw5mGR","true","quiz","quiz","ati-pn-mental-health-25-28-proctored-exam-practice-questions","ati-pn-mental-health-25-28-proctored-exam-practice-questions","ATI PN Mental Health 25-28 Proctored Exam Practice Questions"
"7EkVwRa8UtnBoliN6Wvu","quiz","hesi-rn-health-assessment-proctored-exam-practice-questions-set-3","hesi-rn-health-assessment-proctored-exam-practice-questions-set-3","HESI RN Health Assessment Proctored Exam Practice Questions - Set 3","nursing-test-bank","SuT1noZoNGEjKGR1vTbi","iT55qp9NAFOvZLBAiQzC","0zSu4efsFf1RPT4W2Xjn","AjyirqBc8UZigcalHOr3","pillarPages/nursing-test-bank/subPages/SuT1noZoNGEjKGR1vTbi/nestedSubPages/iT55qp9NAFOvZLBAiQzC/topics/0zSu4efsFf1RPT4W2Xjn/quizzes/AjyirqBc8UZigcalHOr3","true","quiz","quiz","hesi-rn-health-assessment-proctored-exam-practice-questions-set-3","hesi-rn-health-assessment-proctored-exam-practice-questions-set-3","HESI RN Health Assessment Proctored Exam Practice Questions - Set 3"
"7FjFPflMGnaHUXFDu0zP","quiz","ati-pn-adult-medical-surgical-2020-with-ngn-proctored-exam-practice-questions-set-68","ati-pn-adult-medical-surgical-2020-with-ngn-proctored-exam-practice-questions-set-68","ATI PN Adult Medical Surgical 2020 with NGN Proctored Exam Practice Questions - Set 68","nursing-test-bank","z0xzINtS3EohZNaKosBz","lyrHg4RBzN6UafuymMFT","NywbGW22YNeZSM3kuwKk","kNWiO8VMKh6BQe38Ix3P","pillarPages/nursing-test-bank/subPages/z0xzINtS3EohZNaKosBz/nestedSubPages/lyrHg4RBzN6UafuymMFT/topics/NywbGW22YNeZSM3kuwKk/quizzes/kNWiO8VMKh6BQe38Ix3P","true","quiz","quiz","ati-pn-adult-medical-surgical-2020-with-ngn-proctored-exam-practice-questions-set-68","ati-pn-adult-medical-surgical-2020-with-ngn-proctored-exam-practice-questions-set-68","ATI PN Adult Medical Surgical 2020 with NGN Proctored Exam Practice Questions - Set 68"
"7UZtrrMEzrBWAvXtFD35","topic","ati-rn-nursing-informatics-practice-questions","ati-rn-nursing-informatics-practice-questions","","nursing-test-bank","SuT1noZoNGEjKGR1vTbi","Fnnd4c6ae0Uiurk2KUSc","YmHDDTEtsQrwFK6TfIxM","","pillarPages/nursing-test-bank/subPages/SuT1noZoNGEjKGR1vTbi/nestedSubPages/Fnnd4c6ae0Uiurk2KUSc/topics/YmHDDTEtsQrwFK6TfIxM","true","topic","topic","ati-rn-nursing-informatics-practice-questions","ati-rn-nursing-informatics-practice-questions","Nursing Informatics"
"7VtdxLegR6kODBrOiZot","quiz","ati-pn-fundamentals-2023-proctored-exam-practice-questions-set-37","ati-pn-fundamentals-2023-proctored-exam-practice-questions-set-37","ATI PN Fundamentals 2023 Proctored Exam Practice Questions - Set 37","nursing-test-bank","z0xzINtS3EohZNaKosBz","lyrHg4RBzN6UafuymMFT","1Lb0PkKiTEM2wQOIMDtv","A2f9bV7LOePqEHlSWK16","pillarPages/nursing-test-bank/subPages/z0xzINtS3EohZNaKosBz/nestedSubPages/lyrHg4RBzN6UafuymMFT/topics/1Lb0PkKiTEM2wQOIMDtv/quizzes/A2f9bV7LOePqEHlSWK16","true","quiz","quiz","ati-pn-fundamentals-2023-proctored-exam-practice-questions-set-37","ati-pn-fundamentals-2023-proctored-exam-practice-questions-set-37","ATI PN Fundamentals 2023 Proctored Exam Practice Questions - Set 37"
"7Z2EpCRv3rPYNjGcJf2x","quiz","phlebotomy-certification-proctored-exam-practice-questions","phlebotomy-certification-proctored-exam-practice-questions","Phlebotomy Certification Proctored Exam Practice Questions","nursing-test-bank","SuT1noZoNGEjKGR1vTbi","Xm9CE6gN7AB8T4YZKMNa","S3CdPETwhcGfYKwqrEFO","qXpFpzqp3xJiLBUO2Ugd","pillarPages/nursing-test-bank/subPages/SuT1noZoNGEjKGR1vTbi/nestedSubPages/Xm9CE6gN7AB8T4YZKMNa/topics/S3CdPETwhcGfYKwqrEFO/quizzes/qXpFpzqp3xJiLBUO2Ugd","true","quiz","quiz","phlebotomy-certification-proctored-exam-practice-questions","phlebotomy-certification-proctored-exam-practice-questions","Phlebotomy Certification Proctored Exam Practice Questions"
"7fwvIHpNOZj58PyMjRbI","quiz","proctored-exam-4-chapter-30-practice-questions","proctored-exam-4-chapter-30-practice-questions","Proctored Exam#4 Chapter 30 Practice Questions","nursing-test-bank","SuT1noZoNGEjKGR1vTbi","zMFBI0XMiRsJnnXWhL5S","Qw9ACv9iC3lU621RemRS","2Zs44B6nY29wQpraqQo0","pillarPages/nursing-test-bank/subPages/SuT1noZoNGEjKGR1vTbi/nestedSubPages/zMFBI0XMiRsJnnXWhL5S/topics/Qw9ACv9iC3lU621RemRS/quizzes/2Zs44B6nY29wQpraqQo0","true","quiz","quiz","proctored-exam-4-chapter-30-practice-questions","proctored-exam-4-chapter-30-practice-questions","Proctored Exam#4 Chapter 30 Practice Questions"
"7h70wGvoBc2zKz5nPXGl","quiz","ati-pn-mental-health-proctored-exam-practice-questions-set-3","ati-pn-mental-health-proctored-exam-practice-questions-set-3","ATI PN Mental Health Proctored Exam Practice Questions - Set 3","nursing-test-bank","z0xzINtS3EohZNaKosBz","lyrHg4RBzN6UafuymMFT","6i5h4wWlOfz4R8huNTkC","NmyWvm446Bgz09F1MCl2","pillarPages/nursing-test-bank/subPages/z0xzINtS3EohZNaKosBz/nestedSubPages/lyrHg4RBzN6UafuymMFT/topics/6i5h4wWlOfz4R8huNTkC/quizzes/NmyWvm446Bgz09F1MCl2","true","quiz","quiz","ati-pn-mental-health-proctored-exam-practice-questions-set-3","ati-pn-mental-health-proctored-exam-practice-questions-set-3","ATI PN Mental Health Proctored Exam Practice Questions - Set 3"
"7kCOXfLnXRzBhlbpV6MS","quiz","nur-215-mental-health-proctored-exam-practice-questions","nur-215-mental-health-proctored-exam-practice-questions","NUR 215 Mental Health Proctored Exam Practice Questions","nursing-test-bank","SuT1noZoNGEjKGR1vTbi","zMFBI0XMiRsJnnXWhL5S","4xNDZPMszSkpgRfEsOck","6m3hgRF07WrIW2gtqrOf","pillarPages/nursing-test-bank/subPages/SuT1noZoNGEjKGR1vTbi/nestedSubPages/zMFBI0XMiRsJnnXWhL5S/topics/4xNDZPMszSkpgRfEsOck/quizzes/6m3hgRF07WrIW2gtqrOf","true","quiz","quiz","nur-215-mental-health-proctored-exam-practice-questions","nur-215-mental-health-proctored-exam-practice-questions","NUR 215 Mental Health Proctored Exam Practice Questions"
"7ko4ykboYLSP1z8UWyCu","nested","kaplan-admission-practice-test-writing","kaplan-admission-practice-test-writing","","nursing-entrance-exam","jdJsAeBdy2mJO0kPibeV","Iz4T9Aq3e9r72hKG0kUG","","","pillarPages/nursing-entrance-exam/subPages/jdJsAeBdy2mJO0kPibeV/nestedSubPages/Iz4T9Aq3e9r72hKG0kUG","true","nested","nested","kaplan-admission-practice-test-writing","kaplan-admission-practice-test-writing","Kaplan Admission Practice Test Writing"
"7lLAF4QsSQQ7VfvcxccW","quiz","hesi-rn-exit-1-proctored-exam","hesi-rn-exit-1-proctored-exam","HESI RN Exit 1 Proctored Exam","nursing-exit-exam","S4vSoa5bxDgZ1L5kLOJe","MVHmi7FJbSDlPPz28jh5","","H3nkE3A7rwhckNQRsYCn","pillarPages/nursing-exit-exam/subPages/S4vSoa5bxDgZ1L5kLOJe/nestedSubPages/MVHmi7FJbSDlPPz28jh5/quizzes/H3nkE3A7rwhckNQRsYCn","true","quiz","quiz","hesi-rn-exit-1-proctored-exam","hesi-rn-exit-1-proctored-exam","HESI RN Exit 1 Proctored Exam"
"7qHmUTIvxhK32FRCOkSS","quiz","teas-reading-practice-test-set-3","teas-reading-practice-test-set-3","","nursing-entrance-exam","yrdSf0KpOcuybL1SLnw7","2JIZgWhm9jUkoNFmkY7R","","kD4oQPOQqrEb3IzASVS1","pillarPages/nursing-entrance-exam/subPages/yrdSf0KpOcuybL1SLnw7/nestedSubPages/2JIZgWhm9jUkoNFmkY7R/quizzes/kD4oQPOQqrEb3IzASVS1","true","quiz","quiz","teas-reading-practice-test-set-3","teas-reading-practice-test-set-3","TEAS Reading Practice Test Set 3"
"7sgSrZ2y6ugOE6Itb1NP","quiz","hesi-rn-exit-proctored-exam-form-5","hesi-rn-exit-proctored-exam-form-5","HESI RN Exit Proctored Exam Form 5","nursing-exit-exam","S4vSoa5bxDgZ1L5kLOJe","MVHmi7FJbSDlPPz28jh5","","rIMvao2LkGHw478Nwydf","pillarPages/nursing-exit-exam/subPages/S4vSoa5bxDgZ1L5kLOJe/nestedSubPages/MVHmi7FJbSDlPPz28jh5/quizzes/rIMvao2LkGHw478Nwydf","true","quiz","quiz","hesi-rn-exit-proctored-exam-form-5","hesi-rn-exit-proctored-exam-form-5","HESI RN Exit Proctored Exam Form 5"
"7tZ0OhwQjCcQZbvfAIf8","quiz","ati-pn-anatomy-and-physiology-proctored-exam-practice-questions-set-4","ati-pn-anatomy-and-physiology-proctored-exam-practice-questions-set-4","ATI PN Anatomy and Physiology Proctored Exam Practice Questions - Set 4","nursing-test-bank","z0xzINtS3EohZNaKosBz","lyrHg4RBzN6UafuymMFT","j5H2Ra9IgckkioC7vNSj","SPRE7aJa8YoN3Rvy1hGn","pillarPages/nursing-test-bank/subPages/z0xzINtS3EohZNaKosBz/nestedSubPages/lyrHg4RBzN6UafuymMFT/topics/j5H2Ra9IgckkioC7vNSj/quizzes/SPRE7aJa8YoN3Rvy1hGn","true","quiz","quiz","ati-pn-anatomy-and-physiology-proctored-exam-practice-questions-set-4","ati-pn-anatomy-and-physiology-proctored-exam-practice-questions-set-4","ATI PN Anatomy and Physiology Proctored Exam Practice Questions - Set 4"
"80LBLYs0etbqRhKlG6ri","quiz","pediatrics-and-maternity-proctored-exam-examplify-practice-questions-set-13","pediatrics-and-maternity-proctored-exam-examplify-practice-questions-set-13","Pediatrics & Maternity Proctored Exam (Examplify) Practice Questions","nursing-test-bank","SuT1noZoNGEjKGR1vTbi","zMFBI0XMiRsJnnXWhL5S","Hwspg6smTqrELsoRSNmc","kNGXr91yzlg5ckDeAsPY","pillarPages/nursing-test-bank/subPages/SuT1noZoNGEjKGR1vTbi/nestedSubPages/zMFBI0XMiRsJnnXWhL5S/topics/Hwspg6smTqrELsoRSNmc/quizzes/kNGXr91yzlg5ckDeAsPY","true","quiz","quiz","pediatrics-and-maternity-proctored-exam-examplify-practice-questions-set-13","pediatrics-and-maternity-proctored-exam-examplify-practice-questions-set-13","Pediatrics & Maternity Proctored Exam (Examplify) Practice Questions"
"80d5qQO1179FDiMpvRtj","quiz","nurs-113-nursing-concepts-1-proctored-exam-fundamentals-exam-practice-questions","nurs-113-nursing-concepts-1-proctored-exam-fundamentals-exam-practice-questions","NURS 113 Nursing Concepts 1 Proctored Exam (Fundamentals Exam) Practice Questions","nursing-test-bank","SuT1noZoNGEjKGR1vTbi","zMFBI0XMiRsJnnXWhL5S","sBc3Ee7TKg33PIbmj4Hb","e9EWeYWJnV3u20ReVfdH","pillarPages/nursing-test-bank/subPages/SuT1noZoNGEjKGR1vTbi/nestedSubPages/zMFBI0XMiRsJnnXWhL5S/topics/sBc3Ee7TKg33PIbmj4Hb/quizzes/e9EWeYWJnV3u20ReVfdH","true","quiz","quiz","nurs-113-nursing-concepts-1-proctored-exam-fundamentals-exam-practice-questions","nurs-113-nursing-concepts-1-proctored-exam-fundamentals-exam-practice-questions","NURS 113 Nursing Concepts 1 Proctored Exam (Fundamentals Exam) Practice Questions"
"81QO73jw8zs7OZq6OR8l","quiz","peds-proctored-exam-1-practice-questions","peds-proctored-exam-1-practice-questions","Peds Proctored Exam 1 Practice Questions","nursing-test-bank","SuT1noZoNGEjKGR1vTbi","zMFBI0XMiRsJnnXWhL5S","Hwspg6smTqrELsoRSNmc","An1NdVK56pvL5Kd3iv5I","pillarPages/nursing-test-bank/subPages/SuT1noZoNGEjKGR1vTbi/nestedSubPages/zMFBI0XMiRsJnnXWhL5S/topics/Hwspg6smTqrELsoRSNmc/quizzes/An1NdVK56pvL5Kd3iv5I","true","quiz","quiz","peds-proctored-exam-1-practice-questions","peds-proctored-exam-1-practice-questions","Peds Proctored Exam 1 Practice Questions"
"85YgX3yxqFaI3z7q6BaI","quiz","hesi-rn-d446-adult-ii-proctored-exam-practice-questions","hesi-rn-d446-adult-ii-proctored-exam-practice-questions","HESI RN D446 Adult II Proctored Exam Practice Questions","nursing-test-bank","SuT1noZoNGEjKGR1vTbi","iT55qp9NAFOvZLBAiQzC","n2FK9jdRFYQvHbryoAbl","47fzvg6qv6wls1MhsFnZ","pillarPages/nursing-test-bank/subPages/SuT1noZoNGEjKGR1vTbi/nestedSubPages/iT55qp9NAFOvZLBAiQzC/topics/n2FK9jdRFYQvHbryoAbl/quizzes/47fzvg6qv6wls1MhsFnZ","true","quiz","quiz","hesi-rn-d446-adult-ii-proctored-exam-practice-questions","hesi-rn-d446-adult-ii-proctored-exam-practice-questions","HESI RN D446 Adult II Proctored Exam Practice Questions"
"86k4JNQJKSbTq8Kn3a5v","quiz","mental-health-proctored-exam-viterbo-university-practice-questions","mental-health-proctored-exam-viterbo-university-practice-questions","Mental Health Proctored Exam (Viterbo University) Practice Questions","nursing-test-bank","SuT1noZoNGEjKGR1vTbi","zMFBI0XMiRsJnnXWhL5S","dwj41dVBiWR9v4FRpKhC","lgR8jsFzZ1bYx2IUANgc","pillarPages/nursing-test-bank/subPages/SuT1noZoNGEjKGR1vTbi/nestedSubPages/zMFBI0XMiRsJnnXWhL5S/topics/dwj41dVBiWR9v4FRpKhC/quizzes/lgR8jsFzZ1bYx2IUANgc","true","quiz","quiz","mental-health-proctored-exam-viterbo-university-practice-questions","mental-health-proctored-exam-viterbo-university-practice-questions","Mental Health Proctored Exam (Viterbo University) Practice Questions"
"8ArT93cZf9cNhcT9wEJf","topic","hesi-rn-nursing-research-practice-questions","hesi-rn-nursing-research-practice-questions","Nursing Research","nursing-test-bank","SuT1noZoNGEjKGR1vTbi","iT55qp9NAFOvZLBAiQzC","2CSFdI3p8inciBpSPkZI","","pillarPages/nursing-test-bank/subPages/SuT1noZoNGEjKGR1vTbi/nestedSubPages/iT55qp9NAFOvZLBAiQzC/topics/2CSFdI3p8inciBpSPkZI","true","topic","topic","hesi-rn-nursing-research-practice-questions","hesi-rn-nursing-research-practice-questions","Nursing Research"
"8EuiSh7NwX4JfLdcEVTp","quiz","hesi-rn-pharmacology-106a-proctored-exam-practice-questions","hesi-rn-pharmacology-106a-proctored-exam-practice-questions","HESI RN Pharmacology 106A Proctored Exam Practice Questions","nursing-test-bank","SuT1noZoNGEjKGR1vTbi","iT55qp9NAFOvZLBAiQzC","l1kSgSxIYg2SRUN8aWqE","cmhDZTYTAG3xRNneHLef","pillarPages/nursing-test-bank/subPages/SuT1noZoNGEjKGR1vTbi/nestedSubPages/iT55qp9NAFOvZLBAiQzC/topics/l1kSgSxIYg2SRUN8aWqE/quizzes/cmhDZTYTAG3xRNneHLef","true","quiz","quiz","hesi-rn-pharmacology-106a-proctored-exam-practice-questions","hesi-rn-pharmacology-106a-proctored-exam-practice-questions","HESI RN Pharmacology 106A Proctored Exam Practice Questions"
"8HDx9RN67rg4V6xRLdR7","quiz","hesi-rn-pediatric-n158-proctored-exam-practice-questions","hesi-rn-pediatric-n158-proctored-exam-practice-questions","HESI RN Pediatric N158 Proctored Exam Practice Questions","nursing-test-bank","SuT1noZoNGEjKGR1vTbi","iT55qp9NAFOvZLBAiQzC","uXtCZ4Y6aeLjwMLtC1sD","uJTwYodwdygEyCDOcir6","pillarPages/nursing-test-bank/subPages/SuT1noZoNGEjKGR1vTbi/nestedSubPages/iT55qp9NAFOvZLBAiQzC/topics/uXtCZ4Y6aeLjwMLtC1sD/quizzes/uJTwYodwdygEyCDOcir6","true","quiz","quiz","hesi-rn-pediatric-n158-proctored-exam-practice-questions","hesi-rn-pediatric-n158-proctored-exam-practice-questions","HESI RN Pediatric N158 Proctored Exam Practice Questions"
"8JIJ8aNoD8jmnCUNR6kk","quiz","ati-pn-nursing-process-proctored-exam-practice-questions","ati-pn-nursing-process-proctored-exam-practice-questions","ATI PN Nursing Process Proctored Exam Practice Questions","nursing-test-bank","z0xzINtS3EohZNaKosBz","lyrHg4RBzN6UafuymMFT","1Lb0PkKiTEM2wQOIMDtv","Uc4nhMTbtjxwQqXAb7lf","pillarPages/nursing-test-bank/subPages/z0xzINtS3EohZNaKosBz/nestedSubPages/lyrHg4RBzN6UafuymMFT/topics/1Lb0PkKiTEM2wQOIMDtv/quizzes/Uc4nhMTbtjxwQqXAb7lf","true","quiz","quiz","ati-pn-nursing-process-proctored-exam-practice-questions","ati-pn-nursing-process-proctored-exam-practice-questions","ATI PN Nursing Process Proctored Exam Practice Questions"
"8Ql52YlUYspis8cxudjd","quiz","ati-pn-pharmacology-2023-proctored-exam-practice-questions-set-16","ati-pn-pharmacology-2023-proctored-exam-practice-questions-set-16","ATI PN Pharmacology 2023 Proctored Exam Practice Questions - Set 16","nursing-test-bank","z0xzINtS3EohZNaKosBz","lyrHg4RBzN6UafuymMFT","13a3GLxldltUqhIxNzkr","9oQjSd3IsbjMwPyNGnIN","pillarPages/nursing-test-bank/subPages/z0xzINtS3EohZNaKosBz/nestedSubPages/lyrHg4RBzN6UafuymMFT/topics/13a3GLxldltUqhIxNzkr/quizzes/9oQjSd3IsbjMwPyNGnIN","true","quiz","quiz","ati-pn-pharmacology-2023-proctored-exam-practice-questions-set-16","ati-pn-pharmacology-2023-proctored-exam-practice-questions-set-16","ATI PN Pharmacology 2023 Proctored Exam Practice Questions - Set 16"
"8U0netTPDs4j3u4PcrY5","quiz","ati-pn-anatomy-and-physiology-proctored-exam-practice-questions-set-6","ati-pn-anatomy-and-physiology-proctored-exam-practice-questions-set-6","ATI PN Anatomy and Physiology Proctored Exam Practice Questions - Set 6","nursing-test-bank","z0xzINtS3EohZNaKosBz","lyrHg4RBzN6UafuymMFT","j5H2Ra9IgckkioC7vNSj","wnLgyB05a8GIdCTdb6rd","pillarPages/nursing-test-bank/subPages/z0xzINtS3EohZNaKosBz/nestedSubPages/lyrHg4RBzN6UafuymMFT/topics/j5H2Ra9IgckkioC7vNSj/quizzes/wnLgyB05a8GIdCTdb6rd","true","quiz","quiz","ati-pn-anatomy-and-physiology-proctored-exam-practice-questions-set-6","ati-pn-anatomy-and-physiology-proctored-exam-practice-questions-set-6","ATI PN Anatomy and Physiology Proctored Exam Practice Questions - Set 6"
"8WoxpJZAhURQPSMezbgv","quiz","ivy-tech-medical-surgical-nrsg-102-proctored-exam-practice-questions","ivy-tech-medical-surgical-nrsg-102-proctored-exam-practice-questions","Ivy Tech Medical Surgical NRSG 102 Proctored Exam Practice Questions","nursing-test-bank","SuT1noZoNGEjKGR1vTbi","zMFBI0XMiRsJnnXWhL5S","4xNDZPMszSkpgRfEsOck","bUBeItWYTuHExeTbXhLV","pillarPages/nursing-test-bank/subPages/SuT1noZoNGEjKGR1vTbi/nestedSubPages/zMFBI0XMiRsJnnXWhL5S/topics/4xNDZPMszSkpgRfEsOck/quizzes/bUBeItWYTuHExeTbXhLV","true","quiz","quiz","ivy-tech-medical-surgical-nrsg-102-proctored-exam-practice-questions","ivy-tech-medical-surgical-nrsg-102-proctored-exam-practice-questions","Ivy Tech Medical Surgical NRSG 102 Proctored Exam Practice Questions"
"8e1Yzict0L1WkDIqgHJe","quiz","ivytech-fundamental-proctored-exam-2-practice-questions","ivytech-fundamental-proctored-exam-2-practice-questions","Ivytech Fundamental Proctored Exam 2 Practice Questions","nursing-test-bank","SuT1noZoNGEjKGR1vTbi","zMFBI0XMiRsJnnXWhL5S","sBc3Ee7TKg33PIbmj4Hb","9dMNLKfdjm5zJ4nEGEG9","pillarPages/nursing-test-bank/subPages/SuT1noZoNGEjKGR1vTbi/nestedSubPages/zMFBI0XMiRsJnnXWhL5S/topics/sBc3Ee7TKg33PIbmj4Hb/quizzes/9dMNLKfdjm5zJ4nEGEG9","true","quiz","quiz","ivytech-fundamental-proctored-exam-2-practice-questions","ivytech-fundamental-proctored-exam-2-practice-questions","Ivytech Fundamental Proctored Exam 2 Practice Questions"
"8erwWtkPTTGGAMiZ7Sua","quiz","ati-pn-proctored-exam-practice-questions","ati-pn-proctored-exam-practice-questions","ATI PN Proctored Exam Practice Questions","nursing-test-bank","z0xzINtS3EohZNaKosBz","lyrHg4RBzN6UafuymMFT","AIrzHbC5yDHk6TUjdEeM","dmrqMJw1k586QRAb8cJh","pillarPages/nursing-test-bank/subPages/z0xzINtS3EohZNaKosBz/nestedSubPages/lyrHg4RBzN6UafuymMFT/topics/AIrzHbC5yDHk6TUjdEeM/quizzes/dmrqMJw1k586QRAb8cJh","true","quiz","quiz","ati-pn-proctored-exam-practice-questions","ati-pn-proctored-exam-practice-questions","ATI PN Proctored Exam Practice Questions"
"8hNSa0iP0TaGzphRNO2L","quiz","mental-health-northern-kentucky-university-proctored-exam-6-practice-questions","mental-health-northern-kentucky-university-proctored-exam-6-practice-questions","Mental Health Northern Kentucky University Proctored Exam 6 Practice Questions","nursing-test-bank","SuT1noZoNGEjKGR1vTbi","zMFBI0XMiRsJnnXWhL5S","dwj41dVBiWR9v4FRpKhC","ZNSB5dnD5paUoNApNFuN","pillarPages/nursing-test-bank/subPages/SuT1noZoNGEjKGR1vTbi/nestedSubPages/zMFBI0XMiRsJnnXWhL5S/topics/dwj41dVBiWR9v4FRpKhC/quizzes/ZNSB5dnD5paUoNApNFuN","true","quiz","quiz","mental-health-northern-kentucky-university-proctored-exam-6-practice-questions","mental-health-northern-kentucky-university-proctored-exam-6-practice-questions","Mental Health Northern Kentucky University Proctored Exam 6 Practice Questions"
"8hr1QqXFVim58kV9td5C","quiz","nur-422-exam-3-worcester-fall-2025-mental-health-proctored-exam-massachusetts-mcphs-practice-questions","nur-422-exam-3-worcester-fall-2025-mental-health-proctored-exam-massachusetts-mcphs-practice-questions","NUR 422 Exam#3 Worcester Fall 2025 Mental Health Proctored Exam - (Massachusetts Mcphs) Practice Questions","nursing-test-bank","SuT1noZoNGEjKGR1vTbi","zMFBI0XMiRsJnnXWhL5S","dwj41dVBiWR9v4FRpKhC","3mBbjovJzDl6QzHn3yIx","pillarPages/nursing-test-bank/subPages/SuT1noZoNGEjKGR1vTbi/nestedSubPages/zMFBI0XMiRsJnnXWhL5S/topics/dwj41dVBiWR9v4FRpKhC/quizzes/3mBbjovJzDl6QzHn3yIx","true","quiz","quiz","nur-422-exam-3-worcester-fall-2025-mental-health-proctored-exam-massachusetts-mcphs-practice-questions","nur-422-exam-3-worcester-fall-2025-mental-health-proctored-exam-massachusetts-mcphs-practice-questions","NUR 422 Exam#3 Worcester Fall 2025 Mental Health Proctored Exam - (Massachusetts Mcphs) Practice Questions"
"8kDUTXxvqdubdqAjNTYs","quiz","rn-maternal-newborn-2023-proctored-exam-practice-questions","rn-maternal-newborn-2023-proctored-exam-practice-questions","RN Maternal Newborn 2023 Proctored Exam Practice Questions","nursing-test-bank","SuT1noZoNGEjKGR1vTbi","zMFBI0XMiRsJnnXWhL5S","stnDIFRoA0VwLaoxbGv1","NCqTrM2MmGHFbaJ0NM2N","pillarPages/nursing-test-bank/subPages/SuT1noZoNGEjKGR1vTbi/nestedSubPages/zMFBI0XMiRsJnnXWhL5S/topics/stnDIFRoA0VwLaoxbGv1/quizzes/NCqTrM2MmGHFbaJ0NM2N","true","quiz","quiz","rn-maternal-newborn-2023-proctored-exam-practice-questions","rn-maternal-newborn-2023-proctored-exam-practice-questions","RN Maternal Newborn 2023 Proctored Exam Practice Questions"
"8mGgWf8uJWyk0vEt0aoP","quiz","hesi-rn-care-hope-mental-health-proctored-exam-practice-questions","hesi-rn-care-hope-mental-health-proctored-exam-practice-questions","HESI RN Care Hope Mental Health Proctored Exam Practice Questions","nursing-test-bank","SuT1noZoNGEjKGR1vTbi","iT55qp9NAFOvZLBAiQzC","nWHmcLCOYFPkjaWIHcVu","Kq2XIDwVJGMlgQ5nleMy","pillarPages/nursing-test-bank/subPages/SuT1noZoNGEjKGR1vTbi/nestedSubPages/iT55qp9NAFOvZLBAiQzC/topics/nWHmcLCOYFPkjaWIHcVu/quizzes/Kq2XIDwVJGMlgQ5nleMy","true","quiz","quiz","hesi-rn-care-hope-mental-health-proctored-exam-practice-questions","hesi-rn-care-hope-mental-health-proctored-exam-practice-questions","HESI RN Care Hope Mental Health Proctored Exam Practice Questions"
"8nnfFhLMbcxk6Uf9e8Uu","quiz","samuel-merrit-university-pediatric-proctored-exam-2-practice-questions","samuel-merrit-university-pediatric-proctored-exam-2-practice-questions","Samuel Merrit University Pediatric Proctored Exam 2 Practice Questions","nursing-test-bank","SuT1noZoNGEjKGR1vTbi","zMFBI0XMiRsJnnXWhL5S","Hwspg6smTqrELsoRSNmc","XOGg3fjv6MKSGg4njCLT","pillarPages/nursing-test-bank/subPages/SuT1noZoNGEjKGR1vTbi/nestedSubPages/zMFBI0XMiRsJnnXWhL5S/topics/Hwspg6smTqrELsoRSNmc/quizzes/XOGg3fjv6MKSGg4njCLT","true","quiz","quiz","samuel-merrit-university-pediatric-proctored-exam-2-practice-questions","samuel-merrit-university-pediatric-proctored-exam-2-practice-questions","Samuel Merrit University Pediatric Proctored Exam 2 Practice Questions"
"8rJdNhI9bZCdiZsm6vaa","quiz","ati-pn-med-surg-geriatrics-proctored-exam-practice-questions","ati-pn-med-surg-geriatrics-proctored-exam-practice-questions","ATI PN Med Surg(Geriatrics) Proctored Exam Practice Questions","nursing-test-bank","z0xzINtS3EohZNaKosBz","lyrHg4RBzN6UafuymMFT","dmp305oqVwM00NwUtbbj","w7QNZdj07Z6Ru3GoXaz0","pillarPages/nursing-test-bank/subPages/z0xzINtS3EohZNaKosBz/nestedSubPages/lyrHg4RBzN6UafuymMFT/topics/dmp305oqVwM00NwUtbbj/quizzes/w7QNZdj07Z6Ru3GoXaz0","true","quiz","quiz","ati-pn-med-surg-geriatrics-proctored-exam-practice-questions","ati-pn-med-surg-geriatrics-proctored-exam-practice-questions","ATI PN Med Surg(Geriatrics) Proctored Exam Practice Questions"
"8u87BSofa8vdFt3dkZbO","quiz","hesi-lpn-capstone-proctored-exam-practice-questions","hesi-lpn-capstone-proctored-exam-practice-questions","HESI LPN Capstone Proctored Exam Practice Questions","nursing-test-bank","z0xzINtS3EohZNaKosBz","ToLSmb6DG83NTZWXEJxt","XsTO5lZeaMwktqDEY8yE","rFACBqHWRv2c6Axg0FbC","pillarPages/nursing-test-bank/subPages/z0xzINtS3EohZNaKosBz/nestedSubPages/ToLSmb6DG83NTZWXEJxt/topics/XsTO5lZeaMwktqDEY8yE/quizzes/rFACBqHWRv2c6Axg0FbC","true","quiz","quiz","hesi-lpn-capstone-proctored-exam-practice-questions","hesi-lpn-capstone-proctored-exam-practice-questions","HESI LPN Capstone Proctored Exam Practice Questions"
"8v7bnk8J3APyi6SrjtVO","quiz","pathopharmacology-proctored-exam-examplify-exam-practice-questions","pathopharmacology-proctored-exam-examplify-exam-practice-questions","Pathopharmacology Proctored Exam (Examplify Exam) Practice Questions","nursing-test-bank","SuT1noZoNGEjKGR1vTbi","zMFBI0XMiRsJnnXWhL5S","qjQzp4HMFByeL1UEKGDd","jfSKIXCSjsoiKlaxcYAY","pillarPages/nursing-test-bank/subPages/SuT1noZoNGEjKGR1vTbi/nestedSubPages/zMFBI0XMiRsJnnXWhL5S/topics/qjQzp4HMFByeL1UEKGDd/quizzes/jfSKIXCSjsoiKlaxcYAY","true","quiz","quiz","pathopharmacology-proctored-exam-examplify-exam-practice-questions","pathopharmacology-proctored-exam-examplify-exam-practice-questions","Pathopharmacology Proctored Exam (Examplify Exam) Practice Questions"
"8vIz8JHXlLTxBEGrhguB","quiz","nursing-fundamentals-proctored-exam-carolinas-college-practice-questions","nursing-fundamentals-proctored-exam-carolinas-college-practice-questions","Nursing Fundamentals Proctored Exam (Carolinas College) Practice Questions","nursing-test-bank","SuT1noZoNGEjKGR1vTbi","zMFBI0XMiRsJnnXWhL5S","sBc3Ee7TKg33PIbmj4Hb","i2pXNEjsSTb1CGN2PR7g","pillarPages/nursing-test-bank/subPages/SuT1noZoNGEjKGR1vTbi/nestedSubPages/zMFBI0XMiRsJnnXWhL5S/topics/sBc3Ee7TKg33PIbmj4Hb/quizzes/i2pXNEjsSTb1CGN2PR7g","true","quiz","quiz","nursing-fundamentals-proctored-exam-carolinas-college-practice-questions","nursing-fundamentals-proctored-exam-carolinas-college-practice-questions","Nursing Fundamentals Proctored Exam (Carolinas College) Practice Questions"
"8vwQraODEt24Vj2YNP9x","quiz","ati-pn-fundamentals-2020-ngn-proctored-exam-1-practice-questions-set-48","ati-pn-fundamentals-2020-ngn-proctored-exam-1-practice-questions-set-48","ATI PN Fundamentals 2020 NGN Proctored Exam 1 Practice Questions - Set 48","nursing-test-bank","z0xzINtS3EohZNaKosBz","lyrHg4RBzN6UafuymMFT","1Lb0PkKiTEM2wQOIMDtv","YlGl3WgyzCp7iLZSXQC3","pillarPages/nursing-test-bank/subPages/z0xzINtS3EohZNaKosBz/nestedSubPages/lyrHg4RBzN6UafuymMFT/topics/1Lb0PkKiTEM2wQOIMDtv/quizzes/YlGl3WgyzCp7iLZSXQC3","true","quiz","quiz","ati-pn-fundamentals-2020-ngn-proctored-exam-1-practice-questions-set-48","ati-pn-fundamentals-2020-ngn-proctored-exam-1-practice-questions-set-48","ATI PN Fundamentals 2020 NGN Proctored Exam 1 Practice Questions - Set 48"
"92HvcAWYTse8tF4L27aa","quiz","nur-404-maternal-newborn-proctored-exam-examsoft-exam-practice-questions","nur-404-maternal-newborn-proctored-exam-examsoft-exam-practice-questions","NUR 404 Maternal Newborn Proctored Exam (Examsoft Exam) Practice Questions","nursing-test-bank","SuT1noZoNGEjKGR1vTbi","zMFBI0XMiRsJnnXWhL5S","stnDIFRoA0VwLaoxbGv1","WiwIS1KnP4IJ4IEVpgzq","pillarPages/nursing-test-bank/subPages/SuT1noZoNGEjKGR1vTbi/nestedSubPages/zMFBI0XMiRsJnnXWhL5S/topics/stnDIFRoA0VwLaoxbGv1/quizzes/WiwIS1KnP4IJ4IEVpgzq","true","quiz","quiz","nur-404-maternal-newborn-proctored-exam-examsoft-exam-practice-questions","nur-404-maternal-newborn-proctored-exam-examsoft-exam-practice-questions","NUR 404 Maternal Newborn Proctored Exam (Examsoft Exam) Practice Questions"
"92q42imtlEKUICwPRkIf","quiz","med-surg-proctored-exam-examplify-practice-questions-set-12","med-surg-proctored-exam-examplify-practice-questions-set-12","Med Surg Proctored Exam (Examplify) Practice Questions - Set 12","nursing-test-bank","SuT1noZoNGEjKGR1vTbi","zMFBI0XMiRsJnnXWhL5S","4xNDZPMszSkpgRfEsOck","nOMgvEhh0gzm3HEADaL9","pillarPages/nursing-test-bank/subPages/SuT1noZoNGEjKGR1vTbi/nestedSubPages/zMFBI0XMiRsJnnXWhL5S/topics/4xNDZPMszSkpgRfEsOck/quizzes/nOMgvEhh0gzm3HEADaL9","true","quiz","quiz","med-surg-proctored-exam-examplify-practice-questions-set-12","med-surg-proctored-exam-examplify-practice-questions-set-12","Med Surg Proctored Exam (Examplify) Practice Questions - Set 12"
"9L0cGrnxeiJhWfEDo570","quiz","ati-pn-boceastern-suffolk-boces-adult-education-center-geriatric-proctored-exam-pn111-practice-questions","ati-pn-boceastern-suffolk-boces-adult-education-center-geriatric-proctored-exam-pn111-practice-questions","ATI PN Boceastern Suffolk Boces Adult Education Center Geriatric Proctored Exam Pn111 Practice Questions","nursing-test-bank","z0xzINtS3EohZNaKosBz","lyrHg4RBzN6UafuymMFT","dmp305oqVwM00NwUtbbj","JVKNgWPoVOe4D7euMzz1","pillarPages/nursing-test-bank/subPages/z0xzINtS3EohZNaKosBz/nestedSubPages/lyrHg4RBzN6UafuymMFT/topics/dmp305oqVwM00NwUtbbj/quizzes/JVKNgWPoVOe4D7euMzz1","true","quiz","quiz","ati-pn-boceastern-suffolk-boces-adult-education-center-geriatric-proctored-exam-pn111-practice-questions","ati-pn-boceastern-suffolk-boces-adult-education-center-geriatric-proctored-exam-pn111-practice-questions","ATI PN Boceastern Suffolk Boces Adult Education Center Geriatric Proctored Exam Pn111 Practice Questions"
"9QStij0n3n8WuBHzegeF","quiz","hesi-rn-med-surg-3-proctored-exam-practice-questions","hesi-rn-med-surg-3-proctored-exam-practice-questions","HESI RN Med-Surg 3 Proctored Exam Practice Questions","nursing-test-bank","SuT1noZoNGEjKGR1vTbi","iT55qp9NAFOvZLBAiQzC","aS23yuUD7OS39aVVutYn","izTMfmhoYZaRo4TSvWpf","pillarPages/nursing-test-bank/subPages/SuT1noZoNGEjKGR1vTbi/nestedSubPages/iT55qp9NAFOvZLBAiQzC/topics/aS23yuUD7OS39aVVutYn/quizzes/izTMfmhoYZaRo4TSvWpf","true","quiz","quiz","hesi-rn-med-surg-3-proctored-exam-practice-questions","hesi-rn-med-surg-3-proctored-exam-practice-questions","HESI RN Med-Surg 3 Proctored Exam Practice Questions"
"9XTqvV6eBgBQYjtPfSiq","quiz","samuel-merrit-university-hesi-rn-med-surg-proctored-exam-practice-questions","samuel-merrit-university-hesi-rn-med-surg-proctored-exam-practice-questions","Samuel Merrit University, HESI RN Med Surg Proctored Exam Practice Questions","nursing-test-bank","SuT1noZoNGEjKGR1vTbi","iT55qp9NAFOvZLBAiQzC","aS23yuUD7OS39aVVutYn","Y1TMyYWNr4trzAuIbWtu","pillarPages/nursing-test-bank/subPages/SuT1noZoNGEjKGR1vTbi/nestedSubPages/iT55qp9NAFOvZLBAiQzC/topics/aS23yuUD7OS39aVVutYn/quizzes/Y1TMyYWNr4trzAuIbWtu","true","quiz","quiz","samuel-merrit-university-hesi-rn-med-surg-proctored-exam-practice-questions","samuel-merrit-university-hesi-rn-med-surg-proctored-exam-practice-questions","Samuel Merrit University, HESI RN Med Surg Proctored Exam Practice Questions"
"9cMaLrgCXNAlqQutYiCH","topic","hesi-rn-capstone-practice-questions","hesi-rn-capstone-practice-questions","Capstone","nursing-test-bank","SuT1noZoNGEjKGR1vTbi","iT55qp9NAFOvZLBAiQzC","lvqRire0T0tV9yFAb26O","","pillarPages/nursing-test-bank/subPages/SuT1noZoNGEjKGR1vTbi/nestedSubPages/iT55qp9NAFOvZLBAiQzC/topics/lvqRire0T0tV9yFAb26O","true","topic","topic","hesi-rn-capstone-practice-questions","hesi-rn-capstone-practice-questions","Capstone"
"9jyEKiAKJOHgu0VrYyYF","topic","ati-pn-maternal-newborn-practice-questions","ati-pn-maternal-newborn-practice-questions","ATI PN Maternal Newborn Practice Questions","nursing-test-bank","z0xzINtS3EohZNaKosBz","lyrHg4RBzN6UafuymMFT","ZwY2vYN2X4tXEKOv2x6h","","pillarPages/nursing-test-bank/subPages/z0xzINtS3EohZNaKosBz/nestedSubPages/lyrHg4RBzN6UafuymMFT/topics/ZwY2vYN2X4tXEKOv2x6h","true","topic","topic","ati-pn-maternal-newborn-practice-questions","ati-pn-maternal-newborn-practice-questions","Maternal Newborn"
"9l8GtaIsG3Alp5EsaXn2","quiz","rn-fundamental-2019-proctored-exam-2-practice-questions","rn-fundamental-2019-proctored-exam-2-practice-questions","RN Fundamental 2019 Proctored Exam 2 Practice Questions","nursing-test-bank","SuT1noZoNGEjKGR1vTbi","zMFBI0XMiRsJnnXWhL5S","sBc3Ee7TKg33PIbmj4Hb","HBKEsLgax8Ba9LDGM18g","pillarPages/nursing-test-bank/subPages/SuT1noZoNGEjKGR1vTbi/nestedSubPages/zMFBI0XMiRsJnnXWhL5S/topics/sBc3Ee7TKg33PIbmj4Hb/quizzes/HBKEsLgax8Ba9LDGM18g","true","quiz","quiz","rn-fundamental-2019-proctored-exam-2-practice-questions","rn-fundamental-2019-proctored-exam-2-practice-questions","RN Fundamental 2019 Proctored Exam 2 Practice Questions"
"9obsWr1agPavXs87Tfu3","topic","lpn-nursing-course-health-assessment-practice-questions","lpn-nursing-course-health-assessment-practice-questions","Health Assessment","nursing-test-bank","z0xzINtS3EohZNaKosBz","3K3wv7IGcDcXvSNM9Kxm","ZZkcjv41bafusCBaLafv","","pillarPages/nursing-test-bank/subPages/z0xzINtS3EohZNaKosBz/nestedSubPages/3K3wv7IGcDcXvSNM9Kxm/topics/ZZkcjv41bafusCBaLafv","true","topic","topic","lpn-nursing-course-health-assessment-practice-questions","lpn-nursing-course-health-assessment-practice-questions","Health Assessment"
"9pMsFmtQj3fK1AAeWHeX","quiz","ati-pn-med-surg-proctored-exam-8-practice-questions","ati-pn-med-surg-proctored-exam-8-practice-questions","ATI PN Med Surg Proctored Exam 8 Practice Questions","nursing-test-bank","z0xzINtS3EohZNaKosBz","lyrHg4RBzN6UafuymMFT","NywbGW22YNeZSM3kuwKk","F8Hud0UNaB278iz5RCeM","pillarPages/nursing-test-bank/subPages/z0xzINtS3EohZNaKosBz/nestedSubPages/lyrHg4RBzN6UafuymMFT/topics/NywbGW22YNeZSM3kuwKk/quizzes/F8Hud0UNaB278iz5RCeM","true","quiz","quiz","ati-pn-med-surg-proctored-exam-8-practice-questions","ati-pn-med-surg-proctored-exam-8-practice-questions","ATI PN Med Surg Proctored Exam 8 Practice Questions"
"9tWRxLA5ATPAAOJuMEhR","quiz","ati-lpn-comprehensive-predictor-2023-retake-proctored-exam","ati-lpn-comprehensive-predictor-2023-retake-proctored-exam","ATI LPN Comprehensive Predictor 2023 Retake Proctored Exam","nursing-exit-exam","nkXaaMfkkbvjmrSRwtVq","ShdTxCRHYWbhmGg06Sgw","","PsZ63j7LR3i3XlccIO9q","pillarPages/nursing-exit-exam/subPages/nkXaaMfkkbvjmrSRwtVq/nestedSubPages/ShdTxCRHYWbhmGg06Sgw/quizzes/PsZ63j7LR3i3XlccIO9q","true","quiz","quiz","ati-lpn-comprehensive-predictor-2023-retake-proctored-exam","ati-lpn-comprehensive-predictor-2023-retake-proctored-exam","ATI LPN Comprehensive Predictor 2023 Retake Proctored Exam"
"9vl0P5akG5ki5viC5VcV","quiz","pediatrics-proctored-exam-practice-questions-set-6","pediatrics-proctored-exam-practice-questions-set-6","Pediatrics Proctored Exam Practice Questions - Set 6","nursing-test-bank","SuT1noZoNGEjKGR1vTbi","zMFBI0XMiRsJnnXWhL5S","Hwspg6smTqrELsoRSNmc","wPwMBunD2J1EZQaY0TBA","pillarPages/nursing-test-bank/subPages/SuT1noZoNGEjKGR1vTbi/nestedSubPages/zMFBI0XMiRsJnnXWhL5S/topics/Hwspg6smTqrELsoRSNmc/quizzes/wPwMBunD2J1EZQaY0TBA","true","quiz","quiz","pediatrics-proctored-exam-practice-questions-set-6","pediatrics-proctored-exam-practice-questions-set-6","Pediatrics Proctored Exam Practice Questions - Set 6"
"A2p0Qai9vYnUpleLZ0Mx","quiz","ati-pn-fundamentals-proctored-exam-practice-questions-set-36","ati-pn-fundamentals-proctored-exam-practice-questions-set-36","ATI PN Fundamentals Proctored Exam Practice Questions - Set 36","nursing-test-bank","z0xzINtS3EohZNaKosBz","lyrHg4RBzN6UafuymMFT","1Lb0PkKiTEM2wQOIMDtv","3KaKOwVk7QtaAffXUy7q","pillarPages/nursing-test-bank/subPages/z0xzINtS3EohZNaKosBz/nestedSubPages/lyrHg4RBzN6UafuymMFT/topics/1Lb0PkKiTEM2wQOIMDtv/quizzes/3KaKOwVk7QtaAffXUy7q","true","quiz","quiz","ati-pn-fundamentals-proctored-exam-practice-questions-set-36","ati-pn-fundamentals-proctored-exam-practice-questions-set-36","ATI PN Fundamentals Proctored Exam Practice Questions - Set 36"
"A2zAkoLj2M5khc5CsR0e","quiz","pn-comprehensive-predictor-2023-proctored-exam-form-2","pn-comprehensive-predictor-2023-proctored-exam-form-2","PN Comprehensive Predictor 2023 Proctored Exam Form 2","nursing-exit-exam","nkXaaMfkkbvjmrSRwtVq","ShdTxCRHYWbhmGg06Sgw","","1dBbdop6CG5ZUaAR5Ojk","pillarPages/nursing-exit-exam/subPages/nkXaaMfkkbvjmrSRwtVq/nestedSubPages/ShdTxCRHYWbhmGg06Sgw/quizzes/1dBbdop6CG5ZUaAR5Ojk","true","quiz","quiz","pn-comprehensive-predictor-2023-proctored-exam-form-2","pn-comprehensive-predictor-2023-proctored-exam-form-2","PN Comprehensive Predictor 2023 Proctored Exam Form 2"
"A73IKmBAPhc9z49QDQoL","quiz","hesi-rn-pediatric-and-women-s-health-proctored-exam-practice-questions","hesi-rn-pediatric-and-women-s-health-proctored-exam-practice-questions","HESI RN Pediatric and Women's Health Proctored Exam Practice Questions","nursing-test-bank","SuT1noZoNGEjKGR1vTbi","iT55qp9NAFOvZLBAiQzC","uXtCZ4Y6aeLjwMLtC1sD","cTd8xtEFSTlmJjm2nvRJ","pillarPages/nursing-test-bank/subPages/SuT1noZoNGEjKGR1vTbi/nestedSubPages/iT55qp9NAFOvZLBAiQzC/topics/uXtCZ4Y6aeLjwMLtC1sD/quizzes/cTd8xtEFSTlmJjm2nvRJ","true","quiz","quiz","hesi-rn-pediatric-and-women-s-health-proctored-exam-practice-questions","hesi-rn-pediatric-and-women-s-health-proctored-exam-practice-questions","HESI RN Pediatric and Women's Health Proctored Exam Practice Questions"
"A7XDnnMKY4XXVHduq20l","quiz","rn-comprehensive-predictor-2023-proctored-exam-form-2","rn-comprehensive-predictor-2023-proctored-exam-form-2","RN Comprehensive Predictor 2023 Proctored Exam Form 2","nursing-exit-exam","S4vSoa5bxDgZ1L5kLOJe","QsMAv9L9bzYoFjgdfKgH","","QeWx2CpcfM7Rcr6HSi6o","pillarPages/nursing-exit-exam/subPages/S4vSoa5bxDgZ1L5kLOJe/nestedSubPages/QsMAv9L9bzYoFjgdfKgH/quizzes/QeWx2CpcfM7Rcr6HSi6o","true","quiz","quiz","rn-comprehensive-predictor-2023-proctored-exam-form-2","rn-comprehensive-predictor-2023-proctored-exam-form-2","RN Comprehensive Predictor 2023 Proctored Exam Form 2"
"A8PAsiPYWqGKaTLApAVX","quiz","hesi-rn-management-ngn-proctored-exam-practice-questions","hesi-rn-management-ngn-proctored-exam-practice-questions","HESI RN Management NGN Proctored Exam Practice Questions","nursing-test-bank","SuT1noZoNGEjKGR1vTbi","iT55qp9NAFOvZLBAiQzC","nrL3cZ4iiUEsGvXHsmfO","XNwhzaBqJbqbGZGboYx6","pillarPages/nursing-test-bank/subPages/SuT1noZoNGEjKGR1vTbi/nestedSubPages/iT55qp9NAFOvZLBAiQzC/topics/nrL3cZ4iiUEsGvXHsmfO/quizzes/XNwhzaBqJbqbGZGboYx6","true","quiz","quiz","hesi-rn-management-ngn-proctored-exam-practice-questions","hesi-rn-management-ngn-proctored-exam-practice-questions","HESI RN Management NGN Proctored Exam Practice Questions"
"AE19zUKMSs1o94REK6dL","quiz","teas-science-practice-test-set-3","teas-science-practice-test-set-3","","nursing-entrance-exam","yrdSf0KpOcuybL1SLnw7","uJVUx7wiwgxZ5HPJXNkV","","PZcRFfW9egi6tu4on6wi","pillarPages/nursing-entrance-exam/subPages/yrdSf0KpOcuybL1SLnw7/nestedSubPages/uJVUx7wiwgxZ5HPJXNkV/quizzes/PZcRFfW9egi6tu4on6wi","true","quiz","quiz","teas-science-practice-test-set-3","teas-science-practice-test-set-3","TEAS Science Practice Test Set 3"
"AEycWZtQK08qJzZnH441","quiz","mental-and-behavioural-nursing-proctored-exam-practice-questions","mental-and-behavioural-nursing-proctored-exam-practice-questions","Mental and Behavioural Nursing Proctored Exam Practice Questions","nursing-test-bank","SuT1noZoNGEjKGR1vTbi","zMFBI0XMiRsJnnXWhL5S","dwj41dVBiWR9v4FRpKhC","FE2lBzxcGATkOay2vKnF","pillarPages/nursing-test-bank/subPages/SuT1noZoNGEjKGR1vTbi/nestedSubPages/zMFBI0XMiRsJnnXWhL5S/topics/dwj41dVBiWR9v4FRpKhC/quizzes/FE2lBzxcGATkOay2vKnF","true","quiz","quiz","mental-and-behavioural-nursing-proctored-exam-practice-questions","mental-and-behavioural-nursing-proctored-exam-practice-questions","Mental and Behavioural Nursing Proctored Exam Practice Questions"
"AJd8fJFh5FyIpRzUeXLu","topic","rn-nursing-course-pediatrics-practice-questions","rn-nursing-course-pediatrics-practice-questions","Pediatrics","nursing-test-bank","SuT1noZoNGEjKGR1vTbi","zMFBI0XMiRsJnnXWhL5S","Hwspg6smTqrELsoRSNmc","","pillarPages/nursing-test-bank/subPages/SuT1noZoNGEjKGR1vTbi/nestedSubPages/zMFBI0XMiRsJnnXWhL5S/topics/Hwspg6smTqrELsoRSNmc","true","topic","topic","rn-nursing-course-pediatrics-practice-questions","rn-nursing-course-pediatrics-practice-questions","Pediatrics"
"ARqsyCKgKcHWZa8cXLNd","quiz","rn-leadership-2023-proctored-exam-practice-questions","rn-leadership-2023-proctored-exam-practice-questions","RN Leadership 2023 Proctored Exam Practice Questions","nursing-test-bank","SuT1noZoNGEjKGR1vTbi","zMFBI0XMiRsJnnXWhL5S","sWcrKSZa84sgLyaVr5Sm","YHKnpyuDBs5zPmM89WfG","pillarPages/nursing-test-bank/subPages/SuT1noZoNGEjKGR1vTbi/nestedSubPages/zMFBI0XMiRsJnnXWhL5S/topics/sWcrKSZa84sgLyaVr5Sm/quizzes/YHKnpyuDBs5zPmM89WfG","true","quiz","quiz","rn-leadership-2023-proctored-exam-practice-questions","rn-leadership-2023-proctored-exam-practice-questions","RN Leadership 2023 Proctored Exam Practice Questions"
"ASYAfRGJbWK6BMIri2pe","quiz","ati-pn-med-surg-pharm-competence-proctored-exam-practice-questions","ati-pn-med-surg-pharm-competence-proctored-exam-practice-questions","ATI PN Med Surg Pharm Competence Proctored Exam Practice Questions","nursing-test-bank","z0xzINtS3EohZNaKosBz","lyrHg4RBzN6UafuymMFT","13a3GLxldltUqhIxNzkr","nLOUV5dIAekG9wQ9xDlG","pillarPages/nursing-test-bank/subPages/z0xzINtS3EohZNaKosBz/nestedSubPages/lyrHg4RBzN6UafuymMFT/topics/13a3GLxldltUqhIxNzkr/quizzes/nLOUV5dIAekG9wQ9xDlG","true","quiz","quiz","ati-pn-med-surg-pharm-competence-proctored-exam-practice-questions","ati-pn-med-surg-pharm-competence-proctored-exam-practice-questions","ATI PN Med Surg Pharm Competence Proctored Exam Practice Questions"
"Aa9Mt8Ce9x6kcYz04Y0O","quiz","ati-pn-management-proctored-exam-2023-iii-practice-questions","ati-pn-management-proctored-exam-2023-iii-practice-questions","ATI PN Management Proctored Exam 2023 III Practice Questions","nursing-test-bank","z0xzINtS3EohZNaKosBz","lyrHg4RBzN6UafuymMFT","i0Rf69MPdXLbYTSRdCOW","lbQrMsRrBcM8YKezEfjU","pillarPages/nursing-test-bank/subPages/z0xzINtS3EohZNaKosBz/nestedSubPages/lyrHg4RBzN6UafuymMFT/topics/i0Rf69MPdXLbYTSRdCOW/quizzes/lbQrMsRrBcM8YKezEfjU","true","quiz","quiz","ati-pn-management-proctored-exam-2023-iii-practice-questions","ati-pn-management-proctored-exam-2023-iii-practice-questions","ATI PN Management Proctored Exam 2023 III Practice Questions"
"AccZ2Pfa3dfnziwy5zGp","quiz","ati-pn-level-3-med-surg-proctored-exam-practice-questions","ati-pn-level-3-med-surg-proctored-exam-practice-questions","ATI PN Level 3 Med Surg Proctored Exam Practice Questions","nursing-test-bank","z0xzINtS3EohZNaKosBz","lyrHg4RBzN6UafuymMFT","NywbGW22YNeZSM3kuwKk","G5FmV84i5QyTN65AJMCM","pillarPages/nursing-test-bank/subPages/z0xzINtS3EohZNaKosBz/nestedSubPages/lyrHg4RBzN6UafuymMFT/topics/NywbGW22YNeZSM3kuwKk/quizzes/G5FmV84i5QyTN65AJMCM","true","quiz","quiz","ati-pn-level-3-med-surg-proctored-exam-practice-questions","ati-pn-level-3-med-surg-proctored-exam-practice-questions","ATI PN Level 3 Med Surg Proctored Exam Practice Questions"
"Af2Nby4sPr7NlsNKNMnL","quiz","pathophisiology-proctored-exam-chamberin-university-practice-questions","pathophisiology-proctored-exam-chamberin-university-practice-questions","Pathophisiology Proctored Exam (Chamberin University) Practice Questions","nursing-test-bank","SuT1noZoNGEjKGR1vTbi","zMFBI0XMiRsJnnXWhL5S","KyUeIK7zxUi2K91H84Bj","tXpaLPEEcPPI6ZykMyrZ","pillarPages/nursing-test-bank/subPages/SuT1noZoNGEjKGR1vTbi/nestedSubPages/zMFBI0XMiRsJnnXWhL5S/topics/KyUeIK7zxUi2K91H84Bj/quizzes/tXpaLPEEcPPI6ZykMyrZ","true","quiz","quiz","pathophisiology-proctored-exam-chamberin-university-practice-questions","pathophisiology-proctored-exam-chamberin-university-practice-questions","Pathophisiology Proctored Exam (Chamberin University) Practice Questions"
"AhcQq5Wg5JcVEC61zc5X","quiz","pathophysiology-proctored-exam-practice-questions-set-8","pathophysiology-proctored-exam-practice-questions-set-8","Pathophysiology Proctored Exam Practice Questions - Set 8","nursing-test-bank","SuT1noZoNGEjKGR1vTbi","zMFBI0XMiRsJnnXWhL5S","KyUeIK7zxUi2K91H84Bj","RQz8L07RKwcfFBR6EYIE","pillarPages/nursing-test-bank/subPages/SuT1noZoNGEjKGR1vTbi/nestedSubPages/zMFBI0XMiRsJnnXWhL5S/topics/KyUeIK7zxUi2K91H84Bj/quizzes/RQz8L07RKwcfFBR6EYIE","true","quiz","quiz","pathophysiology-proctored-exam-practice-questions-set-8","pathophysiology-proctored-exam-practice-questions-set-8","Pathophysiology Proctored Exam Practice Questions - Set 8"
"AnAJdGmz8XV9v6e0freO","quiz","teas-english-practice-test-set-7","teas-english-practice-test-set-7","","nursing-entrance-exam","yrdSf0KpOcuybL1SLnw7","ykWIONcheFBJ7ooEl7WK","","OPjejH7bkdIPUK2eHcm9","pillarPages/nursing-entrance-exam/subPages/yrdSf0KpOcuybL1SLnw7/nestedSubPages/ykWIONcheFBJ7ooEl7WK/quizzes/OPjejH7bkdIPUK2eHcm9","true","quiz","quiz","teas-english-practice-test-set-7","teas-english-practice-test-set-7","TEAS English Practice Test Set 7"
"AofPNxQvqgzw1KaAGoGN","quiz","teas-reading-practice-test-set-8","teas-reading-practice-test-set-8","","nursing-entrance-exam","yrdSf0KpOcuybL1SLnw7","2JIZgWhm9jUkoNFmkY7R","","KE4W8od6saoSm7hkp00V","pillarPages/nursing-entrance-exam/subPages/yrdSf0KpOcuybL1SLnw7/nestedSubPages/2JIZgWhm9jUkoNFmkY7R/quizzes/KE4W8od6saoSm7hkp00V","true","quiz","quiz","teas-reading-practice-test-set-8","teas-reading-practice-test-set-8","TEAS Reading Practice Test Set 8"
"AqT4cJdLMlpsm2S3cRwD","quiz","ati-pn-mental-health-eastern-suffolk-college-2-pn2-2023-proctored-exam-practice-questions","ati-pn-mental-health-eastern-suffolk-college-2-pn2-2023-proctored-exam-practice-questions","ATI PN Mental Health Eastern Suffolk College 2 Pn2 2023 Proctored Exam Practice Questions","nursing-test-bank","z0xzINtS3EohZNaKosBz","lyrHg4RBzN6UafuymMFT","6i5h4wWlOfz4R8huNTkC","3ToqhBNk6pkxlJ24XZp2","pillarPages/nursing-test-bank/subPages/z0xzINtS3EohZNaKosBz/nestedSubPages/lyrHg4RBzN6UafuymMFT/topics/6i5h4wWlOfz4R8huNTkC/quizzes/3ToqhBNk6pkxlJ24XZp2","true","quiz","quiz","ati-pn-mental-health-eastern-suffolk-college-2-pn2-2023-proctored-exam-practice-questions","ati-pn-mental-health-eastern-suffolk-college-2-pn2-2023-proctored-exam-practice-questions","ATI PN Mental Health Eastern Suffolk College 2 Pn2 2023 Proctored Exam Practice Questions"
"AuwjIV7tFB1wHMhJLOsN","quiz","ati-rn-comprehensive-2023-with-ngn-proctored-exam","ati-rn-comprehensive-2023-with-ngn-proctored-exam","ATI RN Comprehensive 2023 With NGN Proctored Exam","nursing-exit-exam","S4vSoa5bxDgZ1L5kLOJe","QsMAv9L9bzYoFjgdfKgH","","t6tQe9ZGrjJtYXfuUvzC","pillarPages/nursing-exit-exam/subPages/S4vSoa5bxDgZ1L5kLOJe/nestedSubPages/QsMAv9L9bzYoFjgdfKgH/quizzes/t6tQe9ZGrjJtYXfuUvzC","true","quiz","quiz","ati-rn-comprehensive-2023-with-ngn-proctored-exam","ati-rn-comprehensive-2023-with-ngn-proctored-exam","ATI RN Comprehensive 2023 With NGN Proctored Exam"
"Aw1dE6tAQWrs3pAfA7bW","topic","ati-leadership-proctored-exam-practice-questions","ati-leadership-proctored-exam-practice-questions","","nursing-test-bank","SuT1noZoNGEjKGR1vTbi","Fnnd4c6ae0Uiurk2KUSc","JYr6vwAqhmqOedJ05prB","","pillarPages/nursing-test-bank/subPages/SuT1noZoNGEjKGR1vTbi/nestedSubPages/Fnnd4c6ae0Uiurk2KUSc/topics/JYr6vwAqhmqOedJ05prB","true","topic","topic","ati-leadership-proctored-exam-practice-questions","ati-leadership-proctored-exam-practice-questions","Leadership and Management"
"AwDf4xnJ7NSivq88Fi32","quiz","ati-pn-mental-health-proctored-exam-practice-questions-set-6","ati-pn-mental-health-proctored-exam-practice-questions-set-6","ATI PN Mental Health Proctored Exam Practice Questions - Set 6","nursing-test-bank","z0xzINtS3EohZNaKosBz","lyrHg4RBzN6UafuymMFT","6i5h4wWlOfz4R8huNTkC","D7Gmvl2j5bTkFaVU4erQ","pillarPages/nursing-test-bank/subPages/z0xzINtS3EohZNaKosBz/nestedSubPages/lyrHg4RBzN6UafuymMFT/topics/6i5h4wWlOfz4R8huNTkC/quizzes/D7Gmvl2j5bTkFaVU4erQ","true","quiz","quiz","ati-pn-mental-health-proctored-exam-practice-questions-set-6","ati-pn-mental-health-proctored-exam-practice-questions-set-6","ATI PN Mental Health Proctored Exam Practice Questions - Set 6"
"AxNqIQ8tXFLlpZ6bQDAV","quiz","teas-reading-practice-test-set-10","teas-reading-practice-test-set-10","","nursing-entrance-exam","yrdSf0KpOcuybL1SLnw7","2JIZgWhm9jUkoNFmkY7R","","1Q1BfIfJvBSGTfEswUs6","pillarPages/nursing-entrance-exam/subPages/yrdSf0KpOcuybL1SLnw7/nestedSubPages/2JIZgWhm9jUkoNFmkY7R/quizzes/1Q1BfIfJvBSGTfEswUs6","true","quiz","quiz","teas-reading-practice-test-set-10","teas-reading-practice-test-set-10","TEAS Reading Practice Test Set 10"
"B0PCMvGHCmpfsDU2bGI9","quiz","anatomy-and-physiology-proctored-exam-practice-questions-set-13","anatomy-and-physiology-proctored-exam-practice-questions-set-13","Anatomy and Physiology Proctored Exam Practice Questions - Set 13","nursing-test-bank","SuT1noZoNGEjKGR1vTbi","zMFBI0XMiRsJnnXWhL5S","PavJlfHXwXRUhopKAOO9","KwnwfkaWsIjiJvvIGfci","pillarPages/nursing-test-bank/subPages/SuT1noZoNGEjKGR1vTbi/nestedSubPages/zMFBI0XMiRsJnnXWhL5S/topics/PavJlfHXwXRUhopKAOO9/quizzes/KwnwfkaWsIjiJvvIGfci","true","quiz","quiz","anatomy-and-physiology-proctored-exam-practice-questions-set-13","anatomy-and-physiology-proctored-exam-practice-questions-set-13","Anatomy and Physiology Proctored Exam Practice Questions - Set 13"
"B5w4gdrCjNAjBHq2aX6m","quiz","ati-pn-pharmacology-quiz-proctored-exam-practice-questions-set-15","ati-pn-pharmacology-quiz-proctored-exam-practice-questions-set-15","ATI PN Pharmacology Quiz Proctored Exam Practice Questions - Set 15","nursing-test-bank","z0xzINtS3EohZNaKosBz","lyrHg4RBzN6UafuymMFT","13a3GLxldltUqhIxNzkr","z6xisZWREuOGsceZ8fjN","pillarPages/nursing-test-bank/subPages/z0xzINtS3EohZNaKosBz/nestedSubPages/lyrHg4RBzN6UafuymMFT/topics/13a3GLxldltUqhIxNzkr/quizzes/z6xisZWREuOGsceZ8fjN","true","quiz","quiz","ati-pn-pharmacology-quiz-proctored-exam-practice-questions-set-15","ati-pn-pharmacology-quiz-proctored-exam-practice-questions-set-15","ATI PN Pharmacology Quiz Proctored Exam Practice Questions - Set 15"
"B6EcQqrLkkaSh0EF4vgd","quiz","hesi-rn-ob-maternity-proctored-exam-practice-questions","hesi-rn-ob-maternity-proctored-exam-practice-questions","HESI RN OB Maternity Proctored Exam Practice Questions","nursing-test-bank","SuT1noZoNGEjKGR1vTbi","iT55qp9NAFOvZLBAiQzC","uXtCZ4Y6aeLjwMLtC1sD","hvoSALWcTHUf7nr41g8g","pillarPages/nursing-test-bank/subPages/SuT1noZoNGEjKGR1vTbi/nestedSubPages/iT55qp9NAFOvZLBAiQzC/topics/uXtCZ4Y6aeLjwMLtC1sD/quizzes/hvoSALWcTHUf7nr41g8g","true","quiz","quiz","hesi-rn-ob-maternity-proctored-exam-practice-questions","hesi-rn-ob-maternity-proctored-exam-practice-questions","HESI RN OB Maternity Proctored Exam Practice Questions"
"BAk8zqynO6rS7FpDnzoG","quiz","hesi-rn-d446-adult-care-0a1-med-surg-proctored-exam-wgu-practice-questions","hesi-rn-d446-adult-care-0a1-med-surg-proctored-exam-wgu-practice-questions","HESI RN D446 Adult Care 0A1 Med Surg Proctored Exam (WGU) Practice Questions","nursing-test-bank","SuT1noZoNGEjKGR1vTbi","iT55qp9NAFOvZLBAiQzC","aS23yuUD7OS39aVVutYn","Q5FCjnksF9yfL4lifO5Y","pillarPages/nursing-test-bank/subPages/SuT1noZoNGEjKGR1vTbi/nestedSubPages/iT55qp9NAFOvZLBAiQzC/topics/aS23yuUD7OS39aVVutYn/quizzes/Q5FCjnksF9yfL4lifO5Y","true","quiz","quiz","hesi-rn-d446-adult-care-0a1-med-surg-proctored-exam-wgu-practice-questions","hesi-rn-d446-adult-care-0a1-med-surg-proctored-exam-wgu-practice-questions","HESI RN D446 Adult Care 0A1 Med Surg Proctored Exam (WGU) Practice Questions"
"BDIDPrFF8lz71ch5XnAM","quiz","ati-pn-nurs-113-med-surg-perfusion-proctored-exam-practice-questions","ati-pn-nurs-113-med-surg-perfusion-proctored-exam-practice-questions","ATI PN NURS 113 Med Surg Perfusion Proctored Exam Practice Questions","nursing-test-bank","z0xzINtS3EohZNaKosBz","lyrHg4RBzN6UafuymMFT","NywbGW22YNeZSM3kuwKk","SqHmbJvCdd1YE2cnpRVd","pillarPages/nursing-test-bank/subPages/z0xzINtS3EohZNaKosBz/nestedSubPages/lyrHg4RBzN6UafuymMFT/topics/NywbGW22YNeZSM3kuwKk/quizzes/SqHmbJvCdd1YE2cnpRVd","true","quiz","quiz","ati-pn-nurs-113-med-surg-perfusion-proctored-exam-practice-questions","ati-pn-nurs-113-med-surg-perfusion-proctored-exam-practice-questions","ATI PN NURS 113 Med Surg Perfusion Proctored Exam Practice Questions"
"BO9bfc29urzCF0pspcXN","sub","ati-teas-practice-test","ati-teas-practice-test","","nursing-entrance-exam","yrdSf0KpOcuybL1SLnw7","","","","pillarPages/nursing-entrance-exam/subPages/yrdSf0KpOcuybL1SLnw7","true","subPage","sub","ati-teas-practice-test","ati-teas-practice-test","ATI TEAS 7"
"BTU2JgJvnnRHOFOQfg09","quiz","ati-pn-mental-health-proctored-exam-practice-questions-set-21","ati-pn-mental-health-proctored-exam-practice-questions-set-21","ATI PN Mental Health Proctored Exam Practice Questions - Set 21","nursing-test-bank","z0xzINtS3EohZNaKosBz","lyrHg4RBzN6UafuymMFT","6i5h4wWlOfz4R8huNTkC","Q2fS8PmQ5wik85qwHuxw","pillarPages/nursing-test-bank/subPages/z0xzINtS3EohZNaKosBz/nestedSubPages/lyrHg4RBzN6UafuymMFT/topics/6i5h4wWlOfz4R8huNTkC/quizzes/Q2fS8PmQ5wik85qwHuxw","true","quiz","quiz","ati-pn-mental-health-proctored-exam-practice-questions-set-21","ati-pn-mental-health-proctored-exam-practice-questions-set-21","ATI PN Mental Health Proctored Exam Practice Questions - Set 21"
"BYasgsCWsOvBGhDuPt5H","quiz","ati-pn-fundamentals-of-nursing-2020-with-ngn-proctored-exam-2-practice-questions","ati-pn-fundamentals-of-nursing-2020-with-ngn-proctored-exam-2-practice-questions","ATI PN Fundamentals of Nursing 2020 with NGN Proctored Exam 2 Practice Questions","nursing-test-bank","z0xzINtS3EohZNaKosBz","lyrHg4RBzN6UafuymMFT","1Lb0PkKiTEM2wQOIMDtv","G8kKvSJ7k0sM5KLN6ahp","pillarPages/nursing-test-bank/subPages/z0xzINtS3EohZNaKosBz/nestedSubPages/lyrHg4RBzN6UafuymMFT/topics/1Lb0PkKiTEM2wQOIMDtv/quizzes/G8kKvSJ7k0sM5KLN6ahp","true","quiz","quiz","ati-pn-fundamentals-of-nursing-2020-with-ngn-proctored-exam-2-practice-questions","ati-pn-fundamentals-of-nursing-2020-with-ngn-proctored-exam-2-practice-questions","ATI PN Fundamentals of Nursing 2020 with NGN Proctored Exam 2 Practice Questions"
"BZUqQ8usgYdTW22dbU4b","quiz","ati-pn-medical-math-proctored-test-practice-questions","ati-pn-medical-math-proctored-test-practice-questions","ATI PN Medical Math Proctored Test Practice Questions","nursing-test-bank","z0xzINtS3EohZNaKosBz","lyrHg4RBzN6UafuymMFT","NHgx9LFXpsLVcFjsOujF","5msBsGYJ21lwLU2hwl4h","pillarPages/nursing-test-bank/subPages/z0xzINtS3EohZNaKosBz/nestedSubPages/lyrHg4RBzN6UafuymMFT/topics/NHgx9LFXpsLVcFjsOujF/quizzes/5msBsGYJ21lwLU2hwl4h","true","quiz","quiz","ati-pn-medical-math-proctored-test-practice-questions","ati-pn-medical-math-proctored-test-practice-questions","ATI PN Medical Math Proctored Test Practice Questions"
"BaGqrFNjszuJdqHVqbHW","quiz","hesi-a2-vocabulary-practice-test-set-1","hesi-a2-vocabulary-practice-test-set-1","","nursing-entrance-exam","rdYGUZ9DzFvAmo6EsrVe","i7Rzaozenx3Czccmf5HD","","hesi-a2-vocabulary-practice-test-set-1","pillarPages/nursing-entrance-exam/subPages/rdYGUZ9DzFvAmo6EsrVe/nestedSubPages/i7Rzaozenx3Czccmf5HD/quizzes/hesi-a2-vocabulary-practice-test-set-1","true","quiz","entrance_quiz_subject","hesi-a2-vocabulary-practice-test-set-1","hesi-a2-vocabulary-practice-test-set-1","HESI A2 Vocabulary Practice Test Set 1"
"Bb5EDMN6YJmMySFIzMZu","quiz","teas-reading-practice-test-set-16","teas-reading-practice-test-set-16","","nursing-entrance-exam","yrdSf0KpOcuybL1SLnw7","2JIZgWhm9jUkoNFmkY7R","","qdPBG0cUyM12WznCL1yH","pillarPages/nursing-entrance-exam/subPages/yrdSf0KpOcuybL1SLnw7/nestedSubPages/2JIZgWhm9jUkoNFmkY7R/quizzes/qdPBG0cUyM12WznCL1yH","true","quiz","quiz","teas-reading-practice-test-set-16","teas-reading-practice-test-set-16","TEAS Reading Practice Test Set 16"
"BhAIr9d40oKecVY7cor6","quiz","ati-pn-maternity-proctored-exam-practice-questions-set-26","ati-pn-maternity-proctored-exam-practice-questions-set-26","ATI PN Maternity Proctored Exam Practice Questions - Set 26","nursing-test-bank","z0xzINtS3EohZNaKosBz","lyrHg4RBzN6UafuymMFT","ZwY2vYN2X4tXEKOv2x6h","sZQUx4PsdcmMMvzytexc","pillarPages/nursing-test-bank/subPages/z0xzINtS3EohZNaKosBz/nestedSubPages/lyrHg4RBzN6UafuymMFT/topics/ZwY2vYN2X4tXEKOv2x6h/quizzes/sZQUx4PsdcmMMvzytexc","true","quiz","quiz","ati-pn-maternity-proctored-exam-practice-questions-set-26","ati-pn-maternity-proctored-exam-practice-questions-set-26","ATI PN Maternity Proctored Exam Practice Questions - Set 26"
"BkinJA1lkfSFpiSnTDOt","quiz","physiology-and-pharmacology-n215-proctored-exam-iv-mcqs-practice-questions","physiology-and-pharmacology-n215-proctored-exam-iv-mcqs-practice-questions","Physiology and Pharmacology N215 Proctored Exam IV Mcqs Practice Questions","nursing-test-bank","SuT1noZoNGEjKGR1vTbi","zMFBI0XMiRsJnnXWhL5S","qjQzp4HMFByeL1UEKGDd","CbCByxWIF8wqaFgKpKyt","pillarPages/nursing-test-bank/subPages/SuT1noZoNGEjKGR1vTbi/nestedSubPages/zMFBI0XMiRsJnnXWhL5S/topics/qjQzp4HMFByeL1UEKGDd/quizzes/CbCByxWIF8wqaFgKpKyt","true","quiz","quiz","physiology-and-pharmacology-n215-proctored-exam-iv-mcqs-practice-questions","physiology-and-pharmacology-n215-proctored-exam-iv-mcqs-practice-questions","Physiology and Pharmacology N215 Proctored Exam IV Mcqs Practice Questions"
"Braem3ZRexBMbQWJpFOK","quiz","ati-pn-pediatrics-nursing-2023-proctored-exam-practice-questions-set-3","ati-pn-pediatrics-nursing-2023-proctored-exam-practice-questions-set-3","ATI PN Pediatrics Nursing 2023 Proctored Exam Practice Questions - Set 3","nursing-test-bank","z0xzINtS3EohZNaKosBz","lyrHg4RBzN6UafuymMFT","Y0MhOdG0hGVh8AUsgVrz","HBf353u0gzOcqxxU3qJJ","pillarPages/nursing-test-bank/subPages/z0xzINtS3EohZNaKosBz/nestedSubPages/lyrHg4RBzN6UafuymMFT/topics/Y0MhOdG0hGVh8AUsgVrz/quizzes/HBf353u0gzOcqxxU3qJJ","true","quiz","quiz","ati-pn-pediatrics-nursing-2023-proctored-exam-practice-questions-set-3","ati-pn-pediatrics-nursing-2023-proctored-exam-practice-questions-set-3","ATI PN Pediatrics Nursing 2023 Proctored Exam Practice Questions - Set 3"
"Bt14biwARBEt3A5SeX0V","quiz","ob-pediatric-cumulative-exam-test-4-v-1-2023-proctored-exam-practice-questions","ob-pediatric-cumulative-exam-test-4-v-1-2023-proctored-exam-practice-questions","OB Pediatric Cumulative Exam Test 4 V 1 2023 Proctored Exam Practice Questions","nursing-test-bank","SuT1noZoNGEjKGR1vTbi","zMFBI0XMiRsJnnXWhL5S","Hwspg6smTqrELsoRSNmc","1O07SFA6aAKFjjIgFpaH","pillarPages/nursing-test-bank/subPages/SuT1noZoNGEjKGR1vTbi/nestedSubPages/zMFBI0XMiRsJnnXWhL5S/topics/Hwspg6smTqrELsoRSNmc/quizzes/1O07SFA6aAKFjjIgFpaH","true","quiz","quiz","ob-pediatric-cumulative-exam-test-4-v-1-2023-proctored-exam-practice-questions","ob-pediatric-cumulative-exam-test-4-v-1-2023-proctored-exam-practice-questions","OB Pediatric Cumulative Exam Test 4 V 1 2023 Proctored Exam Practice Questions"
"BxrgzleGt4zzy1s99Dph","quiz","mental-health-kentucky-university-proctored-exam-3-practice-questions","mental-health-kentucky-university-proctored-exam-3-practice-questions","Mental Health Kentucky University Proctored Exam 3 Practice Questions","nursing-test-bank","SuT1noZoNGEjKGR1vTbi","zMFBI0XMiRsJnnXWhL5S","dwj41dVBiWR9v4FRpKhC","k6gX1LvDPttyNR1E6UnJ","pillarPages/nursing-test-bank/subPages/SuT1noZoNGEjKGR1vTbi/nestedSubPages/zMFBI0XMiRsJnnXWhL5S/topics/dwj41dVBiWR9v4FRpKhC/quizzes/k6gX1LvDPttyNR1E6UnJ","true","quiz","quiz","mental-health-kentucky-university-proctored-exam-3-practice-questions","mental-health-kentucky-university-proctored-exam-3-practice-questions","Mental Health Kentucky University Proctored Exam 3 Practice Questions"
"C0L5vvP85cB2ql88XOEU","quiz","med-surg-rn-proctored-exam-lippincott-practice-questions","med-surg-rn-proctored-exam-lippincott-practice-questions","Med Surg RN Proctored Exam (Lippincott) Practice Questions","nursing-test-bank","SuT1noZoNGEjKGR1vTbi","zMFBI0XMiRsJnnXWhL5S","4xNDZPMszSkpgRfEsOck","QhN9e2GqAQjjHEo3JXvi","pillarPages/nursing-test-bank/subPages/SuT1noZoNGEjKGR1vTbi/nestedSubPages/zMFBI0XMiRsJnnXWhL5S/topics/4xNDZPMszSkpgRfEsOck/quizzes/QhN9e2GqAQjjHEo3JXvi","true","quiz","quiz","med-surg-rn-proctored-exam-lippincott-practice-questions","med-surg-rn-proctored-exam-lippincott-practice-questions","Med Surg RN Proctored Exam (Lippincott) Practice Questions"
"C5E1uDprYgQiyOIJfdGl","quiz","hesi-rn-pediatrics-and-care-of-woman-proctored-exam-practice-questions","hesi-rn-pediatrics-and-care-of-woman-proctored-exam-practice-questions","HESI RN Pediatrics & Care of Woman Proctored Exam Practice Questions","nursing-test-bank","SuT1noZoNGEjKGR1vTbi","iT55qp9NAFOvZLBAiQzC","uXtCZ4Y6aeLjwMLtC1sD","YglGoXJXVyOpWJ4czKYx","pillarPages/nursing-test-bank/subPages/SuT1noZoNGEjKGR1vTbi/nestedSubPages/iT55qp9NAFOvZLBAiQzC/topics/uXtCZ4Y6aeLjwMLtC1sD/quizzes/YglGoXJXVyOpWJ4czKYx","true","quiz","quiz","hesi-rn-pediatrics-and-care-of-woman-proctored-exam-practice-questions","hesi-rn-pediatrics-and-care-of-woman-proctored-exam-practice-questions","HESI RN Pediatrics & Care of Woman Proctored Exam Practice Questions"
"CKJELOneo4HMxKbqo0MN","quiz","hesi-rn-mental-health-proctored-exam-practice-questions-set-5","hesi-rn-mental-health-proctored-exam-practice-questions-set-5","HESI RN Mental Health Proctored Exam Practice Questions - Set 5","nursing-test-bank","SuT1noZoNGEjKGR1vTbi","iT55qp9NAFOvZLBAiQzC","nWHmcLCOYFPkjaWIHcVu","5m4GPD0E75Fkn6fr0m9J","pillarPages/nursing-test-bank/subPages/SuT1noZoNGEjKGR1vTbi/nestedSubPages/iT55qp9NAFOvZLBAiQzC/topics/nWHmcLCOYFPkjaWIHcVu/quizzes/5m4GPD0E75Fkn6fr0m9J","true","quiz","quiz","hesi-rn-mental-health-proctored-exam-practice-questions-set-5","hesi-rn-mental-health-proctored-exam-practice-questions-set-5","HESI RN Mental Health Proctored Exam Practice Questions - Set 5"
"CM76gnvZt5b96HSQBYNY","quiz","hesi-rn-pharmacology-proctored-exam-practice-questions-set-11","hesi-rn-pharmacology-proctored-exam-practice-questions-set-11","HESI RN Pharmacology Proctored Exam Practice Questions - Set 11","nursing-test-bank","SuT1noZoNGEjKGR1vTbi","iT55qp9NAFOvZLBAiQzC","l1kSgSxIYg2SRUN8aWqE","saAtWUrXJQCUdorkzwea","pillarPages/nursing-test-bank/subPages/SuT1noZoNGEjKGR1vTbi/nestedSubPages/iT55qp9NAFOvZLBAiQzC/topics/l1kSgSxIYg2SRUN8aWqE/quizzes/saAtWUrXJQCUdorkzwea","true","quiz","quiz","hesi-rn-pharmacology-proctored-exam-practice-questions-set-11","hesi-rn-pharmacology-proctored-exam-practice-questions-set-11","HESI RN Pharmacology Proctored Exam Practice Questions - Set 11"
"CRDH5rsC9HPHgOpePJvD","quiz","pn-comprehensive-predictor-pn-2020-proctored-exam","pn-comprehensive-predictor-pn-2020-proctored-exam","PN Comprehensive Predictor PN 2020 Proctored Exam","nursing-exit-exam","nkXaaMfkkbvjmrSRwtVq","ShdTxCRHYWbhmGg06Sgw","","LDLjU0O0XVhoyQn0qtEm","pillarPages/nursing-exit-exam/subPages/nkXaaMfkkbvjmrSRwtVq/nestedSubPages/ShdTxCRHYWbhmGg06Sgw/quizzes/LDLjU0O0XVhoyQn0qtEm","true","quiz","quiz","pn-comprehensive-predictor-pn-2020-proctored-exam","pn-comprehensive-predictor-pn-2020-proctored-exam","PN Comprehensive Predictor PN 2020 Proctored Exam"
"CjdNBfLZIZMqOiAHYbmu","quiz","med-surg-proctored-exam-practice-questions-set-15","med-surg-proctored-exam-practice-questions-set-15","Med Surg Proctored Exam Practice Questions - Set 15","nursing-test-bank","SuT1noZoNGEjKGR1vTbi","zMFBI0XMiRsJnnXWhL5S","4xNDZPMszSkpgRfEsOck","iNBMfTiCFqE5vLMAXKYk","pillarPages/nursing-test-bank/subPages/SuT1noZoNGEjKGR1vTbi/nestedSubPages/zMFBI0XMiRsJnnXWhL5S/topics/4xNDZPMszSkpgRfEsOck/quizzes/iNBMfTiCFqE5vLMAXKYk","true","quiz","quiz","med-surg-proctored-exam-practice-questions-set-15","med-surg-proctored-exam-practice-questions-set-15","Med Surg Proctored Exam Practice Questions - Set 15"
"CjfvtEEQClmMLhf3LQMw","quiz","ati-pn-med-surg-neuro-test-2024-proctored-exam-practice-questions","ati-pn-med-surg-neuro-test-2024-proctored-exam-practice-questions","ATI PN Med Surg Neuro Test 2024 Proctored Exam Practice Questions","nursing-test-bank","z0xzINtS3EohZNaKosBz","lyrHg4RBzN6UafuymMFT","NywbGW22YNeZSM3kuwKk","P6ZdAWwRY4UQJ3kBkxSX","pillarPages/nursing-test-bank/subPages/z0xzINtS3EohZNaKosBz/nestedSubPages/lyrHg4RBzN6UafuymMFT/topics/NywbGW22YNeZSM3kuwKk/quizzes/P6ZdAWwRY4UQJ3kBkxSX","true","quiz","quiz","ati-pn-med-surg-neuro-test-2024-proctored-exam-practice-questions","ati-pn-med-surg-neuro-test-2024-proctored-exam-practice-questions","ATI PN Med Surg Neuro Test 2024 Proctored Exam Practice Questions"
"Ck2u3fd7XSw2axsjcc62","topic","ati-pn-pharmacology-practice-questions","ati-pn-pharmacology-practice-questions","ATI PN Pharmacology Practice Questions","nursing-test-bank","z0xzINtS3EohZNaKosBz","lyrHg4RBzN6UafuymMFT","13a3GLxldltUqhIxNzkr","","pillarPages/nursing-test-bank/subPages/z0xzINtS3EohZNaKosBz/nestedSubPages/lyrHg4RBzN6UafuymMFT/topics/13a3GLxldltUqhIxNzkr","true","topic","topic","ati-pn-pharmacology-practice-questions","ati-pn-pharmacology-practice-questions","Pharmacology"
"CqNOQgcJLDkysMiyJJIQ","quiz","teas-math-practice-test-set-10","teas-math-practice-test-set-10","","nursing-entrance-exam","yrdSf0KpOcuybL1SLnw7","e9EcRCWTbyKVpyLXUKzd","","z92YY14uxYfs8h9YvNXq","pillarPages/nursing-entrance-exam/subPages/yrdSf0KpOcuybL1SLnw7/nestedSubPages/e9EcRCWTbyKVpyLXUKzd/quizzes/z92YY14uxYfs8h9YvNXq","true","quiz","quiz","teas-math-practice-test-set-10","teas-math-practice-test-set-10","TEAS Math Practice Test Set 10"
"Cy4qVEI7wfP27CAR4N3Z","quiz","wgu-hesi-rn-information-technology-in-nursing-practice-proctored-exam-practice-questions","wgu-hesi-rn-information-technology-in-nursing-practice-proctored-exam-practice-questions","WGU HESI RN Information Technology in Nursing Practice Proctored Exam Practice Questions","nursing-test-bank","SuT1noZoNGEjKGR1vTbi","iT55qp9NAFOvZLBAiQzC","8ys3SWgnclB200ysUQRS","7qRRaOJJhfpuiRBuxPrv","pillarPages/nursing-test-bank/subPages/SuT1noZoNGEjKGR1vTbi/nestedSubPages/iT55qp9NAFOvZLBAiQzC/topics/8ys3SWgnclB200ysUQRS/quizzes/7qRRaOJJhfpuiRBuxPrv","true","quiz","quiz","wgu-hesi-rn-information-technology-in-nursing-practice-proctored-exam-practice-questions","wgu-hesi-rn-information-technology-in-nursing-practice-proctored-exam-practice-questions","WGU HESI RN Information Technology in Nursing Practice Proctored Exam Practice Questions"
"Cyd1RrKTMHton21TMGyE","topic","rn-nursing-course-multidimensional-care-practice-questions","rn-nursing-course-multidimensional-care-practice-questions","Multidimensional Care","nursing-test-bank","SuT1noZoNGEjKGR1vTbi","zMFBI0XMiRsJnnXWhL5S","5wsEQxaa4oxFg4kMLWiR","","pillarPages/nursing-test-bank/subPages/SuT1noZoNGEjKGR1vTbi/nestedSubPages/zMFBI0XMiRsJnnXWhL5S/topics/5wsEQxaa4oxFg4kMLWiR","true","topic","topic","rn-nursing-course-multidimensional-care-practice-questions","rn-nursing-course-multidimensional-care-practice-questions","Multidimensional Care"
"D4OSFGZ9mBqcGR8lQQ9P","topic","rn-nursing-course-gastrointestinal-system-practice-questions","rn-nursing-course-gastrointestinal-system-practice-questions","Gastrointestinal System","nursing-test-bank","SuT1noZoNGEjKGR1vTbi","zMFBI0XMiRsJnnXWhL5S","Qw9ACv9iC3lU621RemRS","","pillarPages/nursing-test-bank/subPages/SuT1noZoNGEjKGR1vTbi/nestedSubPages/zMFBI0XMiRsJnnXWhL5S/topics/Qw9ACv9iC3lU621RemRS","true","topic","topic","rn-nursing-course-gastrointestinal-system-practice-questions","rn-nursing-course-gastrointestinal-system-practice-questions","Gastrointestinal System"
"DBVdjl2SaYdImTGWDAeB","quiz","hesi-lpn-exit-test-11-proctored-exam","hesi-lpn-exit-test-11-proctored-exam","HESI LPN Exit Test 11 Proctored Exam","nursing-exit-exam","nkXaaMfkkbvjmrSRwtVq","BH31o1XVf6CrhNvQvfOO","","KBpvcT4BvKOwKowcCVIk","pillarPages/nursing-exit-exam/subPages/nkXaaMfkkbvjmrSRwtVq/nestedSubPages/BH31o1XVf6CrhNvQvfOO/quizzes/KBpvcT4BvKOwKowcCVIk","true","quiz","quiz","hesi-lpn-exit-test-11-proctored-exam","hesi-lpn-exit-test-11-proctored-exam","HESI LPN Exit Test 11 Proctored Exam"
"DEbLmq8aB8pNPc8qxByc","quiz","teas-math-practice-test-set-16","teas-math-practice-test-set-16","","nursing-entrance-exam","yrdSf0KpOcuybL1SLnw7","e9EcRCWTbyKVpyLXUKzd","","IftpKs2gUa9OxXtMRbh3","pillarPages/nursing-entrance-exam/subPages/yrdSf0KpOcuybL1SLnw7/nestedSubPages/e9EcRCWTbyKVpyLXUKzd/quizzes/IftpKs2gUa9OxXtMRbh3","true","quiz","quiz","teas-math-practice-test-set-16","teas-math-practice-test-set-16","TEAS Math Practice Test Set 16"
"DFDXSLE4QiWj3f4sv6H2","quiz","kaplan-admission-practice-test-science-quiz-1","kaplan-admission-practice-test-science-quiz-1","","nursing-entrance-exam","jdJsAeBdy2mJO0kPibeV","ZUuIYDcFNZSPDZk9g1I3","","rNAYxvzQIex3I3Ypm1kB","pillarPages/nursing-entrance-exam/subPages/jdJsAeBdy2mJO0kPibeV/nestedSubPages/ZUuIYDcFNZSPDZk9g1I3/quizzes/rNAYxvzQIex3I3Ypm1kB","true","quiz","quiz","kaplan-admission-practice-test-science-quiz-1","kaplan-admission-practice-test-science-quiz-1","Kaplan Admission Practice Test Science"
"DIe7HFuwuW8yWib3N8dw","quiz","hesi-rn-med-surg-dosage-calculations-proctored-exam-practice-questions","hesi-rn-med-surg-dosage-calculations-proctored-exam-practice-questions","HESI RN Med Surg Dosage Calculations Proctored Exam Practice Questions","nursing-test-bank","SuT1noZoNGEjKGR1vTbi","iT55qp9NAFOvZLBAiQzC","dfRlrdGOvpDhVVXIqa0H","TRipbezAYlsDVRHfiEeK","pillarPages/nursing-test-bank/subPages/SuT1noZoNGEjKGR1vTbi/nestedSubPages/iT55qp9NAFOvZLBAiQzC/topics/dfRlrdGOvpDhVVXIqa0H/quizzes/TRipbezAYlsDVRHfiEeK","true","quiz","quiz","hesi-rn-med-surg-dosage-calculations-proctored-exam-practice-questions","hesi-rn-med-surg-dosage-calculations-proctored-exam-practice-questions","HESI RN Med Surg Dosage Calculations Proctored Exam Practice Questions"
"DLlIVraUMp5Hp623CzcY","quiz","ati-pn-custom-anatomy-quiz-proctored-exam-6-days-24-practice-questions","ati-pn-custom-anatomy-quiz-proctored-exam-6-days-24-practice-questions","ATI PN Custom Anatomy Quiz Proctored Exam#6 Days 24 Practice Questions","nursing-test-bank","z0xzINtS3EohZNaKosBz","lyrHg4RBzN6UafuymMFT","j5H2Ra9IgckkioC7vNSj","b3unauiHoqea3YC139EW","pillarPages/nursing-test-bank/subPages/z0xzINtS3EohZNaKosBz/nestedSubPages/lyrHg4RBzN6UafuymMFT/topics/j5H2Ra9IgckkioC7vNSj/quizzes/b3unauiHoqea3YC139EW","true","quiz","quiz","ati-pn-custom-anatomy-quiz-proctored-exam-6-days-24-practice-questions","ati-pn-custom-anatomy-quiz-proctored-exam-6-days-24-practice-questions","ATI PN Custom Anatomy Quiz Proctored Exam#6 Days 24 Practice Questions"
"DUJXDTyGV7PfTLU4e21F","quiz","nur-612-med-surg-proctored-exam-st-thomas-university-practice-questions","nur-612-med-surg-proctored-exam-st-thomas-university-practice-questions","NUR 612 Med Surg Proctored Exam (St Thomas University) Practice Questions","nursing-test-bank","SuT1noZoNGEjKGR1vTbi","zMFBI0XMiRsJnnXWhL5S","4xNDZPMszSkpgRfEsOck","OcjRXBPzCD8rWuHM9Qch","pillarPages/nursing-test-bank/subPages/SuT1noZoNGEjKGR1vTbi/nestedSubPages/zMFBI0XMiRsJnnXWhL5S/topics/4xNDZPMszSkpgRfEsOck/quizzes/OcjRXBPzCD8rWuHM9Qch","true","quiz","quiz","nur-612-med-surg-proctored-exam-st-thomas-university-practice-questions","nur-612-med-surg-proctored-exam-st-thomas-university-practice-questions","NUR 612 Med Surg Proctored Exam (St Thomas University) Practice Questions"
"DURbBqRuydhDDOJj7f4K","quiz","nur-301-pharmacology-proctored-exam-examplify-practice-questions","nur-301-pharmacology-proctored-exam-examplify-practice-questions","NUR 301 Pharmacology Proctored Exam (Examplify) Practice Questions","nursing-test-bank","SuT1noZoNGEjKGR1vTbi","zMFBI0XMiRsJnnXWhL5S","qjQzp4HMFByeL1UEKGDd","rexwQcZvEY2IjK3m7kdK","pillarPages/nursing-test-bank/subPages/SuT1noZoNGEjKGR1vTbi/nestedSubPages/zMFBI0XMiRsJnnXWhL5S/topics/qjQzp4HMFByeL1UEKGDd/quizzes/rexwQcZvEY2IjK3m7kdK","true","quiz","quiz","nur-301-pharmacology-proctored-exam-examplify-practice-questions","nur-301-pharmacology-proctored-exam-examplify-practice-questions","NUR 301 Pharmacology Proctored Exam (Examplify) Practice Questions"
"DZqdgkRSDn1yf5aqh2VC","quiz","anatomy-and-physiology-skeletal-tissue-the-skeleton-joints-proctored-exam-practice-questions","anatomy-and-physiology-skeletal-tissue-the-skeleton-joints-proctored-exam-practice-questions","Anatomy and Physiology. Skeletal Tissue, the Skeleton, Joints Proctored Exam Practice Questions","nursing-test-bank","SuT1noZoNGEjKGR1vTbi","zMFBI0XMiRsJnnXWhL5S","PavJlfHXwXRUhopKAOO9","CGw9cOSlpPGmWYNQAite","pillarPages/nursing-test-bank/subPages/SuT1noZoNGEjKGR1vTbi/nestedSubPages/zMFBI0XMiRsJnnXWhL5S/topics/PavJlfHXwXRUhopKAOO9/quizzes/CGw9cOSlpPGmWYNQAite","true","quiz","quiz","anatomy-and-physiology-skeletal-tissue-the-skeleton-joints-proctored-exam-practice-questions","anatomy-and-physiology-skeletal-tissue-the-skeleton-joints-proctored-exam-practice-questions","Anatomy and Physiology. Skeletal Tissue, the Skeleton, Joints Proctored Exam Practice Questions"
"Deakt8LNGYPg57r36kk8","quiz","med-surg-proctored-exam-montgomery-college-practice-questions","med-surg-proctored-exam-montgomery-college-practice-questions","Med Surg Proctored Exam (Montgomery College) Practice Questions","nursing-test-bank","SuT1noZoNGEjKGR1vTbi","zMFBI0XMiRsJnnXWhL5S","4xNDZPMszSkpgRfEsOck","3xxwb2QPpoETFPdcY1Tv","pillarPages/nursing-test-bank/subPages/SuT1noZoNGEjKGR1vTbi/nestedSubPages/zMFBI0XMiRsJnnXWhL5S/topics/4xNDZPMszSkpgRfEsOck/quizzes/3xxwb2QPpoETFPdcY1Tv","true","quiz","quiz","med-surg-proctored-exam-montgomery-college-practice-questions","med-surg-proctored-exam-montgomery-college-practice-questions","Med Surg Proctored Exam (Montgomery College) Practice Questions"
"Dl74E8nOyZnP9CIdTNDv","quiz","hesi-rn-capstone-proctored-exam-practice-questions","hesi-rn-capstone-proctored-exam-practice-questions","HESI RN Capstone Proctored Exam Practice Questions","nursing-test-bank","SuT1noZoNGEjKGR1vTbi","iT55qp9NAFOvZLBAiQzC","lvqRire0T0tV9yFAb26O","0YjvcFhmPmhn39UaVsQp","pillarPages/nursing-test-bank/subPages/SuT1noZoNGEjKGR1vTbi/nestedSubPages/iT55qp9NAFOvZLBAiQzC/topics/lvqRire0T0tV9yFAb26O/quizzes/0YjvcFhmPmhn39UaVsQp","true","quiz","quiz","hesi-rn-capstone-proctored-exam-practice-questions","hesi-rn-capstone-proctored-exam-practice-questions","HESI RN Capstone Proctored Exam Practice Questions"
"Dl8uWSue7pkmNkVl5uLJ","quiz","teas-math-practice-test-set-14","teas-math-practice-test-set-14","","nursing-entrance-exam","yrdSf0KpOcuybL1SLnw7","e9EcRCWTbyKVpyLXUKzd","","LIi0LBEmXKLcLv0e8m3I","pillarPages/nursing-entrance-exam/subPages/yrdSf0KpOcuybL1SLnw7/nestedSubPages/e9EcRCWTbyKVpyLXUKzd/quizzes/LIi0LBEmXKLcLv0e8m3I","true","quiz","quiz","teas-math-practice-test-set-14","teas-math-practice-test-set-14","TEAS Math Practice Test Set 14"
"DoNG14N83BpLsv3bPlZq","quiz","hesi-rn-fundamentals-proctored-exam-practice-questions-set-6","hesi-rn-fundamentals-proctored-exam-practice-questions-set-6","HESI RN Fundamentals Proctored Exam Practice Questions - Set 6","nursing-test-bank","SuT1noZoNGEjKGR1vTbi","iT55qp9NAFOvZLBAiQzC","70YsvvAfpEoWkJ2zO8Vy","n6qNafptcceqRrMFXAA1","pillarPages/nursing-test-bank/subPages/SuT1noZoNGEjKGR1vTbi/nestedSubPages/iT55qp9NAFOvZLBAiQzC/topics/70YsvvAfpEoWkJ2zO8Vy/quizzes/n6qNafptcceqRrMFXAA1","true","quiz","quiz","hesi-rn-fundamentals-proctored-exam-practice-questions-set-6","hesi-rn-fundamentals-proctored-exam-practice-questions-set-6","HESI RN Fundamentals Proctored Exam Practice Questions - Set 6"
"DouZh9vozDaQ5pmVSuQY","quiz","maternity-proctored-exam-samuel-merit-university-2-practice-questions","maternity-proctored-exam-samuel-merit-university-2-practice-questions","Maternity Proctored Exam (Samuel Merit University) 2 Practice Questions","nursing-test-bank","SuT1noZoNGEjKGR1vTbi","zMFBI0XMiRsJnnXWhL5S","stnDIFRoA0VwLaoxbGv1","mpbVVmMFgwa6SE9EPUDO","pillarPages/nursing-test-bank/subPages/SuT1noZoNGEjKGR1vTbi/nestedSubPages/zMFBI0XMiRsJnnXWhL5S/topics/stnDIFRoA0VwLaoxbGv1/quizzes/mpbVVmMFgwa6SE9EPUDO","true","quiz","quiz","maternity-proctored-exam-samuel-merit-university-2-practice-questions","maternity-proctored-exam-samuel-merit-university-2-practice-questions","Maternity Proctored Exam (Samuel Merit University) 2 Practice Questions"
"DuOO8xl90h7xvivhcQOT","quiz","teas-math-practice-test-set-1","teas-math-practice-test-set-1","","nursing-entrance-exam","yrdSf0KpOcuybL1SLnw7","e9EcRCWTbyKVpyLXUKzd","","3KVRmArpLdurDdIdi3S0","pillarPages/nursing-entrance-exam/subPages/yrdSf0KpOcuybL1SLnw7/nestedSubPages/e9EcRCWTbyKVpyLXUKzd/quizzes/3KVRmArpLdurDdIdi3S0","true","quiz","quiz","teas-math-practice-test-set-1","teas-math-practice-test-set-1","TEAS Math Practice Test Set 1"
"Dw5EvUYvgxRO5G1PlwPe","quiz","ati-pn-fundamentals-iii-proctored-exam-practice-questions","ati-pn-fundamentals-iii-proctored-exam-practice-questions","ATI PN Fundamentals III Proctored Exam Practice Questions","nursing-test-bank","z0xzINtS3EohZNaKosBz","lyrHg4RBzN6UafuymMFT","1Lb0PkKiTEM2wQOIMDtv","DbhayhY7uht7de0iSn6I","pillarPages/nursing-test-bank/subPages/z0xzINtS3EohZNaKosBz/nestedSubPages/lyrHg4RBzN6UafuymMFT/topics/1Lb0PkKiTEM2wQOIMDtv/quizzes/DbhayhY7uht7de0iSn6I","true","quiz","quiz","ati-pn-fundamentals-iii-proctored-exam-practice-questions","ati-pn-fundamentals-iii-proctored-exam-practice-questions","ATI PN Fundamentals III Proctored Exam Practice Questions"
"E5O4cWr7BPE9YPUcU3Xz","quiz","ati-pn-nsp-130-psychosocial-proctored-exam-practice-questions","ati-pn-nsp-130-psychosocial-proctored-exam-practice-questions","ATI PN Nsp 130 Psychosocial Proctored Exam Practice Questions","nursing-test-bank","z0xzINtS3EohZNaKosBz","lyrHg4RBzN6UafuymMFT","6i5h4wWlOfz4R8huNTkC","NRbKa2G8JDomfoYc32tb","pillarPages/nursing-test-bank/subPages/z0xzINtS3EohZNaKosBz/nestedSubPages/lyrHg4RBzN6UafuymMFT/topics/6i5h4wWlOfz4R8huNTkC/quizzes/NRbKa2G8JDomfoYc32tb","true","quiz","quiz","ati-pn-nsp-130-psychosocial-proctored-exam-practice-questions","ati-pn-nsp-130-psychosocial-proctored-exam-practice-questions","ATI PN Nsp 130 Psychosocial Proctored Exam Practice Questions"
"E7QUPgIRf7JWt0fLKEge","topic","rn-nursing-course-dimensions-of-nursing-practice-practice-questions","rn-nursing-course-dimensions-of-nursing-practice-practice-questions","Dimensions of Nursing Practice","nursing-test-bank","SuT1noZoNGEjKGR1vTbi","zMFBI0XMiRsJnnXWhL5S","DN3QPHblwrFWRn1uoplD","","pillarPages/nursing-test-bank/subPages/SuT1noZoNGEjKGR1vTbi/nestedSubPages/zMFBI0XMiRsJnnXWhL5S/topics/DN3QPHblwrFWRn1uoplD","true","topic","topic","rn-nursing-course-dimensions-of-nursing-practice-practice-questions","rn-nursing-course-dimensions-of-nursing-practice-practice-questions","Dimensions of Nursing Practice"
"ECajvaBHq7TDsDENn48Q","quiz","ati-pn-nurs-113-pharmocology-proctored-exam-practice-questions","ati-pn-nurs-113-pharmocology-proctored-exam-practice-questions","ATI PN NURS 113 Pharmocology Proctored Exam Practice Questions","nursing-test-bank","z0xzINtS3EohZNaKosBz","lyrHg4RBzN6UafuymMFT","13a3GLxldltUqhIxNzkr","AKF75cOCQIDXU5cHyKbT","pillarPages/nursing-test-bank/subPages/z0xzINtS3EohZNaKosBz/nestedSubPages/lyrHg4RBzN6UafuymMFT/topics/13a3GLxldltUqhIxNzkr/quizzes/AKF75cOCQIDXU5cHyKbT","true","quiz","quiz","ati-pn-nurs-113-pharmocology-proctored-exam-practice-questions","ati-pn-nurs-113-pharmocology-proctored-exam-practice-questions","ATI PN NURS 113 Pharmocology Proctored Exam Practice Questions"
"EEZdFazcXGmrb8t0viof","quiz","ati-pn-med-surg-proctored-exam-1-practice-questions","ati-pn-med-surg-proctored-exam-1-practice-questions","ATI PN Med Surg Proctored Exam 1 Practice Questions","nursing-test-bank","z0xzINtS3EohZNaKosBz","lyrHg4RBzN6UafuymMFT","NywbGW22YNeZSM3kuwKk","OVd57ylNVkKiGk0fVGnc","pillarPages/nursing-test-bank/subPages/z0xzINtS3EohZNaKosBz/nestedSubPages/lyrHg4RBzN6UafuymMFT/topics/NywbGW22YNeZSM3kuwKk/quizzes/OVd57ylNVkKiGk0fVGnc","true","quiz","quiz","ati-pn-med-surg-proctored-exam-1-practice-questions","ati-pn-med-surg-proctored-exam-1-practice-questions","ATI PN Med Surg Proctored Exam 1 Practice Questions"
"EEukDoPwlCE2D0WLeHIC","quiz","ati-pn-mental-health-level-4-proctored-exam-practice-questions-set-11","ati-pn-mental-health-level-4-proctored-exam-practice-questions-set-11","ATI PN Mental Health Level 4 Proctored Exam Practice Questions - Set 11","nursing-test-bank","z0xzINtS3EohZNaKosBz","lyrHg4RBzN6UafuymMFT","6i5h4wWlOfz4R8huNTkC","yH9BCMdQCuEK9lej1NxM","pillarPages/nursing-test-bank/subPages/z0xzINtS3EohZNaKosBz/nestedSubPages/lyrHg4RBzN6UafuymMFT/topics/6i5h4wWlOfz4R8huNTkC/quizzes/yH9BCMdQCuEK9lej1NxM","true","quiz","quiz","ati-pn-mental-health-level-4-proctored-exam-practice-questions-set-11","ati-pn-mental-health-level-4-proctored-exam-practice-questions-set-11","ATI PN Mental Health Level 4 Proctored Exam Practice Questions - Set 11"
"EGfpYJMMKx2KO7c72eyH","nested","lpn-nursing-course-exams","lpn-nursing-course-exams","","nursing-test-bank","z0xzINtS3EohZNaKosBz","3K3wv7IGcDcXvSNM9Kxm","","","pillarPages/nursing-test-bank/subPages/z0xzINtS3EohZNaKosBz/nestedSubPages/3K3wv7IGcDcXvSNM9Kxm","true","nested","nested","lpn-nursing-course-exams","lpn-nursing-course-exams","LPN Nursing Course Exams"
"EHQfLPJXhKi5FY6Owi97","quiz","ati-pn-fundamentals-of-nursing-proctored-exam-practice-questions","ati-pn-fundamentals-of-nursing-proctored-exam-practice-questions","ATI PN Fundamentals of Nursing Proctored Exam Practice Questions","nursing-test-bank","z0xzINtS3EohZNaKosBz","lyrHg4RBzN6UafuymMFT","1Lb0PkKiTEM2wQOIMDtv","VFt5wT4m1CJIifuxcPWC","pillarPages/nursing-test-bank/subPages/z0xzINtS3EohZNaKosBz/nestedSubPages/lyrHg4RBzN6UafuymMFT/topics/1Lb0PkKiTEM2wQOIMDtv/quizzes/VFt5wT4m1CJIifuxcPWC","true","quiz","quiz","ati-pn-fundamentals-of-nursing-proctored-exam-practice-questions","ati-pn-fundamentals-of-nursing-proctored-exam-practice-questions","ATI PN Fundamentals of Nursing Proctored Exam Practice Questions"
"EKxo7wPbADvvh85Rsqyz","quiz","pn-fundamentals-proctored-exam-practice-questions","pn-fundamentals-proctored-exam-practice-questions","PN Fundamentals Proctored Exam Practice Questions","nursing-test-bank","z0xzINtS3EohZNaKosBz","3K3wv7IGcDcXvSNM9Kxm","XKenRdlHMVfdY4Dl99G2","OKsL4ido5KXv17aAeHvQ","pillarPages/nursing-test-bank/subPages/z0xzINtS3EohZNaKosBz/nestedSubPages/3K3wv7IGcDcXvSNM9Kxm/topics/XKenRdlHMVfdY4Dl99G2/quizzes/OKsL4ido5KXv17aAeHvQ","true","quiz","quiz","pn-fundamentals-proctored-exam-practice-questions","pn-fundamentals-proctored-exam-practice-questions","PN Fundamentals Proctored Exam Practice Questions"
"EOoEwciCqQtkxMiwsCkz","quiz","hesi-rn-foundation-of-nursing-proctored-exam-practice-questions-set-2","hesi-rn-foundation-of-nursing-proctored-exam-practice-questions-set-2","HESI RN Foundation of Nursing Proctored Exam Practice Questions - Set 2","nursing-test-bank","SuT1noZoNGEjKGR1vTbi","iT55qp9NAFOvZLBAiQzC","70YsvvAfpEoWkJ2zO8Vy","X1eaDnp3sJTf7o7Sb1sI","pillarPages/nursing-test-bank/subPages/SuT1noZoNGEjKGR1vTbi/nestedSubPages/iT55qp9NAFOvZLBAiQzC/topics/70YsvvAfpEoWkJ2zO8Vy/quizzes/X1eaDnp3sJTf7o7Sb1sI","true","quiz","quiz","hesi-rn-foundation-of-nursing-proctored-exam-practice-questions-set-2","hesi-rn-foundation-of-nursing-proctored-exam-practice-questions-set-2","HESI RN Foundation of Nursing Proctored Exam Practice Questions - Set 2"
"ETeanPNoU86NmkMo9Hlo","kb","ati-teas","ati-teas","","nursing-entrance-exam","ItrvamPHl4v0qYDMW8rW","","","","knowledgeBase/ItrvamPHl4v0qYDMW8rW","true","kb","kb","ati-teas","ati-teas","ATI TEAS"
"EWpBvpoSKv8Vv3Obmlay","quiz","fundamentals-of-nursing-proctored-exam-university-of-texas-practice-questions","fundamentals-of-nursing-proctored-exam-university-of-texas-practice-questions","Fundamentals of Nursing Proctored Exam (University of Texas) Practice Questions","nursing-test-bank","SuT1noZoNGEjKGR1vTbi","zMFBI0XMiRsJnnXWhL5S","sBc3Ee7TKg33PIbmj4Hb","rhsSySAKjBSutzqgzRaG","pillarPages/nursing-test-bank/subPages/SuT1noZoNGEjKGR1vTbi/nestedSubPages/zMFBI0XMiRsJnnXWhL5S/topics/sBc3Ee7TKg33PIbmj4Hb/quizzes/rhsSySAKjBSutzqgzRaG","true","quiz","quiz","fundamentals-of-nursing-proctored-exam-university-of-texas-practice-questions","fundamentals-of-nursing-proctored-exam-university-of-texas-practice-questions","Fundamentals of Nursing Proctored Exam (University of Texas) Practice Questions"
"EaqpMEHKdxClWSGF8O3b","quiz","hesi-rn-pediatrics-proctored-exam-practice-questions","hesi-rn-pediatrics-proctored-exam-practice-questions","HESI RN Pediatrics Proctored Exam Practice Questions","nursing-test-bank","SuT1noZoNGEjKGR1vTbi","iT55qp9NAFOvZLBAiQzC","uXtCZ4Y6aeLjwMLtC1sD","yGsP77irr4N9kMS9DAxq","pillarPages/nursing-test-bank/subPages/SuT1noZoNGEjKGR1vTbi/nestedSubPages/iT55qp9NAFOvZLBAiQzC/topics/uXtCZ4Y6aeLjwMLtC1sD/quizzes/yGsP77irr4N9kMS9DAxq","true","quiz","quiz","hesi-rn-pediatrics-proctored-exam-practice-questions","hesi-rn-pediatrics-proctored-exam-practice-questions","HESI RN Pediatrics Proctored Exam Practice Questions"
"Efoqn2ZY8sCK6u7jCw0x","quiz","ati-pn-leadership-proctored-exam-practice-questions-set-1","ati-pn-leadership-proctored-exam-practice-questions-set-1","ATI PN Leadership Proctored Exam Practice Questions - Set 1","nursing-test-bank","z0xzINtS3EohZNaKosBz","lyrHg4RBzN6UafuymMFT","i0Rf69MPdXLbYTSRdCOW","u8GRZBURJHORiY5xkOWB","pillarPages/nursing-test-bank/subPages/z0xzINtS3EohZNaKosBz/nestedSubPages/lyrHg4RBzN6UafuymMFT/topics/i0Rf69MPdXLbYTSRdCOW/quizzes/u8GRZBURJHORiY5xkOWB","true","quiz","quiz","ati-pn-leadership-proctored-exam-practice-questions-set-1","ati-pn-leadership-proctored-exam-practice-questions-set-1","ATI PN Leadership Proctored Exam Practice Questions - Set 1"
"Ehr91U2JfhDzRsGLW5mf","quiz","hesi-rn-exit-3-proctored-exam","hesi-rn-exit-3-proctored-exam","HESI RN Exit 3 Proctored Exam","nursing-exit-exam","S4vSoa5bxDgZ1L5kLOJe","MVHmi7FJbSDlPPz28jh5","","60rC5j9a7U8D2lBXeoVT","pillarPages/nursing-exit-exam/subPages/S4vSoa5bxDgZ1L5kLOJe/nestedSubPages/MVHmi7FJbSDlPPz28jh5/quizzes/60rC5j9a7U8D2lBXeoVT","true","quiz","quiz","hesi-rn-exit-3-proctored-exam","hesi-rn-exit-3-proctored-exam","HESI RN Exit 3 Proctored Exam"
"ElRgFY2YxB8ixnhsfcun","quiz","teas-reading-practice-test-set-6","teas-reading-practice-test-set-6","","nursing-entrance-exam","yrdSf0KpOcuybL1SLnw7","2JIZgWhm9jUkoNFmkY7R","","8xmVvFmwDEEo4qyUN4PB","pillarPages/nursing-entrance-exam/subPages/yrdSf0KpOcuybL1SLnw7/nestedSubPages/2JIZgWhm9jUkoNFmkY7R/quizzes/8xmVvFmwDEEo4qyUN4PB","true","quiz","quiz","teas-reading-practice-test-set-6","teas-reading-practice-test-set-6","TEAS Reading Practice Test Set 6"
"EnbjHZyAE903vg6pp2y7","quiz","hesi-rn-pediatric-and-women-health-proctored-exam-practice-questions","hesi-rn-pediatric-and-women-health-proctored-exam-practice-questions","HESI RN Pediatric and Women Health Proctored Exam Practice Questions","nursing-test-bank","SuT1noZoNGEjKGR1vTbi","iT55qp9NAFOvZLBAiQzC","uXtCZ4Y6aeLjwMLtC1sD","s4Zo3OYJORFwlHrABnEy","pillarPages/nursing-test-bank/subPages/SuT1noZoNGEjKGR1vTbi/nestedSubPages/iT55qp9NAFOvZLBAiQzC/topics/uXtCZ4Y6aeLjwMLtC1sD/quizzes/s4Zo3OYJORFwlHrABnEy","true","quiz","quiz","hesi-rn-pediatric-and-women-health-proctored-exam-practice-questions","hesi-rn-pediatric-and-women-health-proctored-exam-practice-questions","HESI RN Pediatric and Women Health Proctored Exam Practice Questions"
"EppxEnTmIrw1fJVLredT","quiz","teas-reading-practice-test-set-2","teas-reading-practice-test-set-2","","nursing-entrance-exam","yrdSf0KpOcuybL1SLnw7","2JIZgWhm9jUkoNFmkY7R","","15BJZ9M7ZzW0shv3jcPl","pillarPages/nursing-entrance-exam/subPages/yrdSf0KpOcuybL1SLnw7/nestedSubPages/2JIZgWhm9jUkoNFmkY7R/quizzes/15BJZ9M7ZzW0shv3jcPl","true","quiz","quiz","teas-reading-practice-test-set-2","teas-reading-practice-test-set-2","TEAS Reading Practice Test Set 2"
"Eq2odnUCrtpTjv1m7lHI","quiz","ati-pn-monroe-college-ny-pn-23ns-sp-126-proctored-exam-3-practice-questions","ati-pn-monroe-college-ny-pn-23ns-sp-126-proctored-exam-3-practice-questions","ATI PN Monroe College NY PN 23NS SP 126 Proctored Exam 3 Practice Questions","nursing-test-bank","z0xzINtS3EohZNaKosBz","lyrHg4RBzN6UafuymMFT","ZwY2vYN2X4tXEKOv2x6h","LXRpVVptYc2wunHteKva","pillarPages/nursing-test-bank/subPages/z0xzINtS3EohZNaKosBz/nestedSubPages/lyrHg4RBzN6UafuymMFT/topics/ZwY2vYN2X4tXEKOv2x6h/quizzes/LXRpVVptYc2wunHteKva","true","quiz","quiz","ati-pn-monroe-college-ny-pn-23ns-sp-126-proctored-exam-3-practice-questions","ati-pn-monroe-college-ny-pn-23ns-sp-126-proctored-exam-3-practice-questions","ATI PN Monroe College NY PN 23NS SP 126 Proctored Exam 3 Practice Questions"
"Es7TMiASSu7Z5MbOpDQK","quiz","nurs-4500-examplify-thomas-edison-state-university-proctored-exam-practice-questions","nurs-4500-examplify-thomas-edison-state-university-proctored-exam-practice-questions","NURS 4500 Examplify Thomas Edison State University Proctored Exam Practice Questions","nursing-test-bank","SuT1noZoNGEjKGR1vTbi","zMFBI0XMiRsJnnXWhL5S","sWcrKSZa84sgLyaVr5Sm","1H5XmuoAQQYMH76YRHPU","pillarPages/nursing-test-bank/subPages/SuT1noZoNGEjKGR1vTbi/nestedSubPages/zMFBI0XMiRsJnnXWhL5S/topics/sWcrKSZa84sgLyaVr5Sm/quizzes/1H5XmuoAQQYMH76YRHPU","true","quiz","quiz","nurs-4500-examplify-thomas-edison-state-university-proctored-exam-practice-questions","nurs-4500-examplify-thomas-edison-state-university-proctored-exam-practice-questions","NURS 4500 Examplify Thomas Edison State University Proctored Exam Practice Questions"
"EsZ0csKa5ppBFfzBVuTP","quiz","hesi-a2-chemistry-practice-test-set-4","hesi-a2-chemistry-practice-test-set-4","","nursing-entrance-exam","rdYGUZ9DzFvAmo6EsrVe","lOJHdJ4lr3plcJkz2yfp","","hesi-a2-chemistry-practice-test-set-4","pillarPages/nursing-entrance-exam/subPages/rdYGUZ9DzFvAmo6EsrVe/nestedSubPages/lOJHdJ4lr3plcJkz2yfp/quizzes/hesi-a2-chemistry-practice-test-set-4","true","quiz","entrance_quiz_subject","hesi-a2-chemistry-practice-test-set-4","hesi-a2-chemistry-practice-test-set-4","HESI A2 Chemistry Practice Test Set 4"
"EuK9AetPQf8VUcRshyII","quiz","fundamentals-quiz-proctored-exam-ichs-practice-questions","fundamentals-quiz-proctored-exam-ichs-practice-questions","Fundamentals Quiz Proctored Exam (Ichs) Practice Questions","nursing-test-bank","SuT1noZoNGEjKGR1vTbi","zMFBI0XMiRsJnnXWhL5S","sBc3Ee7TKg33PIbmj4Hb","U2L5E3E4n02DF1JPylBE","pillarPages/nursing-test-bank/subPages/SuT1noZoNGEjKGR1vTbi/nestedSubPages/zMFBI0XMiRsJnnXWhL5S/topics/sBc3Ee7TKg33PIbmj4Hb/quizzes/U2L5E3E4n02DF1JPylBE","true","quiz","quiz","fundamentals-quiz-proctored-exam-ichs-practice-questions","fundamentals-quiz-proctored-exam-ichs-practice-questions","Fundamentals Quiz Proctored Exam (Ichs) Practice Questions"
"F2XWtVjG6TbZAuKEiOX0","quiz","med-surg-proctored-exam-montgomery-college-practice-questions-set-58","med-surg-proctored-exam-montgomery-college-practice-questions-set-58","Med Surg Proctored Exam Montgomery College Practice Questions","nursing-test-bank","SuT1noZoNGEjKGR1vTbi","zMFBI0XMiRsJnnXWhL5S","4xNDZPMszSkpgRfEsOck","ATqbB6626W4L0bvp4zed","pillarPages/nursing-test-bank/subPages/SuT1noZoNGEjKGR1vTbi/nestedSubPages/zMFBI0XMiRsJnnXWhL5S/topics/4xNDZPMszSkpgRfEsOck/quizzes/ATqbB6626W4L0bvp4zed","true","quiz","quiz","med-surg-proctored-exam-montgomery-college-practice-questions-set-58","med-surg-proctored-exam-montgomery-college-practice-questions-set-58","Med Surg Proctored Exam Montgomery College Practice Questions"
"F6hpngqoddYgP30pklx3","quiz","hesi-pn-exit-2023-proctored-exam","hesi-pn-exit-2023-proctored-exam","HESI PN Exit 2023 Proctored Exam","nursing-exit-exam","nkXaaMfkkbvjmrSRwtVq","BH31o1XVf6CrhNvQvfOO","","g5dEyFi8r6Q8RdNlklGT","pillarPages/nursing-exit-exam/subPages/nkXaaMfkkbvjmrSRwtVq/nestedSubPages/BH31o1XVf6CrhNvQvfOO/quizzes/g5dEyFi8r6Q8RdNlklGT","true","quiz","quiz","hesi-pn-exit-2023-proctored-exam","hesi-pn-exit-2023-proctored-exam","HESI PN Exit 2023 Proctored Exam"
"FA720Ekr1Mr1onoIyBRQ","quiz","ati-pn-ns122-pediatrics-monroe-college-ny-pn-proctored-exam-practice-questions","ati-pn-ns122-pediatrics-monroe-college-ny-pn-proctored-exam-practice-questions","ATI PN NS122 Pediatrics Monroe College NY PN Proctored Exam Practice Questions","nursing-test-bank","z0xzINtS3EohZNaKosBz","lyrHg4RBzN6UafuymMFT","Y0MhOdG0hGVh8AUsgVrz","i8ciR10yF37bLxkFAL0q","pillarPages/nursing-test-bank/subPages/z0xzINtS3EohZNaKosBz/nestedSubPages/lyrHg4RBzN6UafuymMFT/topics/Y0MhOdG0hGVh8AUsgVrz/quizzes/i8ciR10yF37bLxkFAL0q","true","quiz","quiz","ati-pn-ns122-pediatrics-monroe-college-ny-pn-proctored-exam-practice-questions","ati-pn-ns122-pediatrics-monroe-college-ny-pn-proctored-exam-practice-questions","ATI PN NS122 Pediatrics Monroe College NY PN Proctored Exam Practice Questions"
"FBeMmb1WpvBq1TViLJ2t","sub","rn-exit-exams","rn-exit-exams","","nursing-exit-exam","S4vSoa5bxDgZ1L5kLOJe","","","","pillarPages/nursing-exit-exam/subPages/S4vSoa5bxDgZ1L5kLOJe","true","subPage","sub","rn-exit-exams","rn-exit-exams","RN Exams"
"FI8bndG8iXcWzZ0N76Oi","quiz","med-surg-proctored-exam-broward-college-practice-questions","med-surg-proctored-exam-broward-college-practice-questions","Med Surg Proctored Exam (Broward College) Practice Questions","nursing-test-bank","SuT1noZoNGEjKGR1vTbi","zMFBI0XMiRsJnnXWhL5S","4xNDZPMszSkpgRfEsOck","pRBrxJgu969oO9A6Wttm","pillarPages/nursing-test-bank/subPages/SuT1noZoNGEjKGR1vTbi/nestedSubPages/zMFBI0XMiRsJnnXWhL5S/topics/4xNDZPMszSkpgRfEsOck/quizzes/pRBrxJgu969oO9A6Wttm","true","quiz","quiz","med-surg-proctored-exam-broward-college-practice-questions","med-surg-proctored-exam-broward-college-practice-questions","Med Surg Proctored Exam (Broward College) Practice Questions"
"FLqZHYWJ2qSVJCp4iQtY","quiz","rn-comprehensive-predictor-2023-proctored-exam-st-joseph","rn-comprehensive-predictor-2023-proctored-exam-st-joseph","RN Comprehensive Predictor 2023 Proctored Exam - St. Joseph","nursing-exit-exam","S4vSoa5bxDgZ1L5kLOJe","QsMAv9L9bzYoFjgdfKgH","","yClJPYFC3IGZqbTdB3ub","pillarPages/nursing-exit-exam/subPages/S4vSoa5bxDgZ1L5kLOJe/nestedSubPages/QsMAv9L9bzYoFjgdfKgH/quizzes/yClJPYFC3IGZqbTdB3ub","true","quiz","quiz","rn-comprehensive-predictor-2023-proctored-exam-st-joseph","rn-comprehensive-predictor-2023-proctored-exam-st-joseph","RN Comprehensive Predictor 2023 Proctored Exam - St. Joseph"
"FQBUUCJrkkFRT5Tui8QL","quiz","teas-english-practice-test-set-2","teas-english-practice-test-set-2","","nursing-entrance-exam","yrdSf0KpOcuybL1SLnw7","ykWIONcheFBJ7ooEl7WK","","7rIYkvuZpCUq0uBF6lSX","pillarPages/nursing-entrance-exam/subPages/yrdSf0KpOcuybL1SLnw7/nestedSubPages/ykWIONcheFBJ7ooEl7WK/quizzes/7rIYkvuZpCUq0uBF6lSX","true","quiz","quiz","teas-english-practice-test-set-2","teas-english-practice-test-set-2","TEAS English Practice Test Set 2"
"FSy8PErcymrfga6ICwh6","quiz","ati-pn-fundamentals-proctored-exam-practice-questions-set-9","ati-pn-fundamentals-proctored-exam-practice-questions-set-9","ATI PN Fundamentals Proctored Exam Practice Questions - Set 9","nursing-test-bank","z0xzINtS3EohZNaKosBz","lyrHg4RBzN6UafuymMFT","1Lb0PkKiTEM2wQOIMDtv","Sm4h5j6AulICJ2bJ3Nfg","pillarPages/nursing-test-bank/subPages/z0xzINtS3EohZNaKosBz/nestedSubPages/lyrHg4RBzN6UafuymMFT/topics/1Lb0PkKiTEM2wQOIMDtv/quizzes/Sm4h5j6AulICJ2bJ3Nfg","true","quiz","quiz","ati-pn-fundamentals-proctored-exam-practice-questions-set-9","ati-pn-fundamentals-proctored-exam-practice-questions-set-9","ATI PN Fundamentals Proctored Exam Practice Questions - Set 9"
"FVqnp80TfFrMom1MLwbQ","quiz","ati-pn-fundamentals-proctored-exam-practice-questions-set-12","ati-pn-fundamentals-proctored-exam-practice-questions-set-12","ATI PN Fundamentals Proctored Exam Practice Questions - Set 12","nursing-test-bank","z0xzINtS3EohZNaKosBz","lyrHg4RBzN6UafuymMFT","1Lb0PkKiTEM2wQOIMDtv","XCQ7ZCd8IEL8KiBKCe32","pillarPages/nursing-test-bank/subPages/z0xzINtS3EohZNaKosBz/nestedSubPages/lyrHg4RBzN6UafuymMFT/topics/1Lb0PkKiTEM2wQOIMDtv/quizzes/XCQ7ZCd8IEL8KiBKCe32","true","quiz","quiz","ati-pn-fundamentals-proctored-exam-practice-questions-set-12","ati-pn-fundamentals-proctored-exam-practice-questions-set-12","ATI PN Fundamentals Proctored Exam Practice Questions - Set 12"
"FWzcRWoRT2ILLeyfVQjp","quiz","nur3380-applying-the-nursing-process-to-alterations-in-health-exam-1-practice-questions","nur3380-applying-the-nursing-process-to-alterations-in-health-exam-1-practice-questions","Nur3380 Applying the Nursing Process to Alterations in Health Exam 1 Practice Questions","nursing-test-bank","SuT1noZoNGEjKGR1vTbi","zMFBI0XMiRsJnnXWhL5S","4xNDZPMszSkpgRfEsOck","3u3P05qoktaouu85tPUu","pillarPages/nursing-test-bank/subPages/SuT1noZoNGEjKGR1vTbi/nestedSubPages/zMFBI0XMiRsJnnXWhL5S/topics/4xNDZPMszSkpgRfEsOck/quizzes/3u3P05qoktaouu85tPUu","true","quiz","quiz","nur3380-applying-the-nursing-process-to-alterations-in-health-exam-1-practice-questions","nur3380-applying-the-nursing-process-to-alterations-in-health-exam-1-practice-questions","Nur3380 Applying the Nursing Process to Alterations in Health Exam 1 Practice Questions"
"FXS2PTIoVve8LLPmOjEx","quiz","teas-math-practice-test-set-11","teas-math-practice-test-set-11","","nursing-entrance-exam","yrdSf0KpOcuybL1SLnw7","e9EcRCWTbyKVpyLXUKzd","","wm20wssdsah839RR1SLn","pillarPages/nursing-entrance-exam/subPages/yrdSf0KpOcuybL1SLnw7/nestedSubPages/e9EcRCWTbyKVpyLXUKzd/quizzes/wm20wssdsah839RR1SLn","true","quiz","quiz","teas-math-practice-test-set-11","teas-math-practice-test-set-11","TEAS Math Practice Test Set 11"
"FYgQPmxjcrVoGnelWToZ","quiz","ati-pn-adult-medical-surgical-2020-with-ngn-proctored-exam-3-practice-questions","ati-pn-adult-medical-surgical-2020-with-ngn-proctored-exam-3-practice-questions","ATI PN Adult Medical Surgical 2020 with NGN Proctored Exam 3 Practice Questions","nursing-test-bank","z0xzINtS3EohZNaKosBz","lyrHg4RBzN6UafuymMFT","NywbGW22YNeZSM3kuwKk","4JlbZin863XAZQXq3kbl","pillarPages/nursing-test-bank/subPages/z0xzINtS3EohZNaKosBz/nestedSubPages/lyrHg4RBzN6UafuymMFT/topics/NywbGW22YNeZSM3kuwKk/quizzes/4JlbZin863XAZQXq3kbl","true","quiz","quiz","ati-pn-adult-medical-surgical-2020-with-ngn-proctored-exam-3-practice-questions","ati-pn-adult-medical-surgical-2020-with-ngn-proctored-exam-3-practice-questions","ATI PN Adult Medical Surgical 2020 with NGN Proctored Exam 3 Practice Questions"
"FjiEHYbHFQEUc40AngqZ","quiz","ivytech-community-college-obstetrics-and-pediatrics-proctored-exam-practice-questions","ivytech-community-college-obstetrics-and-pediatrics-proctored-exam-practice-questions","Ivytech Community College Obstetrics and Pediatrics Proctored Exam Practice Questions","nursing-test-bank","SuT1noZoNGEjKGR1vTbi","zMFBI0XMiRsJnnXWhL5S","Hwspg6smTqrELsoRSNmc","brVt9AMvFGCbruCMYR5b","pillarPages/nursing-test-bank/subPages/SuT1noZoNGEjKGR1vTbi/nestedSubPages/zMFBI0XMiRsJnnXWhL5S/topics/Hwspg6smTqrELsoRSNmc/quizzes/brVt9AMvFGCbruCMYR5b","true","quiz","quiz","ivytech-community-college-obstetrics-and-pediatrics-proctored-exam-practice-questions","ivytech-community-college-obstetrics-and-pediatrics-proctored-exam-practice-questions","Ivytech Community College Obstetrics and Pediatrics Proctored Exam Practice Questions"
"FlCKHwDv8ehKgS9k04vS","quiz","hesi-rn-med-surg-hematological-system-proctored-exam-practice-questions","hesi-rn-med-surg-hematological-system-proctored-exam-practice-questions","HESI RN Med Surg Hematological System Proctored Exam Practice Questions","nursing-test-bank","SuT1noZoNGEjKGR1vTbi","iT55qp9NAFOvZLBAiQzC","aS23yuUD7OS39aVVutYn","pIPw4U2UewaFkWcJngl0","pillarPages/nursing-test-bank/subPages/SuT1noZoNGEjKGR1vTbi/nestedSubPages/iT55qp9NAFOvZLBAiQzC/topics/aS23yuUD7OS39aVVutYn/quizzes/pIPw4U2UewaFkWcJngl0","true","quiz","quiz","hesi-rn-med-surg-hematological-system-proctored-exam-practice-questions","hesi-rn-med-surg-hematological-system-proctored-exam-practice-questions","HESI RN Med Surg Hematological System Proctored Exam Practice Questions"
"Fpfz516EKm6f1rQmfuVF","topic","hesi-rn-biology-practice-questions","hesi-rn-biology-practice-questions","Biology","nursing-test-bank","SuT1noZoNGEjKGR1vTbi","iT55qp9NAFOvZLBAiQzC","hQ9i2jdugpRUC2Nk733R","","pillarPages/nursing-test-bank/subPages/SuT1noZoNGEjKGR1vTbi/nestedSubPages/iT55qp9NAFOvZLBAiQzC/topics/hQ9i2jdugpRUC2Nk733R","true","topic","topic","hesi-rn-biology-practice-questions","hesi-rn-biology-practice-questions","Biology"
"FvRuqFWmEp5tT7k0AQFW","quiz","care-hope-college-rn-hesi-rn-maternity-proctored-exam-practice-questions","care-hope-college-rn-hesi-rn-maternity-proctored-exam-practice-questions","Care Hope College RN HESI RN Maternity Proctored Exam Practice Questions","nursing-test-bank","SuT1noZoNGEjKGR1vTbi","iT55qp9NAFOvZLBAiQzC","ULDy5qJrNGEhyYIuXZvp","XpnHDdWeOIlVpr35ojRH","pillarPages/nursing-test-bank/subPages/SuT1noZoNGEjKGR1vTbi/nestedSubPages/iT55qp9NAFOvZLBAiQzC/topics/ULDy5qJrNGEhyYIuXZvp/quizzes/XpnHDdWeOIlVpr35ojRH","true","quiz","quiz","care-hope-college-rn-hesi-rn-maternity-proctored-exam-practice-questions","care-hope-college-rn-hesi-rn-maternity-proctored-exam-practice-questions","Care Hope College RN HESI RN Maternity Proctored Exam Practice Questions"
"FziONrTdZo8Qeq6yFogx","quiz","kaplan-admission-practice-test-writing-quiz-1","kaplan-admission-practice-test-writing-quiz-1","","nursing-entrance-exam","jdJsAeBdy2mJO0kPibeV","Iz4T9Aq3e9r72hKG0kUG","","6EtQMYnu9wvDlC0Yo4I1","pillarPages/nursing-entrance-exam/subPages/jdJsAeBdy2mJO0kPibeV/nestedSubPages/Iz4T9Aq3e9r72hKG0kUG/quizzes/6EtQMYnu9wvDlC0Yo4I1","true","quiz","quiz","kaplan-admission-practice-test-writing-quiz-1","kaplan-admission-practice-test-writing-quiz-1","Kaplan Admission Practice Test Writing"
"G6a7vNyrREppYwrfR30h","quiz","hesi-a2-math-practice-test-set-2","hesi-a2-math-practice-test-set-2","","nursing-entrance-exam","rdYGUZ9DzFvAmo6EsrVe","WCMWPi3ol4wwpJaHF6DH","","hesi-a2-math-practice-test-set-2","pillarPages/nursing-entrance-exam/subPages/rdYGUZ9DzFvAmo6EsrVe/nestedSubPages/WCMWPi3ol4wwpJaHF6DH/quizzes/hesi-a2-math-practice-test-set-2","true","quiz","entrance_quiz_subject","hesi-a2-math-practice-test-set-2","hesi-a2-math-practice-test-set-2","HESI A2 Math Practice Test Set 2"
"GAnf9VksKpS2Nz0f5Fne","quiz","foundation-of-nursing-proctored-exam-examplify-copp-state-university-practice-questions","foundation-of-nursing-proctored-exam-examplify-copp-state-university-practice-questions","Foundation of Nursing Proctored Exam (Examplify Copp State University) Practice Questions","nursing-test-bank","SuT1noZoNGEjKGR1vTbi","zMFBI0XMiRsJnnXWhL5S","sBc3Ee7TKg33PIbmj4Hb","VVOpwqfBj3ZDJKdZV1Pu","pillarPages/nursing-test-bank/subPages/SuT1noZoNGEjKGR1vTbi/nestedSubPages/zMFBI0XMiRsJnnXWhL5S/topics/sBc3Ee7TKg33PIbmj4Hb/quizzes/VVOpwqfBj3ZDJKdZV1Pu","true","quiz","quiz","foundation-of-nursing-proctored-exam-examplify-copp-state-university-practice-questions","foundation-of-nursing-proctored-exam-examplify-copp-state-university-practice-questions","Foundation of Nursing Proctored Exam (Examplify Copp State University) Practice Questions"
"GBH5ToRXhxmgR1iE2BfI","topic","ati-pn-nutrition-practice-questions","ati-pn-nutrition-practice-questions","ATI PN Nutrition Practice Questions","nursing-test-bank","z0xzINtS3EohZNaKosBz","lyrHg4RBzN6UafuymMFT","ilQ0n4O4zSgd6exoMQfi","","pillarPages/nursing-test-bank/subPages/z0xzINtS3EohZNaKosBz/nestedSubPages/lyrHg4RBzN6UafuymMFT/topics/ilQ0n4O4zSgd6exoMQfi","true","topic","topic","ati-pn-nutrition-practice-questions","ati-pn-nutrition-practice-questions","Nutrition"
"GC0IxR20QG9JPoPG58vL","topic","hesi-lpn-fundamentals-practice-questions","hesi-lpn-fundamentals-practice-questions","Fundamentals","nursing-test-bank","z0xzINtS3EohZNaKosBz","ToLSmb6DG83NTZWXEJxt","HQnTsUWAQtikNnY47O7a","","pillarPages/nursing-test-bank/subPages/z0xzINtS3EohZNaKosBz/nestedSubPages/ToLSmb6DG83NTZWXEJxt/topics/HQnTsUWAQtikNnY47O7a","true","topic","topic","hesi-lpn-fundamentals-practice-questions","hesi-lpn-fundamentals-practice-questions","Fundamentals"
"GDV43fEChhkX6vFhVIar","quiz","hesi-a2-vocabulary-practice-test-set-4","hesi-a2-vocabulary-practice-test-set-4","","nursing-entrance-exam","rdYGUZ9DzFvAmo6EsrVe","i7Rzaozenx3Czccmf5HD","","hesi-a2-vocabulary-practice-test-set-4","pillarPages/nursing-entrance-exam/subPages/rdYGUZ9DzFvAmo6EsrVe/nestedSubPages/i7Rzaozenx3Czccmf5HD/quizzes/hesi-a2-vocabulary-practice-test-set-4","true","quiz","entrance_quiz_subject","hesi-a2-vocabulary-practice-test-set-4","hesi-a2-vocabulary-practice-test-set-4","HESI A2 Vocabulary Practice Test Set 4"
"GJJnvmcHagvu07ZUUZTS","quiz","nur390-med-surg-390-proctored-exam-practice-questions","nur390-med-surg-390-proctored-exam-practice-questions","Nur390 Med Surg 390 Proctored Exam Practice Questions","nursing-test-bank","SuT1noZoNGEjKGR1vTbi","zMFBI0XMiRsJnnXWhL5S","4xNDZPMszSkpgRfEsOck","rEOXVnTB1XC8xh0974yk","pillarPages/nursing-test-bank/subPages/SuT1noZoNGEjKGR1vTbi/nestedSubPages/zMFBI0XMiRsJnnXWhL5S/topics/4xNDZPMszSkpgRfEsOck/quizzes/rEOXVnTB1XC8xh0974yk","true","quiz","quiz","nur390-med-surg-390-proctored-exam-practice-questions","nur390-med-surg-390-proctored-exam-practice-questions","Nur390 Med Surg 390 Proctored Exam Practice Questions"
"GJlk36AmswCZErK9u3Fm","topic","ati-fundamentals-proctored-exam-practice-questions","ati-fundamentals-proctored-exam-practice-questions","","nursing-test-bank","SuT1noZoNGEjKGR1vTbi","Fnnd4c6ae0Uiurk2KUSc","wNz3qfQfLYqN3tsf1DTk","","pillarPages/nursing-test-bank/subPages/SuT1noZoNGEjKGR1vTbi/nestedSubPages/Fnnd4c6ae0Uiurk2KUSc/topics/wNz3qfQfLYqN3tsf1DTk","true","topic","topic","ati-fundamentals-proctored-exam-practice-questions","ati-fundamentals-proctored-exam-practice-questions","Fundamentals"
"GLnd4TXCLsMCAOk64nms","quiz","ati-pn-fundamentals-proctored-exam-mobility-practice-questions","ati-pn-fundamentals-proctored-exam-mobility-practice-questions","ATI PN Fundamentals Proctored Exam(Mobility) Practice Questions","nursing-test-bank","z0xzINtS3EohZNaKosBz","lyrHg4RBzN6UafuymMFT","1Lb0PkKiTEM2wQOIMDtv","p2D1OzqUdT41JKmOtad2","pillarPages/nursing-test-bank/subPages/z0xzINtS3EohZNaKosBz/nestedSubPages/lyrHg4RBzN6UafuymMFT/topics/1Lb0PkKiTEM2wQOIMDtv/quizzes/p2D1OzqUdT41JKmOtad2","true","quiz","quiz","ati-pn-fundamentals-proctored-exam-mobility-practice-questions","ati-pn-fundamentals-proctored-exam-mobility-practice-questions","ATI PN Fundamentals Proctored Exam(Mobility) Practice Questions"
"GPrvNhF8IYDTd2Pug4f4","nested","hesi-a2-math-practice-test","hesi-a2-math-practice-test","","nursing-entrance-exam","rdYGUZ9DzFvAmo6EsrVe","WCMWPi3ol4wwpJaHF6DH","","","pillarPages/nursing-entrance-exam/subPages/rdYGUZ9DzFvAmo6EsrVe/nestedSubPages/WCMWPi3ol4wwpJaHF6DH","true","nested","nested","hesi-a2-math-practice-test","hesi-a2-math-practice-test","Hesi A2 Math Practice Test"
"GTGXJN3SrMStbgwt69EK","quiz","ati-pn-fundamentals-proctored-exam-practice-questions-set-23","ati-pn-fundamentals-proctored-exam-practice-questions-set-23","ATI PN Fundamentals Proctored Exam Practice Questions - Set 23","nursing-test-bank","z0xzINtS3EohZNaKosBz","lyrHg4RBzN6UafuymMFT","1Lb0PkKiTEM2wQOIMDtv","oh5GUsT6JWnYtB2lQieB","pillarPages/nursing-test-bank/subPages/z0xzINtS3EohZNaKosBz/nestedSubPages/lyrHg4RBzN6UafuymMFT/topics/1Lb0PkKiTEM2wQOIMDtv/quizzes/oh5GUsT6JWnYtB2lQieB","true","quiz","quiz","ati-pn-fundamentals-proctored-exam-practice-questions-set-23","ati-pn-fundamentals-proctored-exam-practice-questions-set-23","ATI PN Fundamentals Proctored Exam Practice Questions - Set 23"
"GU78rWVMa3gGW7XOe9dl","quiz","pathophisiology-proctored-exam-practice-questions","pathophisiology-proctored-exam-practice-questions","Pathophisiology Proctored Exam Practice Questions","nursing-test-bank","SuT1noZoNGEjKGR1vTbi","zMFBI0XMiRsJnnXWhL5S","KyUeIK7zxUi2K91H84Bj","erb1BNm74DzBIORwnNPe","pillarPages/nursing-test-bank/subPages/SuT1noZoNGEjKGR1vTbi/nestedSubPages/zMFBI0XMiRsJnnXWhL5S/topics/KyUeIK7zxUi2K91H84Bj/quizzes/erb1BNm74DzBIORwnNPe","true","quiz","quiz","pathophisiology-proctored-exam-practice-questions","pathophisiology-proctored-exam-practice-questions","Pathophisiology Proctored Exam Practice Questions"
"GXcUQAvh1aOOlfLexjWT","quiz","med-surg-urinary-fluid-and-electrolytes-proctored-exam-practice-questions","med-surg-urinary-fluid-and-electrolytes-proctored-exam-practice-questions","Med Surg, Urinary, Fluid and Electrolytes Proctored Exam Practice Questions","nursing-test-bank","SuT1noZoNGEjKGR1vTbi","zMFBI0XMiRsJnnXWhL5S","4xNDZPMszSkpgRfEsOck","LKFAjcjPKi7cfgtIX6fH","pillarPages/nursing-test-bank/subPages/SuT1noZoNGEjKGR1vTbi/nestedSubPages/zMFBI0XMiRsJnnXWhL5S/topics/4xNDZPMszSkpgRfEsOck/quizzes/LKFAjcjPKi7cfgtIX6fH","true","quiz","quiz","med-surg-urinary-fluid-and-electrolytes-proctored-exam-practice-questions","med-surg-urinary-fluid-and-electrolytes-proctored-exam-practice-questions","Med Surg, Urinary, Fluid and Electrolytes Proctored Exam Practice Questions"
"GYpc8O7mdjVCfYfxp5Jx","quiz","nursing-care-of-women-maternity-regular-proctored-exam-practice-questions","nursing-care-of-women-maternity-regular-proctored-exam-practice-questions","Nursing Care of Women, Maternity Regular Proctored Exam Practice Questions","nursing-test-bank","SuT1noZoNGEjKGR1vTbi","zMFBI0XMiRsJnnXWhL5S","stnDIFRoA0VwLaoxbGv1","Hh5GpCM2UzRuz2y1irUg","pillarPages/nursing-test-bank/subPages/SuT1noZoNGEjKGR1vTbi/nestedSubPages/zMFBI0XMiRsJnnXWhL5S/topics/stnDIFRoA0VwLaoxbGv1/quizzes/Hh5GpCM2UzRuz2y1irUg","true","quiz","quiz","nursing-care-of-women-maternity-regular-proctored-exam-practice-questions","nursing-care-of-women-maternity-regular-proctored-exam-practice-questions","Nursing Care of Women, Maternity Regular Proctored Exam Practice Questions"
"GhGElkEB0hmuQCYESpWL","quiz","hesi-rn-medical-surgical-proctored-exam-practice-questions-set-15","hesi-rn-medical-surgical-proctored-exam-practice-questions-set-15","HESI RN Medical Surgical Proctored Exam Practice Questions - Set 15","nursing-test-bank","SuT1noZoNGEjKGR1vTbi","iT55qp9NAFOvZLBAiQzC","aS23yuUD7OS39aVVutYn","q8N98jdIKb3bG4hRJMZB","pillarPages/nursing-test-bank/subPages/SuT1noZoNGEjKGR1vTbi/nestedSubPages/iT55qp9NAFOvZLBAiQzC/topics/aS23yuUD7OS39aVVutYn/quizzes/q8N98jdIKb3bG4hRJMZB","true","quiz","quiz","hesi-rn-medical-surgical-proctored-exam-practice-questions-set-15","hesi-rn-medical-surgical-proctored-exam-practice-questions-set-15","HESI RN Medical Surgical Proctored Exam Practice Questions - Set 15"
"GuD9SaikJ0HoJtrTMgLH","quiz","ati-pn-nutrition-proctored-exam-practice-questions-set-3","ati-pn-nutrition-proctored-exam-practice-questions-set-3","ATI PN Nutrition Proctored Exam Practice Questions - Set 3","nursing-test-bank","z0xzINtS3EohZNaKosBz","lyrHg4RBzN6UafuymMFT","ilQ0n4O4zSgd6exoMQfi","bCjURiN2y4X6jv6ANRuJ","pillarPages/nursing-test-bank/subPages/z0xzINtS3EohZNaKosBz/nestedSubPages/lyrHg4RBzN6UafuymMFT/topics/ilQ0n4O4zSgd6exoMQfi/quizzes/bCjURiN2y4X6jv6ANRuJ","true","quiz","quiz","ati-pn-nutrition-proctored-exam-practice-questions-set-3","ati-pn-nutrition-proctored-exam-practice-questions-set-3","ATI PN Nutrition Proctored Exam Practice Questions - Set 3"
"GvImP8XzWnZSlfSHbO0g","quiz","hesi-rn-maternity-proctored-exam-7n-practice-questions","hesi-rn-maternity-proctored-exam-7n-practice-questions","HESI RN Maternity Proctored Exam 7N Practice Questions","nursing-test-bank","SuT1noZoNGEjKGR1vTbi","iT55qp9NAFOvZLBAiQzC","ULDy5qJrNGEhyYIuXZvp","DjNkEod6ghwiBqH4gG6k","pillarPages/nursing-test-bank/subPages/SuT1noZoNGEjKGR1vTbi/nestedSubPages/iT55qp9NAFOvZLBAiQzC/topics/ULDy5qJrNGEhyYIuXZvp/quizzes/DjNkEod6ghwiBqH4gG6k","true","quiz","quiz","hesi-rn-maternity-proctored-exam-7n-practice-questions","hesi-rn-maternity-proctored-exam-7n-practice-questions","HESI RN Maternity Proctored Exam 7N Practice Questions"
"GyFMAGEajmtdnqXV2NOx","quiz","hesi-rn-cat-proctored-exam-practice-questions","hesi-rn-cat-proctored-exam-practice-questions","HESI RN Cat Proctored Exam Practice Questions","nursing-test-bank","SuT1noZoNGEjKGR1vTbi","iT55qp9NAFOvZLBAiQzC","CMoNbGuvq6grfTjWoBDO","PHAZwI4NzpaacH1ALO8k","pillarPages/nursing-test-bank/subPages/SuT1noZoNGEjKGR1vTbi/nestedSubPages/iT55qp9NAFOvZLBAiQzC/topics/CMoNbGuvq6grfTjWoBDO/quizzes/PHAZwI4NzpaacH1ALO8k","true","quiz","quiz","hesi-rn-cat-proctored-exam-practice-questions","hesi-rn-cat-proctored-exam-practice-questions","HESI RN Cat Proctored Exam Practice Questions"
"GyM7OhjHMDwYuuO3q32S","quiz","samuel-merrit-university-oaklands-hesi-rn-maternity-labor-and-delivery-proctored-exam-practice-questions","samuel-merrit-university-oaklands-hesi-rn-maternity-labor-and-delivery-proctored-exam-practice-questions","Samuel Merrit University Oaklands HESI RN Maternity (Labor and Delivery) Proctored Exam Practice Questions","nursing-test-bank","SuT1noZoNGEjKGR1vTbi","iT55qp9NAFOvZLBAiQzC","ULDy5qJrNGEhyYIuXZvp","XV6W7KKmWvctobe9Vf9C","pillarPages/nursing-test-bank/subPages/SuT1noZoNGEjKGR1vTbi/nestedSubPages/iT55qp9NAFOvZLBAiQzC/topics/ULDy5qJrNGEhyYIuXZvp/quizzes/XV6W7KKmWvctobe9Vf9C","true","quiz","quiz","samuel-merrit-university-oaklands-hesi-rn-maternity-labor-and-delivery-proctored-exam-practice-questions","samuel-merrit-university-oaklands-hesi-rn-maternity-labor-and-delivery-proctored-exam-practice-questions","Samuel Merrit University Oaklands HESI RN Maternity (Labor and Delivery) Proctored Exam Practice Questions"
"Gzly9BmORonLNhHh6t7B","quiz","ati-pn-medsurg-resp-test-proctored-exam-practice-questions","ati-pn-medsurg-resp-test-proctored-exam-practice-questions","ATI PN Medsurg Resp Test Proctored Exam Practice Questions","nursing-test-bank","z0xzINtS3EohZNaKosBz","lyrHg4RBzN6UafuymMFT","NywbGW22YNeZSM3kuwKk","lg6xloPqzNxMV7WL3UVF","pillarPages/nursing-test-bank/subPages/z0xzINtS3EohZNaKosBz/nestedSubPages/lyrHg4RBzN6UafuymMFT/topics/NywbGW22YNeZSM3kuwKk/quizzes/lg6xloPqzNxMV7WL3UVF","true","quiz","quiz","ati-pn-medsurg-resp-test-proctored-exam-practice-questions","ati-pn-medsurg-resp-test-proctored-exam-practice-questions","ATI PN Medsurg Resp Test Proctored Exam Practice Questions"
"H3FrtGsxyGp0DpQf1skb","nested","hesi-a2-chemistry-practice-test","hesi-a2-chemistry-practice-test","","nursing-entrance-exam","rdYGUZ9DzFvAmo6EsrVe","lOJHdJ4lr3plcJkz2yfp","","","pillarPages/nursing-entrance-exam/subPages/rdYGUZ9DzFvAmo6EsrVe/nestedSubPages/lOJHdJ4lr3plcJkz2yfp","true","nested","nested","hesi-a2-chemistry-practice-test","hesi-a2-chemistry-practice-test","Hesi A2 Chemistry Practice Test"
"H3bDkeQn8CjeDHPR7zG7","quiz","peds-proctored-exam-week-3-exam-practice-questions","peds-proctored-exam-week-3-exam-practice-questions","Peds Proctored Exam (Week 3 Exam) Practice Questions","nursing-test-bank","SuT1noZoNGEjKGR1vTbi","zMFBI0XMiRsJnnXWhL5S","Hwspg6smTqrELsoRSNmc","pZK8StNc4oCW6ESbMUqb","pillarPages/nursing-test-bank/subPages/SuT1noZoNGEjKGR1vTbi/nestedSubPages/zMFBI0XMiRsJnnXWhL5S/topics/Hwspg6smTqrELsoRSNmc/quizzes/pZK8StNc4oCW6ESbMUqb","true","quiz","quiz","peds-proctored-exam-week-3-exam-practice-questions","peds-proctored-exam-week-3-exam-practice-questions","Peds Proctored Exam (Week 3 Exam) Practice Questions"
"H61Bt6d3FDQCwBqLHqQb","nested","ati-rn-exams","ati-rn-exams","","nursing-test-bank","SuT1noZoNGEjKGR1vTbi","Fnnd4c6ae0Uiurk2KUSc","","","pillarPages/nursing-test-bank/subPages/SuT1noZoNGEjKGR1vTbi/nestedSubPages/Fnnd4c6ae0Uiurk2KUSc","true","nested","nested","ati-rn-exams","ati-rn-exams","ATI RN Exams"
"HASMRM56Snyb6EpjsXTi","quiz","n3661-med-surg-proctored-exam-care-of-adults-uta-university-practice-questions","n3661-med-surg-proctored-exam-care-of-adults-uta-university-practice-questions","N3661 Med Surg Proctored Exam (Care of Adults) Uta University Practice Questions","nursing-test-bank","SuT1noZoNGEjKGR1vTbi","zMFBI0XMiRsJnnXWhL5S","4xNDZPMszSkpgRfEsOck","FfQKKAwaswizFp6NIBg6","pillarPages/nursing-test-bank/subPages/SuT1noZoNGEjKGR1vTbi/nestedSubPages/zMFBI0XMiRsJnnXWhL5S/topics/4xNDZPMszSkpgRfEsOck/quizzes/FfQKKAwaswizFp6NIBg6","true","quiz","quiz","n3661-med-surg-proctored-exam-care-of-adults-uta-university-practice-questions","n3661-med-surg-proctored-exam-care-of-adults-uta-university-practice-questions","N3661 Med Surg Proctored Exam (Care of Adults) Uta University Practice Questions"
"HBGpWUltmAfbLNsKk4O5","quiz","pathophysiology-proctored-exam-practice-questions-set-1","pathophysiology-proctored-exam-practice-questions-set-1","Pathophysiology Proctored Exam Practice Questions - Set 1","nursing-test-bank","SuT1noZoNGEjKGR1vTbi","zMFBI0XMiRsJnnXWhL5S","KyUeIK7zxUi2K91H84Bj","zyFDr6cqupKNbh5pXjRM","pillarPages/nursing-test-bank/subPages/SuT1noZoNGEjKGR1vTbi/nestedSubPages/zMFBI0XMiRsJnnXWhL5S/topics/KyUeIK7zxUi2K91H84Bj/quizzes/zyFDr6cqupKNbh5pXjRM","true","quiz","quiz","pathophysiology-proctored-exam-practice-questions-set-1","pathophysiology-proctored-exam-practice-questions-set-1","Pathophysiology Proctored Exam Practice Questions - Set 1"
"HBmz40Ssn7yOmDgHFRsg","quiz","ob-maternal-newborn-exam-east-los-ngeles-college-proctored-exam-practice-questions","ob-maternal-newborn-exam-east-los-ngeles-college-proctored-exam-practice-questions","OB Maternal Newborn Exam East Los Ángeles College Proctored Exam Practice Questions","nursing-test-bank","SuT1noZoNGEjKGR1vTbi","zMFBI0XMiRsJnnXWhL5S","stnDIFRoA0VwLaoxbGv1","V0kpLfYY5zeI4YcdHOkm","pillarPages/nursing-test-bank/subPages/SuT1noZoNGEjKGR1vTbi/nestedSubPages/zMFBI0XMiRsJnnXWhL5S/topics/stnDIFRoA0VwLaoxbGv1/quizzes/V0kpLfYY5zeI4YcdHOkm","true","quiz","quiz","ob-maternal-newborn-exam-east-los-ngeles-college-proctored-exam-practice-questions","ob-maternal-newborn-exam-east-los-ngeles-college-proctored-exam-practice-questions","OB Maternal Newborn Exam East Los Ángeles College Proctored Exam Practice Questions"
"HP7lRrOAEn3y3x6QxRzn","quiz","ati-comprehensive-predictor-2023-exit-proctored-exam-a-form-2","ati-comprehensive-predictor-2023-exit-proctored-exam-a-form-2","ATI Comprehensive Predictor 2023 Exit Proctored Exam A Form 2","nursing-exit-exam","S4vSoa5bxDgZ1L5kLOJe","QsMAv9L9bzYoFjgdfKgH","","qlGZcedKkSagCWPKLsTZ","pillarPages/nursing-exit-exam/subPages/S4vSoa5bxDgZ1L5kLOJe/nestedSubPages/QsMAv9L9bzYoFjgdfKgH/quizzes/qlGZcedKkSagCWPKLsTZ","true","quiz","quiz","ati-comprehensive-predictor-2023-exit-proctored-exam-a-form-2","ati-comprehensive-predictor-2023-exit-proctored-exam-a-form-2","ATI Comprehensive Predictor 2023 Exit Proctored Exam A Form 2"
"HSDufBipOgNtbxsBfeVz","quiz","ati-pn-med-surg-respiratory-proctored-exam-practice-questions-set-19","ati-pn-med-surg-respiratory-proctored-exam-practice-questions-set-19","ATI PN Med Surg Respiratory Proctored Exam Practice Questions - Set 19","nursing-test-bank","z0xzINtS3EohZNaKosBz","lyrHg4RBzN6UafuymMFT","NywbGW22YNeZSM3kuwKk","8XHFE7onnG2jheIvCKe7","pillarPages/nursing-test-bank/subPages/z0xzINtS3EohZNaKosBz/nestedSubPages/lyrHg4RBzN6UafuymMFT/topics/NywbGW22YNeZSM3kuwKk/quizzes/8XHFE7onnG2jheIvCKe7","true","quiz","quiz","ati-pn-med-surg-respiratory-proctored-exam-practice-questions-set-19","ati-pn-med-surg-respiratory-proctored-exam-practice-questions-set-19","ATI PN Med Surg Respiratory Proctored Exam Practice Questions - Set 19"
"HXN3QVCLkryozOnL3ERn","quiz","leadership-exam-mary-mount-university-proctored-exam-practice-questions","leadership-exam-mary-mount-university-proctored-exam-practice-questions","Leadership Exam Mary Mount University Proctored Exam Practice Questions","nursing-test-bank","SuT1noZoNGEjKGR1vTbi","zMFBI0XMiRsJnnXWhL5S","sWcrKSZa84sgLyaVr5Sm","FDKENgKIBnmzrzwE22Rw","pillarPages/nursing-test-bank/subPages/SuT1noZoNGEjKGR1vTbi/nestedSubPages/zMFBI0XMiRsJnnXWhL5S/topics/sWcrKSZa84sgLyaVr5Sm/quizzes/FDKENgKIBnmzrzwE22Rw","true","quiz","quiz","leadership-exam-mary-mount-university-proctored-exam-practice-questions","leadership-exam-mary-mount-university-proctored-exam-practice-questions","Leadership Exam Mary Mount University Proctored Exam Practice Questions"
"HZCcCCsxKhtJMAdCVEag","quiz","ati-pn-adult-medical-surgical-2023-proctored-exam-practice-questions-set-63","ati-pn-adult-medical-surgical-2023-proctored-exam-practice-questions-set-63","ATI PN Adult Medical Surgical 2023 Proctored Exam Practice Questions - Set 63","nursing-test-bank","z0xzINtS3EohZNaKosBz","lyrHg4RBzN6UafuymMFT","NywbGW22YNeZSM3kuwKk","NIonK5tehhM21SSztUCD","pillarPages/nursing-test-bank/subPages/z0xzINtS3EohZNaKosBz/nestedSubPages/lyrHg4RBzN6UafuymMFT/topics/NywbGW22YNeZSM3kuwKk/quizzes/NIonK5tehhM21SSztUCD","true","quiz","quiz","ati-pn-adult-medical-surgical-2023-proctored-exam-practice-questions-set-63","ati-pn-adult-medical-surgical-2023-proctored-exam-practice-questions-set-63","ATI PN Adult Medical Surgical 2023 Proctored Exam Practice Questions - Set 63"
"Hb4FSNAzuBDNIfqUd4XQ","quiz","hesi-rn-pediatrics-proctored-exam-2-practice-questions-set-9","hesi-rn-pediatrics-proctored-exam-2-practice-questions-set-9","HESI RN Pediatrics Proctored Exam 2 Practice Questions - Set 9","nursing-test-bank","SuT1noZoNGEjKGR1vTbi","iT55qp9NAFOvZLBAiQzC","uXtCZ4Y6aeLjwMLtC1sD","PTYmm8TVoT2XIkzfURws","pillarPages/nursing-test-bank/subPages/SuT1noZoNGEjKGR1vTbi/nestedSubPages/iT55qp9NAFOvZLBAiQzC/topics/uXtCZ4Y6aeLjwMLtC1sD/quizzes/PTYmm8TVoT2XIkzfURws","true","quiz","quiz","hesi-rn-pediatrics-proctored-exam-2-practice-questions-set-9","hesi-rn-pediatrics-proctored-exam-2-practice-questions-set-9","HESI RN Pediatrics Proctored Exam 2 Practice Questions - Set 9"
"Hfr9fAIjvudNFZI9BFj7","quiz","community-health-nursing-examplify-proctored-exam-practice-questions","community-health-nursing-examplify-proctored-exam-practice-questions","Community Health Nursing Examplify Proctored Exam Practice Questions","nursing-test-bank","SuT1noZoNGEjKGR1vTbi","zMFBI0XMiRsJnnXWhL5S","pXf53xDTrL7aSDzdhniW","ep7N0E1h7XGLMpOIIYZI","pillarPages/nursing-test-bank/subPages/SuT1noZoNGEjKGR1vTbi/nestedSubPages/zMFBI0XMiRsJnnXWhL5S/topics/pXf53xDTrL7aSDzdhniW/quizzes/ep7N0E1h7XGLMpOIIYZI","true","quiz","quiz","community-health-nursing-examplify-proctored-exam-practice-questions","community-health-nursing-examplify-proctored-exam-practice-questions","Community Health Nursing Examplify Proctored Exam Practice Questions"
"HiI1FA2O0G0QocCstugz","quiz","ati-pn-critical-thinking-proctored-exam-practice-questions-set-20","ati-pn-critical-thinking-proctored-exam-practice-questions-set-20","ATI PN Critical Thinking Proctored Exam Practice Questions - Set 20","nursing-test-bank","z0xzINtS3EohZNaKosBz","lyrHg4RBzN6UafuymMFT","1Lb0PkKiTEM2wQOIMDtv","A29askX7kpjZw2xiiloN","pillarPages/nursing-test-bank/subPages/z0xzINtS3EohZNaKosBz/nestedSubPages/lyrHg4RBzN6UafuymMFT/topics/1Lb0PkKiTEM2wQOIMDtv/quizzes/A29askX7kpjZw2xiiloN","true","quiz","quiz","ati-pn-critical-thinking-proctored-exam-practice-questions-set-20","ati-pn-critical-thinking-proctored-exam-practice-questions-set-20","ATI PN Critical Thinking Proctored Exam Practice Questions - Set 20"
"HjRXwip3oIoCs8EsVtxG","nested","ati-lpn-exams","ati-lpn-exams","","nursing-test-bank","z0xzINtS3EohZNaKosBz","lyrHg4RBzN6UafuymMFT","","","pillarPages/nursing-test-bank/subPages/z0xzINtS3EohZNaKosBz/nestedSubPages/lyrHg4RBzN6UafuymMFT","true","nested","nested","ati-lpn-exams","ati-lpn-exams","ATI LPN Exams"
"HkVPUoc4yACAaQvU3toK","quiz","pathophysiology-proctored-exam-wgu-practice-questions","pathophysiology-proctored-exam-wgu-practice-questions","Pathophysiology Proctored Exam (WGU) Practice Questions","nursing-test-bank","SuT1noZoNGEjKGR1vTbi","zMFBI0XMiRsJnnXWhL5S","KyUeIK7zxUi2K91H84Bj","P67aOvmDV4XpnfhM7w6j","pillarPages/nursing-test-bank/subPages/SuT1noZoNGEjKGR1vTbi/nestedSubPages/zMFBI0XMiRsJnnXWhL5S/topics/KyUeIK7zxUi2K91H84Bj/quizzes/P67aOvmDV4XpnfhM7w6j","true","quiz","quiz","pathophysiology-proctored-exam-wgu-practice-questions","pathophysiology-proctored-exam-wgu-practice-questions","Pathophysiology Proctored Exam (WGU) Practice Questions"
"Hl0c8gCVNO3nGUW2hBgQ","quiz","anatomy-and-physiology-proctored-exam-practice-questions-set-5","anatomy-and-physiology-proctored-exam-practice-questions-set-5","Anatomy and Physiology Proctored Exam Practice Questions - Set 5","nursing-test-bank","SuT1noZoNGEjKGR1vTbi","zMFBI0XMiRsJnnXWhL5S","PavJlfHXwXRUhopKAOO9","shHudszIJhQYLSh7McFo","pillarPages/nursing-test-bank/subPages/SuT1noZoNGEjKGR1vTbi/nestedSubPages/zMFBI0XMiRsJnnXWhL5S/topics/PavJlfHXwXRUhopKAOO9/quizzes/shHudszIJhQYLSh7McFo","true","quiz","quiz","anatomy-and-physiology-proctored-exam-practice-questions-set-5","anatomy-and-physiology-proctored-exam-practice-questions-set-5","Anatomy and Physiology Proctored Exam Practice Questions - Set 5"
"Hsk8It8HngI53kRpBsAH","quiz","ati-pn-fundamentals-proctored-exam-1-practice-questions-set-44","ati-pn-fundamentals-proctored-exam-1-practice-questions-set-44","ATI PN Fundamentals Proctored Exam 1 Practice Questions - Set 44","nursing-test-bank","z0xzINtS3EohZNaKosBz","lyrHg4RBzN6UafuymMFT","1Lb0PkKiTEM2wQOIMDtv","9RcANbQcqCRyd1l38hNz","pillarPages/nursing-test-bank/subPages/z0xzINtS3EohZNaKosBz/nestedSubPages/lyrHg4RBzN6UafuymMFT/topics/1Lb0PkKiTEM2wQOIMDtv/quizzes/9RcANbQcqCRyd1l38hNz","true","quiz","quiz","ati-pn-fundamentals-proctored-exam-1-practice-questions-set-44","ati-pn-fundamentals-proctored-exam-1-practice-questions-set-44","ATI PN Fundamentals Proctored Exam 1 Practice Questions - Set 44"
"HwVaU9MDifWzISDrGf8J","quiz","ati-pn-ns-122-maternity-proctored-exam-practice-questions","ati-pn-ns-122-maternity-proctored-exam-practice-questions","ATI PN Ns 122 Maternity Proctored Exam Practice Questions","nursing-test-bank","z0xzINtS3EohZNaKosBz","lyrHg4RBzN6UafuymMFT","ZwY2vYN2X4tXEKOv2x6h","EC4wRGtRvMZiy9FwC40D","pillarPages/nursing-test-bank/subPages/z0xzINtS3EohZNaKosBz/nestedSubPages/lyrHg4RBzN6UafuymMFT/topics/ZwY2vYN2X4tXEKOv2x6h/quizzes/EC4wRGtRvMZiy9FwC40D","true","quiz","quiz","ati-pn-ns-122-maternity-proctored-exam-practice-questions","ati-pn-ns-122-maternity-proctored-exam-practice-questions","ATI PN Ns 122 Maternity Proctored Exam Practice Questions"
"I0gxN0paaFFp37UawIEJ","quiz","ati-pn-pediatrics-proctored-exam-cohort-65-practice-questions","ati-pn-pediatrics-proctored-exam-cohort-65-practice-questions","ATI PN Pediatrics Proctored Exam Cohort 65 Practice Questions","nursing-test-bank","z0xzINtS3EohZNaKosBz","lyrHg4RBzN6UafuymMFT","Y0MhOdG0hGVh8AUsgVrz","MwkYcvCob0bLUAi6xe3j","pillarPages/nursing-test-bank/subPages/z0xzINtS3EohZNaKosBz/nestedSubPages/lyrHg4RBzN6UafuymMFT/topics/Y0MhOdG0hGVh8AUsgVrz/quizzes/MwkYcvCob0bLUAi6xe3j","true","quiz","quiz","ati-pn-pediatrics-proctored-exam-cohort-65-practice-questions","ati-pn-pediatrics-proctored-exam-cohort-65-practice-questions","ATI PN Pediatrics Proctored Exam Cohort 65 Practice Questions"
"I8eZkxLZp0kVG9Js1Cjs","quiz","nurs-2212-2225-med-surg-3-final-proctored-exam-practice-questions","nurs-2212-2225-med-surg-3-final-proctored-exam-practice-questions","NURS 2212-2225 Med Surg 3 Final Proctored Exam Practice Questions","nursing-test-bank","SuT1noZoNGEjKGR1vTbi","zMFBI0XMiRsJnnXWhL5S","4xNDZPMszSkpgRfEsOck","fxfVtxN6G5PBSVe3En8l","pillarPages/nursing-test-bank/subPages/SuT1noZoNGEjKGR1vTbi/nestedSubPages/zMFBI0XMiRsJnnXWhL5S/topics/4xNDZPMszSkpgRfEsOck/quizzes/fxfVtxN6G5PBSVe3En8l","true","quiz","quiz","nurs-2212-2225-med-surg-3-final-proctored-exam-practice-questions","nurs-2212-2225-med-surg-3-final-proctored-exam-practice-questions","NURS 2212-2225 Med Surg 3 Final Proctored Exam Practice Questions"
"I9QAAWiSjuulhYn3lNrC","quiz","hesi-rn-milestones-proctored-exam-practice-questions-set-1","hesi-rn-milestones-proctored-exam-practice-questions-set-1","HESI RN Milestones Proctored Exam Practice Questions - Set 1","nursing-test-bank","SuT1noZoNGEjKGR1vTbi","iT55qp9NAFOvZLBAiQzC","uB91yHbugrkUWJTjsoS7","sjiX2XcH4e91twKAKlaO","pillarPages/nursing-test-bank/subPages/SuT1noZoNGEjKGR1vTbi/nestedSubPages/iT55qp9NAFOvZLBAiQzC/topics/uB91yHbugrkUWJTjsoS7/quizzes/sjiX2XcH4e91twKAKlaO","true","quiz","quiz","hesi-rn-milestones-proctored-exam-practice-questions-set-1","hesi-rn-milestones-proctored-exam-practice-questions-set-1","HESI RN Milestones Proctored Exam Practice Questions - Set 1"
"I9cKL7uCruSt3eJoqnyn","quiz","ati-pn-fundamentals-proctored-exam-practice-questions-set-24","ati-pn-fundamentals-proctored-exam-practice-questions-set-24","ATI PN Fundamentals Proctored Exam Practice Questions - Set 24","nursing-test-bank","z0xzINtS3EohZNaKosBz","lyrHg4RBzN6UafuymMFT","1Lb0PkKiTEM2wQOIMDtv","G7jPHQXTTSLetFk9erPy","pillarPages/nursing-test-bank/subPages/z0xzINtS3EohZNaKosBz/nestedSubPages/lyrHg4RBzN6UafuymMFT/topics/1Lb0PkKiTEM2wQOIMDtv/quizzes/G7jPHQXTTSLetFk9erPy","true","quiz","quiz","ati-pn-fundamentals-proctored-exam-practice-questions-set-24","ati-pn-fundamentals-proctored-exam-practice-questions-set-24","ATI PN Fundamentals Proctored Exam Practice Questions - Set 24"
"IBn4icmga83P5ES6sJEa","quiz","hesi-rn-pharmacology-proctored-exam-practice-questions-set-21","hesi-rn-pharmacology-proctored-exam-practice-questions-set-21","HESI RN Pharmacology Proctored Exam Practice Questions - Set 21","nursing-test-bank","SuT1noZoNGEjKGR1vTbi","iT55qp9NAFOvZLBAiQzC","l1kSgSxIYg2SRUN8aWqE","qbEPM58bDTbW2voS8Exo","pillarPages/nursing-test-bank/subPages/SuT1noZoNGEjKGR1vTbi/nestedSubPages/iT55qp9NAFOvZLBAiQzC/topics/l1kSgSxIYg2SRUN8aWqE/quizzes/qbEPM58bDTbW2voS8Exo","true","quiz","quiz","hesi-rn-pharmacology-proctored-exam-practice-questions-set-21","hesi-rn-pharmacology-proctored-exam-practice-questions-set-21","HESI RN Pharmacology Proctored Exam Practice Questions - Set 21"
"IKythCoNkaignOGtdVPd","quiz","ati-pn-maternal-newborn-2023-proctored-exam-practice-questions-set-15","ati-pn-maternal-newborn-2023-proctored-exam-practice-questions-set-15","ATI PN Maternal Newborn 2023 Proctored Exam Practice Questions - Set 15","nursing-test-bank","z0xzINtS3EohZNaKosBz","lyrHg4RBzN6UafuymMFT","ZwY2vYN2X4tXEKOv2x6h","JT2c69EWULbYPJQrU4Nb","pillarPages/nursing-test-bank/subPages/z0xzINtS3EohZNaKosBz/nestedSubPages/lyrHg4RBzN6UafuymMFT/topics/ZwY2vYN2X4tXEKOv2x6h/quizzes/JT2c69EWULbYPJQrU4Nb","true","quiz","quiz","ati-pn-maternal-newborn-2023-proctored-exam-practice-questions-set-15","ati-pn-maternal-newborn-2023-proctored-exam-practice-questions-set-15","ATI PN Maternal Newborn 2023 Proctored Exam Practice Questions - Set 15"
"ISHlUC7u7T7D8g3IIcSD","quiz","dosage-calculation-pn-mental-health-proctored-assessment-3-2-practice-questions","dosage-calculation-pn-mental-health-proctored-assessment-3-2-practice-questions","Dosage Calculation PN Mental Health Proctored Assessment 3.2 Practice Questions","nursing-test-bank","z0xzINtS3EohZNaKosBz","3K3wv7IGcDcXvSNM9Kxm","0HON8THyW0E7BoW1rSm1","CgTWczku10ghIkHGBPjO","pillarPages/nursing-test-bank/subPages/z0xzINtS3EohZNaKosBz/nestedSubPages/3K3wv7IGcDcXvSNM9Kxm/topics/0HON8THyW0E7BoW1rSm1/quizzes/CgTWczku10ghIkHGBPjO","true","quiz","quiz","dosage-calculation-pn-mental-health-proctored-assessment-3-2-practice-questions","dosage-calculation-pn-mental-health-proctored-assessment-3-2-practice-questions","Dosage Calculation PN Mental Health Proctored Assessment 3.2 Practice Questions"
"IYP5NwW2uL5wGSFGefdJ","quiz","medical-surgical-nursing-2-nursa-225-01c-university-of-charleton-proctored-exam-practice-questions","medical-surgical-nursing-2-nursa-225-01c-university-of-charleton-proctored-exam-practice-questions","Medical-Surgical Nursing 2 (Nursa 225 01C) - University of Charleton Proctored Exam Practice Questions","nursing-test-bank","SuT1noZoNGEjKGR1vTbi","zMFBI0XMiRsJnnXWhL5S","4xNDZPMszSkpgRfEsOck","N7nkIxbX3ZUT6Iuhr6RS","pillarPages/nursing-test-bank/subPages/SuT1noZoNGEjKGR1vTbi/nestedSubPages/zMFBI0XMiRsJnnXWhL5S/topics/4xNDZPMszSkpgRfEsOck/quizzes/N7nkIxbX3ZUT6Iuhr6RS","true","quiz","quiz","medical-surgical-nursing-2-nursa-225-01c-university-of-charleton-proctored-exam-practice-questions","medical-surgical-nursing-2-nursa-225-01c-university-of-charleton-proctored-exam-practice-questions","Medical-Surgical Nursing 2 (Nursa 225 01C) - University of Charleton Proctored Exam Practice Questions"
"Idc3IBvqWcvfQGJNPOGJ","quiz","hill-college-pharmacology-all-proctored-exam-practice-questions","hill-college-pharmacology-all-proctored-exam-practice-questions","Hill College Pharmacology All Proctored Exam Practice Questions","nursing-test-bank","SuT1noZoNGEjKGR1vTbi","zMFBI0XMiRsJnnXWhL5S","qjQzp4HMFByeL1UEKGDd","t9wPcGES1kaxhD2QNfP9","pillarPages/nursing-test-bank/subPages/SuT1noZoNGEjKGR1vTbi/nestedSubPages/zMFBI0XMiRsJnnXWhL5S/topics/qjQzp4HMFByeL1UEKGDd/quizzes/t9wPcGES1kaxhD2QNfP9","true","quiz","quiz","hill-college-pharmacology-all-proctored-exam-practice-questions","hill-college-pharmacology-all-proctored-exam-practice-questions","Hill College Pharmacology All Proctored Exam Practice Questions"
"Iea0ej87D96RKQGI0lDc","quiz","hesi-rn-medsurg-proctored-exam-practice-questions","hesi-rn-medsurg-proctored-exam-practice-questions","HESI RN Medsurg Proctored Exam Practice Questions","nursing-test-bank","SuT1noZoNGEjKGR1vTbi","iT55qp9NAFOvZLBAiQzC","aS23yuUD7OS39aVVutYn","ScdcrKn67q8pfBDNi2s2","pillarPages/nursing-test-bank/subPages/SuT1noZoNGEjKGR1vTbi/nestedSubPages/iT55qp9NAFOvZLBAiQzC/topics/aS23yuUD7OS39aVVutYn/quizzes/ScdcrKn67q8pfBDNi2s2","true","quiz","quiz","hesi-rn-medsurg-proctored-exam-practice-questions","hesi-rn-medsurg-proctored-exam-practice-questions","HESI RN Medsurg Proctored Exam Practice Questions"
"IgCMegzNDRxI9XWE7HrE","quiz","examplify-nur111-cape-fear-community-college-proctored-exam-practice-questions","examplify-nur111-cape-fear-community-college-proctored-exam-practice-questions","Examplify Nur111 Cape Fear Community College Proctored Exam Practice Questions","nursing-test-bank","SuT1noZoNGEjKGR1vTbi","zMFBI0XMiRsJnnXWhL5S","sBc3Ee7TKg33PIbmj4Hb","aR9OnniUUxi7aogeGMwj","pillarPages/nursing-test-bank/subPages/SuT1noZoNGEjKGR1vTbi/nestedSubPages/zMFBI0XMiRsJnnXWhL5S/topics/sBc3Ee7TKg33PIbmj4Hb/quizzes/aR9OnniUUxi7aogeGMwj","true","quiz","quiz","examplify-nur111-cape-fear-community-college-proctored-exam-practice-questions","examplify-nur111-cape-fear-community-college-proctored-exam-practice-questions","Examplify Nur111 Cape Fear Community College Proctored Exam Practice Questions"
"IhPzXoRuNJ3xo85tvgjc","quiz","ati-pn-med-surg-midterm-proctored-exam-practice-questions","ati-pn-med-surg-midterm-proctored-exam-practice-questions","ATI PN Med Surg Midterm Proctored Exam Practice Questions","nursing-test-bank","z0xzINtS3EohZNaKosBz","lyrHg4RBzN6UafuymMFT","NywbGW22YNeZSM3kuwKk","UuJNdvb1joEdHnZnkpt5","pillarPages/nursing-test-bank/subPages/z0xzINtS3EohZNaKosBz/nestedSubPages/lyrHg4RBzN6UafuymMFT/topics/NywbGW22YNeZSM3kuwKk/quizzes/UuJNdvb1joEdHnZnkpt5","true","quiz","quiz","ati-pn-med-surg-midterm-proctored-exam-practice-questions","ati-pn-med-surg-midterm-proctored-exam-practice-questions","ATI PN Med Surg Midterm Proctored Exam Practice Questions"
"IjFiHwvWmkT6JkZkbteV","quiz","wgu-pathophysiology-proctored-exam-practice-questions-set-18","wgu-pathophysiology-proctored-exam-practice-questions-set-18","WGU Pathophysiology Proctored Exam Practice Questions - Set 18","nursing-test-bank","SuT1noZoNGEjKGR1vTbi","zMFBI0XMiRsJnnXWhL5S","KyUeIK7zxUi2K91H84Bj","eoxvBnBQI6hdzIrkCEbo","pillarPages/nursing-test-bank/subPages/SuT1noZoNGEjKGR1vTbi/nestedSubPages/zMFBI0XMiRsJnnXWhL5S/topics/KyUeIK7zxUi2K91H84Bj/quizzes/eoxvBnBQI6hdzIrkCEbo","true","quiz","quiz","wgu-pathophysiology-proctored-exam-practice-questions-set-18","wgu-pathophysiology-proctored-exam-practice-questions-set-18","WGU Pathophysiology Proctored Exam Practice Questions - Set 18"
"IkXJGC7q7f3dAr4bkOXW","quiz","ati-pn-mental-health-2023-proctored-exam-practice-questions-set-16","ati-pn-mental-health-2023-proctored-exam-practice-questions-set-16","ATI PN Mental Health 2023 Proctored Exam Practice Questions - Set 16","nursing-test-bank","z0xzINtS3EohZNaKosBz","lyrHg4RBzN6UafuymMFT","6i5h4wWlOfz4R8huNTkC","Fd4CUWFrC0EHRcUrIpx4","pillarPages/nursing-test-bank/subPages/z0xzINtS3EohZNaKosBz/nestedSubPages/lyrHg4RBzN6UafuymMFT/topics/6i5h4wWlOfz4R8huNTkC/quizzes/Fd4CUWFrC0EHRcUrIpx4","true","quiz","quiz","ati-pn-mental-health-2023-proctored-exam-practice-questions-set-16","ati-pn-mental-health-2023-proctored-exam-practice-questions-set-16","ATI PN Mental Health 2023 Proctored Exam Practice Questions - Set 16"
"ImeDtQoQsG3pxqsZGC8C","quiz","ati-pn-learning-system-medical-surgical-final-quiz-proctored-exam-practice-questions","ati-pn-learning-system-medical-surgical-final-quiz-proctored-exam-practice-questions","ATI PN Learning System Medical Surgical Final Quiz Proctored Exam Practice Questions","nursing-test-bank","z0xzINtS3EohZNaKosBz","lyrHg4RBzN6UafuymMFT","NywbGW22YNeZSM3kuwKk","zp6EGH2XYriKKxoEku0B","pillarPages/nursing-test-bank/subPages/z0xzINtS3EohZNaKosBz/nestedSubPages/lyrHg4RBzN6UafuymMFT/topics/NywbGW22YNeZSM3kuwKk/quizzes/zp6EGH2XYriKKxoEku0B","true","quiz","quiz","ati-pn-learning-system-medical-surgical-final-quiz-proctored-exam-practice-questions","ati-pn-learning-system-medical-surgical-final-quiz-proctored-exam-practice-questions","ATI PN Learning System Medical Surgical Final Quiz Proctored Exam Practice Questions"
"Irh64IzA5YuQkYf7tXHx","quiz","ati-pn-adult-med-surg-dosage-calculation-quiz-proctored-exam-practice-questions","ati-pn-adult-med-surg-dosage-calculation-quiz-proctored-exam-practice-questions","ATI PN Adult Med Surg Dosage Calculation Quiz Proctored Exam Practice Questions","nursing-test-bank","z0xzINtS3EohZNaKosBz","lyrHg4RBzN6UafuymMFT","NHgx9LFXpsLVcFjsOujF","ydw1eEmLCnUO12yljiff","pillarPages/nursing-test-bank/subPages/z0xzINtS3EohZNaKosBz/nestedSubPages/lyrHg4RBzN6UafuymMFT/topics/NHgx9LFXpsLVcFjsOujF/quizzes/ydw1eEmLCnUO12yljiff","true","quiz","quiz","ati-pn-adult-med-surg-dosage-calculation-quiz-proctored-exam-practice-questions","ati-pn-adult-med-surg-dosage-calculation-quiz-proctored-exam-practice-questions","ATI PN Adult Med Surg Dosage Calculation Quiz Proctored Exam Practice Questions"
"J5AgefQPLWrruYXxesZE","quiz","ati-pn-ut1-med-surg-proctored-exam-practice-questions","ati-pn-ut1-med-surg-proctored-exam-practice-questions","ATI PN Ut1 Med Surg Proctored Exam Practice Questions","nursing-test-bank","z0xzINtS3EohZNaKosBz","lyrHg4RBzN6UafuymMFT","NywbGW22YNeZSM3kuwKk","JlGHjcN8y87U1MGlrikW","pillarPages/nursing-test-bank/subPages/z0xzINtS3EohZNaKosBz/nestedSubPages/lyrHg4RBzN6UafuymMFT/topics/NywbGW22YNeZSM3kuwKk/quizzes/JlGHjcN8y87U1MGlrikW","true","quiz","quiz","ati-pn-ut1-med-surg-proctored-exam-practice-questions","ati-pn-ut1-med-surg-proctored-exam-practice-questions","ATI PN Ut1 Med Surg Proctored Exam Practice Questions"
"J78PyEQ12uFAbERi87i9","quiz","ati-pn-maternal-newborn-proctored-exam-2023-practice-questions-set-7","ati-pn-maternal-newborn-proctored-exam-2023-practice-questions-set-7","ATI PN Maternal Newborn Proctored Exam 2023 Practice Questions - Set 7","nursing-test-bank","z0xzINtS3EohZNaKosBz","lyrHg4RBzN6UafuymMFT","ZwY2vYN2X4tXEKOv2x6h","mJlcPfoVYt4thUpKn4xi","pillarPages/nursing-test-bank/subPages/z0xzINtS3EohZNaKosBz/nestedSubPages/lyrHg4RBzN6UafuymMFT/topics/ZwY2vYN2X4tXEKOv2x6h/quizzes/mJlcPfoVYt4thUpKn4xi","true","quiz","quiz","ati-pn-maternal-newborn-proctored-exam-2023-practice-questions-set-7","ati-pn-maternal-newborn-proctored-exam-2023-practice-questions-set-7","ATI PN Maternal Newborn Proctored Exam 2023 Practice Questions - Set 7"
"JDLH49G6B4GA9mezahig","quiz","ati-lpn-comprehensive-predictor-2023-proctored-exam-3","ati-lpn-comprehensive-predictor-2023-proctored-exam-3","ATI LPN Comprehensive Predictor 2023 Proctored Exam 3","nursing-exit-exam","nkXaaMfkkbvjmrSRwtVq","ShdTxCRHYWbhmGg06Sgw","","DNyJSFoInPSiHbasG8jO","pillarPages/nursing-exit-exam/subPages/nkXaaMfkkbvjmrSRwtVq/nestedSubPages/ShdTxCRHYWbhmGg06Sgw/quizzes/DNyJSFoInPSiHbasG8jO","true","quiz","quiz","ati-lpn-comprehensive-predictor-2023-proctored-exam-3","ati-lpn-comprehensive-predictor-2023-proctored-exam-3","ATI LPN Comprehensive Predictor 2023 Proctored Exam 3"
"JGgfR9asMAZfBfpjLuJt","topic","ati-pn-anatomy-and-physiology-practice-questions","ati-pn-anatomy-and-physiology-practice-questions","ATI PN Anatomy and Physiology Practice Questions","nursing-test-bank","z0xzINtS3EohZNaKosBz","lyrHg4RBzN6UafuymMFT","j5H2Ra9IgckkioC7vNSj","","pillarPages/nursing-test-bank/subPages/z0xzINtS3EohZNaKosBz/nestedSubPages/lyrHg4RBzN6UafuymMFT/topics/j5H2Ra9IgckkioC7vNSj","true","topic","topic","ati-pn-anatomy-and-physiology-practice-questions","ati-pn-anatomy-and-physiology-practice-questions","Anatomy and Physiology"
"JHyg9XkUi5QnVHEAtfcO","quiz","gastrointestinal-disorders-proctored-exam-4-practice-questions","gastrointestinal-disorders-proctored-exam-4-practice-questions","Gastrointestinal Disorders Proctored Exam 4 Practice Questions","nursing-test-bank","SuT1noZoNGEjKGR1vTbi","zMFBI0XMiRsJnnXWhL5S","Qw9ACv9iC3lU621RemRS","0mj6Kmji24hySqNiAzmt","pillarPages/nursing-test-bank/subPages/SuT1noZoNGEjKGR1vTbi/nestedSubPages/zMFBI0XMiRsJnnXWhL5S/topics/Qw9ACv9iC3lU621RemRS/quizzes/0mj6Kmji24hySqNiAzmt","true","quiz","quiz","gastrointestinal-disorders-proctored-exam-4-practice-questions","gastrointestinal-disorders-proctored-exam-4-practice-questions","Gastrointestinal Disorders Proctored Exam 4 Practice Questions"
"JHzgvQvVDAGW9T2kJ72z","quiz","anatomy-and-physiology-proctored-exam-1-practice-questions","anatomy-and-physiology-proctored-exam-1-practice-questions","Anatomy and Physiology Proctored Exam 1 Practice Questions","nursing-test-bank","SuT1noZoNGEjKGR1vTbi","zMFBI0XMiRsJnnXWhL5S","PavJlfHXwXRUhopKAOO9","Mlxfx6PNVErtTTuusAuc","pillarPages/nursing-test-bank/subPages/SuT1noZoNGEjKGR1vTbi/nestedSubPages/zMFBI0XMiRsJnnXWhL5S/topics/PavJlfHXwXRUhopKAOO9/quizzes/Mlxfx6PNVErtTTuusAuc","true","quiz","quiz","anatomy-and-physiology-proctored-exam-1-practice-questions","anatomy-and-physiology-proctored-exam-1-practice-questions","Anatomy and Physiology Proctored Exam 1 Practice Questions"
"JNJdTGA5KTmj6myztn37","quiz","fa25-biol-microbiology-hennepin-technical-college-proctored-exam-practice-questions","fa25-biol-microbiology-hennepin-technical-college-proctored-exam-practice-questions","Fa25 Biol Microbiology (Hennepin Technical College) Proctored Exam Practice Questions","nursing-test-bank","SuT1noZoNGEjKGR1vTbi","zMFBI0XMiRsJnnXWhL5S","9DamWJdFDUGMGLjGeQbF","sMiqWY1MXy35WUzoAALE","pillarPages/nursing-test-bank/subPages/SuT1noZoNGEjKGR1vTbi/nestedSubPages/zMFBI0XMiRsJnnXWhL5S/topics/9DamWJdFDUGMGLjGeQbF/quizzes/sMiqWY1MXy35WUzoAALE","true","quiz","quiz","fa25-biol-microbiology-hennepin-technical-college-proctored-exam-practice-questions","fa25-biol-microbiology-hennepin-technical-college-proctored-exam-practice-questions","Fa25 Biol Microbiology (Hennepin Technical College) Proctored Exam Practice Questions"
"JRwoWeJoHpLCZsrVO744","quiz","teas-reading-practice-test-set-7","teas-reading-practice-test-set-7","","nursing-entrance-exam","yrdSf0KpOcuybL1SLnw7","2JIZgWhm9jUkoNFmkY7R","","SXUhU5ldn3Tw8AaS1tri","pillarPages/nursing-entrance-exam/subPages/yrdSf0KpOcuybL1SLnw7/nestedSubPages/2JIZgWhm9jUkoNFmkY7R/quizzes/SXUhU5ldn3Tw8AaS1tri","true","quiz","quiz","teas-reading-practice-test-set-7","teas-reading-practice-test-set-7","TEAS Reading Practice Test Set 7"
"JVIU2jFteoA88AcXd5R2","topic","hesi-lpn-capstone-practice-questions","hesi-lpn-capstone-practice-questions","Capstone","nursing-test-bank","z0xzINtS3EohZNaKosBz","ToLSmb6DG83NTZWXEJxt","XsTO5lZeaMwktqDEY8yE","","pillarPages/nursing-test-bank/subPages/z0xzINtS3EohZNaKosBz/nestedSubPages/ToLSmb6DG83NTZWXEJxt/topics/XsTO5lZeaMwktqDEY8yE","true","topic","topic","hesi-lpn-capstone-practice-questions","hesi-lpn-capstone-practice-questions","Capstone"
"JVJ42SjHklG9TICBUrRr","quiz","dosage-calculation-proctored-exam-practice-questions-set-6","dosage-calculation-proctored-exam-practice-questions-set-6","Dosage Calculation Proctored Exam Practice Questions - Set 6","nursing-test-bank","SuT1noZoNGEjKGR1vTbi","zMFBI0XMiRsJnnXWhL5S","GXrH3QXIidtKg5Jx0ly4","cWWMYoOYm0HtySXPjVBi","pillarPages/nursing-test-bank/subPages/SuT1noZoNGEjKGR1vTbi/nestedSubPages/zMFBI0XMiRsJnnXWhL5S/topics/GXrH3QXIidtKg5Jx0ly4/quizzes/cWWMYoOYm0HtySXPjVBi","true","quiz","quiz","dosage-calculation-proctored-exam-practice-questions-set-6","dosage-calculation-proctored-exam-practice-questions-set-6","Dosage Calculation Proctored Exam Practice Questions - Set 6"
"JVSKLVNPgFRf7OJmpYmK","quiz","med-surg-proctored-exam-practice-questions-set-5","med-surg-proctored-exam-practice-questions-set-5","Med Surg Proctored Exam Practice Questions - Set 5","nursing-test-bank","SuT1noZoNGEjKGR1vTbi","zMFBI0XMiRsJnnXWhL5S","4xNDZPMszSkpgRfEsOck","9H8PUyPX9NWQsASETPT0","pillarPages/nursing-test-bank/subPages/SuT1noZoNGEjKGR1vTbi/nestedSubPages/zMFBI0XMiRsJnnXWhL5S/topics/4xNDZPMszSkpgRfEsOck/quizzes/9H8PUyPX9NWQsASETPT0","true","quiz","quiz","med-surg-proctored-exam-practice-questions-set-5","med-surg-proctored-exam-practice-questions-set-5","Med Surg Proctored Exam Practice Questions - Set 5"
"JXOZhWMJFl3qYUK6vvly","quiz","ati-pn-dosage-calculation-pn-pediatrics-nursing-proctored-assessment-3-2-practice-questions","ati-pn-dosage-calculation-pn-pediatrics-nursing-proctored-assessment-3-2-practice-questions","ATI PN Dosage Calculation PN Pediatrics Nursing Proctored Assessment 3.2 Practice Questions","nursing-test-bank","z0xzINtS3EohZNaKosBz","lyrHg4RBzN6UafuymMFT","NHgx9LFXpsLVcFjsOujF","QF4vYEhbcow3WzNOeZJv","pillarPages/nursing-test-bank/subPages/z0xzINtS3EohZNaKosBz/nestedSubPages/lyrHg4RBzN6UafuymMFT/topics/NHgx9LFXpsLVcFjsOujF/quizzes/QF4vYEhbcow3WzNOeZJv","true","quiz","quiz","ati-pn-dosage-calculation-pn-pediatrics-nursing-proctored-assessment-3-2-practice-questions","ati-pn-dosage-calculation-pn-pediatrics-nursing-proctored-assessment-3-2-practice-questions","ATI PN Dosage Calculation PN Pediatrics Nursing Proctored Assessment 3.2 Practice Questions"
"JY6H2YaXM3Wo5me6UQyw","quiz","hesi-lpn-exit-proctored-exam-form-2","hesi-lpn-exit-proctored-exam-form-2","HESI LPN Exit Proctored Exam Form 2","nursing-exit-exam","nkXaaMfkkbvjmrSRwtVq","BH31o1XVf6CrhNvQvfOO","","OhiCydCR6nyBRLEbewMi","pillarPages/nursing-exit-exam/subPages/nkXaaMfkkbvjmrSRwtVq/nestedSubPages/BH31o1XVf6CrhNvQvfOO/quizzes/OhiCydCR6nyBRLEbewMi","true","quiz","quiz","hesi-lpn-exit-proctored-exam-form-2","hesi-lpn-exit-proctored-exam-form-2","HESI LPN Exit Proctored Exam Form 2"
"JYytc7OhXMUYjrrq2A1k","quiz","hesi-rn-mental-health-proctored-exam-1-practice-questions","hesi-rn-mental-health-proctored-exam-1-practice-questions","HESI RN Mental Health Proctored Exam 1 Practice Questions","nursing-test-bank","SuT1noZoNGEjKGR1vTbi","iT55qp9NAFOvZLBAiQzC","nWHmcLCOYFPkjaWIHcVu","94bLRI8bY1LvIIhxqXRt","pillarPages/nursing-test-bank/subPages/SuT1noZoNGEjKGR1vTbi/nestedSubPages/iT55qp9NAFOvZLBAiQzC/topics/nWHmcLCOYFPkjaWIHcVu/quizzes/94bLRI8bY1LvIIhxqXRt","true","quiz","quiz","hesi-rn-mental-health-proctored-exam-1-practice-questions","hesi-rn-mental-health-proctored-exam-1-practice-questions","HESI RN Mental Health Proctored Exam 1 Practice Questions"
"JaJMj3Low2OLEnq2NyDx","quiz","med-surg-proctored-exam-respiratory-practice-questions","med-surg-proctored-exam-respiratory-practice-questions","Med Surg Proctored Exam (Respiratory) Practice Questions","nursing-test-bank","SuT1noZoNGEjKGR1vTbi","zMFBI0XMiRsJnnXWhL5S","4xNDZPMszSkpgRfEsOck","I8esNA76I7cPQqu0Fbf8","pillarPages/nursing-test-bank/subPages/SuT1noZoNGEjKGR1vTbi/nestedSubPages/zMFBI0XMiRsJnnXWhL5S/topics/4xNDZPMszSkpgRfEsOck/quizzes/I8esNA76I7cPQqu0Fbf8","true","quiz","quiz","med-surg-proctored-exam-respiratory-practice-questions","med-surg-proctored-exam-respiratory-practice-questions","Med Surg Proctored Exam (Respiratory) Practice Questions"
"JdIahYfk5mrRiSMQpxCb","quiz","ati-pn-level-3-med-surg-endocrine-proctored-exam-practice-questions","ati-pn-level-3-med-surg-endocrine-proctored-exam-practice-questions","ATI PN Level 3 Med Surg Endocrine Proctored Exam Practice Questions","nursing-test-bank","z0xzINtS3EohZNaKosBz","lyrHg4RBzN6UafuymMFT","NywbGW22YNeZSM3kuwKk","kGy2HHgRANF993BAkwpt","pillarPages/nursing-test-bank/subPages/z0xzINtS3EohZNaKosBz/nestedSubPages/lyrHg4RBzN6UafuymMFT/topics/NywbGW22YNeZSM3kuwKk/quizzes/kGy2HHgRANF993BAkwpt","true","quiz","quiz","ati-pn-level-3-med-surg-endocrine-proctored-exam-practice-questions","ati-pn-level-3-med-surg-endocrine-proctored-exam-practice-questions","ATI PN Level 3 Med Surg Endocrine Proctored Exam Practice Questions"
"JhUdMmos1JBiwbUotNs7","topic","rn-nursing-course-perfusion-practice-questions","rn-nursing-course-perfusion-practice-questions","Perfusion","nursing-test-bank","SuT1noZoNGEjKGR1vTbi","zMFBI0XMiRsJnnXWhL5S","LhvXpmVrfANaLnZ3NZXG","","pillarPages/nursing-test-bank/subPages/SuT1noZoNGEjKGR1vTbi/nestedSubPages/zMFBI0XMiRsJnnXWhL5S/topics/LhvXpmVrfANaLnZ3NZXG","true","topic","topic","rn-nursing-course-perfusion-practice-questions","rn-nursing-course-perfusion-practice-questions","Perfusion"
"Jm7nZV5Ivt16Ik4VBpTt","quiz","ati-pn-level-3-med-surg-resp-proctored-exam-practice-questions","ati-pn-level-3-med-surg-resp-proctored-exam-practice-questions","ATI PN Level 3 Med Surg Resp Proctored Exam Practice Questions","nursing-test-bank","z0xzINtS3EohZNaKosBz","lyrHg4RBzN6UafuymMFT","NywbGW22YNeZSM3kuwKk","NGMwDAKIpUPyL2GKuA7F","pillarPages/nursing-test-bank/subPages/z0xzINtS3EohZNaKosBz/nestedSubPages/lyrHg4RBzN6UafuymMFT/topics/NywbGW22YNeZSM3kuwKk/quizzes/NGMwDAKIpUPyL2GKuA7F","true","quiz","quiz","ati-pn-level-3-med-surg-resp-proctored-exam-practice-questions","ati-pn-level-3-med-surg-resp-proctored-exam-practice-questions","ATI PN Level 3 Med Surg Resp Proctored Exam Practice Questions"
"JrxggHJGC7FAOyHQFBUH","quiz","medication-dosage-ct01-proctored-exam-practice-questions","medication-dosage-ct01-proctored-exam-practice-questions","Medication Dosage Ct01 Proctored Exam Practice Questions","nursing-test-bank","SuT1noZoNGEjKGR1vTbi","zMFBI0XMiRsJnnXWhL5S","GXrH3QXIidtKg5Jx0ly4","GGouT7drOTTIz6SAisPU","pillarPages/nursing-test-bank/subPages/SuT1noZoNGEjKGR1vTbi/nestedSubPages/zMFBI0XMiRsJnnXWhL5S/topics/GXrH3QXIidtKg5Jx0ly4/quizzes/GGouT7drOTTIz6SAisPU","true","quiz","quiz","medication-dosage-ct01-proctored-exam-practice-questions","medication-dosage-ct01-proctored-exam-practice-questions","Medication Dosage Ct01 Proctored Exam Practice Questions"
"JshC6ccQNjJRC7VWDL54","quiz","kaplan-admission-practice-test-reading-quiz-1","kaplan-admission-practice-test-reading-quiz-1","","nursing-entrance-exam","jdJsAeBdy2mJO0kPibeV","BT8THcHxTeoM71ANVzUH","","grPbKJvqj8MaSZbVzK0E","pillarPages/nursing-entrance-exam/subPages/jdJsAeBdy2mJO0kPibeV/nestedSubPages/BT8THcHxTeoM71ANVzUH/quizzes/grPbKJvqj8MaSZbVzK0E","true","quiz","quiz","kaplan-admission-practice-test-reading-quiz-1","kaplan-admission-practice-test-reading-quiz-1","Kaplan Admission Practice Test Reading"
"Jue7alaMSo5r7hHTkuBy","topic","hesi-rn-fundamentals-practice-questions","hesi-rn-fundamentals-practice-questions","Fundamentals","nursing-test-bank","SuT1noZoNGEjKGR1vTbi","iT55qp9NAFOvZLBAiQzC","70YsvvAfpEoWkJ2zO8Vy","","pillarPages/nursing-test-bank/subPages/SuT1noZoNGEjKGR1vTbi/nestedSubPages/iT55qp9NAFOvZLBAiQzC/topics/70YsvvAfpEoWkJ2zO8Vy","true","topic","topic","hesi-rn-fundamentals-practice-questions","hesi-rn-fundamentals-practice-questions","Fundamentals"
"JzLhsLSuEvl8U1U9ZEse","quiz","n112-pathopharmocology-proctored-exam-practice-questions","n112-pathopharmocology-proctored-exam-practice-questions","N112 Pathopharmocology Proctored Exam Practice Questions","nursing-test-bank","SuT1noZoNGEjKGR1vTbi","zMFBI0XMiRsJnnXWhL5S","qjQzp4HMFByeL1UEKGDd","eEkh1JamQduVSh1JDiIL","pillarPages/nursing-test-bank/subPages/SuT1noZoNGEjKGR1vTbi/nestedSubPages/zMFBI0XMiRsJnnXWhL5S/topics/qjQzp4HMFByeL1UEKGDd/quizzes/eEkh1JamQduVSh1JDiIL","true","quiz","quiz","n112-pathopharmocology-proctored-exam-practice-questions","n112-pathopharmocology-proctored-exam-practice-questions","N112 Pathopharmocology Proctored Exam Practice Questions"
"K06VCBOdFRnMR6BhEVhQ","quiz","fundamental-of-nursing-176-proctored-exam-practice-questions","fundamental-of-nursing-176-proctored-exam-practice-questions","Fundamental of Nursing 176 Proctored Exam Practice Questions","nursing-test-bank","SuT1noZoNGEjKGR1vTbi","zMFBI0XMiRsJnnXWhL5S","sBc3Ee7TKg33PIbmj4Hb","Qtnu6431V5AfN9n7SISO","pillarPages/nursing-test-bank/subPages/SuT1noZoNGEjKGR1vTbi/nestedSubPages/zMFBI0XMiRsJnnXWhL5S/topics/sBc3Ee7TKg33PIbmj4Hb/quizzes/Qtnu6431V5AfN9n7SISO","true","quiz","quiz","fundamental-of-nursing-176-proctored-exam-practice-questions","fundamental-of-nursing-176-proctored-exam-practice-questions","Fundamental of Nursing 176 Proctored Exam Practice Questions"
"K57nAhwGC68VwcUm1PGA","quiz","ati-pn-pharmacology-proctored-exam-2023-practice-questions-set-9","ati-pn-pharmacology-proctored-exam-2023-practice-questions-set-9","ATI PN Pharmacology Proctored Exam 2023 Practice Questions - Set 9","nursing-test-bank","z0xzINtS3EohZNaKosBz","lyrHg4RBzN6UafuymMFT","13a3GLxldltUqhIxNzkr","6DxoRy5DR9i1lbGFQJw2","pillarPages/nursing-test-bank/subPages/z0xzINtS3EohZNaKosBz/nestedSubPages/lyrHg4RBzN6UafuymMFT/topics/13a3GLxldltUqhIxNzkr/quizzes/6DxoRy5DR9i1lbGFQJw2","true","quiz","quiz","ati-pn-pharmacology-proctored-exam-2023-practice-questions-set-9","ati-pn-pharmacology-proctored-exam-2023-practice-questions-set-9","ATI PN Pharmacology Proctored Exam 2023 Practice Questions - Set 9"
"K5A4ZyuXMnvjYPVEfZza","quiz","mental-proctored-exam-samuel-merit-university-practice-questions","mental-proctored-exam-samuel-merit-university-practice-questions","Mental Proctored Exam(Samuel Merit University) Practice Questions","nursing-test-bank","SuT1noZoNGEjKGR1vTbi","zMFBI0XMiRsJnnXWhL5S","dwj41dVBiWR9v4FRpKhC","Mc0wDquDHzoerfONC92g","pillarPages/nursing-test-bank/subPages/SuT1noZoNGEjKGR1vTbi/nestedSubPages/zMFBI0XMiRsJnnXWhL5S/topics/dwj41dVBiWR9v4FRpKhC/quizzes/Mc0wDquDHzoerfONC92g","true","quiz","quiz","mental-proctored-exam-samuel-merit-university-practice-questions","mental-proctored-exam-samuel-merit-university-practice-questions","Mental Proctored Exam(Samuel Merit University) Practice Questions"
"K69n6yxlFfOeobUTZtXG","quiz","south-tampa-university-proctored-exam-3-pharmacology-practice-questions","south-tampa-university-proctored-exam-3-pharmacology-practice-questions","South Tampa University, Proctored Exam 3 Pharmacology Practice Questions","nursing-test-bank","SuT1noZoNGEjKGR1vTbi","zMFBI0XMiRsJnnXWhL5S","qjQzp4HMFByeL1UEKGDd","rXi2JtRG1FIUDjeEbZRp","pillarPages/nursing-test-bank/subPages/SuT1noZoNGEjKGR1vTbi/nestedSubPages/zMFBI0XMiRsJnnXWhL5S/topics/qjQzp4HMFByeL1UEKGDd/quizzes/rXi2JtRG1FIUDjeEbZRp","true","quiz","quiz","south-tampa-university-proctored-exam-3-pharmacology-practice-questions","south-tampa-university-proctored-exam-3-pharmacology-practice-questions","South Tampa University, Proctored Exam 3 Pharmacology Practice Questions"
"K6RRgwsXEf6Euaz39QCU","quiz","hesi-rn-health-assessment-proctored-exam-practice-questions-set-4","hesi-rn-health-assessment-proctored-exam-practice-questions-set-4","HESI RN Health Assessment Proctored Exam Practice Questions - Set 4","nursing-test-bank","SuT1noZoNGEjKGR1vTbi","iT55qp9NAFOvZLBAiQzC","0zSu4efsFf1RPT4W2Xjn","RIcEqUYAbza4ncsEF3oW","pillarPages/nursing-test-bank/subPages/SuT1noZoNGEjKGR1vTbi/nestedSubPages/iT55qp9NAFOvZLBAiQzC/topics/0zSu4efsFf1RPT4W2Xjn/quizzes/RIcEqUYAbza4ncsEF3oW","true","quiz","quiz","hesi-rn-health-assessment-proctored-exam-practice-questions-set-4","hesi-rn-health-assessment-proctored-exam-practice-questions-set-4","HESI RN Health Assessment Proctored Exam Practice Questions - Set 4"
"K8Vm4VJ4aFM3ye6l2LXC","quiz","wright-nrsg-110-proctored-exam-2-practice-questions","wright-nrsg-110-proctored-exam-2-practice-questions","Wright NRSG 110 Proctored Exam 2 Practice Questions","nursing-test-bank","SuT1noZoNGEjKGR1vTbi","zMFBI0XMiRsJnnXWhL5S","p4ym32tSh4yvL8X18NJ6","rzCN3Uk9GBAjMZDMLHj1","pillarPages/nursing-test-bank/subPages/SuT1noZoNGEjKGR1vTbi/nestedSubPages/zMFBI0XMiRsJnnXWhL5S/topics/p4ym32tSh4yvL8X18NJ6/quizzes/rzCN3Uk9GBAjMZDMLHj1","true","quiz","quiz","wright-nrsg-110-proctored-exam-2-practice-questions","wright-nrsg-110-proctored-exam-2-practice-questions","Wright NRSG 110 Proctored Exam 2 Practice Questions"
"K9o8abHqIeQzmmc7NJqI","quiz","ati-pn-pediatrics-nursing-care-of-newborn-proctored-exam-practice-questions","ati-pn-pediatrics-nursing-care-of-newborn-proctored-exam-practice-questions","ATI PN Pediatrics (Nursing Care of Newborn) Proctored Exam Practice Questions","nursing-test-bank","z0xzINtS3EohZNaKosBz","lyrHg4RBzN6UafuymMFT","Y0MhOdG0hGVh8AUsgVrz","dV84tzG44i4SskdzhxC7","pillarPages/nursing-test-bank/subPages/z0xzINtS3EohZNaKosBz/nestedSubPages/lyrHg4RBzN6UafuymMFT/topics/Y0MhOdG0hGVh8AUsgVrz/quizzes/dV84tzG44i4SskdzhxC7","true","quiz","quiz","ati-pn-pediatrics-nursing-care-of-newborn-proctored-exam-practice-questions","ati-pn-pediatrics-nursing-care-of-newborn-proctored-exam-practice-questions","ATI PN Pediatrics (Nursing Care of Newborn) Proctored Exam Practice Questions"
"K9q54HiOnoEEsIre9CTM","quiz","hesi-rn-dosage-calculations-care-proctored-exam-practice-questions","hesi-rn-dosage-calculations-care-proctored-exam-practice-questions","HESI RN Dosage Calculations Care Proctored Exam Practice Questions","nursing-test-bank","SuT1noZoNGEjKGR1vTbi","iT55qp9NAFOvZLBAiQzC","dfRlrdGOvpDhVVXIqa0H","DWWkDQoSqCmgK6qjsHK1","pillarPages/nursing-test-bank/subPages/SuT1noZoNGEjKGR1vTbi/nestedSubPages/iT55qp9NAFOvZLBAiQzC/topics/dfRlrdGOvpDhVVXIqa0H/quizzes/DWWkDQoSqCmgK6qjsHK1","true","quiz","quiz","hesi-rn-dosage-calculations-care-proctored-exam-practice-questions","hesi-rn-dosage-calculations-care-proctored-exam-practice-questions","HESI RN Dosage Calculations Care Proctored Exam Practice Questions"
"KAEOk0wVKsFgEfuvZUTl","quiz","ati-pn-microbiology-proctored-exam-practice-questions","ati-pn-microbiology-proctored-exam-practice-questions","ATI PN Microbiology Proctored Exam Practice Questions","nursing-test-bank","z0xzINtS3EohZNaKosBz","lyrHg4RBzN6UafuymMFT","WbwHB0Gt3hYPqBVYZyUt","aBunnjKp4sn92LrTT5mn","pillarPages/nursing-test-bank/subPages/z0xzINtS3EohZNaKosBz/nestedSubPages/lyrHg4RBzN6UafuymMFT/topics/WbwHB0Gt3hYPqBVYZyUt/quizzes/aBunnjKp4sn92LrTT5mn","true","quiz","quiz","ati-pn-microbiology-proctored-exam-practice-questions","ati-pn-microbiology-proctored-exam-practice-questions","ATI PN Microbiology Proctored Exam Practice Questions"
"KGOWFfTYjCNFFKJIboX8","nested","hesi-rn-exit-exam","hesi-rn-exit-exam","","nursing-exit-exam","S4vSoa5bxDgZ1L5kLOJe","MVHmi7FJbSDlPPz28jh5","","","pillarPages/nursing-exit-exam/subPages/S4vSoa5bxDgZ1L5kLOJe/nestedSubPages/MVHmi7FJbSDlPPz28jh5","true","nested","nested","hesi-rn-exit-exam","hesi-rn-exit-exam","HESI"
"KKew7JtpqgkKMaFVIxmQ","quiz","wgu-anatomy-and-physiology-with-lab-proctored-exam-practice-questions","wgu-anatomy-and-physiology-with-lab-proctored-exam-practice-questions","WGU Anatomy and Physiology with Lab Proctored Exam Practice Questions","nursing-test-bank","SuT1noZoNGEjKGR1vTbi","zMFBI0XMiRsJnnXWhL5S","PavJlfHXwXRUhopKAOO9","JiTRK53o9XOgEIuYKher","pillarPages/nursing-test-bank/subPages/SuT1noZoNGEjKGR1vTbi/nestedSubPages/zMFBI0XMiRsJnnXWhL5S/topics/PavJlfHXwXRUhopKAOO9/quizzes/JiTRK53o9XOgEIuYKher","true","quiz","quiz","wgu-anatomy-and-physiology-with-lab-proctored-exam-practice-questions","wgu-anatomy-and-physiology-with-lab-proctored-exam-practice-questions","WGU Anatomy and Physiology with Lab Proctored Exam Practice Questions"
"KSD8e3BrEaFi9JcR3Xvx","topic","lpn-nursing-course-dosage-calculations-practice-questions","lpn-nursing-course-dosage-calculations-practice-questions","Dosage Calculations","nursing-test-bank","z0xzINtS3EohZNaKosBz","3K3wv7IGcDcXvSNM9Kxm","0HON8THyW0E7BoW1rSm1","","pillarPages/nursing-test-bank/subPages/z0xzINtS3EohZNaKosBz/nestedSubPages/3K3wv7IGcDcXvSNM9Kxm/topics/0HON8THyW0E7BoW1rSm1","true","topic","topic","lpn-nursing-course-dosage-calculations-practice-questions","lpn-nursing-course-dosage-calculations-practice-questions","Dosage Calculations"
"KVAry2qFSCIJECORtI6s","quiz","hesi-rn-medical-surgical-proctored-exam-cardiac-practice-questions","hesi-rn-medical-surgical-proctored-exam-cardiac-practice-questions","HESI RN Medical Surgical Proctored Exam (Cardiac) Practice Questions","nursing-test-bank","SuT1noZoNGEjKGR1vTbi","iT55qp9NAFOvZLBAiQzC","aS23yuUD7OS39aVVutYn","ViaAMSUcu2drUbAf9EBK","pillarPages/nursing-test-bank/subPages/SuT1noZoNGEjKGR1vTbi/nestedSubPages/iT55qp9NAFOvZLBAiQzC/topics/aS23yuUD7OS39aVVutYn/quizzes/ViaAMSUcu2drUbAf9EBK","true","quiz","quiz","hesi-rn-medical-surgical-proctored-exam-cardiac-practice-questions","hesi-rn-medical-surgical-proctored-exam-cardiac-practice-questions","HESI RN Medical Surgical Proctored Exam (Cardiac) Practice Questions"
"KVeVRiPCdHIchgi9cZK5","quiz","n3381-mental-health-proctored-exam-uta-university-practice-questions","n3381-mental-health-proctored-exam-uta-university-practice-questions","N3381 Mental Health Proctored Exam (Uta University) Practice Questions","nursing-test-bank","SuT1noZoNGEjKGR1vTbi","zMFBI0XMiRsJnnXWhL5S","dwj41dVBiWR9v4FRpKhC","fIgQnwfdiZyCshBYplpF","pillarPages/nursing-test-bank/subPages/SuT1noZoNGEjKGR1vTbi/nestedSubPages/zMFBI0XMiRsJnnXWhL5S/topics/dwj41dVBiWR9v4FRpKhC/quizzes/fIgQnwfdiZyCshBYplpF","true","quiz","quiz","n3381-mental-health-proctored-exam-uta-university-practice-questions","n3381-mental-health-proctored-exam-uta-university-practice-questions","N3381 Mental Health Proctored Exam (Uta University) Practice Questions"
"KVjUFCMlXP3gVV6gw54g","quiz","wgu-dosage-calculations-proctored-exam-practice-questions","wgu-dosage-calculations-proctored-exam-practice-questions","WGU Dosage Calculations Proctored Exam Practice Questions","nursing-test-bank","SuT1noZoNGEjKGR1vTbi","zMFBI0XMiRsJnnXWhL5S","GXrH3QXIidtKg5Jx0ly4","n4eQ8kSBfebqJBO1X0hg","pillarPages/nursing-test-bank/subPages/SuT1noZoNGEjKGR1vTbi/nestedSubPages/zMFBI0XMiRsJnnXWhL5S/topics/GXrH3QXIidtKg5Jx0ly4/quizzes/n4eQ8kSBfebqJBO1X0hg","true","quiz","quiz","wgu-dosage-calculations-proctored-exam-practice-questions","wgu-dosage-calculations-proctored-exam-practice-questions","WGU Dosage Calculations Proctored Exam Practice Questions"
"KVulNb16vBgwGs2ZnFeq","quiz","mental-health-proctored-exam-east-los-ngeles-college-practice-questions","mental-health-proctored-exam-east-los-ngeles-college-practice-questions","Mental Health Proctored Exam (East Los Ángeles College) Practice Questions","nursing-test-bank","SuT1noZoNGEjKGR1vTbi","zMFBI0XMiRsJnnXWhL5S","dwj41dVBiWR9v4FRpKhC","okNvkBeUArGOHRs1NMN0","pillarPages/nursing-test-bank/subPages/SuT1noZoNGEjKGR1vTbi/nestedSubPages/zMFBI0XMiRsJnnXWhL5S/topics/dwj41dVBiWR9v4FRpKhC/quizzes/okNvkBeUArGOHRs1NMN0","true","quiz","quiz","mental-health-proctored-exam-east-los-ngeles-college-practice-questions","mental-health-proctored-exam-east-los-ngeles-college-practice-questions","Mental Health Proctored Exam (East Los Ángeles College) Practice Questions"
"KW9zyrO0ZgSBRU9uyOMs","quiz","ati-pn-pharmacology-proctored-exam-practice-questions-set-1","ati-pn-pharmacology-proctored-exam-practice-questions-set-1","ATI PN Pharmacology Proctored Exam Practice Questions - Set 1","nursing-test-bank","z0xzINtS3EohZNaKosBz","lyrHg4RBzN6UafuymMFT","13a3GLxldltUqhIxNzkr","E2OK8DPFH7Y5gVVSGWYV","pillarPages/nursing-test-bank/subPages/z0xzINtS3EohZNaKosBz/nestedSubPages/lyrHg4RBzN6UafuymMFT/topics/13a3GLxldltUqhIxNzkr/quizzes/E2OK8DPFH7Y5gVVSGWYV","true","quiz","quiz","ati-pn-pharmacology-proctored-exam-practice-questions-set-1","ati-pn-pharmacology-proctored-exam-practice-questions-set-1","ATI PN Pharmacology Proctored Exam Practice Questions - Set 1"
"KWwT2bZskSoJkyghQoCT","topic","rn-nursing-course-medical-surgical-practice-questions","rn-nursing-course-medical-surgical-practice-questions","Medical Surgical","nursing-test-bank","SuT1noZoNGEjKGR1vTbi","zMFBI0XMiRsJnnXWhL5S","4xNDZPMszSkpgRfEsOck","","pillarPages/nursing-test-bank/subPages/SuT1noZoNGEjKGR1vTbi/nestedSubPages/zMFBI0XMiRsJnnXWhL5S/topics/4xNDZPMszSkpgRfEsOck","true","topic","topic","rn-nursing-course-medical-surgical-practice-questions","rn-nursing-course-medical-surgical-practice-questions","Medical Surgical"
"KXHfnsOHNwQ6saCurynk","quiz","teas-math-practice-test-set-15","teas-math-practice-test-set-15","","nursing-entrance-exam","yrdSf0KpOcuybL1SLnw7","e9EcRCWTbyKVpyLXUKzd","","ci7XXrNZpyPVT4uksNue","pillarPages/nursing-entrance-exam/subPages/yrdSf0KpOcuybL1SLnw7/nestedSubPages/e9EcRCWTbyKVpyLXUKzd/quizzes/ci7XXrNZpyPVT4uksNue","true","quiz","quiz","teas-math-practice-test-set-15","teas-math-practice-test-set-15","TEAS Math Practice Test Set 15"
"Kf2roU0otdSlISLu0Hcc","quiz","ati-pn-mental-health-proctored-exam-2023-practice-questions-set-12","ati-pn-mental-health-proctored-exam-2023-practice-questions-set-12","ATI PN Mental Health Proctored Exam 2023 Practice Questions - Set 12","nursing-test-bank","z0xzINtS3EohZNaKosBz","lyrHg4RBzN6UafuymMFT","6i5h4wWlOfz4R8huNTkC","87iwgbc9j81OVcednIg7","pillarPages/nursing-test-bank/subPages/z0xzINtS3EohZNaKosBz/nestedSubPages/lyrHg4RBzN6UafuymMFT/topics/6i5h4wWlOfz4R8huNTkC/quizzes/87iwgbc9j81OVcednIg7","true","quiz","quiz","ati-pn-mental-health-proctored-exam-2023-practice-questions-set-12","ati-pn-mental-health-proctored-exam-2023-practice-questions-set-12","ATI PN Mental Health Proctored Exam 2023 Practice Questions - Set 12"
"KgC4kcB7bRNeeBP4vgpC","topic","ati-rn-health-assessment-practice-questions","ati-rn-health-assessment-practice-questions","","nursing-test-bank","SuT1noZoNGEjKGR1vTbi","Fnnd4c6ae0Uiurk2KUSc","EXFqn2URK89MHP2mrQzC","","pillarPages/nursing-test-bank/subPages/SuT1noZoNGEjKGR1vTbi/nestedSubPages/Fnnd4c6ae0Uiurk2KUSc/topics/EXFqn2URK89MHP2mrQzC","true","topic","topic","ati-rn-health-assessment-practice-questions","ati-rn-health-assessment-practice-questions","Health Assessment"
"KkwinLQocnOIsYHFpRdJ","quiz","mental-and-behavioral-health-nursing-exam-practice-questions","mental-and-behavioral-health-nursing-exam-practice-questions","Mental and Behavioral Health Nursing Exam Practice Questions","nursing-test-bank","SuT1noZoNGEjKGR1vTbi","zMFBI0XMiRsJnnXWhL5S","dwj41dVBiWR9v4FRpKhC","xClIxqPsOMrFF8rG2Luc","pillarPages/nursing-test-bank/subPages/SuT1noZoNGEjKGR1vTbi/nestedSubPages/zMFBI0XMiRsJnnXWhL5S/topics/dwj41dVBiWR9v4FRpKhC/quizzes/xClIxqPsOMrFF8rG2Luc","true","quiz","quiz","mental-and-behavioral-health-nursing-exam-practice-questions","mental-and-behavioral-health-nursing-exam-practice-questions","Mental and Behavioral Health Nursing Exam Practice Questions"
"KooazkLXkR7kI99AQdCy","quiz","med-surg-proctored-exam-ecpi-college-practice-questions-set-28","med-surg-proctored-exam-ecpi-college-practice-questions-set-28","Med Surg Proctored Exam (Ecpi College) Practice Questions - Set 28","nursing-test-bank","SuT1noZoNGEjKGR1vTbi","zMFBI0XMiRsJnnXWhL5S","4xNDZPMszSkpgRfEsOck","ldAqaYXxdwfwF8YsqPN2","pillarPages/nursing-test-bank/subPages/SuT1noZoNGEjKGR1vTbi/nestedSubPages/zMFBI0XMiRsJnnXWhL5S/topics/4xNDZPMszSkpgRfEsOck/quizzes/ldAqaYXxdwfwF8YsqPN2","true","quiz","quiz","med-surg-proctored-exam-ecpi-college-practice-questions-set-28","med-surg-proctored-exam-ecpi-college-practice-questions-set-28","Med Surg Proctored Exam (Ecpi College) Practice Questions - Set 28"
"Kpq5nlNwsWfPJC3HNrZV","quiz","anatomy-and-physiology-proctored-exam-practice-questions-set-2","anatomy-and-physiology-proctored-exam-practice-questions-set-2","Anatomy and Physiology Proctored Exam Practice Questions - Set 2","nursing-test-bank","SuT1noZoNGEjKGR1vTbi","zMFBI0XMiRsJnnXWhL5S","PavJlfHXwXRUhopKAOO9","SO2IjWgQx9QmtSofyYfP","pillarPages/nursing-test-bank/subPages/SuT1noZoNGEjKGR1vTbi/nestedSubPages/zMFBI0XMiRsJnnXWhL5S/topics/PavJlfHXwXRUhopKAOO9/quizzes/SO2IjWgQx9QmtSofyYfP","true","quiz","quiz","anatomy-and-physiology-proctored-exam-practice-questions-set-2","anatomy-and-physiology-proctored-exam-practice-questions-set-2","Anatomy and Physiology Proctored Exam Practice Questions - Set 2"
"KqnEYZffa6olw2pfjkAH","quiz","hesi-a2-grammar-practice-test-set-4","hesi-a2-grammar-practice-test-set-4","","nursing-entrance-exam","rdYGUZ9DzFvAmo6EsrVe","XYJ11eHtMbIhQnTYPS6j","","hesi-a2-grammar-practice-test-set-4","pillarPages/nursing-entrance-exam/subPages/rdYGUZ9DzFvAmo6EsrVe/nestedSubPages/XYJ11eHtMbIhQnTYPS6j/quizzes/hesi-a2-grammar-practice-test-set-4","true","quiz","entrance_quiz_subject","hesi-a2-grammar-practice-test-set-4","hesi-a2-grammar-practice-test-set-4","HESI A2 Grammar Practice Test Set 4"
"KrM8nGCkEz2k081fj2TD","quiz","med-surg-proctored-exam-ecpi-college-practice-questions-set-34","med-surg-proctored-exam-ecpi-college-practice-questions-set-34","Med Surg Proctored Exam (Ecpi College) Practice Questions - Set 34","nursing-test-bank","SuT1noZoNGEjKGR1vTbi","zMFBI0XMiRsJnnXWhL5S","4xNDZPMszSkpgRfEsOck","HqocejCljqCPsNcjTnp0","pillarPages/nursing-test-bank/subPages/SuT1noZoNGEjKGR1vTbi/nestedSubPages/zMFBI0XMiRsJnnXWhL5S/topics/4xNDZPMszSkpgRfEsOck/quizzes/HqocejCljqCPsNcjTnp0","true","quiz","quiz","med-surg-proctored-exam-ecpi-college-practice-questions-set-34","med-surg-proctored-exam-ecpi-college-practice-questions-set-34","Med Surg Proctored Exam (Ecpi College) Practice Questions - Set 34"
"KsFXtpXjKz3rPysFOzdM","quiz","ati-pn-obstetrics-nursing-proctored-exam-practice-questions-set-3","ati-pn-obstetrics-nursing-proctored-exam-practice-questions-set-3","ATI PN Obstetrics Nursing Proctored Exam Practice Questions - Set 3","nursing-test-bank","z0xzINtS3EohZNaKosBz","lyrHg4RBzN6UafuymMFT","ZwY2vYN2X4tXEKOv2x6h","6g11YoqpjY1niS06Ut3U","pillarPages/nursing-test-bank/subPages/z0xzINtS3EohZNaKosBz/nestedSubPages/lyrHg4RBzN6UafuymMFT/topics/ZwY2vYN2X4tXEKOv2x6h/quizzes/6g11YoqpjY1niS06Ut3U","true","quiz","quiz","ati-pn-obstetrics-nursing-proctored-exam-practice-questions-set-3","ati-pn-obstetrics-nursing-proctored-exam-practice-questions-set-3","ATI PN Obstetrics Nursing Proctored Exam Practice Questions - Set 3"
"L1keJVcLPuc5RUAEHtIA","quiz","ati-pn-fundamentals-proctored-exam-i-practice-questions","ati-pn-fundamentals-proctored-exam-i-practice-questions","ATI PN Fundamentals Proctored Exam I Practice Questions","nursing-test-bank","z0xzINtS3EohZNaKosBz","lyrHg4RBzN6UafuymMFT","1Lb0PkKiTEM2wQOIMDtv","v8M8Ba1KJl6YTun0oJCI","pillarPages/nursing-test-bank/subPages/z0xzINtS3EohZNaKosBz/nestedSubPages/lyrHg4RBzN6UafuymMFT/topics/1Lb0PkKiTEM2wQOIMDtv/quizzes/v8M8Ba1KJl6YTun0oJCI","true","quiz","quiz","ati-pn-fundamentals-proctored-exam-i-practice-questions","ati-pn-fundamentals-proctored-exam-i-practice-questions","ATI PN Fundamentals Proctored Exam I Practice Questions"
"L8WI58o2stDf3oNUz4Np","quiz","ati-pn-nur-213-lifespan-proctored-final-exam-practice-questions","ati-pn-nur-213-lifespan-proctored-final-exam-practice-questions","ATI PN NUR 213 Lifespan Proctored Final Exam Practice Questions","nursing-test-bank","z0xzINtS3EohZNaKosBz","lyrHg4RBzN6UafuymMFT","1Lb0PkKiTEM2wQOIMDtv","SijPzAdye4UzENP8oVje","pillarPages/nursing-test-bank/subPages/z0xzINtS3EohZNaKosBz/nestedSubPages/lyrHg4RBzN6UafuymMFT/topics/1Lb0PkKiTEM2wQOIMDtv/quizzes/SijPzAdye4UzENP8oVje","true","quiz","quiz","ati-pn-nur-213-lifespan-proctored-final-exam-practice-questions","ati-pn-nur-213-lifespan-proctored-final-exam-practice-questions","ATI PN NUR 213 Lifespan Proctored Final Exam Practice Questions"
"LEjOG7tOLQb0YnFpHdRW","quiz","ati-pn-fundamentals-proctored-exam-practice-questions-set-3","ati-pn-fundamentals-proctored-exam-practice-questions-set-3","ATI PN Fundamentals Proctored Exam Practice Questions - Set 3","nursing-test-bank","z0xzINtS3EohZNaKosBz","lyrHg4RBzN6UafuymMFT","1Lb0PkKiTEM2wQOIMDtv","PaeqgsNJglJvjEtTWC56","pillarPages/nursing-test-bank/subPages/z0xzINtS3EohZNaKosBz/nestedSubPages/lyrHg4RBzN6UafuymMFT/topics/1Lb0PkKiTEM2wQOIMDtv/quizzes/PaeqgsNJglJvjEtTWC56","true","quiz","quiz","ati-pn-fundamentals-proctored-exam-practice-questions-set-3","ati-pn-fundamentals-proctored-exam-practice-questions-set-3","ATI PN Fundamentals Proctored Exam Practice Questions - Set 3"
"LJaLBVZD12mPnsRaOwbQ","quiz","ati-pn-mental-health-proctored-exam-practice-questions-set-18","ati-pn-mental-health-proctored-exam-practice-questions-set-18","ATI PN Mental Health Proctored Exam Practice Questions - Set 18","nursing-test-bank","z0xzINtS3EohZNaKosBz","lyrHg4RBzN6UafuymMFT","6i5h4wWlOfz4R8huNTkC","0XWKxkayJ6Z3kVf3raA0","pillarPages/nursing-test-bank/subPages/z0xzINtS3EohZNaKosBz/nestedSubPages/lyrHg4RBzN6UafuymMFT/topics/6i5h4wWlOfz4R8huNTkC/quizzes/0XWKxkayJ6Z3kVf3raA0","true","quiz","quiz","ati-pn-mental-health-proctored-exam-practice-questions-set-18","ati-pn-mental-health-proctored-exam-practice-questions-set-18","ATI PN Mental Health Proctored Exam Practice Questions - Set 18"
"LM5pHXzKRcaQEAFjf9D6","quiz","human-growth-and-development-proctored-exam-spring-2025-practice-questions","human-growth-and-development-proctored-exam-spring-2025-practice-questions","Human Growth and Development Proctored Exam (Spring 2025) Practice Questions","nursing-test-bank","SuT1noZoNGEjKGR1vTbi","zMFBI0XMiRsJnnXWhL5S","YM8tzC0du9CIecKaOGWM","vHduObqopRKj7K4Jh0Gm","pillarPages/nursing-test-bank/subPages/SuT1noZoNGEjKGR1vTbi/nestedSubPages/zMFBI0XMiRsJnnXWhL5S/topics/YM8tzC0du9CIecKaOGWM/quizzes/vHduObqopRKj7K4Jh0Gm","true","quiz","quiz","human-growth-and-development-proctored-exam-spring-2025-practice-questions","human-growth-and-development-proctored-exam-spring-2025-practice-questions","Human Growth and Development Proctored Exam (Spring 2025) Practice Questions"
"LNua0pmedyDvuwxodKhG","quiz","hesi-rn-adult-health-1-proctored-exam-wgu-practice-questions","hesi-rn-adult-health-1-proctored-exam-wgu-practice-questions","HESI RN Adult Health 1 Proctored Exam (WGU) Practice Questions","nursing-test-bank","SuT1noZoNGEjKGR1vTbi","iT55qp9NAFOvZLBAiQzC","n2FK9jdRFYQvHbryoAbl","CgCMAHmWpn9lnuNpdWMY","pillarPages/nursing-test-bank/subPages/SuT1noZoNGEjKGR1vTbi/nestedSubPages/iT55qp9NAFOvZLBAiQzC/topics/n2FK9jdRFYQvHbryoAbl/quizzes/CgCMAHmWpn9lnuNpdWMY","true","quiz","quiz","hesi-rn-adult-health-1-proctored-exam-wgu-practice-questions","hesi-rn-adult-health-1-proctored-exam-wgu-practice-questions","HESI RN Adult Health 1 Proctored Exam (WGU) Practice Questions"
"LPQwB6hf92aG1LHHZZLA","quiz","rn-pediatrics-nursing-marymount-university-proctored-exam-practice-questions","rn-pediatrics-nursing-marymount-university-proctored-exam-practice-questions","RN Pediatrics Nursing (Marymount University) Proctored Exam Practice Questions","nursing-test-bank","SuT1noZoNGEjKGR1vTbi","zMFBI0XMiRsJnnXWhL5S","Hwspg6smTqrELsoRSNmc","YoVrSeoi4mQGWVdBbThY","pillarPages/nursing-test-bank/subPages/SuT1noZoNGEjKGR1vTbi/nestedSubPages/zMFBI0XMiRsJnnXWhL5S/topics/Hwspg6smTqrELsoRSNmc/quizzes/YoVrSeoi4mQGWVdBbThY","true","quiz","quiz","rn-pediatrics-nursing-marymount-university-proctored-exam-practice-questions","rn-pediatrics-nursing-marymount-university-proctored-exam-practice-questions","RN Pediatrics Nursing (Marymount University) Proctored Exam Practice Questions"
"LQU67sUejnuHng0jAQWh","quiz","ati-pn-medical-surgical-proctored-exam-practice-questions-set-45","ati-pn-medical-surgical-proctored-exam-practice-questions-set-45","ATI PN Medical Surgical Proctored Exam Practice Questions - Set 45","nursing-test-bank","z0xzINtS3EohZNaKosBz","lyrHg4RBzN6UafuymMFT","NywbGW22YNeZSM3kuwKk","RD3Pi9dVMoVsNQzEa0WN","pillarPages/nursing-test-bank/subPages/z0xzINtS3EohZNaKosBz/nestedSubPages/lyrHg4RBzN6UafuymMFT/topics/NywbGW22YNeZSM3kuwKk/quizzes/RD3Pi9dVMoVsNQzEa0WN","true","quiz","quiz","ati-pn-medical-surgical-proctored-exam-practice-questions-set-45","ati-pn-medical-surgical-proctored-exam-practice-questions-set-45","ATI PN Medical Surgical Proctored Exam Practice Questions - Set 45"
"LV10WrHwCLBqA48a2uPu","topic","rn-nursing-course-community-health-practice-questions","rn-nursing-course-community-health-practice-questions","Community Health","nursing-test-bank","SuT1noZoNGEjKGR1vTbi","zMFBI0XMiRsJnnXWhL5S","pXf53xDTrL7aSDzdhniW","","pillarPages/nursing-test-bank/subPages/SuT1noZoNGEjKGR1vTbi/nestedSubPages/zMFBI0XMiRsJnnXWhL5S/topics/pXf53xDTrL7aSDzdhniW","true","topic","topic","rn-nursing-course-community-health-practice-questions","rn-nursing-course-community-health-practice-questions","Community Health"
"LVnM5n4FZVMv3WSQEzir","quiz","teas-math-practice-test-set-8","teas-math-practice-test-set-8","","nursing-entrance-exam","yrdSf0KpOcuybL1SLnw7","e9EcRCWTbyKVpyLXUKzd","","m9bPVWGpPk85VtHCz0yX","pillarPages/nursing-entrance-exam/subPages/yrdSf0KpOcuybL1SLnw7/nestedSubPages/e9EcRCWTbyKVpyLXUKzd/quizzes/m9bPVWGpPk85VtHCz0yX","true","quiz","quiz","teas-math-practice-test-set-8","teas-math-practice-test-set-8","TEAS Math Practice Test Set 8"
"LXobqhiO4AZZb0uqAytO","quiz","ati-pn-n113-pharmacology-proctored-exam-practice-questions","ati-pn-n113-pharmacology-proctored-exam-practice-questions","ATI PN N113 Pharmacology Proctored Exam Practice Questions","nursing-test-bank","z0xzINtS3EohZNaKosBz","lyrHg4RBzN6UafuymMFT","13a3GLxldltUqhIxNzkr","4a4yRaf5JCOew6DwKlmk","pillarPages/nursing-test-bank/subPages/z0xzINtS3EohZNaKosBz/nestedSubPages/lyrHg4RBzN6UafuymMFT/topics/13a3GLxldltUqhIxNzkr/quizzes/4a4yRaf5JCOew6DwKlmk","true","quiz","quiz","ati-pn-n113-pharmacology-proctored-exam-practice-questions","ati-pn-n113-pharmacology-proctored-exam-practice-questions","ATI PN N113 Pharmacology Proctored Exam Practice Questions"
"LZ1Ag8UkF7W49DtgauWB","quiz","med-surg-proctored-exam-practice-questions-set-22","med-surg-proctored-exam-practice-questions-set-22","Med Surg Proctored Exam Practice Questions - Set 22","nursing-test-bank","SuT1noZoNGEjKGR1vTbi","zMFBI0XMiRsJnnXWhL5S","4xNDZPMszSkpgRfEsOck","17x5zcpTW7i6gPd4EPa0","pillarPages/nursing-test-bank/subPages/SuT1noZoNGEjKGR1vTbi/nestedSubPages/zMFBI0XMiRsJnnXWhL5S/topics/4xNDZPMszSkpgRfEsOck/quizzes/17x5zcpTW7i6gPd4EPa0","true","quiz","quiz","med-surg-proctored-exam-practice-questions-set-22","med-surg-proctored-exam-practice-questions-set-22","Med Surg Proctored Exam Practice Questions - Set 22"
"LbM6XPRN1nQ9UtQBa1qh","quiz","ati-pn-comprehensive-predictor-2023-proctored-exam","ati-pn-comprehensive-predictor-2023-proctored-exam","ATI PN Comprehensive Predictor 2023 Proctored Exam","nursing-exit-exam","nkXaaMfkkbvjmrSRwtVq","ShdTxCRHYWbhmGg06Sgw","","7yOPBQK1AMK0cztnZmrv","pillarPages/nursing-exit-exam/subPages/nkXaaMfkkbvjmrSRwtVq/nestedSubPages/ShdTxCRHYWbhmGg06Sgw/quizzes/7yOPBQK1AMK0cztnZmrv","true","quiz","quiz","ati-pn-comprehensive-predictor-2023-proctored-exam","ati-pn-comprehensive-predictor-2023-proctored-exam","ATI PN Comprehensive Predictor 2023 Proctored Exam"
"Lg2g91NWpQSY9fD776Tr","quiz","ati-pn-adult-medical-surgical-2020-ii-proctored-exam-practice-questions","ati-pn-adult-medical-surgical-2020-ii-proctored-exam-practice-questions","ATI PN Adult Medical Surgical 2020 II Proctored Exam Practice Questions","nursing-test-bank","z0xzINtS3EohZNaKosBz","lyrHg4RBzN6UafuymMFT","NywbGW22YNeZSM3kuwKk","MsECeydcH92us1EBaEYN","pillarPages/nursing-test-bank/subPages/z0xzINtS3EohZNaKosBz/nestedSubPages/lyrHg4RBzN6UafuymMFT/topics/NywbGW22YNeZSM3kuwKk/quizzes/MsECeydcH92us1EBaEYN","true","quiz","quiz","ati-pn-adult-medical-surgical-2020-ii-proctored-exam-practice-questions","ati-pn-adult-medical-surgical-2020-ii-proctored-exam-practice-questions","ATI PN Adult Medical Surgical 2020 II Proctored Exam Practice Questions"
"LpDXTiwJJCqgxvhl0Qyy","quiz","med-surg-proctored-exam-cni-college-practice-questions-set-52","med-surg-proctored-exam-cni-college-practice-questions-set-52","Med Surg Proctored Exam (Cni College) Practice Questions - Set 52","nursing-test-bank","SuT1noZoNGEjKGR1vTbi","zMFBI0XMiRsJnnXWhL5S","4xNDZPMszSkpgRfEsOck","4DyZxWg19FyERcuhR5kX","pillarPages/nursing-test-bank/subPages/SuT1noZoNGEjKGR1vTbi/nestedSubPages/zMFBI0XMiRsJnnXWhL5S/topics/4xNDZPMszSkpgRfEsOck/quizzes/4DyZxWg19FyERcuhR5kX","true","quiz","quiz","med-surg-proctored-exam-cni-college-practice-questions-set-52","med-surg-proctored-exam-cni-college-practice-questions-set-52","Med Surg Proctored Exam (Cni College) Practice Questions - Set 52"
"LqWBoBuOsWKIo5YJxdob","quiz","hesi-a2-chemistry-practice-test-set-1","hesi-a2-chemistry-practice-test-set-1","","nursing-entrance-exam","rdYGUZ9DzFvAmo6EsrVe","lOJHdJ4lr3plcJkz2yfp","","hesi-a2-chemistry-practice-test-set-1","pillarPages/nursing-entrance-exam/subPages/rdYGUZ9DzFvAmo6EsrVe/nestedSubPages/lOJHdJ4lr3plcJkz2yfp/quizzes/hesi-a2-chemistry-practice-test-set-1","true","quiz","entrance_quiz_subject","hesi-a2-chemistry-practice-test-set-1","hesi-a2-chemistry-practice-test-set-1","HESI A2 Chemistry Practice Test Set 1"
"LsVj4bZJ8WuUpqzqxR96","quiz","massbay-community-college-med-surg-proctored-exam-2-practice-questions","massbay-community-college-med-surg-proctored-exam-2-practice-questions","Massbay Community College Med Surg Proctored Exam 2 Practice Questions","nursing-test-bank","SuT1noZoNGEjKGR1vTbi","zMFBI0XMiRsJnnXWhL5S","4xNDZPMszSkpgRfEsOck","CsAVBmMHwhix5tS2VbHr","pillarPages/nursing-test-bank/subPages/SuT1noZoNGEjKGR1vTbi/nestedSubPages/zMFBI0XMiRsJnnXWhL5S/topics/4xNDZPMszSkpgRfEsOck/quizzes/CsAVBmMHwhix5tS2VbHr","true","quiz","quiz","massbay-community-college-med-surg-proctored-exam-2-practice-questions","massbay-community-college-med-surg-proctored-exam-2-practice-questions","Massbay Community College Med Surg Proctored Exam 2 Practice Questions"
"LumTN5cbZHRvliDOTQyU","quiz","ati-pn-fundamentals-proctored-exam2-practice-questions","ati-pn-fundamentals-proctored-exam2-practice-questions","ATI PN Fundamentals Proctored Exam2 Practice Questions","nursing-test-bank","z0xzINtS3EohZNaKosBz","lyrHg4RBzN6UafuymMFT","1Lb0PkKiTEM2wQOIMDtv","wa5Jp6ujDvXA9ZegqCY3","pillarPages/nursing-test-bank/subPages/z0xzINtS3EohZNaKosBz/nestedSubPages/lyrHg4RBzN6UafuymMFT/topics/1Lb0PkKiTEM2wQOIMDtv/quizzes/wa5Jp6ujDvXA9ZegqCY3","true","quiz","quiz","ati-pn-fundamentals-proctored-exam2-practice-questions","ati-pn-fundamentals-proctored-exam2-practice-questions","ATI PN Fundamentals Proctored Exam2 Practice Questions"
"M0mgEFV6iinDaJ0TEOyr","quiz","wgu-hesi-rn-dosage-calculation-proctored-exam-practice-questions","wgu-hesi-rn-dosage-calculation-proctored-exam-practice-questions","WGU HESI RN Dosage Calculation Proctored Exam Practice Questions","nursing-test-bank","SuT1noZoNGEjKGR1vTbi","iT55qp9NAFOvZLBAiQzC","dfRlrdGOvpDhVVXIqa0H","17Z1HkCyEz2VncRiHgJt","pillarPages/nursing-test-bank/subPages/SuT1noZoNGEjKGR1vTbi/nestedSubPages/iT55qp9NAFOvZLBAiQzC/topics/dfRlrdGOvpDhVVXIqa0H/quizzes/17Z1HkCyEz2VncRiHgJt","true","quiz","quiz","wgu-hesi-rn-dosage-calculation-proctored-exam-practice-questions","wgu-hesi-rn-dosage-calculation-proctored-exam-practice-questions","WGU HESI RN Dosage Calculation Proctored Exam Practice Questions"
"M3iiYaI5aFBmHYtiY3VW","quiz","n127-managing-care-of-adults-i-ii-proctored-exam-3-samuel-merit-university-practice-questions","n127-managing-care-of-adults-i-ii-proctored-exam-3-samuel-merit-university-practice-questions","N127 Managing Care of Adults I-II Proctored Exam 3 Samuel Merit University Practice Questions","nursing-test-bank","SuT1noZoNGEjKGR1vTbi","zMFBI0XMiRsJnnXWhL5S","L2wWtC9VGd9bcVlQMhD1","jvI1lTNQIwRVIf6HUsnn","pillarPages/nursing-test-bank/subPages/SuT1noZoNGEjKGR1vTbi/nestedSubPages/zMFBI0XMiRsJnnXWhL5S/topics/L2wWtC9VGd9bcVlQMhD1/quizzes/jvI1lTNQIwRVIf6HUsnn","true","quiz","quiz","n127-managing-care-of-adults-i-ii-proctored-exam-3-samuel-merit-university-practice-questions","n127-managing-care-of-adults-i-ii-proctored-exam-3-samuel-merit-university-practice-questions","N127 Managing Care of Adults I-II Proctored Exam 3 Samuel Merit University Practice Questions"
"M88HzXKj0Q7cRt6SzH9s","quiz","ati-pn-pharm-quiz-final-proctored-exam-practice-questions","ati-pn-pharm-quiz-final-proctored-exam-practice-questions","ATI PN Pharm Quiz Final Proctored Exam Practice Questions","nursing-test-bank","z0xzINtS3EohZNaKosBz","lyrHg4RBzN6UafuymMFT","13a3GLxldltUqhIxNzkr","Vj8OEp1n7vpz17kScr67","pillarPages/nursing-test-bank/subPages/z0xzINtS3EohZNaKosBz/nestedSubPages/lyrHg4RBzN6UafuymMFT/topics/13a3GLxldltUqhIxNzkr/quizzes/Vj8OEp1n7vpz17kScr67","true","quiz","quiz","ati-pn-pharm-quiz-final-proctored-exam-practice-questions","ati-pn-pharm-quiz-final-proctored-exam-practice-questions","ATI PN Pharm Quiz Final Proctored Exam Practice Questions"
"MC2cMIye09SS290YwjbM","quiz","ati-pn-pediatrics-nursing-2023-proctored-exam-practice-questions-set-4","ati-pn-pediatrics-nursing-2023-proctored-exam-practice-questions-set-4","ATI PN Pediatrics Nursing 2023 Proctored Exam Practice Questions - Set 4","nursing-test-bank","z0xzINtS3EohZNaKosBz","lyrHg4RBzN6UafuymMFT","Y0MhOdG0hGVh8AUsgVrz","QquC6i4qTI8qNSQgKSlP","pillarPages/nursing-test-bank/subPages/z0xzINtS3EohZNaKosBz/nestedSubPages/lyrHg4RBzN6UafuymMFT/topics/Y0MhOdG0hGVh8AUsgVrz/quizzes/QquC6i4qTI8qNSQgKSlP","true","quiz","quiz","ati-pn-pediatrics-nursing-2023-proctored-exam-practice-questions-set-4","ati-pn-pediatrics-nursing-2023-proctored-exam-practice-questions-set-4","ATI PN Pediatrics Nursing 2023 Proctored Exam Practice Questions - Set 4"
"MDidWmyh5YLylAhHA8iM","quiz","rn-fundamentals-2019-proctored-exam-practice-questions","rn-fundamentals-2019-proctored-exam-practice-questions","RN Fundamentals 2019 Proctored Exam Practice Questions","nursing-test-bank","SuT1noZoNGEjKGR1vTbi","zMFBI0XMiRsJnnXWhL5S","sBc3Ee7TKg33PIbmj4Hb","lqsu0uD1njqBu8oRkU2p","pillarPages/nursing-test-bank/subPages/SuT1noZoNGEjKGR1vTbi/nestedSubPages/zMFBI0XMiRsJnnXWhL5S/topics/sBc3Ee7TKg33PIbmj4Hb/quizzes/lqsu0uD1njqBu8oRkU2p","true","quiz","quiz","rn-fundamentals-2019-proctored-exam-practice-questions","rn-fundamentals-2019-proctored-exam-practice-questions","RN Fundamentals 2019 Proctored Exam Practice Questions"
"MFCbQHQbwN4W6zFgXAeK","quiz","ati-pn-fundamentals-proctored-exam-practice-questions-set-25","ati-pn-fundamentals-proctored-exam-practice-questions-set-25","ATI PN Fundamentals Proctored Exam Practice Questions - Set 25","nursing-test-bank","z0xzINtS3EohZNaKosBz","lyrHg4RBzN6UafuymMFT","1Lb0PkKiTEM2wQOIMDtv","BJ7s3mpeENRUSHEYVxgI","pillarPages/nursing-test-bank/subPages/z0xzINtS3EohZNaKosBz/nestedSubPages/lyrHg4RBzN6UafuymMFT/topics/1Lb0PkKiTEM2wQOIMDtv/quizzes/BJ7s3mpeENRUSHEYVxgI","true","quiz","quiz","ati-pn-fundamentals-proctored-exam-practice-questions-set-25","ati-pn-fundamentals-proctored-exam-practice-questions-set-25","ATI PN Fundamentals Proctored Exam Practice Questions - Set 25"
"MIukZKjTbHdB5ewsUezM","quiz","rn-medical-surgical-midterm-form-a-proctored-exam-practice-questions","rn-medical-surgical-midterm-form-a-proctored-exam-practice-questions","RN Medical Surgical Midterm Form a Proctored Exam Practice Questions","nursing-test-bank","SuT1noZoNGEjKGR1vTbi","zMFBI0XMiRsJnnXWhL5S","4xNDZPMszSkpgRfEsOck","d8yH9B1PD714x6VVQCTn","pillarPages/nursing-test-bank/subPages/SuT1noZoNGEjKGR1vTbi/nestedSubPages/zMFBI0XMiRsJnnXWhL5S/topics/4xNDZPMszSkpgRfEsOck/quizzes/d8yH9B1PD714x6VVQCTn","true","quiz","quiz","rn-medical-surgical-midterm-form-a-proctored-exam-practice-questions","rn-medical-surgical-midterm-form-a-proctored-exam-practice-questions","RN Medical Surgical Midterm Form a Proctored Exam Practice Questions"
"MMpAHInImdLizdl8oHiJ","quiz","ati-pn-nurs-120-pn-mobility-proctored-exam-3-practice-questions","ati-pn-nurs-120-pn-mobility-proctored-exam-3-practice-questions","ATI PN NURS 120 PN Mobility Proctored Exam 3 Practice Questions","nursing-test-bank","z0xzINtS3EohZNaKosBz","lyrHg4RBzN6UafuymMFT","1Lb0PkKiTEM2wQOIMDtv","DM9U1uXK0Y3U3OVt00rz","pillarPages/nursing-test-bank/subPages/z0xzINtS3EohZNaKosBz/nestedSubPages/lyrHg4RBzN6UafuymMFT/topics/1Lb0PkKiTEM2wQOIMDtv/quizzes/DM9U1uXK0Y3U3OVt00rz","true","quiz","quiz","ati-pn-nurs-120-pn-mobility-proctored-exam-3-practice-questions","ati-pn-nurs-120-pn-mobility-proctored-exam-3-practice-questions","ATI PN NURS 120 PN Mobility Proctored Exam 3 Practice Questions"
"MNS7f3QS7ii4ZPg8u5wX","quiz","ati-pn-n117-fundamentals-proctored-exam-practice-questions","ati-pn-n117-fundamentals-proctored-exam-practice-questions","ATI PN N117 Fundamentals Proctored Exam Practice Questions","nursing-test-bank","z0xzINtS3EohZNaKosBz","lyrHg4RBzN6UafuymMFT","1Lb0PkKiTEM2wQOIMDtv","EUAZmJeBUGcSvTqpiqlx","pillarPages/nursing-test-bank/subPages/z0xzINtS3EohZNaKosBz/nestedSubPages/lyrHg4RBzN6UafuymMFT/topics/1Lb0PkKiTEM2wQOIMDtv/quizzes/EUAZmJeBUGcSvTqpiqlx","true","quiz","quiz","ati-pn-n117-fundamentals-proctored-exam-practice-questions","ati-pn-n117-fundamentals-proctored-exam-practice-questions","ATI PN N117 Fundamentals Proctored Exam Practice Questions"
"MQgYQKf7H0YytjbQ2D1b","quiz","health-assessment-proctored-exam-practice-questions-set-4","health-assessment-proctored-exam-practice-questions-set-4","Health Assessment Proctored Exam Practice Questions - Set 4","nursing-test-bank","SuT1noZoNGEjKGR1vTbi","zMFBI0XMiRsJnnXWhL5S","XQlgh9zsLrRK6vilmJPA","vJDnpdwTIyEsfitripeZ","pillarPages/nursing-test-bank/subPages/SuT1noZoNGEjKGR1vTbi/nestedSubPages/zMFBI0XMiRsJnnXWhL5S/topics/XQlgh9zsLrRK6vilmJPA/quizzes/vJDnpdwTIyEsfitripeZ","true","quiz","quiz","health-assessment-proctored-exam-practice-questions-set-4","health-assessment-proctored-exam-practice-questions-set-4","Health Assessment Proctored Exam Practice Questions - Set 4"
"MV9ZbL6tkbCGAgZVcKoZ","quiz","ati-pn-custom-pharmacology-cohert-6-mid-term-remidiation-cloned-assessment-1-proctored-exam-practice-questions","ati-pn-custom-pharmacology-cohert-6-mid-term-remidiation-cloned-assessment-1-proctored-exam-practice-questions","ATI PN Custom Pharmacology Cohert 6 Mid Term Remidiation Cloned Assessment 1 Proctored Exam Practice Questions","nursing-test-bank","z0xzINtS3EohZNaKosBz","lyrHg4RBzN6UafuymMFT","13a3GLxldltUqhIxNzkr","OksLvbuSLMu8JFlyef3r","pillarPages/nursing-test-bank/subPages/z0xzINtS3EohZNaKosBz/nestedSubPages/lyrHg4RBzN6UafuymMFT/topics/13a3GLxldltUqhIxNzkr/quizzes/OksLvbuSLMu8JFlyef3r","true","quiz","quiz","ati-pn-custom-pharmacology-cohert-6-mid-term-remidiation-cloned-assessment-1-proctored-exam-practice-questions","ati-pn-custom-pharmacology-cohert-6-mid-term-remidiation-cloned-assessment-1-proctored-exam-practice-questions","ATI PN Custom Pharmacology Cohert 6 Mid Term Remidiation Cloned Assessment 1 Proctored Exam Practice Questions"
"MWzJllLwse4VmmeyWXzs","quiz","med-surg-regular-proctored-exam-practice-questions","med-surg-regular-proctored-exam-practice-questions","Med Surg Regular Proctored Exam Practice Questions","nursing-test-bank","SuT1noZoNGEjKGR1vTbi","zMFBI0XMiRsJnnXWhL5S","4xNDZPMszSkpgRfEsOck","4se4MhGFbIyvCbnznX8G","pillarPages/nursing-test-bank/subPages/SuT1noZoNGEjKGR1vTbi/nestedSubPages/zMFBI0XMiRsJnnXWhL5S/topics/4xNDZPMszSkpgRfEsOck/quizzes/4se4MhGFbIyvCbnznX8G","true","quiz","quiz","med-surg-regular-proctored-exam-practice-questions","med-surg-regular-proctored-exam-practice-questions","Med Surg Regular Proctored Exam Practice Questions"
"MY3RSAbMTrpA9nwG6ptj","quiz","maternity-pediatrics-nursing-proctored-exam-viterbo-university-practice-questions","maternity-pediatrics-nursing-proctored-exam-viterbo-university-practice-questions","Maternity Pediatrics Nursing Proctored Exam (Viterbo University) Practice Questions","nursing-test-bank","SuT1noZoNGEjKGR1vTbi","zMFBI0XMiRsJnnXWhL5S","Hwspg6smTqrELsoRSNmc","OhtUUM7qldLmWTgTA9nA","pillarPages/nursing-test-bank/subPages/SuT1noZoNGEjKGR1vTbi/nestedSubPages/zMFBI0XMiRsJnnXWhL5S/topics/Hwspg6smTqrELsoRSNmc/quizzes/OhtUUM7qldLmWTgTA9nA","true","quiz","quiz","maternity-pediatrics-nursing-proctored-exam-viterbo-university-practice-questions","maternity-pediatrics-nursing-proctored-exam-viterbo-university-practice-questions","Maternity Pediatrics Nursing Proctored Exam (Viterbo University) Practice Questions"
"MYu133frT924dwqQLqqS","quiz","non-parental-safe-medication-quiz-proctored-exam-practice-questions","non-parental-safe-medication-quiz-proctored-exam-practice-questions","Non Parental Safe Medication Quiz Proctored Exam Practice Questions","nursing-test-bank","SuT1noZoNGEjKGR1vTbi","zMFBI0XMiRsJnnXWhL5S","stnDIFRoA0VwLaoxbGv1","SDlLy8g0kE7PeH8ePPUF","pillarPages/nursing-test-bank/subPages/SuT1noZoNGEjKGR1vTbi/nestedSubPages/zMFBI0XMiRsJnnXWhL5S/topics/stnDIFRoA0VwLaoxbGv1/quizzes/SDlLy8g0kE7PeH8ePPUF","true","quiz","quiz","non-parental-safe-medication-quiz-proctored-exam-practice-questions","non-parental-safe-medication-quiz-proctored-exam-practice-questions","Non Parental Safe Medication Quiz Proctored Exam Practice Questions"
"MbA5LenvcR1vdiy4lP9A","quiz","hesi-rn-dosage-calculation-wgu-proctored-exam-practice-questions","hesi-rn-dosage-calculation-wgu-proctored-exam-practice-questions","HESI RN Dosage Calculation WGU Proctored Exam Practice Questions","nursing-test-bank","SuT1noZoNGEjKGR1vTbi","iT55qp9NAFOvZLBAiQzC","dfRlrdGOvpDhVVXIqa0H","41W9jpEeZxMQyMGRZ9Lg","pillarPages/nursing-test-bank/subPages/SuT1noZoNGEjKGR1vTbi/nestedSubPages/iT55qp9NAFOvZLBAiQzC/topics/dfRlrdGOvpDhVVXIqa0H/quizzes/41W9jpEeZxMQyMGRZ9Lg","true","quiz","quiz","hesi-rn-dosage-calculation-wgu-proctored-exam-practice-questions","hesi-rn-dosage-calculation-wgu-proctored-exam-practice-questions","HESI RN Dosage Calculation WGU Proctored Exam Practice Questions"
"MbaYxE0jaoPiRHYIk8cH","quiz","pathopharmocology-proctored-exam-samuel-merit-university-practice-questions","pathopharmocology-proctored-exam-samuel-merit-university-practice-questions","Pathopharmocology Proctored Exam (Samuel Merit University) Practice Questions","nursing-test-bank","SuT1noZoNGEjKGR1vTbi","zMFBI0XMiRsJnnXWhL5S","qjQzp4HMFByeL1UEKGDd","1RggR0iE2n1PtMp0imBW","pillarPages/nursing-test-bank/subPages/SuT1noZoNGEjKGR1vTbi/nestedSubPages/zMFBI0XMiRsJnnXWhL5S/topics/qjQzp4HMFByeL1UEKGDd/quizzes/1RggR0iE2n1PtMp0imBW","true","quiz","quiz","pathopharmocology-proctored-exam-samuel-merit-university-practice-questions","pathopharmocology-proctored-exam-samuel-merit-university-practice-questions","Pathopharmocology Proctored Exam (Samuel Merit University) Practice Questions"
"MdkAOCJ8SdOwgUKnHWBG","quiz","ati-pn-adult-medical-surgical-2023-iii-proctored-exam-practice-questions","ati-pn-adult-medical-surgical-2023-iii-proctored-exam-practice-questions","ATI PN Adult Medical Surgical 2023 III Proctored Exam Practice Questions","nursing-test-bank","z0xzINtS3EohZNaKosBz","lyrHg4RBzN6UafuymMFT","NywbGW22YNeZSM3kuwKk","7xrGrX1lADoYQIUzjYaE","pillarPages/nursing-test-bank/subPages/z0xzINtS3EohZNaKosBz/nestedSubPages/lyrHg4RBzN6UafuymMFT/topics/NywbGW22YNeZSM3kuwKk/quizzes/7xrGrX1lADoYQIUzjYaE","true","quiz","quiz","ati-pn-adult-medical-surgical-2023-iii-proctored-exam-practice-questions","ati-pn-adult-medical-surgical-2023-iii-proctored-exam-practice-questions","ATI PN Adult Medical Surgical 2023 III Proctored Exam Practice Questions"
"Menw6v9qpXI93Nitirot","quiz","hesi-rn-health-assessment-proctored-exam-retest-practice-questions","hesi-rn-health-assessment-proctored-exam-retest-practice-questions","HESI RN Health Assessment Proctored Exam (Retest) Practice Questions","nursing-test-bank","SuT1noZoNGEjKGR1vTbi","iT55qp9NAFOvZLBAiQzC","0zSu4efsFf1RPT4W2Xjn","ISjx1BUuiOZcQStLDUUT","pillarPages/nursing-test-bank/subPages/SuT1noZoNGEjKGR1vTbi/nestedSubPages/iT55qp9NAFOvZLBAiQzC/topics/0zSu4efsFf1RPT4W2Xjn/quizzes/ISjx1BUuiOZcQStLDUUT","true","quiz","quiz","hesi-rn-health-assessment-proctored-exam-retest-practice-questions","hesi-rn-health-assessment-proctored-exam-retest-practice-questions","HESI RN Health Assessment Proctored Exam (Retest) Practice Questions"
"MfyJvdwNBPAmRsaqUT2a","quiz","fundamentals-proctored-exam-practice-questions-set-3","fundamentals-proctored-exam-practice-questions-set-3","Fundamentals Proctored Exam Practice Questions - Set 3","nursing-test-bank","SuT1noZoNGEjKGR1vTbi","zMFBI0XMiRsJnnXWhL5S","sBc3Ee7TKg33PIbmj4Hb","I0dIn2G9k4KeiLujT9U9","pillarPages/nursing-test-bank/subPages/SuT1noZoNGEjKGR1vTbi/nestedSubPages/zMFBI0XMiRsJnnXWhL5S/topics/sBc3Ee7TKg33PIbmj4Hb/quizzes/I0dIn2G9k4KeiLujT9U9","true","quiz","quiz","fundamentals-proctored-exam-practice-questions-set-3","fundamentals-proctored-exam-practice-questions-set-3","Fundamentals Proctored Exam Practice Questions - Set 3"
"Mj2wUi2r4EhoqLPQLqcQ","quiz","ati-pn-fundamentals-proctored-exam-practice-questions-set-30","ati-pn-fundamentals-proctored-exam-practice-questions-set-30","ATI PN Fundamentals Proctored Exam Practice Questions - Set 30","nursing-test-bank","z0xzINtS3EohZNaKosBz","lyrHg4RBzN6UafuymMFT","1Lb0PkKiTEM2wQOIMDtv","1BzcBPnKcELBeHI4oKg8","pillarPages/nursing-test-bank/subPages/z0xzINtS3EohZNaKosBz/nestedSubPages/lyrHg4RBzN6UafuymMFT/topics/1Lb0PkKiTEM2wQOIMDtv/quizzes/1BzcBPnKcELBeHI4oKg8","true","quiz","quiz","ati-pn-fundamentals-proctored-exam-practice-questions-set-30","ati-pn-fundamentals-proctored-exam-practice-questions-set-30","ATI PN Fundamentals Proctored Exam Practice Questions - Set 30"
"MlIbIHRz1lieOBSXtimq","quiz","ati-pn-fundamentals-test-ch-789-caole-proctored-exam-practice-questions","ati-pn-fundamentals-test-ch-789-caole-proctored-exam-practice-questions","ATI PN Fundamentals Test Ch 789 Caole Proctored Exam Practice Questions","nursing-test-bank","z0xzINtS3EohZNaKosBz","lyrHg4RBzN6UafuymMFT","1Lb0PkKiTEM2wQOIMDtv","GI7EbXV8njb58zKwjCHn","pillarPages/nursing-test-bank/subPages/z0xzINtS3EohZNaKosBz/nestedSubPages/lyrHg4RBzN6UafuymMFT/topics/1Lb0PkKiTEM2wQOIMDtv/quizzes/GI7EbXV8njb58zKwjCHn","true","quiz","quiz","ati-pn-fundamentals-test-ch-789-caole-proctored-exam-practice-questions","ati-pn-fundamentals-test-ch-789-caole-proctored-exam-practice-questions","ATI PN Fundamentals Test Ch 789 Caole Proctored Exam Practice Questions"
"MpQtG3IQLUUZhng5OIcY","quiz","maternity-proctored-exam-samuel-merit-university-practice-questions-set-11","maternity-proctored-exam-samuel-merit-university-practice-questions-set-11","Maternity Proctored Exam (Samuel Merit University) Practice Questions - Set 11","nursing-test-bank","SuT1noZoNGEjKGR1vTbi","zMFBI0XMiRsJnnXWhL5S","stnDIFRoA0VwLaoxbGv1","kAX4ONhMe5LDHGFpvQXe","pillarPages/nursing-test-bank/subPages/SuT1noZoNGEjKGR1vTbi/nestedSubPages/zMFBI0XMiRsJnnXWhL5S/topics/stnDIFRoA0VwLaoxbGv1/quizzes/kAX4ONhMe5LDHGFpvQXe","true","quiz","quiz","maternity-proctored-exam-samuel-merit-university-practice-questions-set-11","maternity-proctored-exam-samuel-merit-university-practice-questions-set-11","Maternity Proctored Exam (Samuel Merit University) Practice Questions - Set 11"
"MtgHTxwzILtGHMozcOy1","quiz","nur-114-dosage-calculation-proctored-exam-practice-questions","nur-114-dosage-calculation-proctored-exam-practice-questions","NUR 114 Dosage Calculation Proctored Exam Practice Questions","nursing-test-bank","SuT1noZoNGEjKGR1vTbi","zMFBI0XMiRsJnnXWhL5S","GXrH3QXIidtKg5Jx0ly4","uBM2uRBtxFXMDz6WTfVB","pillarPages/nursing-test-bank/subPages/SuT1noZoNGEjKGR1vTbi/nestedSubPages/zMFBI0XMiRsJnnXWhL5S/topics/GXrH3QXIidtKg5Jx0ly4/quizzes/uBM2uRBtxFXMDz6WTfVB","true","quiz","quiz","nur-114-dosage-calculation-proctored-exam-practice-questions","nur-114-dosage-calculation-proctored-exam-practice-questions","NUR 114 Dosage Calculation Proctored Exam Practice Questions"
"Mx47EyAEg3Y8Nbg3NntK","quiz","rn-comprehensive-predictor-2023-proctored-exam-form-4","rn-comprehensive-predictor-2023-proctored-exam-form-4","RN Comprehensive Predictor 2023 Proctored Exam Form 4","nursing-exit-exam","S4vSoa5bxDgZ1L5kLOJe","QsMAv9L9bzYoFjgdfKgH","","u0ku2YOVWhMXMxFL3BCd","pillarPages/nursing-exit-exam/subPages/S4vSoa5bxDgZ1L5kLOJe/nestedSubPages/QsMAv9L9bzYoFjgdfKgH/quizzes/u0ku2YOVWhMXMxFL3BCd","true","quiz","quiz","rn-comprehensive-predictor-2023-proctored-exam-form-4","rn-comprehensive-predictor-2023-proctored-exam-form-4","RN Comprehensive Predictor 2023 Proctored Exam Form 4"
"Mz9Ut5ZHj6ADPHqWjFGE","quiz","hesi-rn-pathophisiology-proctored-exam-practice-questions","hesi-rn-pathophisiology-proctored-exam-practice-questions","HESI RN Pathophisiology Proctored Exam Practice Questions","nursing-test-bank","SuT1noZoNGEjKGR1vTbi","iT55qp9NAFOvZLBAiQzC","BvVKX25piwII9DcZQJSe","CNJR8igW64Gic3dPhZ11","pillarPages/nursing-test-bank/subPages/SuT1noZoNGEjKGR1vTbi/nestedSubPages/iT55qp9NAFOvZLBAiQzC/topics/BvVKX25piwII9DcZQJSe/quizzes/CNJR8igW64Gic3dPhZ11","true","quiz","quiz","hesi-rn-pathophisiology-proctored-exam-practice-questions","hesi-rn-pathophisiology-proctored-exam-practice-questions","HESI RN Pathophisiology Proctored Exam Practice Questions"
"Mzh9o6VmdVnWvFa1jTjY","quiz","hesi-exit-rn-with-ngn-proctored-exam","hesi-exit-rn-with-ngn-proctored-exam","HESI Exit RN With NGN Proctored Exam","nursing-exit-exam","S4vSoa5bxDgZ1L5kLOJe","MVHmi7FJbSDlPPz28jh5","","dXziIZr6Za4QgQUBkAQi","pillarPages/nursing-exit-exam/subPages/S4vSoa5bxDgZ1L5kLOJe/nestedSubPages/MVHmi7FJbSDlPPz28jh5/quizzes/dXziIZr6Za4QgQUBkAQi","true","quiz","quiz","hesi-exit-rn-with-ngn-proctored-exam","hesi-exit-rn-with-ngn-proctored-exam","HESI Exit RN With NGN Proctored Exam"
"N0TowQyz2f1vI3ouSRoN","quiz","ati-pn-anatomy-and-physiology-proctored-exam-practice-questions-set-2","ati-pn-anatomy-and-physiology-proctored-exam-practice-questions-set-2","ATI PN Anatomy and Physiology Proctored Exam Practice Questions - Set 2","nursing-test-bank","z0xzINtS3EohZNaKosBz","lyrHg4RBzN6UafuymMFT","j5H2Ra9IgckkioC7vNSj","BQt862kmRN23DCkh3PyI","pillarPages/nursing-test-bank/subPages/z0xzINtS3EohZNaKosBz/nestedSubPages/lyrHg4RBzN6UafuymMFT/topics/j5H2Ra9IgckkioC7vNSj/quizzes/BQt862kmRN23DCkh3PyI","true","quiz","quiz","ati-pn-anatomy-and-physiology-proctored-exam-practice-questions-set-2","ati-pn-anatomy-and-physiology-proctored-exam-practice-questions-set-2","ATI PN Anatomy and Physiology Proctored Exam Practice Questions - Set 2"
"N3mqmVT9hEawJLizeCi3","quiz","hesi-rn-maternal-newborn-proctored-exam-practice-questions-set-3","hesi-rn-maternal-newborn-proctored-exam-practice-questions-set-3","HESI RN Maternal Newborn Proctored Exam Practice Questions - Set 3","nursing-test-bank","SuT1noZoNGEjKGR1vTbi","iT55qp9NAFOvZLBAiQzC","ULDy5qJrNGEhyYIuXZvp","VfX9wDChJqGovTWIuR3f","pillarPages/nursing-test-bank/subPages/SuT1noZoNGEjKGR1vTbi/nestedSubPages/iT55qp9NAFOvZLBAiQzC/topics/ULDy5qJrNGEhyYIuXZvp/quizzes/VfX9wDChJqGovTWIuR3f","true","quiz","quiz","hesi-rn-maternal-newborn-proctored-exam-practice-questions-set-3","hesi-rn-maternal-newborn-proctored-exam-practice-questions-set-3","HESI RN Maternal Newborn Proctored Exam Practice Questions - Set 3"
"N6Rk2DgW0NLL4XPsgbbS","quiz","maternal-newborn-proctored-exam-practice-questions","maternal-newborn-proctored-exam-practice-questions","Maternal Newborn Proctored Exam Practice Questions","nursing-test-bank","SuT1noZoNGEjKGR1vTbi","zMFBI0XMiRsJnnXWhL5S","stnDIFRoA0VwLaoxbGv1","iCXgtYgRNK2zgPHiEt04","pillarPages/nursing-test-bank/subPages/SuT1noZoNGEjKGR1vTbi/nestedSubPages/zMFBI0XMiRsJnnXWhL5S/topics/stnDIFRoA0VwLaoxbGv1/quizzes/iCXgtYgRNK2zgPHiEt04","true","quiz","quiz","maternal-newborn-proctored-exam-practice-questions","maternal-newborn-proctored-exam-practice-questions","Maternal Newborn Proctored Exam Practice Questions"
"NBGnNSvVOn8dtJMs8P6T","nested","hesi-a2-anatomy-and-physiology-practice-test","hesi-a2-anatomy-and-physiology-practice-test","","nursing-entrance-exam","rdYGUZ9DzFvAmo6EsrVe","qwOa8KIVJed4vQNWENTI","","","pillarPages/nursing-entrance-exam/subPages/rdYGUZ9DzFvAmo6EsrVe/nestedSubPages/qwOa8KIVJed4vQNWENTI","true","nested","nested","hesi-a2-anatomy-and-physiology-practice-test","hesi-a2-anatomy-and-physiology-practice-test","Hesi A2 Anatomy and Physiology Practice Test"
"NEmJxyM34vFu2HLoeLp9","quiz","ati-pn-maternal-newborn-2023-proctored-exam-practice-questions-set-9","ati-pn-maternal-newborn-2023-proctored-exam-practice-questions-set-9","ATI PN Maternal Newborn 2023 Proctored Exam Practice Questions - Set 9","nursing-test-bank","z0xzINtS3EohZNaKosBz","lyrHg4RBzN6UafuymMFT","ZwY2vYN2X4tXEKOv2x6h","dMHTlzyIuyJX7CAqVPko","pillarPages/nursing-test-bank/subPages/z0xzINtS3EohZNaKosBz/nestedSubPages/lyrHg4RBzN6UafuymMFT/topics/ZwY2vYN2X4tXEKOv2x6h/quizzes/dMHTlzyIuyJX7CAqVPko","true","quiz","quiz","ati-pn-maternal-newborn-2023-proctored-exam-practice-questions-set-9","ati-pn-maternal-newborn-2023-proctored-exam-practice-questions-set-9","ATI PN Maternal Newborn 2023 Proctored Exam Practice Questions - Set 9"
"NIsM8L8Y9hUcuqpCYMUT","quiz","nurs-100-fundamentals-swami-test-14-18-23-proctored-exam-practice-questions","nurs-100-fundamentals-swami-test-14-18-23-proctored-exam-practice-questions","NURS 100 Fundamentals Swami Test 14.18.23 Proctored Exam Practice Questions","nursing-test-bank","SuT1noZoNGEjKGR1vTbi","zMFBI0XMiRsJnnXWhL5S","sBc3Ee7TKg33PIbmj4Hb","IbfAMcbnmXUnHs5Q7lDR","pillarPages/nursing-test-bank/subPages/SuT1noZoNGEjKGR1vTbi/nestedSubPages/zMFBI0XMiRsJnnXWhL5S/topics/sBc3Ee7TKg33PIbmj4Hb/quizzes/IbfAMcbnmXUnHs5Q7lDR","true","quiz","quiz","nurs-100-fundamentals-swami-test-14-18-23-proctored-exam-practice-questions","nurs-100-fundamentals-swami-test-14-18-23-proctored-exam-practice-questions","NURS 100 Fundamentals Swami Test 14.18.23 Proctored Exam Practice Questions"
"NLrutfHuXfaYLinr60DT","quiz","indiana-university-medical-surgical-nursing-proctored-exam-1-practice-questions","indiana-university-medical-surgical-nursing-proctored-exam-1-practice-questions","Indiana University Medical Surgical Nursing Proctored Exam 1 Practice Questions","nursing-test-bank","SuT1noZoNGEjKGR1vTbi","zMFBI0XMiRsJnnXWhL5S","4xNDZPMszSkpgRfEsOck","1HrnnXqjQx5wTl9DHKcB","pillarPages/nursing-test-bank/subPages/SuT1noZoNGEjKGR1vTbi/nestedSubPages/zMFBI0XMiRsJnnXWhL5S/topics/4xNDZPMszSkpgRfEsOck/quizzes/1HrnnXqjQx5wTl9DHKcB","true","quiz","quiz","indiana-university-medical-surgical-nursing-proctored-exam-1-practice-questions","indiana-university-medical-surgical-nursing-proctored-exam-1-practice-questions","Indiana University Medical Surgical Nursing Proctored Exam 1 Practice Questions"
"NYf6VHQLUxnXT0Bts83Z","topic","rn-nursing-course-leadership-practice-questions","rn-nursing-course-leadership-practice-questions","Leadership","nursing-test-bank","SuT1noZoNGEjKGR1vTbi","zMFBI0XMiRsJnnXWhL5S","sWcrKSZa84sgLyaVr5Sm","","pillarPages/nursing-test-bank/subPages/SuT1noZoNGEjKGR1vTbi/nestedSubPages/zMFBI0XMiRsJnnXWhL5S/topics/sWcrKSZa84sgLyaVr5Sm","true","topic","topic","rn-nursing-course-leadership-practice-questions","rn-nursing-course-leadership-practice-questions","Leadership"
"NcYdheB325WpOsmpX30W","quiz","ati-pn-med-surg-proctored-exam-perfusion-mobility-practice-questions","ati-pn-med-surg-proctored-exam-perfusion-mobility-practice-questions","ATI PN Med Surg Proctored Exam (Perfusion, Mobility) Practice Questions","nursing-test-bank","z0xzINtS3EohZNaKosBz","lyrHg4RBzN6UafuymMFT","NywbGW22YNeZSM3kuwKk","JJNz1h4U624zPaGWYZQ1","pillarPages/nursing-test-bank/subPages/z0xzINtS3EohZNaKosBz/nestedSubPages/lyrHg4RBzN6UafuymMFT/topics/NywbGW22YNeZSM3kuwKk/quizzes/JJNz1h4U624zPaGWYZQ1","true","quiz","quiz","ati-pn-med-surg-proctored-exam-perfusion-mobility-practice-questions","ati-pn-med-surg-proctored-exam-perfusion-mobility-practice-questions","ATI PN Med Surg Proctored Exam (Perfusion, Mobility) Practice Questions"
"NgMvWiO2BEPZFaIXqkvu","quiz","hesi-lpn-exit-exam-iv-proctored-exam","hesi-lpn-exit-exam-iv-proctored-exam","HESI LPN Exit Exam IV Proctored Exam","nursing-exit-exam","nkXaaMfkkbvjmrSRwtVq","BH31o1XVf6CrhNvQvfOO","","loM9ZGTe9mAST7p6WrHc","pillarPages/nursing-exit-exam/subPages/nkXaaMfkkbvjmrSRwtVq/nestedSubPages/BH31o1XVf6CrhNvQvfOO/quizzes/loM9ZGTe9mAST7p6WrHc","true","quiz","quiz","hesi-lpn-exit-exam-iv-proctored-exam","hesi-lpn-exit-exam-iv-proctored-exam","HESI LPN Exit Exam IV Proctored Exam"
"Nh4p2bAA7U5OFtMbW7my","quiz","ati-pn-adult-medical-surgical-proctored-exam-2023-practice-questions-set-25","ati-pn-adult-medical-surgical-proctored-exam-2023-practice-questions-set-25","ATI PN Adult Medical Surgical Proctored Exam 2023 Practice Questions - Set 25","nursing-test-bank","z0xzINtS3EohZNaKosBz","lyrHg4RBzN6UafuymMFT","NywbGW22YNeZSM3kuwKk","5UzPbe4Aso7UcswnVW3U","pillarPages/nursing-test-bank/subPages/z0xzINtS3EohZNaKosBz/nestedSubPages/lyrHg4RBzN6UafuymMFT/topics/NywbGW22YNeZSM3kuwKk/quizzes/5UzPbe4Aso7UcswnVW3U","true","quiz","quiz","ati-pn-adult-medical-surgical-proctored-exam-2023-practice-questions-set-25","ati-pn-adult-medical-surgical-proctored-exam-2023-practice-questions-set-25","ATI PN Adult Medical Surgical Proctored Exam 2023 Practice Questions - Set 25"
"NhgOj4uHatTg1RPZCNgE","quiz","ivytech-community-college-med-surg-ii-proctored-exam-practice-questions","ivytech-community-college-med-surg-ii-proctored-exam-practice-questions","Ivytech Community College Med Surg II Proctored Exam Practice Questions","nursing-test-bank","SuT1noZoNGEjKGR1vTbi","zMFBI0XMiRsJnnXWhL5S","4xNDZPMszSkpgRfEsOck","jkePgEzGiRLNWUzuAQ2K","pillarPages/nursing-test-bank/subPages/SuT1noZoNGEjKGR1vTbi/nestedSubPages/zMFBI0XMiRsJnnXWhL5S/topics/4xNDZPMszSkpgRfEsOck/quizzes/jkePgEzGiRLNWUzuAQ2K","true","quiz","quiz","ivytech-community-college-med-surg-ii-proctored-exam-practice-questions","ivytech-community-college-med-surg-ii-proctored-exam-practice-questions","Ivytech Community College Med Surg II Proctored Exam Practice Questions"
"NjJNfJPWXNs4sXajcyIb","nested","hesi-rn-exams","hesi-rn-exams","","nursing-test-bank","SuT1noZoNGEjKGR1vTbi","iT55qp9NAFOvZLBAiQzC","","","pillarPages/nursing-test-bank/subPages/SuT1noZoNGEjKGR1vTbi/nestedSubPages/iT55qp9NAFOvZLBAiQzC","true","nested","nested","hesi-rn-exams","hesi-rn-exams","HESI RN Exams"
"NjUU77BucQz0ABPNGu3K","quiz","teas-math-practice-test-set-6","teas-math-practice-test-set-6","","nursing-entrance-exam","yrdSf0KpOcuybL1SLnw7","e9EcRCWTbyKVpyLXUKzd","","rRulXMeohYgiEAcLmjiZ","pillarPages/nursing-entrance-exam/subPages/yrdSf0KpOcuybL1SLnw7/nestedSubPages/e9EcRCWTbyKVpyLXUKzd/quizzes/rRulXMeohYgiEAcLmjiZ","true","quiz","quiz","teas-math-practice-test-set-6","teas-math-practice-test-set-6","TEAS Math Practice Test Set 6"
"Nz8bgE3D6IToAJuQ8w3w","quiz","rn-fundamentals-2023-proctored-exam-practice-questions","rn-fundamentals-2023-proctored-exam-practice-questions","RN Fundamentals 2023 Proctored Exam Practice Questions","nursing-test-bank","SuT1noZoNGEjKGR1vTbi","zMFBI0XMiRsJnnXWhL5S","sBc3Ee7TKg33PIbmj4Hb","yLsgboK4MMWuklFkp0Ex","pillarPages/nursing-test-bank/subPages/SuT1noZoNGEjKGR1vTbi/nestedSubPages/zMFBI0XMiRsJnnXWhL5S/topics/sBc3Ee7TKg33PIbmj4Hb/quizzes/yLsgboK4MMWuklFkp0Ex","true","quiz","quiz","rn-fundamentals-2023-proctored-exam-practice-questions","rn-fundamentals-2023-proctored-exam-practice-questions","RN Fundamentals 2023 Proctored Exam Practice Questions"
"NzxzZYlJjlyNtkVCnZzM","quiz","nace-care-of-the-childbearing-family-proctored-exam-practice-questions","nace-care-of-the-childbearing-family-proctored-exam-practice-questions","NACE Care of the Childbearing Family Proctored Exam Practice Questions","nursing-test-bank","SuT1noZoNGEjKGR1vTbi","zMFBI0XMiRsJnnXWhL5S","stnDIFRoA0VwLaoxbGv1","WUbt9YGrrWPP1IxNhPno","pillarPages/nursing-test-bank/subPages/SuT1noZoNGEjKGR1vTbi/nestedSubPages/zMFBI0XMiRsJnnXWhL5S/topics/stnDIFRoA0VwLaoxbGv1/quizzes/WUbt9YGrrWPP1IxNhPno","true","quiz","quiz","nace-care-of-the-childbearing-family-proctored-exam-practice-questions","nace-care-of-the-childbearing-family-proctored-exam-practice-questions","NACE Care of the Childbearing Family Proctored Exam Practice Questions"
"OGYMPlj93CNPDLulZT50","quiz","dosage-calculation-pn-maternal-newborn-assessment-3-2-proctored-exam-practice-questions","dosage-calculation-pn-maternal-newborn-assessment-3-2-proctored-exam-practice-questions","Dosage Calculation PN Maternal Newborn Assessment 3.2 Proctored Exam Practice Questions","nursing-test-bank","z0xzINtS3EohZNaKosBz","3K3wv7IGcDcXvSNM9Kxm","0HON8THyW0E7BoW1rSm1","cpGHIoxoDi6Gf9JEe63k","pillarPages/nursing-test-bank/subPages/z0xzINtS3EohZNaKosBz/nestedSubPages/3K3wv7IGcDcXvSNM9Kxm/topics/0HON8THyW0E7BoW1rSm1/quizzes/cpGHIoxoDi6Gf9JEe63k","true","quiz","quiz","dosage-calculation-pn-maternal-newborn-assessment-3-2-proctored-exam-practice-questions","dosage-calculation-pn-maternal-newborn-assessment-3-2-proctored-exam-practice-questions","Dosage Calculation PN Maternal Newborn Assessment 3.2 Proctored Exam Practice Questions"
"OGsOL27uPeNwfC0qIoUP","quiz","ati-pn-anatomy-physiology-proctored-exam-practice-questions","ati-pn-anatomy-physiology-proctored-exam-practice-questions","ATI PN Anatomy Physiology Proctored Exam Practice Questions","nursing-test-bank","z0xzINtS3EohZNaKosBz","lyrHg4RBzN6UafuymMFT","j5H2Ra9IgckkioC7vNSj","EkuZ9esKxczPnxpYJ2HZ","pillarPages/nursing-test-bank/subPages/z0xzINtS3EohZNaKosBz/nestedSubPages/lyrHg4RBzN6UafuymMFT/topics/j5H2Ra9IgckkioC7vNSj/quizzes/EkuZ9esKxczPnxpYJ2HZ","true","quiz","quiz","ati-pn-anatomy-physiology-proctored-exam-practice-questions","ati-pn-anatomy-physiology-proctored-exam-practice-questions","ATI PN Anatomy Physiology Proctored Exam Practice Questions"
"OJLdOtiwdDSYPxgoAclr","quiz","ati-pn-mental-health-proctored-exam-practice-questions-set-2","ati-pn-mental-health-proctored-exam-practice-questions-set-2","ATI PN Mental Health Proctored Exam Practice Questions - Set 2","nursing-test-bank","z0xzINtS3EohZNaKosBz","lyrHg4RBzN6UafuymMFT","6i5h4wWlOfz4R8huNTkC","dUh2HpoMmmz9AkeiPvna","pillarPages/nursing-test-bank/subPages/z0xzINtS3EohZNaKosBz/nestedSubPages/lyrHg4RBzN6UafuymMFT/topics/6i5h4wWlOfz4R8huNTkC/quizzes/dUh2HpoMmmz9AkeiPvna","true","quiz","quiz","ati-pn-mental-health-proctored-exam-practice-questions-set-2","ati-pn-mental-health-proctored-exam-practice-questions-set-2","ATI PN Mental Health Proctored Exam Practice Questions - Set 2"
"OZLs5xV7iSyHLCEgVo9x","quiz","rn-adult-medical-surgical-2019-proctored-exam-4-practice-questions","rn-adult-medical-surgical-2019-proctored-exam-4-practice-questions","RN Adult Medical Surgical 2019 Proctored Exam 4 Practice Questions","nursing-test-bank","SuT1noZoNGEjKGR1vTbi","zMFBI0XMiRsJnnXWhL5S","4xNDZPMszSkpgRfEsOck","4uyPbfy1Zv0WdUj0PVfc","pillarPages/nursing-test-bank/subPages/SuT1noZoNGEjKGR1vTbi/nestedSubPages/zMFBI0XMiRsJnnXWhL5S/topics/4xNDZPMszSkpgRfEsOck/quizzes/4uyPbfy1Zv0WdUj0PVfc","true","quiz","quiz","rn-adult-medical-surgical-2019-proctored-exam-4-practice-questions","rn-adult-medical-surgical-2019-proctored-exam-4-practice-questions","RN Adult Medical Surgical 2019 Proctored Exam 4 Practice Questions"
"Oa80wD6WzHbVBGqq31FR","quiz","rn-mental-health-2019-with-ngn-proctored-exam-practice-questions","rn-mental-health-2019-with-ngn-proctored-exam-practice-questions","RN Mental Health 2019 with NGN Proctored Exam Practice Questions","nursing-test-bank","SuT1noZoNGEjKGR1vTbi","zMFBI0XMiRsJnnXWhL5S","dwj41dVBiWR9v4FRpKhC","MJvJDtKGfrbVrqoAxLTu","pillarPages/nursing-test-bank/subPages/SuT1noZoNGEjKGR1vTbi/nestedSubPages/zMFBI0XMiRsJnnXWhL5S/topics/dwj41dVBiWR9v4FRpKhC/quizzes/MJvJDtKGfrbVrqoAxLTu","true","quiz","quiz","rn-mental-health-2019-with-ngn-proctored-exam-practice-questions","rn-mental-health-2019-with-ngn-proctored-exam-practice-questions","RN Mental Health 2019 with NGN Proctored Exam Practice Questions"
"OcQucdQ92ahydesa6iK4","quiz","teas-reading-practice-test-set-12","teas-reading-practice-test-set-12","","nursing-entrance-exam","yrdSf0KpOcuybL1SLnw7","2JIZgWhm9jUkoNFmkY7R","","5NTvfpVOtE5a560DsykQ","pillarPages/nursing-entrance-exam/subPages/yrdSf0KpOcuybL1SLnw7/nestedSubPages/2JIZgWhm9jUkoNFmkY7R/quizzes/5NTvfpVOtE5a560DsykQ","true","quiz","quiz","teas-reading-practice-test-set-12","teas-reading-practice-test-set-12","TEAS Reading Practice Test Set 12"
"OdQUAAZnqLOX4WzGj2sU","quiz","nur-404w-maternity-examplify-proctored-exam-practice-questions","nur-404w-maternity-examplify-proctored-exam-practice-questions","NUR 404W Maternity Examplify Proctored Exam Practice Questions","nursing-test-bank","SuT1noZoNGEjKGR1vTbi","zMFBI0XMiRsJnnXWhL5S","stnDIFRoA0VwLaoxbGv1","9HKqYcvxYJjfQYhIea5o","pillarPages/nursing-test-bank/subPages/SuT1noZoNGEjKGR1vTbi/nestedSubPages/zMFBI0XMiRsJnnXWhL5S/topics/stnDIFRoA0VwLaoxbGv1/quizzes/9HKqYcvxYJjfQYhIea5o","true","quiz","quiz","nur-404w-maternity-examplify-proctored-exam-practice-questions","nur-404w-maternity-examplify-proctored-exam-practice-questions","NUR 404W Maternity Examplify Proctored Exam Practice Questions"
"OfspbPBM9pBl788KoUUp","quiz","ati-pn-dosage-calculation-pn-fundamentals-proctored-assessment-3-2-practice-questions","ati-pn-dosage-calculation-pn-fundamentals-proctored-assessment-3-2-practice-questions","ATI PN Dosage Calculation PN Fundamentals Proctored Assessment 3.2 Practice Questions","nursing-test-bank","z0xzINtS3EohZNaKosBz","lyrHg4RBzN6UafuymMFT","NHgx9LFXpsLVcFjsOujF","20vGitbt3DQxkFlyzvZH","pillarPages/nursing-test-bank/subPages/z0xzINtS3EohZNaKosBz/nestedSubPages/lyrHg4RBzN6UafuymMFT/topics/NHgx9LFXpsLVcFjsOujF/quizzes/20vGitbt3DQxkFlyzvZH","true","quiz","quiz","ati-pn-dosage-calculation-pn-fundamentals-proctored-assessment-3-2-practice-questions","ati-pn-dosage-calculation-pn-fundamentals-proctored-assessment-3-2-practice-questions","ATI PN Dosage Calculation PN Fundamentals Proctored Assessment 3.2 Practice Questions"
"Oiqv4onyesuQGk2VDHKY","quiz","nurs-326-med-surg-proctored-exam-roseman-university-examplify-practice-questions","nurs-326-med-surg-proctored-exam-roseman-university-examplify-practice-questions","NURS 326 Med Surg Proctored Exam (Roseman University, Examplify) Practice Questions","nursing-test-bank","SuT1noZoNGEjKGR1vTbi","zMFBI0XMiRsJnnXWhL5S","4xNDZPMszSkpgRfEsOck","WSYkeX7vCnhie7EdaAHc","pillarPages/nursing-test-bank/subPages/SuT1noZoNGEjKGR1vTbi/nestedSubPages/zMFBI0XMiRsJnnXWhL5S/topics/4xNDZPMszSkpgRfEsOck/quizzes/WSYkeX7vCnhie7EdaAHc","true","quiz","quiz","nurs-326-med-surg-proctored-exam-roseman-university-examplify-practice-questions","nurs-326-med-surg-proctored-exam-roseman-university-examplify-practice-questions","NURS 326 Med Surg Proctored Exam (Roseman University, Examplify) Practice Questions"
"Omr5WHecEnGgkWfT4ik9","quiz","health-assessment-proctored-exam-samuel-merit-university-practice-questions","health-assessment-proctored-exam-samuel-merit-university-practice-questions","Health Assessment Proctored Exam (Samuel Merit University) Practice Questions","nursing-test-bank","SuT1noZoNGEjKGR1vTbi","zMFBI0XMiRsJnnXWhL5S","XQlgh9zsLrRK6vilmJPA","Dqs3aisYn3RXuQpLzafU","pillarPages/nursing-test-bank/subPages/SuT1noZoNGEjKGR1vTbi/nestedSubPages/zMFBI0XMiRsJnnXWhL5S/topics/XQlgh9zsLrRK6vilmJPA/quizzes/Dqs3aisYn3RXuQpLzafU","true","quiz","quiz","health-assessment-proctored-exam-samuel-merit-university-practice-questions","health-assessment-proctored-exam-samuel-merit-university-practice-questions","Health Assessment Proctored Exam (Samuel Merit University) Practice Questions"
"OoNmkCr5P3T8fDJ6hcn1","quiz","nur-304-med-surg-proctored-exam-examplify-mchps-practice-questions","nur-304-med-surg-proctored-exam-examplify-mchps-practice-questions","NUR 304 Med Surg Proctored Exam (Examplify Mchps) Practice Questions","nursing-test-bank","SuT1noZoNGEjKGR1vTbi","zMFBI0XMiRsJnnXWhL5S","4xNDZPMszSkpgRfEsOck","9hUVDYUNECuIT0OC3iK9","pillarPages/nursing-test-bank/subPages/SuT1noZoNGEjKGR1vTbi/nestedSubPages/zMFBI0XMiRsJnnXWhL5S/topics/4xNDZPMszSkpgRfEsOck/quizzes/9hUVDYUNECuIT0OC3iK9","true","quiz","quiz","nur-304-med-surg-proctored-exam-examplify-mchps-practice-questions","nur-304-med-surg-proctored-exam-examplify-mchps-practice-questions","NUR 304 Med Surg Proctored Exam (Examplify Mchps) Practice Questions"
"OvLEH42mcFkejrhDKkjk","quiz","dosage-calculation-rn-maternal-newborn-proctored-assessment-3-2-practice-questions","dosage-calculation-rn-maternal-newborn-proctored-assessment-3-2-practice-questions","Dosage Calculation RN Maternal Newborn Proctored Assessment 3.2 Practice Questions","nursing-test-bank","SuT1noZoNGEjKGR1vTbi","zMFBI0XMiRsJnnXWhL5S","GXrH3QXIidtKg5Jx0ly4","yIpScNyHvbc8iyYqqtUc","pillarPages/nursing-test-bank/subPages/SuT1noZoNGEjKGR1vTbi/nestedSubPages/zMFBI0XMiRsJnnXWhL5S/topics/GXrH3QXIidtKg5Jx0ly4/quizzes/yIpScNyHvbc8iyYqqtUc","true","quiz","quiz","dosage-calculation-rn-maternal-newborn-proctored-assessment-3-2-practice-questions","dosage-calculation-rn-maternal-newborn-proctored-assessment-3-2-practice-questions","Dosage Calculation RN Maternal Newborn Proctored Assessment 3.2 Practice Questions"
"P0D1ohDDHkKWWbnUkEzi","quiz","hesi-rn-adult-health-proctored-exam-practice-questions-set-8","hesi-rn-adult-health-proctored-exam-practice-questions-set-8","HESI RN Adult Health Proctored Exam Practice Questions - Set 8","nursing-test-bank","SuT1noZoNGEjKGR1vTbi","iT55qp9NAFOvZLBAiQzC","n2FK9jdRFYQvHbryoAbl","J8G9P7ngjYS9XTUaQoTb","pillarPages/nursing-test-bank/subPages/SuT1noZoNGEjKGR1vTbi/nestedSubPages/iT55qp9NAFOvZLBAiQzC/topics/n2FK9jdRFYQvHbryoAbl/quizzes/J8G9P7ngjYS9XTUaQoTb","true","quiz","quiz","hesi-rn-adult-health-proctored-exam-practice-questions-set-8","hesi-rn-adult-health-proctored-exam-practice-questions-set-8","HESI RN Adult Health Proctored Exam Practice Questions - Set 8"
"P113YPKTx5cAOVi9CP5g","topic","hesi-rn-community-health-practice-questions","hesi-rn-community-health-practice-questions","Community Health","nursing-test-bank","SuT1noZoNGEjKGR1vTbi","iT55qp9NAFOvZLBAiQzC","KMxUPDNscYEZBOVA2kMH","","pillarPages/nursing-test-bank/subPages/SuT1noZoNGEjKGR1vTbi/nestedSubPages/iT55qp9NAFOvZLBAiQzC/topics/KMxUPDNscYEZBOVA2kMH","true","topic","topic","hesi-rn-community-health-practice-questions","hesi-rn-community-health-practice-questions","Community Health"
"P5rwdZB6Y9W6b1xGNNoH","quiz","dosage-calculation-rn-maternal-newborn-proctored-assessment-3-1-practice-questions","dosage-calculation-rn-maternal-newborn-proctored-assessment-3-1-practice-questions","Dosage Calculation RN Maternal Newborn Proctored Assessment 3.1 Practice Questions","nursing-test-bank","SuT1noZoNGEjKGR1vTbi","zMFBI0XMiRsJnnXWhL5S","GXrH3QXIidtKg5Jx0ly4","iO3RmC9uNSX8I4HBWTL7","pillarPages/nursing-test-bank/subPages/SuT1noZoNGEjKGR1vTbi/nestedSubPages/zMFBI0XMiRsJnnXWhL5S/topics/GXrH3QXIidtKg5Jx0ly4/quizzes/iO3RmC9uNSX8I4HBWTL7","true","quiz","quiz","dosage-calculation-rn-maternal-newborn-proctored-assessment-3-1-practice-questions","dosage-calculation-rn-maternal-newborn-proctored-assessment-3-1-practice-questions","Dosage Calculation RN Maternal Newborn Proctored Assessment 3.1 Practice Questions"
"P8qgdjB6zqtvRDD5RWPz","quiz","fundamentals-proctored-exam-practice-questions-set-11","fundamentals-proctored-exam-practice-questions-set-11","Fundamentals Proctored Exam Practice Questions - Set 11","nursing-test-bank","SuT1noZoNGEjKGR1vTbi","zMFBI0XMiRsJnnXWhL5S","sBc3Ee7TKg33PIbmj4Hb","EZqIxBb43YASudOzfHC8","pillarPages/nursing-test-bank/subPages/SuT1noZoNGEjKGR1vTbi/nestedSubPages/zMFBI0XMiRsJnnXWhL5S/topics/sBc3Ee7TKg33PIbmj4Hb/quizzes/EZqIxBb43YASudOzfHC8","true","quiz","quiz","fundamentals-proctored-exam-practice-questions-set-11","fundamentals-proctored-exam-practice-questions-set-11","Fundamentals Proctored Exam Practice Questions - Set 11"
"PFKoVRx0o1lvNnV73ezv","quiz","hesi-rn-pharmacology-proctored-exam-2-practice-questions","hesi-rn-pharmacology-proctored-exam-2-practice-questions","HESI RN Pharmacology Proctored Exam 2 Practice Questions","nursing-test-bank","SuT1noZoNGEjKGR1vTbi","iT55qp9NAFOvZLBAiQzC","l1kSgSxIYg2SRUN8aWqE","Aa85bCPVVatc7XdHzpeL","pillarPages/nursing-test-bank/subPages/SuT1noZoNGEjKGR1vTbi/nestedSubPages/iT55qp9NAFOvZLBAiQzC/topics/l1kSgSxIYg2SRUN8aWqE/quizzes/Aa85bCPVVatc7XdHzpeL","true","quiz","quiz","hesi-rn-pharmacology-proctored-exam-2-practice-questions","hesi-rn-pharmacology-proctored-exam-2-practice-questions","HESI RN Pharmacology Proctored Exam 2 Practice Questions"
"PJlPBOLwjoNqgjgTsZqZ","quiz","hesi-rn-health-assessment-proctored-exam-practice-questions-set-12","hesi-rn-health-assessment-proctored-exam-practice-questions-set-12","HESI RN Health Assessment Proctored Exam Practice Questions - Set 12","nursing-test-bank","SuT1noZoNGEjKGR1vTbi","iT55qp9NAFOvZLBAiQzC","0zSu4efsFf1RPT4W2Xjn","HaaCQJVhg85l6RYP04GK","pillarPages/nursing-test-bank/subPages/SuT1noZoNGEjKGR1vTbi/nestedSubPages/iT55qp9NAFOvZLBAiQzC/topics/0zSu4efsFf1RPT4W2Xjn/quizzes/HaaCQJVhg85l6RYP04GK","true","quiz","quiz","hesi-rn-health-assessment-proctored-exam-practice-questions-set-12","hesi-rn-health-assessment-proctored-exam-practice-questions-set-12","HESI RN Health Assessment Proctored Exam Practice Questions - Set 12"
"PL2LOgAXf6kBC04f2W6f","quiz","fundamentals-of-nursing-practice-proctored-exam-1-practice-questions","fundamentals-of-nursing-practice-proctored-exam-1-practice-questions","Fundamentals of Nursing Practice Proctored Exam 1 Practice Questions","nursing-test-bank","SuT1noZoNGEjKGR1vTbi","zMFBI0XMiRsJnnXWhL5S","sBc3Ee7TKg33PIbmj4Hb","Ty4dDKEj415V3w6HITOA","pillarPages/nursing-test-bank/subPages/SuT1noZoNGEjKGR1vTbi/nestedSubPages/zMFBI0XMiRsJnnXWhL5S/topics/sBc3Ee7TKg33PIbmj4Hb/quizzes/Ty4dDKEj415V3w6HITOA","true","quiz","quiz","fundamentals-of-nursing-practice-proctored-exam-1-practice-questions","fundamentals-of-nursing-practice-proctored-exam-1-practice-questions","Fundamentals of Nursing Practice Proctored Exam 1 Practice Questions"
"PQYA1EpKc3BtVEdjJ1CV","quiz","hesi-rn-health-assessment-proctored-exam-practice-questions-set-15","hesi-rn-health-assessment-proctored-exam-practice-questions-set-15","HESI RN Health Assessment Proctored Exam Practice Questions - Set 15","nursing-test-bank","SuT1noZoNGEjKGR1vTbi","iT55qp9NAFOvZLBAiQzC","0zSu4efsFf1RPT4W2Xjn","iWDZXv53kM1Yl4aF89hJ","pillarPages/nursing-test-bank/subPages/SuT1noZoNGEjKGR1vTbi/nestedSubPages/iT55qp9NAFOvZLBAiQzC/topics/0zSu4efsFf1RPT4W2Xjn/quizzes/iWDZXv53kM1Yl4aF89hJ","true","quiz","quiz","hesi-rn-health-assessment-proctored-exam-practice-questions-set-15","hesi-rn-health-assessment-proctored-exam-practice-questions-set-15","HESI RN Health Assessment Proctored Exam Practice Questions - Set 15"
"PQaBhyoY790rdiDuFzWf","quiz","patho-proctored-exam-4-summer-23-practice-questions","patho-proctored-exam-4-summer-23-practice-questions","Patho Proctored Exam 4 Summer 23 Practice Questions","nursing-test-bank","SuT1noZoNGEjKGR1vTbi","zMFBI0XMiRsJnnXWhL5S","KyUeIK7zxUi2K91H84Bj","ydwfZFJZFCRyBblrw9mZ","pillarPages/nursing-test-bank/subPages/SuT1noZoNGEjKGR1vTbi/nestedSubPages/zMFBI0XMiRsJnnXWhL5S/topics/KyUeIK7zxUi2K91H84Bj/quizzes/ydwfZFJZFCRyBblrw9mZ","true","quiz","quiz","patho-proctored-exam-4-summer-23-practice-questions","patho-proctored-exam-4-summer-23-practice-questions","Patho Proctored Exam 4 Summer 23 Practice Questions"
"PUuXtxv74F5RhAmCezUl","quiz","ati-pn-fundamentals-2020-with-ngn-proctored-exam-practice-questions","ati-pn-fundamentals-2020-with-ngn-proctored-exam-practice-questions","ATI PN Fundamentals 2020 with NGN Proctored Exam Practice Questions","nursing-test-bank","z0xzINtS3EohZNaKosBz","lyrHg4RBzN6UafuymMFT","1Lb0PkKiTEM2wQOIMDtv","c9oW9NYlen4KkGTouwol","pillarPages/nursing-test-bank/subPages/z0xzINtS3EohZNaKosBz/nestedSubPages/lyrHg4RBzN6UafuymMFT/topics/1Lb0PkKiTEM2wQOIMDtv/quizzes/c9oW9NYlen4KkGTouwol","true","quiz","quiz","ati-pn-fundamentals-2020-with-ngn-proctored-exam-practice-questions","ati-pn-fundamentals-2020-with-ngn-proctored-exam-practice-questions","ATI PN Fundamentals 2020 with NGN Proctored Exam Practice Questions"
"Pf51OMQ1TWMiSJ4NaQGg","quiz","ati-pn-dosage-calculation-pn-maternal-newborn-proctored-assessment-3-2-practice-questions","ati-pn-dosage-calculation-pn-maternal-newborn-proctored-assessment-3-2-practice-questions","ATI PN Dosage Calculation PN Maternal Newborn Proctored Assessment 3.2 Practice Questions","nursing-test-bank","z0xzINtS3EohZNaKosBz","lyrHg4RBzN6UafuymMFT","NHgx9LFXpsLVcFjsOujF","27TsqaTixAbnjVSxKE9B","pillarPages/nursing-test-bank/subPages/z0xzINtS3EohZNaKosBz/nestedSubPages/lyrHg4RBzN6UafuymMFT/topics/NHgx9LFXpsLVcFjsOujF/quizzes/27TsqaTixAbnjVSxKE9B","true","quiz","quiz","ati-pn-dosage-calculation-pn-maternal-newborn-proctored-assessment-3-2-practice-questions","ati-pn-dosage-calculation-pn-maternal-newborn-proctored-assessment-3-2-practice-questions","ATI PN Dosage Calculation PN Maternal Newborn Proctored Assessment 3.2 Practice Questions"
"PgQI0n7YbJHZGzO8wBw3","topic","ati-mental-health-proctored-exam-practice-questions","ati-mental-health-proctored-exam-practice-questions","","nursing-test-bank","SuT1noZoNGEjKGR1vTbi","Fnnd4c6ae0Uiurk2KUSc","APcgmC0wCfmDFfXIZdxZ","","pillarPages/nursing-test-bank/subPages/SuT1noZoNGEjKGR1vTbi/nestedSubPages/Fnnd4c6ae0Uiurk2KUSc/topics/APcgmC0wCfmDFfXIZdxZ","true","topic","topic","ati-mental-health-proctored-exam-practice-questions","ati-mental-health-proctored-exam-practice-questions","Mental Health"
"PqpMOfB5xHFLhdUJ4wWk","quiz","ati-pn-maternal-newborn-proctored-exam-practice-questions-set-2","ati-pn-maternal-newborn-proctored-exam-practice-questions-set-2","ATI PN Maternal Newborn Proctored Exam Practice Questions - Set 2","nursing-test-bank","z0xzINtS3EohZNaKosBz","lyrHg4RBzN6UafuymMFT","ZwY2vYN2X4tXEKOv2x6h","2pISLuROBybQHEYGwydT","pillarPages/nursing-test-bank/subPages/z0xzINtS3EohZNaKosBz/nestedSubPages/lyrHg4RBzN6UafuymMFT/topics/ZwY2vYN2X4tXEKOv2x6h/quizzes/2pISLuROBybQHEYGwydT","true","quiz","quiz","ati-pn-maternal-newborn-proctored-exam-practice-questions-set-2","ati-pn-maternal-newborn-proctored-exam-practice-questions-set-2","ATI PN Maternal Newborn Proctored Exam Practice Questions - Set 2"
"Ptu6Fp2sJE8uHoQEvZPY","topic","rn-nursing-course-microbiology-practice-questions","rn-nursing-course-microbiology-practice-questions","Microbiology","nursing-test-bank","SuT1noZoNGEjKGR1vTbi","zMFBI0XMiRsJnnXWhL5S","9DamWJdFDUGMGLjGeQbF","","pillarPages/nursing-test-bank/subPages/SuT1noZoNGEjKGR1vTbi/nestedSubPages/zMFBI0XMiRsJnnXWhL5S/topics/9DamWJdFDUGMGLjGeQbF","true","topic","topic","rn-nursing-course-microbiology-practice-questions","rn-nursing-course-microbiology-practice-questions","Microbiology"
"Q39BIMMvyUCIGBplEQ7f","quiz","ati-pn-capstone-proctored-comprehensive-assessment-2020-b-practice-questions","ati-pn-capstone-proctored-comprehensive-assessment-2020-b-practice-questions","ATI PN Capstone Proctored Comprehensive Assessment 2020 B Practice Questions","nursing-test-bank","z0xzINtS3EohZNaKosBz","lyrHg4RBzN6UafuymMFT","AIrzHbC5yDHk6TUjdEeM","b9pJEBdPR8XzRpg7wPjU","pillarPages/nursing-test-bank/subPages/z0xzINtS3EohZNaKosBz/nestedSubPages/lyrHg4RBzN6UafuymMFT/topics/AIrzHbC5yDHk6TUjdEeM/quizzes/b9pJEBdPR8XzRpg7wPjU","true","quiz","quiz","ati-pn-capstone-proctored-comprehensive-assessment-2020-b-practice-questions","ati-pn-capstone-proctored-comprehensive-assessment-2020-b-practice-questions","ATI PN Capstone Proctored Comprehensive Assessment 2020 B Practice Questions"
"Q5Xbmynyh7vZLeyB8yiX","quiz","hesi-rn-pharmacology-proctored-exam-3-practice-questions","hesi-rn-pharmacology-proctored-exam-3-practice-questions","HESI RN Pharmacology Proctored Exam 3 Practice Questions","nursing-test-bank","SuT1noZoNGEjKGR1vTbi","iT55qp9NAFOvZLBAiQzC","l1kSgSxIYg2SRUN8aWqE","pq9f4ibhECjJmhWUrEMp","pillarPages/nursing-test-bank/subPages/SuT1noZoNGEjKGR1vTbi/nestedSubPages/iT55qp9NAFOvZLBAiQzC/topics/l1kSgSxIYg2SRUN8aWqE/quizzes/pq9f4ibhECjJmhWUrEMp","true","quiz","quiz","hesi-rn-pharmacology-proctored-exam-3-practice-questions","hesi-rn-pharmacology-proctored-exam-3-practice-questions","HESI RN Pharmacology Proctored Exam 3 Practice Questions"
"QHQgpQHrmCLpyKK3F22B","quiz","medical-surgical-nursing-proctored-exam-viterbo-university-practice-questions-set-46","medical-surgical-nursing-proctored-exam-viterbo-university-practice-questions-set-46","Medical Surgical Nursing Proctored Exam (Viterbo University) Practice Questions - Set 46","nursing-test-bank","SuT1noZoNGEjKGR1vTbi","zMFBI0XMiRsJnnXWhL5S","4xNDZPMszSkpgRfEsOck","RTv3X6aWTvNLPz45g8pz","pillarPages/nursing-test-bank/subPages/SuT1noZoNGEjKGR1vTbi/nestedSubPages/zMFBI0XMiRsJnnXWhL5S/topics/4xNDZPMszSkpgRfEsOck/quizzes/RTv3X6aWTvNLPz45g8pz","true","quiz","quiz","medical-surgical-nursing-proctored-exam-viterbo-university-practice-questions-set-46","medical-surgical-nursing-proctored-exam-viterbo-university-practice-questions-set-46","Medical Surgical Nursing Proctored Exam (Viterbo University) Practice Questions - Set 46"
"QIP4eoeeaCOcg6eUB02z","quiz","ati-rn-comprehensive-predictor-2023-proctored-exam-form-2","ati-rn-comprehensive-predictor-2023-proctored-exam-form-2","ATI RN Comprehensive Predictor 2023 Proctored Exam Form 2","nursing-exit-exam","S4vSoa5bxDgZ1L5kLOJe","QsMAv9L9bzYoFjgdfKgH","","tvVIOaw6SCI8xOS1oOuO","pillarPages/nursing-exit-exam/subPages/S4vSoa5bxDgZ1L5kLOJe/nestedSubPages/QsMAv9L9bzYoFjgdfKgH/quizzes/tvVIOaw6SCI8xOS1oOuO","true","quiz","quiz","ati-rn-comprehensive-predictor-2023-proctored-exam-form-2","ati-rn-comprehensive-predictor-2023-proctored-exam-form-2","ATI RN Comprehensive Predictor 2023 Proctored Exam Form 2"
"QM3CG4tHNNqQEKCwsDbA","topic","hesi-rn-specialty-practice-questions","hesi-rn-specialty-practice-questions","Specialty","nursing-test-bank","SuT1noZoNGEjKGR1vTbi","iT55qp9NAFOvZLBAiQzC","gx1Mz09EBpIQzjCZZiAo","","pillarPages/nursing-test-bank/subPages/SuT1noZoNGEjKGR1vTbi/nestedSubPages/iT55qp9NAFOvZLBAiQzC/topics/gx1Mz09EBpIQzjCZZiAo","true","topic","topic","hesi-rn-specialty-practice-questions","hesi-rn-specialty-practice-questions","Specialty"
"QNGmQOeSf4RJZXDrsZGh","nested","kaplan-admission-practice-test-math","kaplan-admission-practice-test-math","","nursing-entrance-exam","jdJsAeBdy2mJO0kPibeV","iVUj9c4WQFuO14UqurOl","","","pillarPages/nursing-entrance-exam/subPages/jdJsAeBdy2mJO0kPibeV/nestedSubPages/iVUj9c4WQFuO14UqurOl","true","nested","nested","kaplan-admission-practice-test-math","kaplan-admission-practice-test-math","Kaplan Admission Practice Test Math"
"QR4ptQyQ0osW5jKdSmxJ","quiz","ati-pn-dosage-calculations-adult-medical-surgical-proctored-assessment-3-1-practice-questions","ati-pn-dosage-calculations-adult-medical-surgical-proctored-assessment-3-1-practice-questions","ATI PN Dosage Calculations. Adult Medical Surgical Proctored Assessment 3.1 Practice Questions","nursing-test-bank","z0xzINtS3EohZNaKosBz","lyrHg4RBzN6UafuymMFT","NHgx9LFXpsLVcFjsOujF","qH3HbT4o6WapzmYCYPxk","pillarPages/nursing-test-bank/subPages/z0xzINtS3EohZNaKosBz/nestedSubPages/lyrHg4RBzN6UafuymMFT/topics/NHgx9LFXpsLVcFjsOujF/quizzes/qH3HbT4o6WapzmYCYPxk","true","quiz","quiz","ati-pn-dosage-calculations-adult-medical-surgical-proctored-assessment-3-1-practice-questions","ati-pn-dosage-calculations-adult-medical-surgical-proctored-assessment-3-1-practice-questions","ATI PN Dosage Calculations. Adult Medical Surgical Proctored Assessment 3.1 Practice Questions"
"QV7VuEGT9R1mp8AHbGqh","quiz","ati-pn-nursing-leadership-proctored-exam-chapter-5-6-7-practice-questions","ati-pn-nursing-leadership-proctored-exam-chapter-5-6-7-practice-questions","ATI PN Nursing Leadership Proctored Exam(Chapter 5,6,7) Practice Questions","nursing-test-bank","z0xzINtS3EohZNaKosBz","lyrHg4RBzN6UafuymMFT","i0Rf69MPdXLbYTSRdCOW","0GxTv8XOKu4rtekw9uMw","pillarPages/nursing-test-bank/subPages/z0xzINtS3EohZNaKosBz/nestedSubPages/lyrHg4RBzN6UafuymMFT/topics/i0Rf69MPdXLbYTSRdCOW/quizzes/0GxTv8XOKu4rtekw9uMw","true","quiz","quiz","ati-pn-nursing-leadership-proctored-exam-chapter-5-6-7-practice-questions","ati-pn-nursing-leadership-proctored-exam-chapter-5-6-7-practice-questions","ATI PN Nursing Leadership Proctored Exam(Chapter 5,6,7) Practice Questions"
"QZ9Jy7nthAYhPaJTna1W","quiz","ati-pn-pediatrics-nursing-cohort-65-proctored-exam-practice-questions","ati-pn-pediatrics-nursing-cohort-65-proctored-exam-practice-questions","ATI PN Pediatrics Nursing Cohort 65 Proctored Exam Practice Questions","nursing-test-bank","z0xzINtS3EohZNaKosBz","lyrHg4RBzN6UafuymMFT","Y0MhOdG0hGVh8AUsgVrz","wE4GXTcn7EHREtaZOrYf","pillarPages/nursing-test-bank/subPages/z0xzINtS3EohZNaKosBz/nestedSubPages/lyrHg4RBzN6UafuymMFT/topics/Y0MhOdG0hGVh8AUsgVrz/quizzes/wE4GXTcn7EHREtaZOrYf","true","quiz","quiz","ati-pn-pediatrics-nursing-cohort-65-proctored-exam-practice-questions","ati-pn-pediatrics-nursing-cohort-65-proctored-exam-practice-questions","ATI PN Pediatrics Nursing Cohort 65 Proctored Exam Practice Questions"
"Qb5uO0AV2rJ70pylUXeY","quiz","teas-math-practice-test-set-13","teas-math-practice-test-set-13","","nursing-entrance-exam","yrdSf0KpOcuybL1SLnw7","e9EcRCWTbyKVpyLXUKzd","","0JtFd1AYoWvYcJtUlxfa","pillarPages/nursing-entrance-exam/subPages/yrdSf0KpOcuybL1SLnw7/nestedSubPages/e9EcRCWTbyKVpyLXUKzd/quizzes/0JtFd1AYoWvYcJtUlxfa","true","quiz","quiz","teas-math-practice-test-set-13","teas-math-practice-test-set-13","TEAS Math Practice Test Set 13"
"QdcvD3HMNlOzABDnGja4","quiz","ati-pn-maternal-newborn-2023-proctored-exam-practice-questions-set-3","ati-pn-maternal-newborn-2023-proctored-exam-practice-questions-set-3","ATI PN Maternal Newborn 2023 Proctored Exam Practice Questions - Set 3","nursing-test-bank","z0xzINtS3EohZNaKosBz","lyrHg4RBzN6UafuymMFT","ZwY2vYN2X4tXEKOv2x6h","wwhPYhVvgp3H6fzgUaje","pillarPages/nursing-test-bank/subPages/z0xzINtS3EohZNaKosBz/nestedSubPages/lyrHg4RBzN6UafuymMFT/topics/ZwY2vYN2X4tXEKOv2x6h/quizzes/wwhPYhVvgp3H6fzgUaje","true","quiz","quiz","ati-pn-maternal-newborn-2023-proctored-exam-practice-questions-set-3","ati-pn-maternal-newborn-2023-proctored-exam-practice-questions-set-3","ATI PN Maternal Newborn 2023 Proctored Exam Practice Questions - Set 3"
"QeRs9iJ6POqUXaBrfots","quiz","ati-pn-medical-surgical-proctored-exam-2023-practice-questions-set-21","ati-pn-medical-surgical-proctored-exam-2023-practice-questions-set-21","ATI PN Medical Surgical Proctored Exam 2023 Practice Questions - Set 21","nursing-test-bank","z0xzINtS3EohZNaKosBz","lyrHg4RBzN6UafuymMFT","NywbGW22YNeZSM3kuwKk","PSUOf5Jme94saqPFlLyB","pillarPages/nursing-test-bank/subPages/z0xzINtS3EohZNaKosBz/nestedSubPages/lyrHg4RBzN6UafuymMFT/topics/NywbGW22YNeZSM3kuwKk/quizzes/PSUOf5Jme94saqPFlLyB","true","quiz","quiz","ati-pn-medical-surgical-proctored-exam-2023-practice-questions-set-21","ati-pn-medical-surgical-proctored-exam-2023-practice-questions-set-21","ATI PN Medical Surgical Proctored Exam 2023 Practice Questions - Set 21"
"QhlHQnHD8Vs4GZ4pbw20","quiz","hesi-rn-311-pharmacology-proctored-exam-practice-questions","hesi-rn-311-pharmacology-proctored-exam-practice-questions","HESI RN 311 Pharmacology Proctored Exam Practice Questions","nursing-test-bank","SuT1noZoNGEjKGR1vTbi","iT55qp9NAFOvZLBAiQzC","l1kSgSxIYg2SRUN8aWqE","D08Epnz22yl4JMrF3taj","pillarPages/nursing-test-bank/subPages/SuT1noZoNGEjKGR1vTbi/nestedSubPages/iT55qp9NAFOvZLBAiQzC/topics/l1kSgSxIYg2SRUN8aWqE/quizzes/D08Epnz22yl4JMrF3taj","true","quiz","quiz","hesi-rn-311-pharmacology-proctored-exam-practice-questions","hesi-rn-311-pharmacology-proctored-exam-practice-questions","HESI RN 311 Pharmacology Proctored Exam Practice Questions"
"QibBZZ36vQfRsomLyxdp","quiz","hesi-rn-health-assesment-proctored-exam-practice-questions","hesi-rn-health-assesment-proctored-exam-practice-questions","HESI RN Health Assesment Proctored Exam Practice Questions","nursing-test-bank","SuT1noZoNGEjKGR1vTbi","iT55qp9NAFOvZLBAiQzC","0zSu4efsFf1RPT4W2Xjn","TIFtBx2U3StI7ylq6HJK","pillarPages/nursing-test-bank/subPages/SuT1noZoNGEjKGR1vTbi/nestedSubPages/iT55qp9NAFOvZLBAiQzC/topics/0zSu4efsFf1RPT4W2Xjn/quizzes/TIFtBx2U3StI7ylq6HJK","true","quiz","quiz","hesi-rn-health-assesment-proctored-exam-practice-questions","hesi-rn-health-assesment-proctored-exam-practice-questions","HESI RN Health Assesment Proctored Exam Practice Questions"
"QmyErKN1KtN3dIU38t6i","quiz","teas-english-practice-test-set-10","teas-english-practice-test-set-10","","nursing-entrance-exam","yrdSf0KpOcuybL1SLnw7","ykWIONcheFBJ7ooEl7WK","","q46KihvoTsR8S2HEvMub","pillarPages/nursing-entrance-exam/subPages/yrdSf0KpOcuybL1SLnw7/nestedSubPages/ykWIONcheFBJ7ooEl7WK/quizzes/q46KihvoTsR8S2HEvMub","true","quiz","quiz","teas-english-practice-test-set-10","teas-english-practice-test-set-10","TEAS English Practice Test Set 10"
"QsjKXwxqUUwyc7lDe76W","quiz","ati-pn-fundamentals-proctored-exam-stress-coping-neuro-practice-questions","ati-pn-fundamentals-proctored-exam-stress-coping-neuro-practice-questions","ATI PN Fundamentals Proctored Exam(Stress, Coping, Neuro) Practice Questions","nursing-test-bank","z0xzINtS3EohZNaKosBz","lyrHg4RBzN6UafuymMFT","1Lb0PkKiTEM2wQOIMDtv","K9aKhAOBFieNOKGQQD73","pillarPages/nursing-test-bank/subPages/z0xzINtS3EohZNaKosBz/nestedSubPages/lyrHg4RBzN6UafuymMFT/topics/1Lb0PkKiTEM2wQOIMDtv/quizzes/K9aKhAOBFieNOKGQQD73","true","quiz","quiz","ati-pn-fundamentals-proctored-exam-stress-coping-neuro-practice-questions","ati-pn-fundamentals-proctored-exam-stress-coping-neuro-practice-questions","ATI PN Fundamentals Proctored Exam(Stress, Coping, Neuro) Practice Questions"
"QwkagAVHHxufYEeROivi","quiz","hesi-rn-nursing-specialty-proctored-exam-practice-questions","hesi-rn-nursing-specialty-proctored-exam-practice-questions","HESI RN Nursing Specialty Proctored Exam Practice Questions","nursing-test-bank","SuT1noZoNGEjKGR1vTbi","iT55qp9NAFOvZLBAiQzC","gx1Mz09EBpIQzjCZZiAo","50Vc24eyb5pWydhL8OyE","pillarPages/nursing-test-bank/subPages/SuT1noZoNGEjKGR1vTbi/nestedSubPages/iT55qp9NAFOvZLBAiQzC/topics/gx1Mz09EBpIQzjCZZiAo/quizzes/50Vc24eyb5pWydhL8OyE","true","quiz","quiz","hesi-rn-nursing-specialty-proctored-exam-practice-questions","hesi-rn-nursing-specialty-proctored-exam-practice-questions","HESI RN Nursing Specialty Proctored Exam Practice Questions"
"R1RI4jGq7YmJjSvNXBBS","quiz","pediatric-proctored-exam-regular-practice-questions","pediatric-proctored-exam-regular-practice-questions","Pediatric Proctored Exam (Regular) Practice Questions","nursing-test-bank","SuT1noZoNGEjKGR1vTbi","zMFBI0XMiRsJnnXWhL5S","Hwspg6smTqrELsoRSNmc","HcbNiXzNRFGufOFHWr5Y","pillarPages/nursing-test-bank/subPages/SuT1noZoNGEjKGR1vTbi/nestedSubPages/zMFBI0XMiRsJnnXWhL5S/topics/Hwspg6smTqrELsoRSNmc/quizzes/HcbNiXzNRFGufOFHWr5Y","true","quiz","quiz","pediatric-proctored-exam-regular-practice-questions","pediatric-proctored-exam-regular-practice-questions","Pediatric Proctored Exam (Regular) Practice Questions"
"R29UHsTOIji7vqkYULet","quiz","teas-english-practice-test-set-6","teas-english-practice-test-set-6","","nursing-entrance-exam","yrdSf0KpOcuybL1SLnw7","ykWIONcheFBJ7ooEl7WK","","3QnlEkG493V1yvUnCrWJ","pillarPages/nursing-entrance-exam/subPages/yrdSf0KpOcuybL1SLnw7/nestedSubPages/ykWIONcheFBJ7ooEl7WK/quizzes/3QnlEkG493V1yvUnCrWJ","true","quiz","quiz","teas-english-practice-test-set-6","teas-english-practice-test-set-6","TEAS English Practice Test Set 6"
"R4NNkiHRtf3pCEs3fa6n","quiz","hesi-pn-exit-proctored-exam","hesi-pn-exit-proctored-exam","HESI PN Exit Proctored Exam","nursing-exit-exam","nkXaaMfkkbvjmrSRwtVq","BH31o1XVf6CrhNvQvfOO","","RTNgnHeEmAWXRlcaSinx","pillarPages/nursing-exit-exam/subPages/nkXaaMfkkbvjmrSRwtVq/nestedSubPages/BH31o1XVf6CrhNvQvfOO/quizzes/RTNgnHeEmAWXRlcaSinx","true","quiz","quiz","hesi-pn-exit-proctored-exam","hesi-pn-exit-proctored-exam","HESI PN Exit Proctored Exam"
"R5Sy7FgYo3iKmND7h3nf","quiz","ati-pn-fundamentals-updated-2023-proctored-exam-practice-questions-set-45","ati-pn-fundamentals-updated-2023-proctored-exam-practice-questions-set-45","ATI PN Fundamentals Updated 2023 Proctored Exam Practice Questions - Set 45","nursing-test-bank","z0xzINtS3EohZNaKosBz","lyrHg4RBzN6UafuymMFT","1Lb0PkKiTEM2wQOIMDtv","04tkBh095f9AeQ2hTlU0","pillarPages/nursing-test-bank/subPages/z0xzINtS3EohZNaKosBz/nestedSubPages/lyrHg4RBzN6UafuymMFT/topics/1Lb0PkKiTEM2wQOIMDtv/quizzes/04tkBh095f9AeQ2hTlU0","true","quiz","quiz","ati-pn-fundamentals-updated-2023-proctored-exam-practice-questions-set-45","ati-pn-fundamentals-updated-2023-proctored-exam-practice-questions-set-45","ATI PN Fundamentals Updated 2023 Proctored Exam Practice Questions - Set 45"
"R645B2XMftOPECJtZnx1","quiz","nu-405-medical-calculations-proctored-exam-practice-questions","nu-405-medical-calculations-proctored-exam-practice-questions","Nu 405 Medical Calculations Proctored Exam Practice Questions","nursing-test-bank","SuT1noZoNGEjKGR1vTbi","zMFBI0XMiRsJnnXWhL5S","GXrH3QXIidtKg5Jx0ly4","di4P9BdC6N2E9gFfGhKz","pillarPages/nursing-test-bank/subPages/SuT1noZoNGEjKGR1vTbi/nestedSubPages/zMFBI0XMiRsJnnXWhL5S/topics/GXrH3QXIidtKg5Jx0ly4/quizzes/di4P9BdC6N2E9gFfGhKz","true","quiz","quiz","nu-405-medical-calculations-proctored-exam-practice-questions","nu-405-medical-calculations-proctored-exam-practice-questions","Nu 405 Medical Calculations Proctored Exam Practice Questions"
"R6HIx1iSV5N00nmrnD27","quiz","hesi-rn-wgu-foundation-of-nursing-proctored-exam-practice-questions","hesi-rn-wgu-foundation-of-nursing-proctored-exam-practice-questions","HESI RN WGU Foundation of Nursing Proctored Exam Practice Questions","nursing-test-bank","SuT1noZoNGEjKGR1vTbi","iT55qp9NAFOvZLBAiQzC","70YsvvAfpEoWkJ2zO8Vy","KYEST79DJtzAqSE595ZR","pillarPages/nursing-test-bank/subPages/SuT1noZoNGEjKGR1vTbi/nestedSubPages/iT55qp9NAFOvZLBAiQzC/topics/70YsvvAfpEoWkJ2zO8Vy/quizzes/KYEST79DJtzAqSE595ZR","true","quiz","quiz","hesi-rn-wgu-foundation-of-nursing-proctored-exam-practice-questions","hesi-rn-wgu-foundation-of-nursing-proctored-exam-practice-questions","HESI RN WGU Foundation of Nursing Proctored Exam Practice Questions"
"R7FjfudXEukDmFLcBzTq","quiz","medical-surgery-proctored-exam-2-practice-questions","medical-surgery-proctored-exam-2-practice-questions","Medical Surgery Proctored Exam 2 Practice Questions","nursing-test-bank","SuT1noZoNGEjKGR1vTbi","zMFBI0XMiRsJnnXWhL5S","4xNDZPMszSkpgRfEsOck","VtddcxeKR8gZeGb2Ffx4","pillarPages/nursing-test-bank/subPages/SuT1noZoNGEjKGR1vTbi/nestedSubPages/zMFBI0XMiRsJnnXWhL5S/topics/4xNDZPMszSkpgRfEsOck/quizzes/VtddcxeKR8gZeGb2Ffx4","true","quiz","quiz","medical-surgery-proctored-exam-2-practice-questions","medical-surgery-proctored-exam-2-practice-questions","Medical Surgery Proctored Exam 2 Practice Questions"
"RHXcJMQSRrsgFPz3mGdj","quiz","fundamental-nursing-2-proctored-exam-practice-questions","fundamental-nursing-2-proctored-exam-practice-questions","Fundamental Nursing 2 Proctored Exam Practice Questions","nursing-test-bank","SuT1noZoNGEjKGR1vTbi","zMFBI0XMiRsJnnXWhL5S","sBc3Ee7TKg33PIbmj4Hb","UZiBBIsn0hiGvTWrRwvZ","pillarPages/nursing-test-bank/subPages/SuT1noZoNGEjKGR1vTbi/nestedSubPages/zMFBI0XMiRsJnnXWhL5S/topics/sBc3Ee7TKg33PIbmj4Hb/quizzes/UZiBBIsn0hiGvTWrRwvZ","true","quiz","quiz","fundamental-nursing-2-proctored-exam-practice-questions","fundamental-nursing-2-proctored-exam-practice-questions","Fundamental Nursing 2 Proctored Exam Practice Questions"
"RK7BzYy8jsE7H2sGS4zq","quiz","teas-math-practice-test-set-7","teas-math-practice-test-set-7","","nursing-entrance-exam","yrdSf0KpOcuybL1SLnw7","e9EcRCWTbyKVpyLXUKzd","","gg8CLwVXq1pVrZxqKLMd","pillarPages/nursing-entrance-exam/subPages/yrdSf0KpOcuybL1SLnw7/nestedSubPages/e9EcRCWTbyKVpyLXUKzd/quizzes/gg8CLwVXq1pVrZxqKLMd","true","quiz","quiz","teas-math-practice-test-set-7","teas-math-practice-test-set-7","TEAS Math Practice Test Set 7"
"RLCWjUsVZeb1xJ6l80aD","quiz","nur-105-pharmacology-proctored-exam-practice-questions","nur-105-pharmacology-proctored-exam-practice-questions","NUR 105 Pharmacology Proctored Exam Practice Questions","nursing-test-bank","SuT1noZoNGEjKGR1vTbi","zMFBI0XMiRsJnnXWhL5S","qjQzp4HMFByeL1UEKGDd","tZf09MbgqT3Q4Au0WVEp","pillarPages/nursing-test-bank/subPages/SuT1noZoNGEjKGR1vTbi/nestedSubPages/zMFBI0XMiRsJnnXWhL5S/topics/qjQzp4HMFByeL1UEKGDd/quizzes/tZf09MbgqT3Q4Au0WVEp","true","quiz","quiz","nur-105-pharmacology-proctored-exam-practice-questions","nur-105-pharmacology-proctored-exam-practice-questions","NUR 105 Pharmacology Proctored Exam Practice Questions"
"RU4wSFahZyxGFUGPA0aT","quiz","medical-surgical-nursing-proctored-exam-viterbo-university-practice-questions-set-44","medical-surgical-nursing-proctored-exam-viterbo-university-practice-questions-set-44","Medical Surgical Nursing Proctored Exam (Viterbo University) Practice Questions - Set 44","nursing-test-bank","SuT1noZoNGEjKGR1vTbi","zMFBI0XMiRsJnnXWhL5S","4xNDZPMszSkpgRfEsOck","PNDHAOBehP5kd2BJBMND","pillarPages/nursing-test-bank/subPages/SuT1noZoNGEjKGR1vTbi/nestedSubPages/zMFBI0XMiRsJnnXWhL5S/topics/4xNDZPMszSkpgRfEsOck/quizzes/PNDHAOBehP5kd2BJBMND","true","quiz","quiz","medical-surgical-nursing-proctored-exam-viterbo-university-practice-questions-set-44","medical-surgical-nursing-proctored-exam-viterbo-university-practice-questions-set-44","Medical Surgical Nursing Proctored Exam (Viterbo University) Practice Questions - Set 44"
"RYzMBKRiScqEcdCxAgef","quiz","hesi-rn-community-health-and-population-proctored-exam-wgu-practice-questions","hesi-rn-community-health-and-population-proctored-exam-wgu-practice-questions","HESI RN Community Health and Population Proctored Exam (WGU) Practice Questions","nursing-test-bank","SuT1noZoNGEjKGR1vTbi","iT55qp9NAFOvZLBAiQzC","KMxUPDNscYEZBOVA2kMH","WO7zi3jUqvkMqnvBc8ZG","pillarPages/nursing-test-bank/subPages/SuT1noZoNGEjKGR1vTbi/nestedSubPages/iT55qp9NAFOvZLBAiQzC/topics/KMxUPDNscYEZBOVA2kMH/quizzes/WO7zi3jUqvkMqnvBc8ZG","true","quiz","quiz","hesi-rn-community-health-and-population-proctored-exam-wgu-practice-questions","hesi-rn-community-health-and-population-proctored-exam-wgu-practice-questions","HESI RN Community Health and Population Proctored Exam (WGU) Practice Questions"
"RqpPa2ZMrwdNcfRZLnPG","quiz","ati-pn-fundamentals-proctored-exam-chapter-34-practice-questions","ati-pn-fundamentals-proctored-exam-chapter-34-practice-questions","ATI PN Fundamentals Proctored Exam Chapter 34 Practice Questions","nursing-test-bank","z0xzINtS3EohZNaKosBz","lyrHg4RBzN6UafuymMFT","1Lb0PkKiTEM2wQOIMDtv","uq1dKGEkWhuxqm6IVc2q","pillarPages/nursing-test-bank/subPages/z0xzINtS3EohZNaKosBz/nestedSubPages/lyrHg4RBzN6UafuymMFT/topics/1Lb0PkKiTEM2wQOIMDtv/quizzes/uq1dKGEkWhuxqm6IVc2q","true","quiz","quiz","ati-pn-fundamentals-proctored-exam-chapter-34-practice-questions","ati-pn-fundamentals-proctored-exam-chapter-34-practice-questions","ATI PN Fundamentals Proctored Exam Chapter 34 Practice Questions"
"RsbhgQliXh9xaWfEzeaZ","quiz","ati-pn-med-surg-level-2-proctored-exam-practice-questions-set-18","ati-pn-med-surg-level-2-proctored-exam-practice-questions-set-18","ATI PN Med Surg Level 2 Proctored Exam Practice Questions - Set 18","nursing-test-bank","z0xzINtS3EohZNaKosBz","lyrHg4RBzN6UafuymMFT","NywbGW22YNeZSM3kuwKk","OymBEZcoO4Zn83apS0Mz","pillarPages/nursing-test-bank/subPages/z0xzINtS3EohZNaKosBz/nestedSubPages/lyrHg4RBzN6UafuymMFT/topics/NywbGW22YNeZSM3kuwKk/quizzes/OymBEZcoO4Zn83apS0Mz","true","quiz","quiz","ati-pn-med-surg-level-2-proctored-exam-practice-questions-set-18","ati-pn-med-surg-level-2-proctored-exam-practice-questions-set-18","ATI PN Med Surg Level 2 Proctored Exam Practice Questions - Set 18"
"RxssQw7fvUDVU6GEQPDw","quiz","hesi-rn-315-pharmacology-proctored-exam-practice-questions","hesi-rn-315-pharmacology-proctored-exam-practice-questions","HESI RN 315 Pharmacology Proctored Exam Practice Questions","nursing-test-bank","SuT1noZoNGEjKGR1vTbi","iT55qp9NAFOvZLBAiQzC","l1kSgSxIYg2SRUN8aWqE","Qpl3AjZdlXTE5lYbL7Ea","pillarPages/nursing-test-bank/subPages/SuT1noZoNGEjKGR1vTbi/nestedSubPages/iT55qp9NAFOvZLBAiQzC/topics/l1kSgSxIYg2SRUN8aWqE/quizzes/Qpl3AjZdlXTE5lYbL7Ea","true","quiz","quiz","hesi-rn-315-pharmacology-proctored-exam-practice-questions","hesi-rn-315-pharmacology-proctored-exam-practice-questions","HESI RN 315 Pharmacology Proctored Exam Practice Questions"
"Ryo0brz4PaXF0lkHryQq","quiz","ati-pn-maternal-newborn-2023-proctored-exam-practice-questions-set-1","ati-pn-maternal-newborn-2023-proctored-exam-practice-questions-set-1","ATI PN Maternal Newborn 2023 Proctored Exam Practice Questions - Set 1","nursing-test-bank","z0xzINtS3EohZNaKosBz","lyrHg4RBzN6UafuymMFT","ZwY2vYN2X4tXEKOv2x6h","ECRqRGdgjTT62PogLp3c","pillarPages/nursing-test-bank/subPages/z0xzINtS3EohZNaKosBz/nestedSubPages/lyrHg4RBzN6UafuymMFT/topics/ZwY2vYN2X4tXEKOv2x6h/quizzes/ECRqRGdgjTT62PogLp3c","true","quiz","quiz","ati-pn-maternal-newborn-2023-proctored-exam-practice-questions-set-1","ati-pn-maternal-newborn-2023-proctored-exam-practice-questions-set-1","ATI PN Maternal Newborn 2023 Proctored Exam Practice Questions - Set 1"
"S1uMYFnUrAEIr12ZlaZe","quiz","ati-pn-med-surg-proctored-exam-metabolism-hoemastasis-practice-questions","ati-pn-med-surg-proctored-exam-metabolism-hoemastasis-practice-questions","ATI PN Med Surg Proctored Exam(Metabolism, Hoemastasis) Practice Questions","nursing-test-bank","z0xzINtS3EohZNaKosBz","lyrHg4RBzN6UafuymMFT","NywbGW22YNeZSM3kuwKk","oMxa208twDr47SGvmVRJ","pillarPages/nursing-test-bank/subPages/z0xzINtS3EohZNaKosBz/nestedSubPages/lyrHg4RBzN6UafuymMFT/topics/NywbGW22YNeZSM3kuwKk/quizzes/oMxa208twDr47SGvmVRJ","true","quiz","quiz","ati-pn-med-surg-proctored-exam-metabolism-hoemastasis-practice-questions","ati-pn-med-surg-proctored-exam-metabolism-hoemastasis-practice-questions","ATI PN Med Surg Proctored Exam(Metabolism, Hoemastasis) Practice Questions"
"S5CAbNmH66dYWjNxgU27","quiz","nurs-4341-maternal-newborn-proctored-exam-practice-questions-set-5","nurs-4341-maternal-newborn-proctored-exam-practice-questions-set-5","NURS 4341 Maternal Newborn Proctored Exam Practice Questions - Set 5","nursing-test-bank","SuT1noZoNGEjKGR1vTbi","zMFBI0XMiRsJnnXWhL5S","stnDIFRoA0VwLaoxbGv1","A7ZoE79f4TVVlU5kJi9b","pillarPages/nursing-test-bank/subPages/SuT1noZoNGEjKGR1vTbi/nestedSubPages/zMFBI0XMiRsJnnXWhL5S/topics/stnDIFRoA0VwLaoxbGv1/quizzes/A7ZoE79f4TVVlU5kJi9b","true","quiz","quiz","nurs-4341-maternal-newborn-proctored-exam-practice-questions-set-5","nurs-4341-maternal-newborn-proctored-exam-practice-questions-set-5","NURS 4341 Maternal Newborn Proctored Exam Practice Questions - Set 5"
"SKiNxbiBBrtVJQ8E7757","sub","lpn-exams","lpn-exams","","nursing-test-bank","z0xzINtS3EohZNaKosBz","","","","pillarPages/nursing-test-bank/subPages/z0xzINtS3EohZNaKosBz","true","subPage","sub","lpn-exams","lpn-exams","LPN Exams"
"SLBuJKHVzbYL8ybMLVUf","quiz","ati-pn-maternal-newborn-2020-proctored-exam-practice-questions-set-19","ati-pn-maternal-newborn-2020-proctored-exam-practice-questions-set-19","ATI PN Maternal Newborn 2020 Proctored Exam Practice Questions - Set 19","nursing-test-bank","z0xzINtS3EohZNaKosBz","lyrHg4RBzN6UafuymMFT","ZwY2vYN2X4tXEKOv2x6h","wgtUsFieAT42tBpHZ3SK","pillarPages/nursing-test-bank/subPages/z0xzINtS3EohZNaKosBz/nestedSubPages/lyrHg4RBzN6UafuymMFT/topics/ZwY2vYN2X4tXEKOv2x6h/quizzes/wgtUsFieAT42tBpHZ3SK","true","quiz","quiz","ati-pn-maternal-newborn-2020-proctored-exam-practice-questions-set-19","ati-pn-maternal-newborn-2020-proctored-exam-practice-questions-set-19","ATI PN Maternal Newborn 2020 Proctored Exam Practice Questions - Set 19"
"SM0MCDQg1ptXtfFQcTCJ","quiz","teas-science-practice-test-set-15","teas-science-practice-test-set-15","","nursing-entrance-exam","yrdSf0KpOcuybL1SLnw7","uJVUx7wiwgxZ5HPJXNkV","","uMOXcJU1m3JgCidP4eSJ","pillarPages/nursing-entrance-exam/subPages/yrdSf0KpOcuybL1SLnw7/nestedSubPages/uJVUx7wiwgxZ5HPJXNkV/quizzes/uMOXcJU1m3JgCidP4eSJ","true","quiz","quiz","teas-science-practice-test-set-15","teas-science-practice-test-set-15","TEAS Science Practice Test Set 15"
"SN9aX91XDpATPTNsWpqs","quiz","hesi-a2-math-practice-test-set-4","hesi-a2-math-practice-test-set-4","","nursing-entrance-exam","rdYGUZ9DzFvAmo6EsrVe","WCMWPi3ol4wwpJaHF6DH","","hesi-a2-math-practice-test-set-4","pillarPages/nursing-entrance-exam/subPages/rdYGUZ9DzFvAmo6EsrVe/nestedSubPages/WCMWPi3ol4wwpJaHF6DH/quizzes/hesi-a2-math-practice-test-set-4","true","quiz","entrance_quiz_subject","hesi-a2-math-practice-test-set-4","hesi-a2-math-practice-test-set-4","HESI A2 Math Practice Test Set 4"
"SP3qiQrhSVeF8WwmIm5k","quiz","ati-pn-pharmacology-n113-proctored-exam-practice-questions","ati-pn-pharmacology-n113-proctored-exam-practice-questions","ATI PN Pharmacology N113 Proctored Exam Practice Questions","nursing-test-bank","z0xzINtS3EohZNaKosBz","lyrHg4RBzN6UafuymMFT","13a3GLxldltUqhIxNzkr","DhMS8Howm4uIPaPfnLMR","pillarPages/nursing-test-bank/subPages/z0xzINtS3EohZNaKosBz/nestedSubPages/lyrHg4RBzN6UafuymMFT/topics/13a3GLxldltUqhIxNzkr/quizzes/DhMS8Howm4uIPaPfnLMR","true","quiz","quiz","ati-pn-pharmacology-n113-proctored-exam-practice-questions","ati-pn-pharmacology-n113-proctored-exam-practice-questions","ATI PN Pharmacology N113 Proctored Exam Practice Questions"
"SWG31OWLluRfHzSyhBub","quiz","fundamentals-proctored-exam-examplify-practice-questions","fundamentals-proctored-exam-examplify-practice-questions","Fundamentals Proctored Exam (Examplify) Practice Questions","nursing-test-bank","SuT1noZoNGEjKGR1vTbi","zMFBI0XMiRsJnnXWhL5S","sBc3Ee7TKg33PIbmj4Hb","whQ9uyvEZiRVoLjAKHEO","pillarPages/nursing-test-bank/subPages/SuT1noZoNGEjKGR1vTbi/nestedSubPages/zMFBI0XMiRsJnnXWhL5S/topics/sBc3Ee7TKg33PIbmj4Hb/quizzes/whQ9uyvEZiRVoLjAKHEO","true","quiz","quiz","fundamentals-proctored-exam-examplify-practice-questions","fundamentals-proctored-exam-examplify-practice-questions","Fundamentals Proctored Exam (Examplify) Practice Questions"
"SYDuxTKT8SXLBiVdAwmV","quiz","hesi-rn-pharmacology-proctored-exam-practice-questions-set-4","hesi-rn-pharmacology-proctored-exam-practice-questions-set-4","HESI RN Pharmacology Proctored Exam Practice Questions - Set 4","nursing-test-bank","SuT1noZoNGEjKGR1vTbi","iT55qp9NAFOvZLBAiQzC","l1kSgSxIYg2SRUN8aWqE","kFvSNjsxq3f0sTyKIpER","pillarPages/nursing-test-bank/subPages/SuT1noZoNGEjKGR1vTbi/nestedSubPages/iT55qp9NAFOvZLBAiQzC/topics/l1kSgSxIYg2SRUN8aWqE/quizzes/kFvSNjsxq3f0sTyKIpER","true","quiz","quiz","hesi-rn-pharmacology-proctored-exam-practice-questions-set-4","hesi-rn-pharmacology-proctored-exam-practice-questions-set-4","HESI RN Pharmacology Proctored Exam Practice Questions - Set 4"
"SbA47dAbifnS0wbUZSPZ","quiz","dosage-calculation-rn-critical-care-proctored-assessment-3-2-practice-questions","dosage-calculation-rn-critical-care-proctored-assessment-3-2-practice-questions","Dosage Calculation RN Critical Care Proctored Assessment 3.2 Practice Questions","nursing-test-bank","SuT1noZoNGEjKGR1vTbi","zMFBI0XMiRsJnnXWhL5S","GXrH3QXIidtKg5Jx0ly4","hnSW1ooY4uOjaQDZp7Zl","pillarPages/nursing-test-bank/subPages/SuT1noZoNGEjKGR1vTbi/nestedSubPages/zMFBI0XMiRsJnnXWhL5S/topics/GXrH3QXIidtKg5Jx0ly4/quizzes/hnSW1ooY4uOjaQDZp7Zl","true","quiz","quiz","dosage-calculation-rn-critical-care-proctored-assessment-3-2-practice-questions","dosage-calculation-rn-critical-care-proctored-assessment-3-2-practice-questions","Dosage Calculation RN Critical Care Proctored Assessment 3.2 Practice Questions"
"SgqioIqneKPZUTP04A14","quiz","health-and-wellness-proctored-exam-chamberlain-university-examplify-practice-questions","health-and-wellness-proctored-exam-chamberlain-university-examplify-practice-questions","Health and Wellness Proctored Exam (Chamberlain University Examplify) Practice Questions","nursing-test-bank","SuT1noZoNGEjKGR1vTbi","zMFBI0XMiRsJnnXWhL5S","XQlgh9zsLrRK6vilmJPA","tzAiAFxhTuQLrUhgSp8N","pillarPages/nursing-test-bank/subPages/SuT1noZoNGEjKGR1vTbi/nestedSubPages/zMFBI0XMiRsJnnXWhL5S/topics/XQlgh9zsLrRK6vilmJPA/quizzes/tzAiAFxhTuQLrUhgSp8N","true","quiz","quiz","health-and-wellness-proctored-exam-chamberlain-university-examplify-practice-questions","health-and-wellness-proctored-exam-chamberlain-university-examplify-practice-questions","Health and Wellness Proctored Exam (Chamberlain University Examplify) Practice Questions"
"Sj6Pi0svj0HNUidI0c0D","topic","rn-nursing-course-critical-care-practice-questions","rn-nursing-course-critical-care-practice-questions","Critical Care","nursing-test-bank","SuT1noZoNGEjKGR1vTbi","zMFBI0XMiRsJnnXWhL5S","ClP0t5MZQ8KQGRehmVDG","","pillarPages/nursing-test-bank/subPages/SuT1noZoNGEjKGR1vTbi/nestedSubPages/zMFBI0XMiRsJnnXWhL5S/topics/ClP0t5MZQ8KQGRehmVDG","true","topic","topic","rn-nursing-course-critical-care-practice-questions","rn-nursing-course-critical-care-practice-questions","Critical Care"
"SkdOM5F0tHR9jwNuPzRp","quiz","hesi-rn-exit-proctored-exam-form-6","hesi-rn-exit-proctored-exam-form-6","HESI RN Exit Proctored Exam Form 6","nursing-exit-exam","S4vSoa5bxDgZ1L5kLOJe","MVHmi7FJbSDlPPz28jh5","","CytguaDnZYmHeG2UG0pm","pillarPages/nursing-exit-exam/subPages/S4vSoa5bxDgZ1L5kLOJe/nestedSubPages/MVHmi7FJbSDlPPz28jh5/quizzes/CytguaDnZYmHeG2UG0pm","true","quiz","quiz","hesi-rn-exit-proctored-exam-form-6","hesi-rn-exit-proctored-exam-form-6","HESI RN Exit Proctored Exam Form 6"
"SmNoibuVBORdTtyT1zEL","quiz","med-surg-final-proctored-exam-ecpi-college-practice-questions","med-surg-final-proctored-exam-ecpi-college-practice-questions","Med Surg Final Proctored Exam (Ecpi College) Practice Questions","nursing-test-bank","SuT1noZoNGEjKGR1vTbi","zMFBI0XMiRsJnnXWhL5S","4xNDZPMszSkpgRfEsOck","FoE905x55NTSrqcoeVH8","pillarPages/nursing-test-bank/subPages/SuT1noZoNGEjKGR1vTbi/nestedSubPages/zMFBI0XMiRsJnnXWhL5S/topics/4xNDZPMszSkpgRfEsOck/quizzes/FoE905x55NTSrqcoeVH8","true","quiz","quiz","med-surg-final-proctored-exam-ecpi-college-practice-questions","med-surg-final-proctored-exam-ecpi-college-practice-questions","Med Surg Final Proctored Exam (Ecpi College) Practice Questions"
"SmYJoxXBSX5s3MJloS35","quiz","ati-pn-mental-health-quiz-proctored-exam-practice-questions-set-19","ati-pn-mental-health-quiz-proctored-exam-practice-questions-set-19","ATI PN Mental Health Quiz Proctored Exam Practice Questions - Set 19","nursing-test-bank","z0xzINtS3EohZNaKosBz","lyrHg4RBzN6UafuymMFT","6i5h4wWlOfz4R8huNTkC","azlPQZl6jkNGLIXtXnDc","pillarPages/nursing-test-bank/subPages/z0xzINtS3EohZNaKosBz/nestedSubPages/lyrHg4RBzN6UafuymMFT/topics/6i5h4wWlOfz4R8huNTkC/quizzes/azlPQZl6jkNGLIXtXnDc","true","quiz","quiz","ati-pn-mental-health-quiz-proctored-exam-practice-questions-set-19","ati-pn-mental-health-quiz-proctored-exam-practice-questions-set-19","ATI PN Mental Health Quiz Proctored Exam Practice Questions - Set 19"
"StEfo1B56SFswcPnSAjq","quiz","hesi-rn-dosage-calculation-proctored-exam-practice-questions-set-2","hesi-rn-dosage-calculation-proctored-exam-practice-questions-set-2","HESI RN Dosage Calculation Proctored Exam Practice Questions - Set 2","nursing-test-bank","SuT1noZoNGEjKGR1vTbi","iT55qp9NAFOvZLBAiQzC","dfRlrdGOvpDhVVXIqa0H","rEzixDoU0KmYlFGpEDwo","pillarPages/nursing-test-bank/subPages/SuT1noZoNGEjKGR1vTbi/nestedSubPages/iT55qp9NAFOvZLBAiQzC/topics/dfRlrdGOvpDhVVXIqa0H/quizzes/rEzixDoU0KmYlFGpEDwo","true","quiz","quiz","hesi-rn-dosage-calculation-proctored-exam-practice-questions-set-2","hesi-rn-dosage-calculation-proctored-exam-practice-questions-set-2","HESI RN Dosage Calculation Proctored Exam Practice Questions - Set 2"
"SvpVSxka726W0BDiTudZ","quiz","maternity-proctored-exam-samuel-merit-university-practice-questions-set-14","maternity-proctored-exam-samuel-merit-university-practice-questions-set-14","Maternity Proctored Exam (Samuel Merit University) Practice Questions - Set 14","nursing-test-bank","SuT1noZoNGEjKGR1vTbi","zMFBI0XMiRsJnnXWhL5S","stnDIFRoA0VwLaoxbGv1","oAjBKZnnwLQiHj0d3F7v","pillarPages/nursing-test-bank/subPages/SuT1noZoNGEjKGR1vTbi/nestedSubPages/zMFBI0XMiRsJnnXWhL5S/topics/stnDIFRoA0VwLaoxbGv1/quizzes/oAjBKZnnwLQiHj0d3F7v","true","quiz","quiz","maternity-proctored-exam-samuel-merit-university-practice-questions-set-14","maternity-proctored-exam-samuel-merit-university-practice-questions-set-14","Maternity Proctored Exam (Samuel Merit University) Practice Questions - Set 14"
"SxZJAveZNwDU6QGzR65O","quiz","med-surg-mca-3-proctored-exam-3-practice-questions","med-surg-mca-3-proctored-exam-3-practice-questions","Med Surg Mca 3 Proctored Exam 3 Practice Questions","nursing-test-bank","SuT1noZoNGEjKGR1vTbi","zMFBI0XMiRsJnnXWhL5S","4xNDZPMszSkpgRfEsOck","6HpuycgUYa2g2oglH6eP","pillarPages/nursing-test-bank/subPages/SuT1noZoNGEjKGR1vTbi/nestedSubPages/zMFBI0XMiRsJnnXWhL5S/topics/4xNDZPMszSkpgRfEsOck/quizzes/6HpuycgUYa2g2oglH6eP","true","quiz","quiz","med-surg-mca-3-proctored-exam-3-practice-questions","med-surg-mca-3-proctored-exam-3-practice-questions","Med Surg Mca 3 Proctored Exam 3 Practice Questions"
"T1mwfzzVxSw4CfYOjEyB","quiz","international-college-of-health-sciences-ichs-ob-pediatrics-proctored-exam-practice-questions","international-college-of-health-sciences-ichs-ob-pediatrics-proctored-exam-practice-questions","International College of Health Sciences Ichs OB Pediatrics Proctored Exam Practice Questions","nursing-test-bank","SuT1noZoNGEjKGR1vTbi","zMFBI0XMiRsJnnXWhL5S","Hwspg6smTqrELsoRSNmc","WbwrlJz5xPPIvWKZYni2","pillarPages/nursing-test-bank/subPages/SuT1noZoNGEjKGR1vTbi/nestedSubPages/zMFBI0XMiRsJnnXWhL5S/topics/Hwspg6smTqrELsoRSNmc/quizzes/WbwrlJz5xPPIvWKZYni2","true","quiz","quiz","international-college-of-health-sciences-ichs-ob-pediatrics-proctored-exam-practice-questions","international-college-of-health-sciences-ichs-ob-pediatrics-proctored-exam-practice-questions","International College of Health Sciences Ichs OB Pediatrics Proctored Exam Practice Questions"
"TAkyZz5pngCqHMNNtjj1","topic","ati-pharmacology-proctored-exam-practice-questions","ati-pharmacology-proctored-exam-practice-questions","","nursing-test-bank","SuT1noZoNGEjKGR1vTbi","Fnnd4c6ae0Uiurk2KUSc","FfSsMioL0PDJf1LM9ID8","","pillarPages/nursing-test-bank/subPages/SuT1noZoNGEjKGR1vTbi/nestedSubPages/Fnnd4c6ae0Uiurk2KUSc/topics/FfSsMioL0PDJf1LM9ID8","true","topic","topic","ati-pharmacology-proctored-exam-practice-questions","ati-pharmacology-proctored-exam-practice-questions","Pharmacology"
"TKfJwuJ7C5aGkiWtXHQ2","quiz","ati-pn-med-surg-endocrine-proctored-exam-practice-questions-set-43","ati-pn-med-surg-endocrine-proctored-exam-practice-questions-set-43","ATI PN Med Surg Endocrine Proctored Exam Practice Questions - Set 43","nursing-test-bank","z0xzINtS3EohZNaKosBz","lyrHg4RBzN6UafuymMFT","NywbGW22YNeZSM3kuwKk","IS7JsFyhrRHEeawd9z5H","pillarPages/nursing-test-bank/subPages/z0xzINtS3EohZNaKosBz/nestedSubPages/lyrHg4RBzN6UafuymMFT/topics/NywbGW22YNeZSM3kuwKk/quizzes/IS7JsFyhrRHEeawd9z5H","true","quiz","quiz","ati-pn-med-surg-endocrine-proctored-exam-practice-questions-set-43","ati-pn-med-surg-endocrine-proctored-exam-practice-questions-set-43","ATI PN Med Surg Endocrine Proctored Exam Practice Questions - Set 43"
"TKl5U8pzHC5aLsPp7ZRq","quiz","holistic-health-assessment-proctored-exam-regular-exam-practice-questions","holistic-health-assessment-proctored-exam-regular-exam-practice-questions","Holistic Health Assessment Proctored Exam (Regular Exam) Practice Questions","nursing-test-bank","SuT1noZoNGEjKGR1vTbi","zMFBI0XMiRsJnnXWhL5S","XQlgh9zsLrRK6vilmJPA","J9Rzeem3ggA9xT1sEGyc","pillarPages/nursing-test-bank/subPages/SuT1noZoNGEjKGR1vTbi/nestedSubPages/zMFBI0XMiRsJnnXWhL5S/topics/XQlgh9zsLrRK6vilmJPA/quizzes/J9Rzeem3ggA9xT1sEGyc","true","quiz","quiz","holistic-health-assessment-proctored-exam-regular-exam-practice-questions","holistic-health-assessment-proctored-exam-regular-exam-practice-questions","Holistic Health Assessment Proctored Exam (Regular Exam) Practice Questions"
"TLm0a4OIMxhPRTynOcYH","quiz","lpn-med-surg-proctored-exam-practice-questions","lpn-med-surg-proctored-exam-practice-questions","LPN Med Surg Proctored Exam Practice Questions","nursing-test-bank","z0xzINtS3EohZNaKosBz","3K3wv7IGcDcXvSNM9Kxm","AlR3KvZbCSZXo21jeLnT","r0i9bbqJEBzcWYyMY6K2","pillarPages/nursing-test-bank/subPages/z0xzINtS3EohZNaKosBz/nestedSubPages/3K3wv7IGcDcXvSNM9Kxm/topics/AlR3KvZbCSZXo21jeLnT/quizzes/r0i9bbqJEBzcWYyMY6K2","true","quiz","quiz","lpn-med-surg-proctored-exam-practice-questions","lpn-med-surg-proctored-exam-practice-questions","LPN Med Surg Proctored Exam Practice Questions"
"TR4Xju68HaYduL3sGRjb","quiz","hesi-a2-vocabulary-practice-test-set-3","hesi-a2-vocabulary-practice-test-set-3","","nursing-entrance-exam","rdYGUZ9DzFvAmo6EsrVe","i7Rzaozenx3Czccmf5HD","","hesi-a2-vocabulary-practice-test-set-3","pillarPages/nursing-entrance-exam/subPages/rdYGUZ9DzFvAmo6EsrVe/nestedSubPages/i7Rzaozenx3Czccmf5HD/quizzes/hesi-a2-vocabulary-practice-test-set-3","true","quiz","entrance_quiz_subject","hesi-a2-vocabulary-practice-test-set-3","hesi-a2-vocabulary-practice-test-set-3","HESI A2 Vocabulary Practice Test Set 3"
"TRBddvluQQzDTs1Cy2mT","quiz","teas-english-practice-test-set-3","teas-english-practice-test-set-3","","nursing-entrance-exam","yrdSf0KpOcuybL1SLnw7","ykWIONcheFBJ7ooEl7WK","","P6cBY4FAPBHo6oBETWFT","pillarPages/nursing-entrance-exam/subPages/yrdSf0KpOcuybL1SLnw7/nestedSubPages/ykWIONcheFBJ7ooEl7WK/quizzes/P6cBY4FAPBHo6oBETWFT","true","quiz","quiz","teas-english-practice-test-set-3","teas-english-practice-test-set-3","TEAS English Practice Test Set 3"
"TRDxc3Ed0pNawTaxEF51","quiz","ati-pn-maternal-newborn-2023-proctored-exam-practice-questions-set-14","ati-pn-maternal-newborn-2023-proctored-exam-practice-questions-set-14","ATI PN Maternal Newborn 2023 Proctored Exam Practice Questions - Set 14","nursing-test-bank","z0xzINtS3EohZNaKosBz","lyrHg4RBzN6UafuymMFT","ZwY2vYN2X4tXEKOv2x6h","RwXrs1cNzRzi6xjkzcB9","pillarPages/nursing-test-bank/subPages/z0xzINtS3EohZNaKosBz/nestedSubPages/lyrHg4RBzN6UafuymMFT/topics/ZwY2vYN2X4tXEKOv2x6h/quizzes/RwXrs1cNzRzi6xjkzcB9","true","quiz","quiz","ati-pn-maternal-newborn-2023-proctored-exam-practice-questions-set-14","ati-pn-maternal-newborn-2023-proctored-exam-practice-questions-set-14","ATI PN Maternal Newborn 2023 Proctored Exam Practice Questions - Set 14"
"TRGp8bRhhnjccy7ZHip8","quiz","essentials-of-pathophysiology-proctored-exam-practice-questions","essentials-of-pathophysiology-proctored-exam-practice-questions","Essentials of Pathophysiology Proctored Exam Practice Questions","nursing-test-bank","SuT1noZoNGEjKGR1vTbi","zMFBI0XMiRsJnnXWhL5S","KyUeIK7zxUi2K91H84Bj","4bhGI8HISxYx23ICXJE9","pillarPages/nursing-test-bank/subPages/SuT1noZoNGEjKGR1vTbi/nestedSubPages/zMFBI0XMiRsJnnXWhL5S/topics/KyUeIK7zxUi2K91H84Bj/quizzes/4bhGI8HISxYx23ICXJE9","true","quiz","quiz","essentials-of-pathophysiology-proctored-exam-practice-questions","essentials-of-pathophysiology-proctored-exam-practice-questions","Essentials of Pathophysiology Proctored Exam Practice Questions"
"TSNEPAYTQ7LtWmYJoGJG","topic","ati-rn-nursing-care-of-children-practice-questions","ati-rn-nursing-care-of-children-practice-questions","","nursing-test-bank","SuT1noZoNGEjKGR1vTbi","Fnnd4c6ae0Uiurk2KUSc","MpZI2U8WbghD607JqMmF","","pillarPages/nursing-test-bank/subPages/SuT1noZoNGEjKGR1vTbi/nestedSubPages/Fnnd4c6ae0Uiurk2KUSc/topics/MpZI2U8WbghD607JqMmF","true","topic","topic","ati-rn-nursing-care-of-children-practice-questions","ati-rn-nursing-care-of-children-practice-questions","Nursing Care of Children"
"TUwYSZ8pvXlDUGwmqEV9","quiz","health-assessment-lpn-proctored-exam-practice-questions","health-assessment-lpn-proctored-exam-practice-questions","Health Assessment LPN Proctored Exam Practice Questions","nursing-test-bank","z0xzINtS3EohZNaKosBz","3K3wv7IGcDcXvSNM9Kxm","ZZkcjv41bafusCBaLafv","hqm7I9TtDFT1r7yWZgDO","pillarPages/nursing-test-bank/subPages/z0xzINtS3EohZNaKosBz/nestedSubPages/3K3wv7IGcDcXvSNM9Kxm/topics/ZZkcjv41bafusCBaLafv/quizzes/hqm7I9TtDFT1r7yWZgDO","true","quiz","quiz","health-assessment-lpn-proctored-exam-practice-questions","health-assessment-lpn-proctored-exam-practice-questions","Health Assessment LPN Proctored Exam Practice Questions"
"TYNFDfs7LZpsnIonSs5l","quiz","teas-english-practice-test-set-14","teas-english-practice-test-set-14","","nursing-entrance-exam","yrdSf0KpOcuybL1SLnw7","ykWIONcheFBJ7ooEl7WK","","8lYboipYsfViTxjdOQGZ","pillarPages/nursing-entrance-exam/subPages/yrdSf0KpOcuybL1SLnw7/nestedSubPages/ykWIONcheFBJ7ooEl7WK/quizzes/8lYboipYsfViTxjdOQGZ","true","quiz","quiz","teas-english-practice-test-set-14","teas-english-practice-test-set-14","TEAS English Practice Test Set 14"
"TYSudxDzSRPHQYuaefbm","quiz","wgu-hesi-rn-pharmacology-1-proctored-exam-practice-questions","wgu-hesi-rn-pharmacology-1-proctored-exam-practice-questions","WGU HESI RN Pharmacology 1 Proctored Exam Practice Questions","nursing-test-bank","SuT1noZoNGEjKGR1vTbi","iT55qp9NAFOvZLBAiQzC","l1kSgSxIYg2SRUN8aWqE","cYcc5dugruimK0blyaVh","pillarPages/nursing-test-bank/subPages/SuT1noZoNGEjKGR1vTbi/nestedSubPages/iT55qp9NAFOvZLBAiQzC/topics/l1kSgSxIYg2SRUN8aWqE/quizzes/cYcc5dugruimK0blyaVh","true","quiz","quiz","wgu-hesi-rn-pharmacology-1-proctored-exam-practice-questions","wgu-hesi-rn-pharmacology-1-proctored-exam-practice-questions","WGU HESI RN Pharmacology 1 Proctored Exam Practice Questions"
"TdhIdGFO1zH0OhEkMWVb","quiz","hesi-rn-nursing-research-proctored-exam-practice-questions-set-1","hesi-rn-nursing-research-proctored-exam-practice-questions-set-1","HESI RN Nursing Research Proctored Exam Practice Questions - Set 1","nursing-test-bank","SuT1noZoNGEjKGR1vTbi","iT55qp9NAFOvZLBAiQzC","2CSFdI3p8inciBpSPkZI","Me26vk3jfhfdUw9etL06","pillarPages/nursing-test-bank/subPages/SuT1noZoNGEjKGR1vTbi/nestedSubPages/iT55qp9NAFOvZLBAiQzC/topics/2CSFdI3p8inciBpSPkZI/quizzes/Me26vk3jfhfdUw9etL06","true","quiz","quiz","hesi-rn-nursing-research-proctored-exam-practice-questions-set-1","hesi-rn-nursing-research-proctored-exam-practice-questions-set-1","HESI RN Nursing Research Proctored Exam Practice Questions - Set 1"
"TeJEX4WcBew8qdY4CKZN","quiz","ati-pn-med-surg-test-1-jj-custom-proctored-exam-practice-questions","ati-pn-med-surg-test-1-jj-custom-proctored-exam-practice-questions","ATI PN Med Surg Test 1 Jj Custom Proctored Exam Practice Questions","nursing-test-bank","z0xzINtS3EohZNaKosBz","lyrHg4RBzN6UafuymMFT","NywbGW22YNeZSM3kuwKk","Qe9JKw5Z3kiXr6ZFROdf","pillarPages/nursing-test-bank/subPages/z0xzINtS3EohZNaKosBz/nestedSubPages/lyrHg4RBzN6UafuymMFT/topics/NywbGW22YNeZSM3kuwKk/quizzes/Qe9JKw5Z3kiXr6ZFROdf","true","quiz","quiz","ati-pn-med-surg-test-1-jj-custom-proctored-exam-practice-questions","ati-pn-med-surg-test-1-jj-custom-proctored-exam-practice-questions","ATI PN Med Surg Test 1 Jj Custom Proctored Exam Practice Questions"
"TgF3tUVSGbUUS32zP2OG","quiz","fall-2022-n-517-mental-health-proctored-exam-2-practice-questions","fall-2022-n-517-mental-health-proctored-exam-2-practice-questions","Fall 2022 N 517 Mental Health Proctored Exam 2 Practice Questions","nursing-test-bank","SuT1noZoNGEjKGR1vTbi","zMFBI0XMiRsJnnXWhL5S","dwj41dVBiWR9v4FRpKhC","1uQc2ECMja7BEtQtJLgH","pillarPages/nursing-test-bank/subPages/SuT1noZoNGEjKGR1vTbi/nestedSubPages/zMFBI0XMiRsJnnXWhL5S/topics/dwj41dVBiWR9v4FRpKhC/quizzes/1uQc2ECMja7BEtQtJLgH","true","quiz","quiz","fall-2022-n-517-mental-health-proctored-exam-2-practice-questions","fall-2022-n-517-mental-health-proctored-exam-2-practice-questions","Fall 2022 N 517 Mental Health Proctored Exam 2 Practice Questions"
"ThmdwtBxltfKsaIIkBUy","nested","ati-teas-english-practice-test","ati-teas-english-practice-test","","nursing-entrance-exam","yrdSf0KpOcuybL1SLnw7","ykWIONcheFBJ7ooEl7WK","","","pillarPages/nursing-entrance-exam/subPages/yrdSf0KpOcuybL1SLnw7/nestedSubPages/ykWIONcheFBJ7ooEl7WK","true","nested","nested","ati-teas-english-practice-test","ati-teas-english-practice-test","ATI TEAS English Practice Test"
"Tk5w51UNwPkyubbibIwi","quiz","nurs-4341-maternal-newborn-proctored-exam-practice-questions-set-4","nurs-4341-maternal-newborn-proctored-exam-practice-questions-set-4","NURS 4341 Maternal Newborn Proctored Exam Practice Questions - Set 4","nursing-test-bank","SuT1noZoNGEjKGR1vTbi","zMFBI0XMiRsJnnXWhL5S","stnDIFRoA0VwLaoxbGv1","xopwK1PSGrk2XsrRwzM7","pillarPages/nursing-test-bank/subPages/SuT1noZoNGEjKGR1vTbi/nestedSubPages/zMFBI0XMiRsJnnXWhL5S/topics/stnDIFRoA0VwLaoxbGv1/quizzes/xopwK1PSGrk2XsrRwzM7","true","quiz","quiz","nurs-4341-maternal-newborn-proctored-exam-practice-questions-set-4","nurs-4341-maternal-newborn-proctored-exam-practice-questions-set-4","NURS 4341 Maternal Newborn Proctored Exam Practice Questions - Set 4"
"TlYfUU3E8rHgmVwtIsoA","quiz","rn-comprehensive-predictor-2023-proctored-exam-form-3","rn-comprehensive-predictor-2023-proctored-exam-form-3","RN Comprehensive Predictor 2023 Proctored Exam Form 3","nursing-exit-exam","S4vSoa5bxDgZ1L5kLOJe","QsMAv9L9bzYoFjgdfKgH","","IiHMzzI8LfJoTo4mpK3v","pillarPages/nursing-exit-exam/subPages/S4vSoa5bxDgZ1L5kLOJe/nestedSubPages/QsMAv9L9bzYoFjgdfKgH/quizzes/IiHMzzI8LfJoTo4mpK3v","true","quiz","quiz","rn-comprehensive-predictor-2023-proctored-exam-form-3","rn-comprehensive-predictor-2023-proctored-exam-form-3","RN Comprehensive Predictor 2023 Proctored Exam Form 3"
"Ttdzc0mUFy7f6JBS7eC1","quiz","hesi-a2-grammar-practice-test-set-3","hesi-a2-grammar-practice-test-set-3","","nursing-entrance-exam","rdYGUZ9DzFvAmo6EsrVe","XYJ11eHtMbIhQnTYPS6j","","hesi-a2-grammar-practice-test-set-3","pillarPages/nursing-entrance-exam/subPages/rdYGUZ9DzFvAmo6EsrVe/nestedSubPages/XYJ11eHtMbIhQnTYPS6j/quizzes/hesi-a2-grammar-practice-test-set-3","true","quiz","entrance_quiz_subject","hesi-a2-grammar-practice-test-set-3","hesi-a2-grammar-practice-test-set-3","HESI A2 Grammar Practice Test Set 3"
"U21nsDFGt0u9EOuy0D8B","quiz","ati-pn-maternal-proctored-exam-1-practice-questions","ati-pn-maternal-proctored-exam-1-practice-questions","ATI PN Maternal Proctored Exam 1 Practice Questions","nursing-test-bank","z0xzINtS3EohZNaKosBz","lyrHg4RBzN6UafuymMFT","ZwY2vYN2X4tXEKOv2x6h","bcsicKwtItoxVKhRnBHl","pillarPages/nursing-test-bank/subPages/z0xzINtS3EohZNaKosBz/nestedSubPages/lyrHg4RBzN6UafuymMFT/topics/ZwY2vYN2X4tXEKOv2x6h/quizzes/bcsicKwtItoxVKhRnBHl","true","quiz","quiz","ati-pn-maternal-proctored-exam-1-practice-questions","ati-pn-maternal-proctored-exam-1-practice-questions","ATI PN Maternal Proctored Exam 1 Practice Questions"
"U4MrLozn1d6ew6SPTIyW","nested","ati-lpn-comprehensive-predictor","ati-lpn-comprehensive-predictor","","nursing-exit-exam","nkXaaMfkkbvjmrSRwtVq","ShdTxCRHYWbhmGg06Sgw","","","pillarPages/nursing-exit-exam/subPages/nkXaaMfkkbvjmrSRwtVq/nestedSubPages/ShdTxCRHYWbhmGg06Sgw","true","nested","nested","ati-lpn-comprehensive-predictor","ati-lpn-comprehensive-predictor","ATI"
"UDUztSW8k0BaufO8NpjX","quiz","hesi-rn-care-of-women-and-pediatric-nursing-proctored-exam-practice-questions","hesi-rn-care-of-women-and-pediatric-nursing-proctored-exam-practice-questions","HESI RN Care of Women and Pediatric Nursing Proctored Exam Practice Questions","nursing-test-bank","SuT1noZoNGEjKGR1vTbi","iT55qp9NAFOvZLBAiQzC","uXtCZ4Y6aeLjwMLtC1sD","IprjTI26Jlcowt45TLXt","pillarPages/nursing-test-bank/subPages/SuT1noZoNGEjKGR1vTbi/nestedSubPages/iT55qp9NAFOvZLBAiQzC/topics/uXtCZ4Y6aeLjwMLtC1sD/quizzes/IprjTI26Jlcowt45TLXt","true","quiz","quiz","hesi-rn-care-of-women-and-pediatric-nursing-proctored-exam-practice-questions","hesi-rn-care-of-women-and-pediatric-nursing-proctored-exam-practice-questions","HESI RN Care of Women and Pediatric Nursing Proctored Exam Practice Questions"
"UDbqCR0tKM8pjhcGCdGg","quiz","teas-math-practice-test-set-12","teas-math-practice-test-set-12","","nursing-entrance-exam","yrdSf0KpOcuybL1SLnw7","e9EcRCWTbyKVpyLXUKzd","","ehjVrzL4dJP0Bii6btYm","pillarPages/nursing-entrance-exam/subPages/yrdSf0KpOcuybL1SLnw7/nestedSubPages/e9EcRCWTbyKVpyLXUKzd/quizzes/ehjVrzL4dJP0Bii6btYm","true","quiz","quiz","teas-math-practice-test-set-12","teas-math-practice-test-set-12","TEAS Math Practice Test Set 12"
"UGWSgMGnrIDJvjDG5EqA","quiz","hesi-rn-health-and-wellness-through-nutritional-science-proctored-exam-d440-practice-questions","hesi-rn-health-and-wellness-through-nutritional-science-proctored-exam-d440-practice-questions","HESI RN Health and Wellness Through Nutritional Science Proctored Exam - D440 Practice Questions","nursing-test-bank","SuT1noZoNGEjKGR1vTbi","iT55qp9NAFOvZLBAiQzC","0zSu4efsFf1RPT4W2Xjn","Vo7IRFTboP7a2eBnQ9fW","pillarPages/nursing-test-bank/subPages/SuT1noZoNGEjKGR1vTbi/nestedSubPages/iT55qp9NAFOvZLBAiQzC/topics/0zSu4efsFf1RPT4W2Xjn/quizzes/Vo7IRFTboP7a2eBnQ9fW","true","quiz","quiz","hesi-rn-health-and-wellness-through-nutritional-science-proctored-exam-d440-practice-questions","hesi-rn-health-and-wellness-through-nutritional-science-proctored-exam-d440-practice-questions","HESI RN Health and Wellness Through Nutritional Science Proctored Exam - D440 Practice Questions"
"UIj1ZRqR2MkLnMgKOxlC","topic","hesi-rn-health-assessment-practice-questions","hesi-rn-health-assessment-practice-questions","Health Assessment","nursing-test-bank","SuT1noZoNGEjKGR1vTbi","iT55qp9NAFOvZLBAiQzC","0zSu4efsFf1RPT4W2Xjn","","pillarPages/nursing-test-bank/subPages/SuT1noZoNGEjKGR1vTbi/nestedSubPages/iT55qp9NAFOvZLBAiQzC/topics/0zSu4efsFf1RPT4W2Xjn","true","topic","topic","hesi-rn-health-assessment-practice-questions","hesi-rn-health-assessment-practice-questions","Health Assessment"
"UM1h6VC7mil9AnNZFiBd","quiz","hesi-compass-exit-proctored-exam","hesi-compass-exit-proctored-exam","HESI Compass Exit Proctored Exam","nursing-exit-exam","S4vSoa5bxDgZ1L5kLOJe","MVHmi7FJbSDlPPz28jh5","","mSfj9Ge3mWS89bQPjuzd","pillarPages/nursing-exit-exam/subPages/S4vSoa5bxDgZ1L5kLOJe/nestedSubPages/MVHmi7FJbSDlPPz28jh5/quizzes/mSfj9Ge3mWS89bQPjuzd","true","quiz","quiz","hesi-compass-exit-proctored-exam","hesi-compass-exit-proctored-exam","HESI Compass Exit Proctored Exam"
"URfJf1fWricds8UXCPj2","quiz","ati-pn-mental-health-level-4-proctored-exam-practice-questions-set-9","ati-pn-mental-health-level-4-proctored-exam-practice-questions-set-9","ATI PN Mental Health Level 4 Proctored Exam Practice Questions - Set 9","nursing-test-bank","z0xzINtS3EohZNaKosBz","lyrHg4RBzN6UafuymMFT","6i5h4wWlOfz4R8huNTkC","G0UOT7GIi3sPiFukngYZ","pillarPages/nursing-test-bank/subPages/z0xzINtS3EohZNaKosBz/nestedSubPages/lyrHg4RBzN6UafuymMFT/topics/6i5h4wWlOfz4R8huNTkC/quizzes/G0UOT7GIi3sPiFukngYZ","true","quiz","quiz","ati-pn-mental-health-level-4-proctored-exam-practice-questions-set-9","ati-pn-mental-health-level-4-proctored-exam-practice-questions-set-9","ATI PN Mental Health Level 4 Proctored Exam Practice Questions - Set 9"
"UVuxR1xaKQNtwfWdDckB","quiz","nu-314-maternal-newborn-proctored-exam-practice-questions-set-7","nu-314-maternal-newborn-proctored-exam-practice-questions-set-7","Nu 314 Maternal Newborn Proctored Exam Practice Questions - Set 7","nursing-test-bank","SuT1noZoNGEjKGR1vTbi","zMFBI0XMiRsJnnXWhL5S","stnDIFRoA0VwLaoxbGv1","WkI62cfpJVptDilgioal","pillarPages/nursing-test-bank/subPages/SuT1noZoNGEjKGR1vTbi/nestedSubPages/zMFBI0XMiRsJnnXWhL5S/topics/stnDIFRoA0VwLaoxbGv1/quizzes/WkI62cfpJVptDilgioal","true","quiz","quiz","nu-314-maternal-newborn-proctored-exam-practice-questions-set-7","nu-314-maternal-newborn-proctored-exam-practice-questions-set-7","Nu 314 Maternal Newborn Proctored Exam Practice Questions - Set 7"
"UYDex2MUe6oFmBZSH9Ba","quiz","bio-117-anatomy-and-physiology-proctored-exam-examplify-practice-questions","bio-117-anatomy-and-physiology-proctored-exam-examplify-practice-questions","Bio 117 Anatomy and Physiology Proctored Exam (Examplify) Practice Questions","nursing-test-bank","SuT1noZoNGEjKGR1vTbi","zMFBI0XMiRsJnnXWhL5S","PavJlfHXwXRUhopKAOO9","NRchtpIEf1EmVru3dVF0","pillarPages/nursing-test-bank/subPages/SuT1noZoNGEjKGR1vTbi/nestedSubPages/zMFBI0XMiRsJnnXWhL5S/topics/PavJlfHXwXRUhopKAOO9/quizzes/NRchtpIEf1EmVru3dVF0","true","quiz","quiz","bio-117-anatomy-and-physiology-proctored-exam-examplify-practice-questions","bio-117-anatomy-and-physiology-proctored-exam-examplify-practice-questions","Bio 117 Anatomy and Physiology Proctored Exam (Examplify) Practice Questions"
"Ua7zMcTUMGNR1QHHM45w","quiz","hesi-rn-community-and-population-health-proctored-exam-practice-questions","hesi-rn-community-and-population-health-proctored-exam-practice-questions","HESI RN Community and Population Health Proctored Exam Practice Questions","nursing-test-bank","SuT1noZoNGEjKGR1vTbi","iT55qp9NAFOvZLBAiQzC","KMxUPDNscYEZBOVA2kMH","LmPsnFV03bAR36wsrAS3","pillarPages/nursing-test-bank/subPages/SuT1noZoNGEjKGR1vTbi/nestedSubPages/iT55qp9NAFOvZLBAiQzC/topics/KMxUPDNscYEZBOVA2kMH/quizzes/LmPsnFV03bAR36wsrAS3","true","quiz","quiz","hesi-rn-community-and-population-health-proctored-exam-practice-questions","hesi-rn-community-and-population-health-proctored-exam-practice-questions","HESI RN Community and Population Health Proctored Exam Practice Questions"
"UcxayUSYr2aGcrqVXcvU","quiz","ati-pn-med-surg-urinary-proctored-exam-practice-questions","ati-pn-med-surg-urinary-proctored-exam-practice-questions","ATI PN Med Surg Urinary Proctored Exam Practice Questions","nursing-test-bank","z0xzINtS3EohZNaKosBz","lyrHg4RBzN6UafuymMFT","NywbGW22YNeZSM3kuwKk","dHJ9aAfg290BWw5v1QBc","pillarPages/nursing-test-bank/subPages/z0xzINtS3EohZNaKosBz/nestedSubPages/lyrHg4RBzN6UafuymMFT/topics/NywbGW22YNeZSM3kuwKk/quizzes/dHJ9aAfg290BWw5v1QBc","true","quiz","quiz","ati-pn-med-surg-urinary-proctored-exam-practice-questions","ati-pn-med-surg-urinary-proctored-exam-practice-questions","ATI PN Med Surg Urinary Proctored Exam Practice Questions"
"UfzlKi3g4kGpwNRQWzyd","quiz","teas-reading-practice-test-set-14","teas-reading-practice-test-set-14","","nursing-entrance-exam","yrdSf0KpOcuybL1SLnw7","2JIZgWhm9jUkoNFmkY7R","","fS0tPhwfWPmZ7p1qLhkC","pillarPages/nursing-entrance-exam/subPages/yrdSf0KpOcuybL1SLnw7/nestedSubPages/2JIZgWhm9jUkoNFmkY7R/quizzes/fS0tPhwfWPmZ7p1qLhkC","true","quiz","quiz","teas-reading-practice-test-set-14","teas-reading-practice-test-set-14","TEAS Reading Practice Test Set 14"
"Uh9URE3aZrg4wtopdNpX","quiz","hesi-rn-community-health-with-ngn-proctored-exam-practice-questions","hesi-rn-community-health-with-ngn-proctored-exam-practice-questions","HESI RN Community Health with NGN Proctored Exam Practice Questions","nursing-test-bank","SuT1noZoNGEjKGR1vTbi","iT55qp9NAFOvZLBAiQzC","KMxUPDNscYEZBOVA2kMH","fBQtiA6nxvQrTPfYAlf2","pillarPages/nursing-test-bank/subPages/SuT1noZoNGEjKGR1vTbi/nestedSubPages/iT55qp9NAFOvZLBAiQzC/topics/KMxUPDNscYEZBOVA2kMH/quizzes/fBQtiA6nxvQrTPfYAlf2","true","quiz","quiz","hesi-rn-community-health-with-ngn-proctored-exam-practice-questions","hesi-rn-community-health-with-ngn-proctored-exam-practice-questions","HESI RN Community Health with NGN Proctored Exam Practice Questions"
"Uloh8JEDWuWJwN99lBPR","quiz","hesi-lpn-pharmacology-proctored-exam-practice-questions","hesi-lpn-pharmacology-proctored-exam-practice-questions","HESI LPN Pharmacology Proctored Exam Practice Questions","nursing-test-bank","z0xzINtS3EohZNaKosBz","ToLSmb6DG83NTZWXEJxt","kd7EysTYYyAv51SSo8Xd","1InjFNPqB9rIzfoGaUcA","pillarPages/nursing-test-bank/subPages/z0xzINtS3EohZNaKosBz/nestedSubPages/ToLSmb6DG83NTZWXEJxt/topics/kd7EysTYYyAv51SSo8Xd/quizzes/1InjFNPqB9rIzfoGaUcA","true","quiz","quiz","hesi-lpn-pharmacology-proctored-exam-practice-questions","hesi-lpn-pharmacology-proctored-exam-practice-questions","HESI LPN Pharmacology Proctored Exam Practice Questions"
"Uq8nD7nzffRNj4WhzZ9C","quiz","hesi-a2-reading-comprehension-practice-test-set-1","hesi-a2-reading-comprehension-practice-test-set-1","","nursing-entrance-exam","rdYGUZ9DzFvAmo6EsrVe","gGyVK8Up2mhnWjvQONJo","","hesi-a2-reading-comprehension-practice-test-set-1","pillarPages/nursing-entrance-exam/subPages/rdYGUZ9DzFvAmo6EsrVe/nestedSubPages/gGyVK8Up2mhnWjvQONJo/quizzes/hesi-a2-reading-comprehension-practice-test-set-1","true","quiz","entrance_quiz_subject","hesi-a2-reading-comprehension-practice-test-set-1","hesi-a2-reading-comprehension-practice-test-set-1","HESI A2 Reading Comprehension Practice Test Set 1"
"UqZbFDTzmdkPmx36OcY6","quiz","teas-english-practice-test-set-1","teas-english-practice-test-set-1","","nursing-entrance-exam","yrdSf0KpOcuybL1SLnw7","ykWIONcheFBJ7ooEl7WK","","K8LSANKE4TTUE3pe4LNB","pillarPages/nursing-entrance-exam/subPages/yrdSf0KpOcuybL1SLnw7/nestedSubPages/ykWIONcheFBJ7ooEl7WK/quizzes/K8LSANKE4TTUE3pe4LNB","true","quiz","quiz","teas-english-practice-test-set-1","teas-english-practice-test-set-1","TEAS English Practice Test Set 1"
"UtPhvUO0eprO7PitDL42","quiz","teas-math-practice-test-set-3","teas-math-practice-test-set-3","","nursing-entrance-exam","yrdSf0KpOcuybL1SLnw7","e9EcRCWTbyKVpyLXUKzd","","F3udSLa0H0faEPrQaV3U","pillarPages/nursing-entrance-exam/subPages/yrdSf0KpOcuybL1SLnw7/nestedSubPages/e9EcRCWTbyKVpyLXUKzd/quizzes/F3udSLa0H0faEPrQaV3U","true","quiz","quiz","teas-math-practice-test-set-3","teas-math-practice-test-set-3","TEAS Math Practice Test Set 3"
"V6ZSaQaG5X5DrMHmyeUN","quiz","ati-pn-med-surg-endocrine-proctored-exam-practice-questions-set-8","ati-pn-med-surg-endocrine-proctored-exam-practice-questions-set-8","ATI PN Med Surg Endocrine Proctored Exam Practice Questions - Set 8","nursing-test-bank","z0xzINtS3EohZNaKosBz","lyrHg4RBzN6UafuymMFT","NywbGW22YNeZSM3kuwKk","wcSWglUBzWf1JxQyUjqs","pillarPages/nursing-test-bank/subPages/z0xzINtS3EohZNaKosBz/nestedSubPages/lyrHg4RBzN6UafuymMFT/topics/NywbGW22YNeZSM3kuwKk/quizzes/wcSWglUBzWf1JxQyUjqs","true","quiz","quiz","ati-pn-med-surg-endocrine-proctored-exam-practice-questions-set-8","ati-pn-med-surg-endocrine-proctored-exam-practice-questions-set-8","ATI PN Med Surg Endocrine Proctored Exam Practice Questions - Set 8"
"V7qdkadq1sQL97ETZw0H","quiz","hesi-rn-d441-pharmacology-0a1-proctored-exam-practice-questions","hesi-rn-d441-pharmacology-0a1-proctored-exam-practice-questions","HESI RN D441 Pharmacology 0A1 Proctored Exam Practice Questions","nursing-test-bank","SuT1noZoNGEjKGR1vTbi","iT55qp9NAFOvZLBAiQzC","l1kSgSxIYg2SRUN8aWqE","usXeyzts1WV3adDwiBLw","pillarPages/nursing-test-bank/subPages/SuT1noZoNGEjKGR1vTbi/nestedSubPages/iT55qp9NAFOvZLBAiQzC/topics/l1kSgSxIYg2SRUN8aWqE/quizzes/usXeyzts1WV3adDwiBLw","true","quiz","quiz","hesi-rn-d441-pharmacology-0a1-proctored-exam-practice-questions","hesi-rn-d441-pharmacology-0a1-proctored-exam-practice-questions","HESI RN D441 Pharmacology 0A1 Proctored Exam Practice Questions"
"VG2S1WZh2vkFkTAPKFGt","quiz","rn-nursing-care-of-children-2019-with-ngn-proctored-exam-practice-questions","rn-nursing-care-of-children-2019-with-ngn-proctored-exam-practice-questions","RN Nursing Care of Children 2019 with NGN Proctored Exam Practice Questions","nursing-test-bank","SuT1noZoNGEjKGR1vTbi","zMFBI0XMiRsJnnXWhL5S","stnDIFRoA0VwLaoxbGv1","kTxHHh1QNQwrnwhw4OKN","pillarPages/nursing-test-bank/subPages/SuT1noZoNGEjKGR1vTbi/nestedSubPages/zMFBI0XMiRsJnnXWhL5S/topics/stnDIFRoA0VwLaoxbGv1/quizzes/kTxHHh1QNQwrnwhw4OKN","true","quiz","quiz","rn-nursing-care-of-children-2019-with-ngn-proctored-exam-practice-questions","rn-nursing-care-of-children-2019-with-ngn-proctored-exam-practice-questions","RN Nursing Care of Children 2019 with NGN Proctored Exam Practice Questions"
"VNzzP2nfSs3kDRyTP2s3","quiz","nurs-215-med-surg-proctored-exam-examplify-practice-questions","nurs-215-med-surg-proctored-exam-examplify-practice-questions","NURS 215 Med Surg Proctored Exam (Examplify) Practice Questions","nursing-test-bank","SuT1noZoNGEjKGR1vTbi","zMFBI0XMiRsJnnXWhL5S","4xNDZPMszSkpgRfEsOck","OXxQvBVHrUFxqjUqyLvF","pillarPages/nursing-test-bank/subPages/SuT1noZoNGEjKGR1vTbi/nestedSubPages/zMFBI0XMiRsJnnXWhL5S/topics/4xNDZPMszSkpgRfEsOck/quizzes/OXxQvBVHrUFxqjUqyLvF","true","quiz","quiz","nurs-215-med-surg-proctored-exam-examplify-practice-questions","nurs-215-med-surg-proctored-exam-examplify-practice-questions","NURS 215 Med Surg Proctored Exam (Examplify) Practice Questions"
"VQ1RzTPL7dJ6f4QfYEwK","quiz","final-med-surg-comprehensive-proctored-exam-brooklyn-university-practice-questions","final-med-surg-comprehensive-proctored-exam-brooklyn-university-practice-questions","Final Med Surg Comprehensive Proctored Exam (Brooklyn University) Practice Questions","nursing-test-bank","SuT1noZoNGEjKGR1vTbi","zMFBI0XMiRsJnnXWhL5S","4xNDZPMszSkpgRfEsOck","Zf2aNEbbvgxm85Uhdvkl","pillarPages/nursing-test-bank/subPages/SuT1noZoNGEjKGR1vTbi/nestedSubPages/zMFBI0XMiRsJnnXWhL5S/topics/4xNDZPMszSkpgRfEsOck/quizzes/Zf2aNEbbvgxm85Uhdvkl","true","quiz","quiz","final-med-surg-comprehensive-proctored-exam-brooklyn-university-practice-questions","final-med-surg-comprehensive-proctored-exam-brooklyn-university-practice-questions","Final Med Surg Comprehensive Proctored Exam (Brooklyn University) Practice Questions"
"VR3Drn6K3lmgM67OhgTU","quiz","hesi-rn-psychiatric-and-mental-health-proctored-exam-practice-questions","hesi-rn-psychiatric-and-mental-health-proctored-exam-practice-questions","HESI RN Psychiatric and Mental Health Proctored Exam Practice Questions","nursing-test-bank","SuT1noZoNGEjKGR1vTbi","iT55qp9NAFOvZLBAiQzC","nWHmcLCOYFPkjaWIHcVu","w7grV2cj0602NokNWMo8","pillarPages/nursing-test-bank/subPages/SuT1noZoNGEjKGR1vTbi/nestedSubPages/iT55qp9NAFOvZLBAiQzC/topics/nWHmcLCOYFPkjaWIHcVu/quizzes/w7grV2cj0602NokNWMo8","true","quiz","quiz","hesi-rn-psychiatric-and-mental-health-proctored-exam-practice-questions","hesi-rn-psychiatric-and-mental-health-proctored-exam-practice-questions","HESI RN Psychiatric and Mental Health Proctored Exam Practice Questions"
"VVtTbWRU0EQsqsZ9ttia","quiz","n180-pharmacology-proctored-exam-practice-questions","n180-pharmacology-proctored-exam-practice-questions","N180 Pharmacology Proctored Exam Practice Questions","nursing-test-bank","SuT1noZoNGEjKGR1vTbi","zMFBI0XMiRsJnnXWhL5S","qjQzp4HMFByeL1UEKGDd","xumViDIRRYzTTFnanjfs","pillarPages/nursing-test-bank/subPages/SuT1noZoNGEjKGR1vTbi/nestedSubPages/zMFBI0XMiRsJnnXWhL5S/topics/qjQzp4HMFByeL1UEKGDd/quizzes/xumViDIRRYzTTFnanjfs","true","quiz","quiz","n180-pharmacology-proctored-exam-practice-questions","n180-pharmacology-proctored-exam-practice-questions","N180 Pharmacology Proctored Exam Practice Questions"
"Va6FCfuqBaE1BT3XiA0z","quiz","ati-pn-adult-medical-surgical-proctored-exam-2023-practice-questions-set-30","ati-pn-adult-medical-surgical-proctored-exam-2023-practice-questions-set-30","ATI PN Adult Medical Surgical Proctored Exam 2023 Practice Questions - Set 30","nursing-test-bank","z0xzINtS3EohZNaKosBz","lyrHg4RBzN6UafuymMFT","NywbGW22YNeZSM3kuwKk","3x6KWzk7yWL5Y2MFFcyd","pillarPages/nursing-test-bank/subPages/z0xzINtS3EohZNaKosBz/nestedSubPages/lyrHg4RBzN6UafuymMFT/topics/NywbGW22YNeZSM3kuwKk/quizzes/3x6KWzk7yWL5Y2MFFcyd","true","quiz","quiz","ati-pn-adult-medical-surgical-proctored-exam-2023-practice-questions-set-30","ati-pn-adult-medical-surgical-proctored-exam-2023-practice-questions-set-30","ATI PN Adult Medical Surgical Proctored Exam 2023 Practice Questions - Set 30"
"Ve8EGLq2pRjWxDqKp2or","quiz","hesi-rn-health-assessment-proctored-exam-practice-questions-set-7","hesi-rn-health-assessment-proctored-exam-practice-questions-set-7","HESI RN Health Assessment Proctored Exam Practice Questions - Set 7","nursing-test-bank","SuT1noZoNGEjKGR1vTbi","iT55qp9NAFOvZLBAiQzC","0zSu4efsFf1RPT4W2Xjn","vdXhH028081wPPONObfb","pillarPages/nursing-test-bank/subPages/SuT1noZoNGEjKGR1vTbi/nestedSubPages/iT55qp9NAFOvZLBAiQzC/topics/0zSu4efsFf1RPT4W2Xjn/quizzes/vdXhH028081wPPONObfb","true","quiz","quiz","hesi-rn-health-assessment-proctored-exam-practice-questions-set-7","hesi-rn-health-assessment-proctored-exam-practice-questions-set-7","HESI RN Health Assessment Proctored Exam Practice Questions - Set 7"
"VnPiL24KtwRyeb8xUSjR","quiz","ati-comprehensive-predictor-2023-proctored-exam","ati-comprehensive-predictor-2023-proctored-exam","ATI Comprehensive Predictor 2023 Proctored Exam","nursing-exit-exam","S4vSoa5bxDgZ1L5kLOJe","QsMAv9L9bzYoFjgdfKgH","","3Bt8tM2V3bulUqha8Vut","pillarPages/nursing-exit-exam/subPages/S4vSoa5bxDgZ1L5kLOJe/nestedSubPages/QsMAv9L9bzYoFjgdfKgH/quizzes/3Bt8tM2V3bulUqha8Vut","true","quiz","quiz","ati-comprehensive-predictor-2023-proctored-exam","ati-comprehensive-predictor-2023-proctored-exam","ATI Comprehensive Predictor 2023 Proctored Exam"
"VpCfRo8qSza1EnEh6rHk","quiz","hesi-rn-med-surg-proctored-exam-2-practice-questions","hesi-rn-med-surg-proctored-exam-2-practice-questions","HESI RN Med Surg Proctored Exam 2 Practice Questions","nursing-test-bank","SuT1noZoNGEjKGR1vTbi","iT55qp9NAFOvZLBAiQzC","aS23yuUD7OS39aVVutYn","HsjU9k0PBBb9l5g5aXV4","pillarPages/nursing-test-bank/subPages/SuT1noZoNGEjKGR1vTbi/nestedSubPages/iT55qp9NAFOvZLBAiQzC/topics/aS23yuUD7OS39aVVutYn/quizzes/HsjU9k0PBBb9l5g5aXV4","true","quiz","quiz","hesi-rn-med-surg-proctored-exam-2-practice-questions","hesi-rn-med-surg-proctored-exam-2-practice-questions","HESI RN Med Surg Proctored Exam 2 Practice Questions"
"Vpf72hHHaBJX7p8xQsBR","quiz","dosage-calculation-rn-adult-medical-surgical-proctored-assessment-3-practice-questions","dosage-calculation-rn-adult-medical-surgical-proctored-assessment-3-practice-questions","Dosage Calculation RN Adult Medical Surgical Proctored Assessment 3 Practice Questions","nursing-test-bank","SuT1noZoNGEjKGR1vTbi","zMFBI0XMiRsJnnXWhL5S","GXrH3QXIidtKg5Jx0ly4","jIB4RVthu4r49RLKairS","pillarPages/nursing-test-bank/subPages/SuT1noZoNGEjKGR1vTbi/nestedSubPages/zMFBI0XMiRsJnnXWhL5S/topics/GXrH3QXIidtKg5Jx0ly4/quizzes/jIB4RVthu4r49RLKairS","true","quiz","quiz","dosage-calculation-rn-adult-medical-surgical-proctored-assessment-3-practice-questions","dosage-calculation-rn-adult-medical-surgical-proctored-assessment-3-practice-questions","Dosage Calculation RN Adult Medical Surgical Proctored Assessment 3 Practice Questions"
"VyWFC0NOazZxVO8jmVmy","quiz","ati-pn-medical-surgical-leadership-proctored-exam-practice-questions","ati-pn-medical-surgical-leadership-proctored-exam-practice-questions","ATI PN Medical Surgical Leadership Proctored Exam Practice Questions","nursing-test-bank","z0xzINtS3EohZNaKosBz","lyrHg4RBzN6UafuymMFT","i0Rf69MPdXLbYTSRdCOW","NskFnEzBb3USFTj24ejm","pillarPages/nursing-test-bank/subPages/z0xzINtS3EohZNaKosBz/nestedSubPages/lyrHg4RBzN6UafuymMFT/topics/i0Rf69MPdXLbYTSRdCOW/quizzes/NskFnEzBb3USFTj24ejm","true","quiz","quiz","ati-pn-medical-surgical-leadership-proctored-exam-practice-questions","ati-pn-medical-surgical-leadership-proctored-exam-practice-questions","ATI PN Medical Surgical Leadership Proctored Exam Practice Questions"
"W3upmciJaXNjZnGR4XIa","quiz","endocrinology-midterm-proctored-exam-practice-questions","endocrinology-midterm-proctored-exam-practice-questions","Endocrinology Midterm Proctored Exam Practice Questions","nursing-test-bank","SuT1noZoNGEjKGR1vTbi","zMFBI0XMiRsJnnXWhL5S","A9zXNbSKb0vVjEfyHpKx","zO8CExvnfl8bdJlX06eq","pillarPages/nursing-test-bank/subPages/SuT1noZoNGEjKGR1vTbi/nestedSubPages/zMFBI0XMiRsJnnXWhL5S/topics/A9zXNbSKb0vVjEfyHpKx/quizzes/zO8CExvnfl8bdJlX06eq","true","quiz","quiz","endocrinology-midterm-proctored-exam-practice-questions","endocrinology-midterm-proctored-exam-practice-questions","Endocrinology Midterm Proctored Exam Practice Questions"
"W8sUyH59saJmQdixpAIG","quiz","anatomy-and-physiology-proctored-exam-practice-questions-set-10","anatomy-and-physiology-proctored-exam-practice-questions-set-10","Anatomy and Physiology Proctored Exam Practice Questions - Set 10","nursing-test-bank","SuT1noZoNGEjKGR1vTbi","zMFBI0XMiRsJnnXWhL5S","PavJlfHXwXRUhopKAOO9","xgzVBGqVgEjv1E2j4904","pillarPages/nursing-test-bank/subPages/SuT1noZoNGEjKGR1vTbi/nestedSubPages/zMFBI0XMiRsJnnXWhL5S/topics/PavJlfHXwXRUhopKAOO9/quizzes/xgzVBGqVgEjv1E2j4904","true","quiz","quiz","anatomy-and-physiology-proctored-exam-practice-questions-set-10","anatomy-and-physiology-proctored-exam-practice-questions-set-10","Anatomy and Physiology Proctored Exam Practice Questions - Set 10"
"WBuGofZFBbkPX5yZUnzR","quiz","hesi-rn-mental-health-with-ngn-proctored-exam-practice-questions","hesi-rn-mental-health-with-ngn-proctored-exam-practice-questions","HESI RN Mental Health with NGN Proctored Exam Practice Questions","nursing-test-bank","SuT1noZoNGEjKGR1vTbi","iT55qp9NAFOvZLBAiQzC","nWHmcLCOYFPkjaWIHcVu","UyHAAPlQZRHvXnDJe8BT","pillarPages/nursing-test-bank/subPages/SuT1noZoNGEjKGR1vTbi/nestedSubPages/iT55qp9NAFOvZLBAiQzC/topics/nWHmcLCOYFPkjaWIHcVu/quizzes/UyHAAPlQZRHvXnDJe8BT","true","quiz","quiz","hesi-rn-mental-health-with-ngn-proctored-exam-practice-questions","hesi-rn-mental-health-with-ngn-proctored-exam-practice-questions","HESI RN Mental Health with NGN Proctored Exam Practice Questions"
"WHPZWLaZ5xSZKuiKdgC4","quiz","hesi-rn-med-surg-proctored-exam-practice-questions-set-18","hesi-rn-med-surg-proctored-exam-practice-questions-set-18","HESI RN Med Surg Proctored Exam Practice Questions - Set 18","nursing-test-bank","SuT1noZoNGEjKGR1vTbi","iT55qp9NAFOvZLBAiQzC","aS23yuUD7OS39aVVutYn","Ym7zIiOGStg77ErrE2cK","pillarPages/nursing-test-bank/subPages/SuT1noZoNGEjKGR1vTbi/nestedSubPages/iT55qp9NAFOvZLBAiQzC/topics/aS23yuUD7OS39aVVutYn/quizzes/Ym7zIiOGStg77ErrE2cK","true","quiz","quiz","hesi-rn-med-surg-proctored-exam-practice-questions-set-18","hesi-rn-med-surg-proctored-exam-practice-questions-set-18","HESI RN Med Surg Proctored Exam Practice Questions - Set 18"
"WI4RRmpjQG5mVHZe0XHR","quiz","ati-pn-med-surg-gastrointestinal-proctored-exam-practice-questions","ati-pn-med-surg-gastrointestinal-proctored-exam-practice-questions","ATI PN Med Surg Gastrointestinal Proctored Exam Practice Questions","nursing-test-bank","z0xzINtS3EohZNaKosBz","lyrHg4RBzN6UafuymMFT","NywbGW22YNeZSM3kuwKk","CKc1SbyIcpvOoIwc2g4i","pillarPages/nursing-test-bank/subPages/z0xzINtS3EohZNaKosBz/nestedSubPages/lyrHg4RBzN6UafuymMFT/topics/NywbGW22YNeZSM3kuwKk/quizzes/CKc1SbyIcpvOoIwc2g4i","true","quiz","quiz","ati-pn-med-surg-gastrointestinal-proctored-exam-practice-questions","ati-pn-med-surg-gastrointestinal-proctored-exam-practice-questions","ATI PN Med Surg Gastrointestinal Proctored Exam Practice Questions"
"WPyjc2FIvBePYxozVIHF","quiz","ati-pn-pediatrics-nursing-proctored-exam-2023-practice-questions-set-8","ati-pn-pediatrics-nursing-proctored-exam-2023-practice-questions-set-8","ATI PN Pediatrics Nursing Proctored Exam 2023 Practice Questions - Set 8","nursing-test-bank","z0xzINtS3EohZNaKosBz","lyrHg4RBzN6UafuymMFT","Y0MhOdG0hGVh8AUsgVrz","mrcybTEPrMik9w0UHjWl","pillarPages/nursing-test-bank/subPages/z0xzINtS3EohZNaKosBz/nestedSubPages/lyrHg4RBzN6UafuymMFT/topics/Y0MhOdG0hGVh8AUsgVrz/quizzes/mrcybTEPrMik9w0UHjWl","true","quiz","quiz","ati-pn-pediatrics-nursing-proctored-exam-2023-practice-questions-set-8","ati-pn-pediatrics-nursing-proctored-exam-2023-practice-questions-set-8","ATI PN Pediatrics Nursing Proctored Exam 2023 Practice Questions - Set 8"
"WSi8BUvvbplvLIY8MKwG","quiz","ucww-school-pediatric-nursing-proctored-exam-2-practice-questions","ucww-school-pediatric-nursing-proctored-exam-2-practice-questions","Ucww School Pediatric Nursing Proctored Exam 2 Practice Questions","nursing-test-bank","SuT1noZoNGEjKGR1vTbi","zMFBI0XMiRsJnnXWhL5S","Hwspg6smTqrELsoRSNmc","Lg1SKKVWGsWkGi0opzni","pillarPages/nursing-test-bank/subPages/SuT1noZoNGEjKGR1vTbi/nestedSubPages/zMFBI0XMiRsJnnXWhL5S/topics/Hwspg6smTqrELsoRSNmc/quizzes/Lg1SKKVWGsWkGi0opzni","true","quiz","quiz","ucww-school-pediatric-nursing-proctored-exam-2-practice-questions","ucww-school-pediatric-nursing-proctored-exam-2-practice-questions","Ucww School Pediatric Nursing Proctored Exam 2 Practice Questions"
"WW19PDuTAYU7ow95dELt","quiz","teas-english-practice-test-set-8","teas-english-practice-test-set-8","","nursing-entrance-exam","yrdSf0KpOcuybL1SLnw7","ykWIONcheFBJ7ooEl7WK","","8obTXxgarYKCJaiZAd66","pillarPages/nursing-entrance-exam/subPages/yrdSf0KpOcuybL1SLnw7/nestedSubPages/ykWIONcheFBJ7ooEl7WK/quizzes/8obTXxgarYKCJaiZAd66","true","quiz","quiz","teas-english-practice-test-set-8","teas-english-practice-test-set-8","TEAS English Practice Test Set 8"
"WYgPFrWmO1lR9571QtZX","quiz","ati-pn-med-surg-proctored-exam-4-practice-questions","ati-pn-med-surg-proctored-exam-4-practice-questions","ATI PN Med Surg Proctored Exam 4 Practice Questions","nursing-test-bank","z0xzINtS3EohZNaKosBz","lyrHg4RBzN6UafuymMFT","NywbGW22YNeZSM3kuwKk","jovo45vkAbqv6Kkw3T8y","pillarPages/nursing-test-bank/subPages/z0xzINtS3EohZNaKosBz/nestedSubPages/lyrHg4RBzN6UafuymMFT/topics/NywbGW22YNeZSM3kuwKk/quizzes/jovo45vkAbqv6Kkw3T8y","true","quiz","quiz","ati-pn-med-surg-proctored-exam-4-practice-questions","ati-pn-med-surg-proctored-exam-4-practice-questions","ATI PN Med Surg Proctored Exam 4 Practice Questions"
"WeW10EH1Y2ZHD2369VQx","nested","hesi-a2-reading-comprehension-practice-test","hesi-a2-reading-comprehension-practice-test","","nursing-entrance-exam","rdYGUZ9DzFvAmo6EsrVe","gGyVK8Up2mhnWjvQONJo","","","pillarPages/nursing-entrance-exam/subPages/rdYGUZ9DzFvAmo6EsrVe/nestedSubPages/gGyVK8Up2mhnWjvQONJo","true","nested","nested","hesi-a2-reading-comprehension-practice-test","hesi-a2-reading-comprehension-practice-test","Hesi A2 Reading Comprehension Practice Test"
"WmE3C7j2UzZgUJ065fYn","quiz","nur404w-mcphs-obstetrics-maternity-proctored-exam-examplify-practice-questions","nur404w-mcphs-obstetrics-maternity-proctored-exam-examplify-practice-questions","Nur404w Mcphs Obstetrics Maternity Proctored Exam(Examplify) Practice Questions","nursing-test-bank","SuT1noZoNGEjKGR1vTbi","zMFBI0XMiRsJnnXWhL5S","Hwspg6smTqrELsoRSNmc","8SaAzAhJXSsmGotleYXW","pillarPages/nursing-test-bank/subPages/SuT1noZoNGEjKGR1vTbi/nestedSubPages/zMFBI0XMiRsJnnXWhL5S/topics/Hwspg6smTqrELsoRSNmc/quizzes/8SaAzAhJXSsmGotleYXW","true","quiz","quiz","nur404w-mcphs-obstetrics-maternity-proctored-exam-examplify-practice-questions","nur404w-mcphs-obstetrics-maternity-proctored-exam-examplify-practice-questions","Nur404w Mcphs Obstetrics Maternity Proctored Exam(Examplify) Practice Questions"
"Wv3YrgIlFfstGGUfcyFj","quiz","hesi-rn-dosage-calculations-ii-proctored-exam-practice-questions","hesi-rn-dosage-calculations-ii-proctored-exam-practice-questions","HESI RN Dosage Calculations II Proctored Exam Practice Questions","nursing-test-bank","SuT1noZoNGEjKGR1vTbi","iT55qp9NAFOvZLBAiQzC","dfRlrdGOvpDhVVXIqa0H","kE7Y6XgRVvsOOBaQrL7g","pillarPages/nursing-test-bank/subPages/SuT1noZoNGEjKGR1vTbi/nestedSubPages/iT55qp9NAFOvZLBAiQzC/topics/dfRlrdGOvpDhVVXIqa0H/quizzes/kE7Y6XgRVvsOOBaQrL7g","true","quiz","quiz","hesi-rn-dosage-calculations-ii-proctored-exam-practice-questions","hesi-rn-dosage-calculations-ii-proctored-exam-practice-questions","HESI RN Dosage Calculations II Proctored Exam Practice Questions"
"X1jTWIJqQWooQcCGkDKh","quiz","ati-rn-comprehensive-predictor-2023-retake-proctored-exam","ati-rn-comprehensive-predictor-2023-retake-proctored-exam","ATI RN Comprehensive Predictor 2023 Retake Proctored Exam","nursing-exit-exam","S4vSoa5bxDgZ1L5kLOJe","QsMAv9L9bzYoFjgdfKgH","","vOWWI2x8xlwrKNXMCmY5","pillarPages/nursing-exit-exam/subPages/S4vSoa5bxDgZ1L5kLOJe/nestedSubPages/QsMAv9L9bzYoFjgdfKgH/quizzes/vOWWI2x8xlwrKNXMCmY5","true","quiz","quiz","ati-rn-comprehensive-predictor-2023-retake-proctored-exam","ati-rn-comprehensive-predictor-2023-retake-proctored-exam","ATI RN Comprehensive Predictor 2023 Retake Proctored Exam"
"X4XBwxDviFyjjgKDrAhY","quiz","teas-science-practice-test-set-13","teas-science-practice-test-set-13","","nursing-entrance-exam","yrdSf0KpOcuybL1SLnw7","uJVUx7wiwgxZ5HPJXNkV","","0M5GAnL3YfFymcZ97W1d","pillarPages/nursing-entrance-exam/subPages/yrdSf0KpOcuybL1SLnw7/nestedSubPages/uJVUx7wiwgxZ5HPJXNkV/quizzes/0M5GAnL3YfFymcZ97W1d","true","quiz","quiz","teas-science-practice-test-set-13","teas-science-practice-test-set-13","TEAS Science Practice Test Set 13"
"X8LdoXq03cyFwRFxYf7s","topic","rn-certifications-phlebotomy-certification-practice-questions","rn-certifications-phlebotomy-certification-practice-questions","Phlebotomy Certification","nursing-test-bank","SuT1noZoNGEjKGR1vTbi","Xm9CE6gN7AB8T4YZKMNa","S3CdPETwhcGfYKwqrEFO","","pillarPages/nursing-test-bank/subPages/SuT1noZoNGEjKGR1vTbi/nestedSubPages/Xm9CE6gN7AB8T4YZKMNa/topics/S3CdPETwhcGfYKwqrEFO","true","topic","topic","rn-certifications-phlebotomy-certification-practice-questions","rn-certifications-phlebotomy-certification-practice-questions","Phlebotomy Certification"
"XJW1YNpMQQ6SoYFyO2XG","quiz","ati-pn-mental-health-proctored-exam-practice-questions-set-4","ati-pn-mental-health-proctored-exam-practice-questions-set-4","ATI PN Mental Health Proctored Exam Practice Questions - Set 4","nursing-test-bank","z0xzINtS3EohZNaKosBz","lyrHg4RBzN6UafuymMFT","6i5h4wWlOfz4R8huNTkC","sceHL0R4Xdjbg0G5Ksz9","pillarPages/nursing-test-bank/subPages/z0xzINtS3EohZNaKosBz/nestedSubPages/lyrHg4RBzN6UafuymMFT/topics/6i5h4wWlOfz4R8huNTkC/quizzes/sceHL0R4Xdjbg0G5Ksz9","true","quiz","quiz","ati-pn-mental-health-proctored-exam-practice-questions-set-4","ati-pn-mental-health-proctored-exam-practice-questions-set-4","ATI PN Mental Health Proctored Exam Practice Questions - Set 4"
"XJgBvOJqzBvyVBAEVwHi","quiz","ramsussen-section-4-module-11-pharmacology-for-professional-nursing-proctored-exam-practice-questions","ramsussen-section-4-module-11-pharmacology-for-professional-nursing-proctored-exam-practice-questions","Ramsussen Section 4 Module 11. Pharmacology for Professional Nursing Proctored Exam Practice Questions","nursing-test-bank","SuT1noZoNGEjKGR1vTbi","zMFBI0XMiRsJnnXWhL5S","qjQzp4HMFByeL1UEKGDd","EuT4SkEluWI5KRzTgysz","pillarPages/nursing-test-bank/subPages/SuT1noZoNGEjKGR1vTbi/nestedSubPages/zMFBI0XMiRsJnnXWhL5S/topics/qjQzp4HMFByeL1UEKGDd/quizzes/EuT4SkEluWI5KRzTgysz","true","quiz","quiz","ramsussen-section-4-module-11-pharmacology-for-professional-nursing-proctored-exam-practice-questions","ramsussen-section-4-module-11-pharmacology-for-professional-nursing-proctored-exam-practice-questions","Ramsussen Section 4 Module 11. Pharmacology for Professional Nursing Proctored Exam Practice Questions"
"XKovkR5HzBQgVrIUbTNs","quiz","hesi-rn-dosage-calculation-proctored-exam-practice-questions-set-1","hesi-rn-dosage-calculation-proctored-exam-practice-questions-set-1","HESI RN Dosage Calculation Proctored Exam Practice Questions - Set 1","nursing-test-bank","SuT1noZoNGEjKGR1vTbi","iT55qp9NAFOvZLBAiQzC","dfRlrdGOvpDhVVXIqa0H","GP7hIHmLyM8Y1SdmELTc","pillarPages/nursing-test-bank/subPages/SuT1noZoNGEjKGR1vTbi/nestedSubPages/iT55qp9NAFOvZLBAiQzC/topics/dfRlrdGOvpDhVVXIqa0H/quizzes/GP7hIHmLyM8Y1SdmELTc","true","quiz","quiz","hesi-rn-dosage-calculation-proctored-exam-practice-questions-set-1","hesi-rn-dosage-calculation-proctored-exam-practice-questions-set-1","HESI RN Dosage Calculation Proctored Exam Practice Questions - Set 1"
"XLX7MzQBCP23cqegtYoM","quiz","ati-pn-med-surg-level-3-ii-proctored-exam-practice-questions","ati-pn-med-surg-level-3-ii-proctored-exam-practice-questions","ATI PN Med Surg Level 3 II Proctored Exam Practice Questions","nursing-test-bank","z0xzINtS3EohZNaKosBz","lyrHg4RBzN6UafuymMFT","NywbGW22YNeZSM3kuwKk","xvZbn7s75VV7cW7xXJHt","pillarPages/nursing-test-bank/subPages/z0xzINtS3EohZNaKosBz/nestedSubPages/lyrHg4RBzN6UafuymMFT/topics/NywbGW22YNeZSM3kuwKk/quizzes/xvZbn7s75VV7cW7xXJHt","true","quiz","quiz","ati-pn-med-surg-level-3-ii-proctored-exam-practice-questions","ati-pn-med-surg-level-3-ii-proctored-exam-practice-questions","ATI PN Med Surg Level 3 II Proctored Exam Practice Questions"
"XMUgeQsskKKTfwq2GF2X","quiz","teas-science-practice-test-set-2","teas-science-practice-test-set-2","","nursing-entrance-exam","yrdSf0KpOcuybL1SLnw7","uJVUx7wiwgxZ5HPJXNkV","","uATEJmnYDUxhccUtLq5m","pillarPages/nursing-entrance-exam/subPages/yrdSf0KpOcuybL1SLnw7/nestedSubPages/uJVUx7wiwgxZ5HPJXNkV/quizzes/uATEJmnYDUxhccUtLq5m","true","quiz","quiz","teas-science-practice-test-set-2","teas-science-practice-test-set-2","TEAS Science Practice Test Set 2"
"XN6ADPipF7chn13LJtBm","quiz","hesi-rn-dosage-calculation-iv-proctored-exam-practice-questions","hesi-rn-dosage-calculation-iv-proctored-exam-practice-questions","HESI RN Dosage Calculation IV Proctored Exam Practice Questions","nursing-test-bank","SuT1noZoNGEjKGR1vTbi","iT55qp9NAFOvZLBAiQzC","dfRlrdGOvpDhVVXIqa0H","ImHYBSM0oEsoRQDsV2ht","pillarPages/nursing-test-bank/subPages/SuT1noZoNGEjKGR1vTbi/nestedSubPages/iT55qp9NAFOvZLBAiQzC/topics/dfRlrdGOvpDhVVXIqa0H/quizzes/ImHYBSM0oEsoRQDsV2ht","true","quiz","quiz","hesi-rn-dosage-calculation-iv-proctored-exam-practice-questions","hesi-rn-dosage-calculation-iv-proctored-exam-practice-questions","HESI RN Dosage Calculation IV Proctored Exam Practice Questions"
"XR1H9jLywEMT7nNP9TOv","quiz","ati-pn-med-surg-musculoskeletal-system-test-proctored-exam-practice-questions","ati-pn-med-surg-musculoskeletal-system-test-proctored-exam-practice-questions","ATI PN Med Surg Musculoskeletal System Test Proctored Exam Practice Questions","nursing-test-bank","z0xzINtS3EohZNaKosBz","lyrHg4RBzN6UafuymMFT","NywbGW22YNeZSM3kuwKk","yjLtOtckShXxRktmvg1Q","pillarPages/nursing-test-bank/subPages/z0xzINtS3EohZNaKosBz/nestedSubPages/lyrHg4RBzN6UafuymMFT/topics/NywbGW22YNeZSM3kuwKk/quizzes/yjLtOtckShXxRktmvg1Q","true","quiz","quiz","ati-pn-med-surg-musculoskeletal-system-test-proctored-exam-practice-questions","ati-pn-med-surg-musculoskeletal-system-test-proctored-exam-practice-questions","ATI PN Med Surg Musculoskeletal System Test Proctored Exam Practice Questions"
"XWkK3gYAjjwdoGg05woe","quiz","med-surg-proctored-exam-practice-questions-set-14","med-surg-proctored-exam-practice-questions-set-14","Med Surg Proctored Exam Practice Questions - Set 14","nursing-test-bank","SuT1noZoNGEjKGR1vTbi","zMFBI0XMiRsJnnXWhL5S","4xNDZPMszSkpgRfEsOck","FRXHFtNu8RU37uZsFKmn","pillarPages/nursing-test-bank/subPages/SuT1noZoNGEjKGR1vTbi/nestedSubPages/zMFBI0XMiRsJnnXWhL5S/topics/4xNDZPMszSkpgRfEsOck/quizzes/FRXHFtNu8RU37uZsFKmn","true","quiz","quiz","med-surg-proctored-exam-practice-questions-set-14","med-surg-proctored-exam-practice-questions-set-14","Med Surg Proctored Exam Practice Questions - Set 14"
"XWlbT8msjrDv1XMyOshn","quiz","ati-pn-management-2020-proctored-exam-practice-questions-set-6","ati-pn-management-2020-proctored-exam-practice-questions-set-6","ATI PN Management 2020 Proctored Exam Practice Questions - Set 6","nursing-test-bank","z0xzINtS3EohZNaKosBz","lyrHg4RBzN6UafuymMFT","i0Rf69MPdXLbYTSRdCOW","XC1mmo5mnUHPGaipLmT4","pillarPages/nursing-test-bank/subPages/z0xzINtS3EohZNaKosBz/nestedSubPages/lyrHg4RBzN6UafuymMFT/topics/i0Rf69MPdXLbYTSRdCOW/quizzes/XC1mmo5mnUHPGaipLmT4","true","quiz","quiz","ati-pn-management-2020-proctored-exam-practice-questions-set-6","ati-pn-management-2020-proctored-exam-practice-questions-set-6","ATI PN Management 2020 Proctored Exam Practice Questions - Set 6"
"XYOoTKvcAJ3I1JVOrDle","topic","hesi-rn-cat-practice-questions","hesi-rn-cat-practice-questions","CAT","nursing-test-bank","SuT1noZoNGEjKGR1vTbi","iT55qp9NAFOvZLBAiQzC","CMoNbGuvq6grfTjWoBDO","","pillarPages/nursing-test-bank/subPages/SuT1noZoNGEjKGR1vTbi/nestedSubPages/iT55qp9NAFOvZLBAiQzC/topics/CMoNbGuvq6grfTjWoBDO","true","topic","topic","hesi-rn-cat-practice-questions","hesi-rn-cat-practice-questions","CAT"
"XYRxPb7tLa2zTxySKyHe","quiz","teas-science-practice-test-set-11","teas-science-practice-test-set-11","","nursing-entrance-exam","yrdSf0KpOcuybL1SLnw7","uJVUx7wiwgxZ5HPJXNkV","","NOu29y5q7Cm459xGO6J4","pillarPages/nursing-entrance-exam/subPages/yrdSf0KpOcuybL1SLnw7/nestedSubPages/uJVUx7wiwgxZ5HPJXNkV/quizzes/NOu29y5q7Cm459xGO6J4","true","quiz","quiz","teas-science-practice-test-set-11","teas-science-practice-test-set-11","TEAS Science Practice Test Set 11"
"XYjsSXfcFpSC5nyI3dsF","quiz","hesi-lpn-exit-proctored-exam","hesi-lpn-exit-proctored-exam","HESI LPN Exit Proctored Exam","nursing-exit-exam","nkXaaMfkkbvjmrSRwtVq","BH31o1XVf6CrhNvQvfOO","","EKLCvU7yv7U6sWoQS3cF","pillarPages/nursing-exit-exam/subPages/nkXaaMfkkbvjmrSRwtVq/nestedSubPages/BH31o1XVf6CrhNvQvfOO/quizzes/EKLCvU7yv7U6sWoQS3cF","true","quiz","quiz","hesi-lpn-exit-proctored-exam","hesi-lpn-exit-proctored-exam","HESI LPN Exit Proctored Exam"
"Xbt0CtEde6YrxJIt27fG","quiz","teas-science-practice-test-set-1","teas-science-practice-test-set-1","","nursing-entrance-exam","yrdSf0KpOcuybL1SLnw7","uJVUx7wiwgxZ5HPJXNkV","","UvEuW1Z0fRO17XHXu1x2","pillarPages/nursing-entrance-exam/subPages/yrdSf0KpOcuybL1SLnw7/nestedSubPages/uJVUx7wiwgxZ5HPJXNkV/quizzes/UvEuW1Z0fRO17XHXu1x2","true","quiz","quiz","teas-science-practice-test-set-1","teas-science-practice-test-set-1","TEAS Science Practice Test Set 1"
"XiDDHZsyvOgfolPun55z","quiz","ati-pn-critical-thinking-proctored-exam-practice-questions-set-1","ati-pn-critical-thinking-proctored-exam-practice-questions-set-1","ATI PN Critical Thinking Proctored Exam Practice Questions - Set 1","nursing-test-bank","z0xzINtS3EohZNaKosBz","lyrHg4RBzN6UafuymMFT","AIrzHbC5yDHk6TUjdEeM","R9da0zbOLu0fM4XjbRYF","pillarPages/nursing-test-bank/subPages/z0xzINtS3EohZNaKosBz/nestedSubPages/lyrHg4RBzN6UafuymMFT/topics/AIrzHbC5yDHk6TUjdEeM/quizzes/R9da0zbOLu0fM4XjbRYF","true","quiz","quiz","ati-pn-critical-thinking-proctored-exam-practice-questions-set-1","ati-pn-critical-thinking-proctored-exam-practice-questions-set-1","ATI PN Critical Thinking Proctored Exam Practice Questions - Set 1"
"Xk4c1HczAbpZbh8v0NNs","quiz","medical-surgical-proctored-exam-3-practice-questions","medical-surgical-proctored-exam-3-practice-questions","Medical-Surgical Proctored Exam 3 Practice Questions","nursing-test-bank","SuT1noZoNGEjKGR1vTbi","zMFBI0XMiRsJnnXWhL5S","4xNDZPMszSkpgRfEsOck","YdELYIsxLMQJr4MsEhHk","pillarPages/nursing-test-bank/subPages/SuT1noZoNGEjKGR1vTbi/nestedSubPages/zMFBI0XMiRsJnnXWhL5S/topics/4xNDZPMszSkpgRfEsOck/quizzes/YdELYIsxLMQJr4MsEhHk","true","quiz","quiz","medical-surgical-proctored-exam-3-practice-questions","medical-surgical-proctored-exam-3-practice-questions","Medical-Surgical Proctored Exam 3 Practice Questions"
"Xn3QGUluxBadLoqXWAV9","quiz","vati-ati-comprehensive-predictor-2023-proctored-exam","vati-ati-comprehensive-predictor-2023-proctored-exam","VATI ATI Comprehensive Predictor 2023 Proctored Exam","nursing-exit-exam","S4vSoa5bxDgZ1L5kLOJe","QsMAv9L9bzYoFjgdfKgH","","rw8qWNY44gw9BYs2tD6N","pillarPages/nursing-exit-exam/subPages/S4vSoa5bxDgZ1L5kLOJe/nestedSubPages/QsMAv9L9bzYoFjgdfKgH/quizzes/rw8qWNY44gw9BYs2tD6N","true","quiz","quiz","vati-ati-comprehensive-predictor-2023-proctored-exam","vati-ati-comprehensive-predictor-2023-proctored-exam","VATI ATI Comprehensive Predictor 2023 Proctored Exam"
"XoyixMbekQXGUV2v9YQx","quiz","medical-surgical-nursing-proctored-exam-lpn-practice-questions","medical-surgical-nursing-proctored-exam-lpn-practice-questions","Medical Surgical Nursing Proctored Exam (LPN) Practice Questions","nursing-test-bank","z0xzINtS3EohZNaKosBz","3K3wv7IGcDcXvSNM9Kxm","AlR3KvZbCSZXo21jeLnT","NAoU9TDzL0PQhRhP8eWC","pillarPages/nursing-test-bank/subPages/z0xzINtS3EohZNaKosBz/nestedSubPages/3K3wv7IGcDcXvSNM9Kxm/topics/AlR3KvZbCSZXo21jeLnT/quizzes/NAoU9TDzL0PQhRhP8eWC","true","quiz","quiz","medical-surgical-nursing-proctored-exam-lpn-practice-questions","medical-surgical-nursing-proctored-exam-lpn-practice-questions","Medical Surgical Nursing Proctored Exam (LPN) Practice Questions"
"Xp4SQeSdMBbQcUOiQZBh","quiz","module-6-dimensions-of-nursing-practice-proctored-exam-practice-questions","module-6-dimensions-of-nursing-practice-proctored-exam-practice-questions","Module 6 Dimensions of Nursing Practice Proctored Exam Practice Questions","nursing-test-bank","SuT1noZoNGEjKGR1vTbi","zMFBI0XMiRsJnnXWhL5S","DN3QPHblwrFWRn1uoplD","eoPKGZ9qwOh932GbcOWR","pillarPages/nursing-test-bank/subPages/SuT1noZoNGEjKGR1vTbi/nestedSubPages/zMFBI0XMiRsJnnXWhL5S/topics/DN3QPHblwrFWRn1uoplD/quizzes/eoPKGZ9qwOh932GbcOWR","true","quiz","quiz","module-6-dimensions-of-nursing-practice-proctored-exam-practice-questions","module-6-dimensions-of-nursing-practice-proctored-exam-practice-questions","Module 6 Dimensions of Nursing Practice Proctored Exam Practice Questions"
"Xp8kDHVP9cm7p0H7WLnb","quiz","mental-health-proctored-exam-practice-questions-set-10","mental-health-proctored-exam-practice-questions-set-10","Mental Health Proctored Exam Practice Questions - Set 10","nursing-test-bank","SuT1noZoNGEjKGR1vTbi","zMFBI0XMiRsJnnXWhL5S","dwj41dVBiWR9v4FRpKhC","tqZexHKRKjnlwGNrgTMx","pillarPages/nursing-test-bank/subPages/SuT1noZoNGEjKGR1vTbi/nestedSubPages/zMFBI0XMiRsJnnXWhL5S/topics/dwj41dVBiWR9v4FRpKhC/quizzes/tqZexHKRKjnlwGNrgTMx","true","quiz","quiz","mental-health-proctored-exam-practice-questions-set-10","mental-health-proctored-exam-practice-questions-set-10","Mental Health Proctored Exam Practice Questions - Set 10"
"XrjQt5IxH07ZkQjPT3jL","quiz","rn-community-health-2019-proctored-exam-practice-questions","rn-community-health-2019-proctored-exam-practice-questions","RN Community Health 2019 Proctored Exam Practice Questions","nursing-test-bank","SuT1noZoNGEjKGR1vTbi","zMFBI0XMiRsJnnXWhL5S","pXf53xDTrL7aSDzdhniW","bYlNgUPAQJRrae9HMlgg","pillarPages/nursing-test-bank/subPages/SuT1noZoNGEjKGR1vTbi/nestedSubPages/zMFBI0XMiRsJnnXWhL5S/topics/pXf53xDTrL7aSDzdhniW/quizzes/bYlNgUPAQJRrae9HMlgg","true","quiz","quiz","rn-community-health-2019-proctored-exam-practice-questions","rn-community-health-2019-proctored-exam-practice-questions","RN Community Health 2019 Proctored Exam Practice Questions"
"XuwX0GAxZC6nqrbVPpMa","quiz","ati-pn-pharmacology-proctored-exam-practice-questions-set-6","ati-pn-pharmacology-proctored-exam-practice-questions-set-6","ATI PN Pharmacology Proctored Exam Practice Questions - Set 6","nursing-test-bank","z0xzINtS3EohZNaKosBz","lyrHg4RBzN6UafuymMFT","13a3GLxldltUqhIxNzkr","PN4Npmxl9ZVpOYTeNCwb","pillarPages/nursing-test-bank/subPages/z0xzINtS3EohZNaKosBz/nestedSubPages/lyrHg4RBzN6UafuymMFT/topics/13a3GLxldltUqhIxNzkr/quizzes/PN4Npmxl9ZVpOYTeNCwb","true","quiz","quiz","ati-pn-pharmacology-proctored-exam-practice-questions-set-6","ati-pn-pharmacology-proctored-exam-practice-questions-set-6","ATI PN Pharmacology Proctored Exam Practice Questions - Set 6"
"XzqwWZtsZlfkFdQNRmXH","quiz","nurs366-pathology-proctored-exam-colorado-christian-university-practice-questions","nurs366-pathology-proctored-exam-colorado-christian-university-practice-questions","Nurs366 Pathology Proctored Exam(Colorado Christian University) Practice Questions","nursing-test-bank","SuT1noZoNGEjKGR1vTbi","zMFBI0XMiRsJnnXWhL5S","KyUeIK7zxUi2K91H84Bj","PuXUH4zIr3AoxmFlMrQ6","pillarPages/nursing-test-bank/subPages/SuT1noZoNGEjKGR1vTbi/nestedSubPages/zMFBI0XMiRsJnnXWhL5S/topics/KyUeIK7zxUi2K91H84Bj/quizzes/PuXUH4zIr3AoxmFlMrQ6","true","quiz","quiz","nurs366-pathology-proctored-exam-colorado-christian-university-practice-questions","nurs366-pathology-proctored-exam-colorado-christian-university-practice-questions","Nurs366 Pathology Proctored Exam(Colorado Christian University) Practice Questions"
"Y5hgbczsp4phhKMeAhv8","quiz","ati-pn-pediatrics-proctored-exam-practice-questions-set-19","ati-pn-pediatrics-proctored-exam-practice-questions-set-19","ATI PN Pediatrics Proctored Exam Practice Questions - Set 19","nursing-test-bank","z0xzINtS3EohZNaKosBz","lyrHg4RBzN6UafuymMFT","Y0MhOdG0hGVh8AUsgVrz","zqzGxoHQqoZRIPxmu7nL","pillarPages/nursing-test-bank/subPages/z0xzINtS3EohZNaKosBz/nestedSubPages/lyrHg4RBzN6UafuymMFT/topics/Y0MhOdG0hGVh8AUsgVrz/quizzes/zqzGxoHQqoZRIPxmu7nL","true","quiz","quiz","ati-pn-pediatrics-proctored-exam-practice-questions-set-19","ati-pn-pediatrics-proctored-exam-practice-questions-set-19","ATI PN Pediatrics Proctored Exam Practice Questions - Set 19"
"Y80qr4Q4WcYn13SVTJM3","quiz","teas-english-practice-test-set-12","teas-english-practice-test-set-12","","nursing-entrance-exam","yrdSf0KpOcuybL1SLnw7","ykWIONcheFBJ7ooEl7WK","","Ibx5WEnKHv6K0Mnfp3yg","pillarPages/nursing-entrance-exam/subPages/yrdSf0KpOcuybL1SLnw7/nestedSubPages/ykWIONcheFBJ7ooEl7WK/quizzes/Ibx5WEnKHv6K0Mnfp3yg","true","quiz","quiz","teas-english-practice-test-set-12","teas-english-practice-test-set-12","TEAS English Practice Test Set 12"
"YE7rgZ1k2I7BuAoW5FVj","quiz","lpn-fundamentals-exam-evolve-illinois-college-proctored-exam-practice-questions","lpn-fundamentals-exam-evolve-illinois-college-proctored-exam-practice-questions","LPN Fundamentals Exam Evolve (Illinois College) Proctored Exam Practice Questions","nursing-test-bank","z0xzINtS3EohZNaKosBz","3K3wv7IGcDcXvSNM9Kxm","XKenRdlHMVfdY4Dl99G2","CCuGa5bbXg7eb5eJ8euY","pillarPages/nursing-test-bank/subPages/z0xzINtS3EohZNaKosBz/nestedSubPages/3K3wv7IGcDcXvSNM9Kxm/topics/XKenRdlHMVfdY4Dl99G2/quizzes/CCuGa5bbXg7eb5eJ8euY","true","quiz","quiz","lpn-fundamentals-exam-evolve-illinois-college-proctored-exam-practice-questions","lpn-fundamentals-exam-evolve-illinois-college-proctored-exam-practice-questions","LPN Fundamentals Exam Evolve (Illinois College) Proctored Exam Practice Questions"
"YIFpiqnMnSXNc5XkhvX9","quiz","hesi-rn-dosage-calculations-proctored-exam-practice-questions-set-3","hesi-rn-dosage-calculations-proctored-exam-practice-questions-set-3","HESI RN Dosage Calculations Proctored Exam Practice Questions - Set 3","nursing-test-bank","SuT1noZoNGEjKGR1vTbi","iT55qp9NAFOvZLBAiQzC","dfRlrdGOvpDhVVXIqa0H","JhNf05IJwo7a3tHlTSKZ","pillarPages/nursing-test-bank/subPages/SuT1noZoNGEjKGR1vTbi/nestedSubPages/iT55qp9NAFOvZLBAiQzC/topics/dfRlrdGOvpDhVVXIqa0H/quizzes/JhNf05IJwo7a3tHlTSKZ","true","quiz","quiz","hesi-rn-dosage-calculations-proctored-exam-practice-questions-set-3","hesi-rn-dosage-calculations-proctored-exam-practice-questions-set-3","HESI RN Dosage Calculations Proctored Exam Practice Questions - Set 3"
"YU6gyuWsvlmbkxgTphz2","quiz","dosage-calculation-rn-fundamentals-proctored-assesment-practice-questions","dosage-calculation-rn-fundamentals-proctored-assesment-practice-questions","Dosage Calculation RN Fundamentals Proctored Assesment Practice Questions","nursing-test-bank","SuT1noZoNGEjKGR1vTbi","zMFBI0XMiRsJnnXWhL5S","GXrH3QXIidtKg5Jx0ly4","08H3sNvQcyE1ZMiVk5xR","pillarPages/nursing-test-bank/subPages/SuT1noZoNGEjKGR1vTbi/nestedSubPages/zMFBI0XMiRsJnnXWhL5S/topics/GXrH3QXIidtKg5Jx0ly4/quizzes/08H3sNvQcyE1ZMiVk5xR","true","quiz","quiz","dosage-calculation-rn-fundamentals-proctored-assesment-practice-questions","dosage-calculation-rn-fundamentals-proctored-assesment-practice-questions","Dosage Calculation RN Fundamentals Proctored Assesment Practice Questions"
"Ye7184Hit5b4L2eTW7VF","quiz","southeastern-college-maternity-proctored-exam-practice-questions","southeastern-college-maternity-proctored-exam-practice-questions","Southeastern College Maternity Proctored Exam Practice Questions","nursing-test-bank","SuT1noZoNGEjKGR1vTbi","zMFBI0XMiRsJnnXWhL5S","stnDIFRoA0VwLaoxbGv1","SunqOEjQS1Uu0gByUoT1","pillarPages/nursing-test-bank/subPages/SuT1noZoNGEjKGR1vTbi/nestedSubPages/zMFBI0XMiRsJnnXWhL5S/topics/stnDIFRoA0VwLaoxbGv1/quizzes/SunqOEjQS1Uu0gByUoT1","true","quiz","quiz","southeastern-college-maternity-proctored-exam-practice-questions","southeastern-college-maternity-proctored-exam-practice-questions","Southeastern College Maternity Proctored Exam Practice Questions"
"YjghYYdQ2wy35pzWzEH4","quiz","dosage-medication-administration-proctored-exam-practice-questions","dosage-medication-administration-proctored-exam-practice-questions","Dosage Medication Administration Proctored Exam Practice Questions","nursing-test-bank","SuT1noZoNGEjKGR1vTbi","zMFBI0XMiRsJnnXWhL5S","GXrH3QXIidtKg5Jx0ly4","ZJaANBynOsJy9NlXmYhG","pillarPages/nursing-test-bank/subPages/SuT1noZoNGEjKGR1vTbi/nestedSubPages/zMFBI0XMiRsJnnXWhL5S/topics/GXrH3QXIidtKg5Jx0ly4/quizzes/ZJaANBynOsJy9NlXmYhG","true","quiz","quiz","dosage-medication-administration-proctored-exam-practice-questions","dosage-medication-administration-proctored-exam-practice-questions","Dosage Medication Administration Proctored Exam Practice Questions"
"Yt1eQOuYARJuzArQSYvl","quiz","ati-pn-exit-2023-proctored-exam","ati-pn-exit-2023-proctored-exam","ATI PN Exit 2023 Proctored Exam","nursing-exit-exam","nkXaaMfkkbvjmrSRwtVq","ShdTxCRHYWbhmGg06Sgw","","CJz10nQrY3WFsdZvAoFV","pillarPages/nursing-exit-exam/subPages/nkXaaMfkkbvjmrSRwtVq/nestedSubPages/ShdTxCRHYWbhmGg06Sgw/quizzes/CJz10nQrY3WFsdZvAoFV","true","quiz","quiz","ati-pn-exit-2023-proctored-exam","ati-pn-exit-2023-proctored-exam","ATI PN Exit 2023 Proctored Exam"
"YtROV5CR23Iq1XOvOiTw","quiz","med-surg-proctored-exam-practice-questions-set-29","med-surg-proctored-exam-practice-questions-set-29","Med Surg Proctored Exam Practice Questions - Set 29","nursing-test-bank","SuT1noZoNGEjKGR1vTbi","zMFBI0XMiRsJnnXWhL5S","4xNDZPMszSkpgRfEsOck","tf6gDqQZSQ3wBzJUvup3","pillarPages/nursing-test-bank/subPages/SuT1noZoNGEjKGR1vTbi/nestedSubPages/zMFBI0XMiRsJnnXWhL5S/topics/4xNDZPMszSkpgRfEsOck/quizzes/tf6gDqQZSQ3wBzJUvup3","true","quiz","quiz","med-surg-proctored-exam-practice-questions-set-29","med-surg-proctored-exam-practice-questions-set-29","Med Surg Proctored Exam Practice Questions - Set 29"
"YvbdZ5QYdADozfob763o","quiz","med-surg-final-proctored-exam-samuel-merit-university-practice-questions","med-surg-final-proctored-exam-samuel-merit-university-practice-questions","Med Surg Final Proctored Exam (Samuel Merit University) Practice Questions","nursing-test-bank","SuT1noZoNGEjKGR1vTbi","zMFBI0XMiRsJnnXWhL5S","4xNDZPMszSkpgRfEsOck","0SbfniyCBh0BMz2303gr","pillarPages/nursing-test-bank/subPages/SuT1noZoNGEjKGR1vTbi/nestedSubPages/zMFBI0XMiRsJnnXWhL5S/topics/4xNDZPMszSkpgRfEsOck/quizzes/0SbfniyCBh0BMz2303gr","true","quiz","quiz","med-surg-final-proctored-exam-samuel-merit-university-practice-questions","med-surg-final-proctored-exam-samuel-merit-university-practice-questions","Med Surg Final Proctored Exam (Samuel Merit University) Practice Questions"
"YyIHje8KQjCXb0mtgZmA","quiz","hesi-rn-adult-health-proctored-exam-med-surg-practice-questions","hesi-rn-adult-health-proctored-exam-med-surg-practice-questions","HESI RN Adult Health Proctored Exam (Med Surg) Practice Questions","nursing-test-bank","SuT1noZoNGEjKGR1vTbi","iT55qp9NAFOvZLBAiQzC","n2FK9jdRFYQvHbryoAbl","pbRsMo4XFQmz6nhLvNF1","pillarPages/nursing-test-bank/subPages/SuT1noZoNGEjKGR1vTbi/nestedSubPages/iT55qp9NAFOvZLBAiQzC/topics/n2FK9jdRFYQvHbryoAbl/quizzes/pbRsMo4XFQmz6nhLvNF1","true","quiz","quiz","hesi-rn-adult-health-proctored-exam-med-surg-practice-questions","hesi-rn-adult-health-proctored-exam-med-surg-practice-questions","HESI RN Adult Health Proctored Exam (Med Surg) Practice Questions"
"Z0tmLHh7qsJKLlLdOJQm","quiz","med-surg-proctored-exam-warren-county-community-college-practice-questions","med-surg-proctored-exam-warren-county-community-college-practice-questions","Med Surg Proctored Exam - Warren County Community College Practice Questions","nursing-test-bank","SuT1noZoNGEjKGR1vTbi","zMFBI0XMiRsJnnXWhL5S","4xNDZPMszSkpgRfEsOck","MCUoBJtACotEI6NzCNhv","pillarPages/nursing-test-bank/subPages/SuT1noZoNGEjKGR1vTbi/nestedSubPages/zMFBI0XMiRsJnnXWhL5S/topics/4xNDZPMszSkpgRfEsOck/quizzes/MCUoBJtACotEI6NzCNhv","true","quiz","quiz","med-surg-proctored-exam-warren-county-community-college-practice-questions","med-surg-proctored-exam-warren-county-community-college-practice-questions","Med Surg Proctored Exam - Warren County Community College Practice Questions"
"Z2Pc1SIt6MFnoTZaMIEP","quiz","hesi-a2-math-practice-test-set-3","hesi-a2-math-practice-test-set-3","","nursing-entrance-exam","rdYGUZ9DzFvAmo6EsrVe","WCMWPi3ol4wwpJaHF6DH","","hesi-a2-math-practice-test-set-3","pillarPages/nursing-entrance-exam/subPages/rdYGUZ9DzFvAmo6EsrVe/nestedSubPages/WCMWPi3ol4wwpJaHF6DH/quizzes/hesi-a2-math-practice-test-set-3","true","quiz","entrance_quiz_subject","hesi-a2-math-practice-test-set-3","hesi-a2-math-practice-test-set-3","HESI A2 Math Practice Test Set 3"
"Z38Zi8iXwHaSGRU55Z7H","quiz","hesi-lpn-fundamentals-proctored-exam-wgu-practice-questions","hesi-lpn-fundamentals-proctored-exam-wgu-practice-questions","HESI LPN Fundamentals Proctored Exam (WGU) Practice Questions","nursing-test-bank","z0xzINtS3EohZNaKosBz","ToLSmb6DG83NTZWXEJxt","HQnTsUWAQtikNnY47O7a","nrwknJKYorZ5kHKLUlIh","pillarPages/nursing-test-bank/subPages/z0xzINtS3EohZNaKosBz/nestedSubPages/ToLSmb6DG83NTZWXEJxt/topics/HQnTsUWAQtikNnY47O7a/quizzes/nrwknJKYorZ5kHKLUlIh","true","quiz","quiz","hesi-lpn-fundamentals-proctored-exam-wgu-practice-questions","hesi-lpn-fundamentals-proctored-exam-wgu-practice-questions","HESI LPN Fundamentals Proctored Exam (WGU) Practice Questions"
"Z57An2t930qcxtQk0J8N","quiz","ati-pn-custom-fundamentals-ch-38-liz-proctored-exam-practice-questions","ati-pn-custom-fundamentals-ch-38-liz-proctored-exam-practice-questions","ATI PN Custom Fundamentals Ch 38 Liz Proctored Exam Practice Questions","nursing-test-bank","z0xzINtS3EohZNaKosBz","lyrHg4RBzN6UafuymMFT","1Lb0PkKiTEM2wQOIMDtv","X8WkUFSm41p8yIKjNEH2","pillarPages/nursing-test-bank/subPages/z0xzINtS3EohZNaKosBz/nestedSubPages/lyrHg4RBzN6UafuymMFT/topics/1Lb0PkKiTEM2wQOIMDtv/quizzes/X8WkUFSm41p8yIKjNEH2","true","quiz","quiz","ati-pn-custom-fundamentals-ch-38-liz-proctored-exam-practice-questions","ati-pn-custom-fundamentals-ch-38-liz-proctored-exam-practice-questions","ATI PN Custom Fundamentals Ch 38 Liz Proctored Exam Practice Questions"
"Z5EC5rXrIir94b5zlH9E","topic","hesi-rn-mental-health-practice-questions","hesi-rn-mental-health-practice-questions","Mental Health","nursing-test-bank","SuT1noZoNGEjKGR1vTbi","iT55qp9NAFOvZLBAiQzC","nWHmcLCOYFPkjaWIHcVu","","pillarPages/nursing-test-bank/subPages/SuT1noZoNGEjKGR1vTbi/nestedSubPages/iT55qp9NAFOvZLBAiQzC/topics/nWHmcLCOYFPkjaWIHcVu","true","topic","topic","hesi-rn-mental-health-practice-questions","hesi-rn-mental-health-practice-questions","Mental Health"
"Z6mqgQZJdnSJckzPR7O9","quiz","ati-pn-obstetrics-ob-nursing-cohort-proctored-exam-total-questions-35-practice-questions","ati-pn-obstetrics-ob-nursing-cohort-proctored-exam-total-questions-35-practice-questions","ATI PN Obstetrics OB Nursing Cohort Proctored Exam Total Questions 35 Practice Questions","nursing-test-bank","z0xzINtS3EohZNaKosBz","lyrHg4RBzN6UafuymMFT","ZwY2vYN2X4tXEKOv2x6h","MVzjDrf7wMbGfyUzeiaX","pillarPages/nursing-test-bank/subPages/z0xzINtS3EohZNaKosBz/nestedSubPages/lyrHg4RBzN6UafuymMFT/topics/ZwY2vYN2X4tXEKOv2x6h/quizzes/MVzjDrf7wMbGfyUzeiaX","true","quiz","quiz","ati-pn-obstetrics-ob-nursing-cohort-proctored-exam-total-questions-35-practice-questions","ati-pn-obstetrics-ob-nursing-cohort-proctored-exam-total-questions-35-practice-questions","ATI PN Obstetrics OB Nursing Cohort Proctored Exam Total Questions 35 Practice Questions"
"ZDmMId6YIqU4M7PvM0Hu","quiz","miami-dade-college-pharmacology-nur1141-proctored-exam-practice-questions","miami-dade-college-pharmacology-nur1141-proctored-exam-practice-questions","Miami Dade College Pharmacology Nur1141 Proctored Exam Practice Questions","nursing-test-bank","SuT1noZoNGEjKGR1vTbi","zMFBI0XMiRsJnnXWhL5S","qjQzp4HMFByeL1UEKGDd","klSYU1mKfgLq0BIrVdq9","pillarPages/nursing-test-bank/subPages/SuT1noZoNGEjKGR1vTbi/nestedSubPages/zMFBI0XMiRsJnnXWhL5S/topics/qjQzp4HMFByeL1UEKGDd/quizzes/klSYU1mKfgLq0BIrVdq9","true","quiz","quiz","miami-dade-college-pharmacology-nur1141-proctored-exam-practice-questions","miami-dade-college-pharmacology-nur1141-proctored-exam-practice-questions","Miami Dade College Pharmacology Nur1141 Proctored Exam Practice Questions"
"ZF3taogfFwKmYZW8KGJS","quiz","health-assessment-proctored-exam-practice-questions-set-1","health-assessment-proctored-exam-practice-questions-set-1","Health Assessment Proctored Exam Practice Questions - Set 1","nursing-test-bank","SuT1noZoNGEjKGR1vTbi","zMFBI0XMiRsJnnXWhL5S","XQlgh9zsLrRK6vilmJPA","6aA7KAug9A8g2waCziGr","pillarPages/nursing-test-bank/subPages/SuT1noZoNGEjKGR1vTbi/nestedSubPages/zMFBI0XMiRsJnnXWhL5S/topics/XQlgh9zsLrRK6vilmJPA/quizzes/6aA7KAug9A8g2waCziGr","true","quiz","quiz","health-assessment-proctored-exam-practice-questions-set-1","health-assessment-proctored-exam-practice-questions-set-1","Health Assessment Proctored Exam Practice Questions - Set 1"
"ZFHyuEY9NsDKBevrNs5R","quiz","hesi-a2-vocabulary-practice-test-set-2","hesi-a2-vocabulary-practice-test-set-2","","nursing-entrance-exam","rdYGUZ9DzFvAmo6EsrVe","i7Rzaozenx3Czccmf5HD","","hesi-a2-vocabulary-practice-test-set-2","pillarPages/nursing-entrance-exam/subPages/rdYGUZ9DzFvAmo6EsrVe/nestedSubPages/i7Rzaozenx3Czccmf5HD/quizzes/hesi-a2-vocabulary-practice-test-set-2","true","quiz","entrance_quiz_subject","hesi-a2-vocabulary-practice-test-set-2","hesi-a2-vocabulary-practice-test-set-2","HESI A2 Vocabulary Practice Test Set 2"
"ZIWtNfcMyqssdU5XGXvH","nested","hesi-a2-biology-practice-test","hesi-a2-biology-practice-test","","nursing-entrance-exam","rdYGUZ9DzFvAmo6EsrVe","4f2Tydp51lxl4u4OtTlL","","","pillarPages/nursing-entrance-exam/subPages/rdYGUZ9DzFvAmo6EsrVe/nestedSubPages/4f2Tydp51lxl4u4OtTlL","true","nested","nested","hesi-a2-biology-practice-test","hesi-a2-biology-practice-test","Hesi A2 Biology Practice Test"
"ZQCrvmLhpsNiepLLY3yP","quiz","ati-pn-maternal-newborn-2023-proctored-exam-3-practice-questions","ati-pn-maternal-newborn-2023-proctored-exam-3-practice-questions","ATI PN Maternal Newborn 2023 Proctored Exam 3 Practice Questions","nursing-test-bank","z0xzINtS3EohZNaKosBz","lyrHg4RBzN6UafuymMFT","ZwY2vYN2X4tXEKOv2x6h","VjaDUpN5FhgXw4nqKNO2","pillarPages/nursing-test-bank/subPages/z0xzINtS3EohZNaKosBz/nestedSubPages/lyrHg4RBzN6UafuymMFT/topics/ZwY2vYN2X4tXEKOv2x6h/quizzes/VjaDUpN5FhgXw4nqKNO2","true","quiz","quiz","ati-pn-maternal-newborn-2023-proctored-exam-3-practice-questions","ati-pn-maternal-newborn-2023-proctored-exam-3-practice-questions","ATI PN Maternal Newborn 2023 Proctored Exam 3 Practice Questions"
"ZS4sPMK6yprVrLIV1kWO","quiz","lpn-fundamentals-proctored-exam-basic-nursing-set-4-practice-questions","lpn-fundamentals-proctored-exam-basic-nursing-set-4-practice-questions","LPN Fundamentals Proctored Exam (Basic Nursing) - Set 4 Practice Questions","nursing-test-bank","z0xzINtS3EohZNaKosBz","3K3wv7IGcDcXvSNM9Kxm","XKenRdlHMVfdY4Dl99G2","ZAKTIk4iK5WyJRXVXPVv","pillarPages/nursing-test-bank/subPages/z0xzINtS3EohZNaKosBz/nestedSubPages/3K3wv7IGcDcXvSNM9Kxm/topics/XKenRdlHMVfdY4Dl99G2/quizzes/ZAKTIk4iK5WyJRXVXPVv","true","quiz","quiz","lpn-fundamentals-proctored-exam-basic-nursing-set-4-practice-questions","lpn-fundamentals-proctored-exam-basic-nursing-set-4-practice-questions","LPN Fundamentals Proctored Exam (Basic Nursing) - Set 4 Practice Questions"
"ZUUwI5RUZm4RgIHGRSzj","topic","ati-pn-adult-medical-surgical-practice-questions","ati-pn-adult-medical-surgical-practice-questions","ATI PN Adult Medical Surgical Practice Questions","nursing-test-bank","z0xzINtS3EohZNaKosBz","lyrHg4RBzN6UafuymMFT","NywbGW22YNeZSM3kuwKk","","pillarPages/nursing-test-bank/subPages/z0xzINtS3EohZNaKosBz/nestedSubPages/lyrHg4RBzN6UafuymMFT/topics/NywbGW22YNeZSM3kuwKk","true","topic","topic","ati-pn-adult-medical-surgical-practice-questions","ati-pn-adult-medical-surgical-practice-questions","Adult Medical Surgical"
"ZZSA4CCI2YJZx6VZudAg","topic","rn-nursing-course-adult-health-practice-questions","rn-nursing-course-adult-health-practice-questions","Adult Health","nursing-test-bank","SuT1noZoNGEjKGR1vTbi","zMFBI0XMiRsJnnXWhL5S","L2wWtC9VGd9bcVlQMhD1","","pillarPages/nursing-test-bank/subPages/SuT1noZoNGEjKGR1vTbi/nestedSubPages/zMFBI0XMiRsJnnXWhL5S/topics/L2wWtC9VGd9bcVlQMhD1","true","topic","topic","rn-nursing-course-adult-health-practice-questions","rn-nursing-course-adult-health-practice-questions","Adult Health"
"ZdQD5qqjWRK3l4Mwpjbn","quiz","ati-pn-med-surg-proctored-exam-5-practice-questions","ati-pn-med-surg-proctored-exam-5-practice-questions","ATI PN Med Surg Proctored Exam 5 Practice Questions","nursing-test-bank","z0xzINtS3EohZNaKosBz","lyrHg4RBzN6UafuymMFT","NywbGW22YNeZSM3kuwKk","p9g8coLiP81zFhwa7S9f","pillarPages/nursing-test-bank/subPages/z0xzINtS3EohZNaKosBz/nestedSubPages/lyrHg4RBzN6UafuymMFT/topics/NywbGW22YNeZSM3kuwKk/quizzes/p9g8coLiP81zFhwa7S9f","true","quiz","quiz","ati-pn-med-surg-proctored-exam-5-practice-questions","ati-pn-med-surg-proctored-exam-5-practice-questions","ATI PN Med Surg Proctored Exam 5 Practice Questions"
"ZdRe6KK29l8fP0CuzhcR","quiz","hesi-rn-exit-proctored-exam-form-2","hesi-rn-exit-proctored-exam-form-2","HESI RN Exit Proctored Exam Form 2","nursing-exit-exam","S4vSoa5bxDgZ1L5kLOJe","MVHmi7FJbSDlPPz28jh5","","x06emEognC65qULQiuee","pillarPages/nursing-exit-exam/subPages/S4vSoa5bxDgZ1L5kLOJe/nestedSubPages/MVHmi7FJbSDlPPz28jh5/quizzes/x06emEognC65qULQiuee","true","quiz","quiz","hesi-rn-exit-proctored-exam-form-2","hesi-rn-exit-proctored-exam-form-2","HESI RN Exit Proctored Exam Form 2"
"ZekY2CVcvE3wWbHSSLt3","quiz","hesi-rn-exit-proctored-exam-form-7","hesi-rn-exit-proctored-exam-form-7","HESI RN Exit Proctored Exam Form 7","nursing-exit-exam","S4vSoa5bxDgZ1L5kLOJe","MVHmi7FJbSDlPPz28jh5","","WXEHiTaR9PDixDjKDlf8","pillarPages/nursing-exit-exam/subPages/S4vSoa5bxDgZ1L5kLOJe/nestedSubPages/MVHmi7FJbSDlPPz28jh5/quizzes/WXEHiTaR9PDixDjKDlf8","true","quiz","quiz","hesi-rn-exit-proctored-exam-form-7","hesi-rn-exit-proctored-exam-form-7","HESI RN Exit Proctored Exam Form 7"
"ZkhPmM6hmiaRMO33fZyW","quiz","hesi-rn-nursing-research-proctored-exam-practice-questions-set-4","hesi-rn-nursing-research-proctored-exam-practice-questions-set-4","HESI RN Nursing Research Proctored Exam Practice Questions - Set 4","nursing-test-bank","SuT1noZoNGEjKGR1vTbi","iT55qp9NAFOvZLBAiQzC","2CSFdI3p8inciBpSPkZI","yQQI5HpHwujR2zjEmVuD","pillarPages/nursing-test-bank/subPages/SuT1noZoNGEjKGR1vTbi/nestedSubPages/iT55qp9NAFOvZLBAiQzC/topics/2CSFdI3p8inciBpSPkZI/quizzes/yQQI5HpHwujR2zjEmVuD","true","quiz","quiz","hesi-rn-nursing-research-proctored-exam-practice-questions-set-4","hesi-rn-nursing-research-proctored-exam-practice-questions-set-4","HESI RN Nursing Research Proctored Exam Practice Questions - Set 4"
"ZotPEyvlWVN1U6Xmo8qz","topic","hesi-lpn-pharmacology-practice-questions","hesi-lpn-pharmacology-practice-questions","Pharmacology","nursing-test-bank","z0xzINtS3EohZNaKosBz","ToLSmb6DG83NTZWXEJxt","kd7EysTYYyAv51SSo8Xd","","pillarPages/nursing-test-bank/subPages/z0xzINtS3EohZNaKosBz/nestedSubPages/ToLSmb6DG83NTZWXEJxt/topics/kd7EysTYYyAv51SSo8Xd","true","topic","topic","hesi-lpn-pharmacology-practice-questions","hesi-lpn-pharmacology-practice-questions","Pharmacology"
"a7HA0KleVN3qtHJ5A8P0","topic","rn-nursing-course-mental-health-practice-questions","rn-nursing-course-mental-health-practice-questions","Mental Health","nursing-test-bank","SuT1noZoNGEjKGR1vTbi","zMFBI0XMiRsJnnXWhL5S","dwj41dVBiWR9v4FRpKhC","","pillarPages/nursing-test-bank/subPages/SuT1noZoNGEjKGR1vTbi/nestedSubPages/zMFBI0XMiRsJnnXWhL5S/topics/dwj41dVBiWR9v4FRpKhC","true","topic","topic","rn-nursing-course-mental-health-practice-questions","rn-nursing-course-mental-health-practice-questions","Mental Health"
"a91xnYZHLZClTNiBtcCF","quiz","hesi-rn-medical-surgical-proctored-exam-practice-questions-set-10","hesi-rn-medical-surgical-proctored-exam-practice-questions-set-10","HESI RN Medical Surgical Proctored Exam Practice Questions - Set 10","nursing-test-bank","SuT1noZoNGEjKGR1vTbi","iT55qp9NAFOvZLBAiQzC","aS23yuUD7OS39aVVutYn","sNM1IugmAdTO8OABWf1q","pillarPages/nursing-test-bank/subPages/SuT1noZoNGEjKGR1vTbi/nestedSubPages/iT55qp9NAFOvZLBAiQzC/topics/aS23yuUD7OS39aVVutYn/quizzes/sNM1IugmAdTO8OABWf1q","true","quiz","quiz","hesi-rn-medical-surgical-proctored-exam-practice-questions-set-10","hesi-rn-medical-surgical-proctored-exam-practice-questions-set-10","HESI RN Medical Surgical Proctored Exam Practice Questions - Set 10"
"aDbng8dtirSvtyhWXUxl","quiz","teas-science-practice-test-set-14","teas-science-practice-test-set-14","","nursing-entrance-exam","yrdSf0KpOcuybL1SLnw7","uJVUx7wiwgxZ5HPJXNkV","","ws1uYtDiQROAfJCXe0nY","pillarPages/nursing-entrance-exam/subPages/yrdSf0KpOcuybL1SLnw7/nestedSubPages/uJVUx7wiwgxZ5HPJXNkV/quizzes/ws1uYtDiQROAfJCXe0nY","true","quiz","quiz","teas-science-practice-test-set-14","teas-science-practice-test-set-14","TEAS Science Practice Test Set 14"
"aOJIFThx03hocTjWzUwC","quiz","ati-pn-mental-health-proctored-exam-practice-questions-set-27","ati-pn-mental-health-proctored-exam-practice-questions-set-27","ATI PN Mental Health Proctored Exam Practice Questions - Set 27","nursing-test-bank","z0xzINtS3EohZNaKosBz","lyrHg4RBzN6UafuymMFT","6i5h4wWlOfz4R8huNTkC","ujhDVShnkrjKiFa6CSKq","pillarPages/nursing-test-bank/subPages/z0xzINtS3EohZNaKosBz/nestedSubPages/lyrHg4RBzN6UafuymMFT/topics/6i5h4wWlOfz4R8huNTkC/quizzes/ujhDVShnkrjKiFa6CSKq","true","quiz","quiz","ati-pn-mental-health-proctored-exam-practice-questions-set-27","ati-pn-mental-health-proctored-exam-practice-questions-set-27","ATI PN Mental Health Proctored Exam Practice Questions - Set 27"
"aYrzmA7gSFQCj3o4LicA","quiz","ati-pn-nur-113-med-surg-proctored-exam-acid-base-practice-questions","ati-pn-nur-113-med-surg-proctored-exam-acid-base-practice-questions","ATI PN NUR 113 Med Surg Proctored Exam Acid-Base Practice Questions","nursing-test-bank","z0xzINtS3EohZNaKosBz","lyrHg4RBzN6UafuymMFT","NywbGW22YNeZSM3kuwKk","yTgz0zA6fPfkBLLg4aTF","pillarPages/nursing-test-bank/subPages/z0xzINtS3EohZNaKosBz/nestedSubPages/lyrHg4RBzN6UafuymMFT/topics/NywbGW22YNeZSM3kuwKk/quizzes/yTgz0zA6fPfkBLLg4aTF","true","quiz","quiz","ati-pn-nur-113-med-surg-proctored-exam-acid-base-practice-questions","ati-pn-nur-113-med-surg-proctored-exam-acid-base-practice-questions","ATI PN NUR 113 Med Surg Proctored Exam Acid-Base Practice Questions"
"aZoNZgn3DU05z0s82dn9","quiz","ny-bsn-proctored-exam-practice-questions","ny-bsn-proctored-exam-practice-questions","Ny Bsn Proctored Exam Practice Questions","nursing-test-bank","SuT1noZoNGEjKGR1vTbi","zMFBI0XMiRsJnnXWhL5S","p4ym32tSh4yvL8X18NJ6","cvItxAZCxyr7dSMMaU6u","pillarPages/nursing-test-bank/subPages/SuT1noZoNGEjKGR1vTbi/nestedSubPages/zMFBI0XMiRsJnnXWhL5S/topics/p4ym32tSh4yvL8X18NJ6/quizzes/cvItxAZCxyr7dSMMaU6u","true","quiz","quiz","ny-bsn-proctored-exam-practice-questions","ny-bsn-proctored-exam-practice-questions","Ny Bsn Proctored Exam Practice Questions"
"afBrncwW3VP7A28i7wKr","topic","hesi-rn-dosage-calculations-practice-questions","hesi-rn-dosage-calculations-practice-questions","Dosage Calculations","nursing-test-bank","SuT1noZoNGEjKGR1vTbi","iT55qp9NAFOvZLBAiQzC","dfRlrdGOvpDhVVXIqa0H","","pillarPages/nursing-test-bank/subPages/SuT1noZoNGEjKGR1vTbi/nestedSubPages/iT55qp9NAFOvZLBAiQzC/topics/dfRlrdGOvpDhVVXIqa0H","true","topic","topic","hesi-rn-dosage-calculations-practice-questions","hesi-rn-dosage-calculations-practice-questions","Dosage Calculations"
"aqvTHytygW8GkN5d4uc1","quiz","ati-pn-fundamentals-2023-proctored-exam-practice-questions-set-41","ati-pn-fundamentals-2023-proctored-exam-practice-questions-set-41","ATI PN Fundamentals 2023 Proctored Exam Practice Questions - Set 41","nursing-test-bank","z0xzINtS3EohZNaKosBz","lyrHg4RBzN6UafuymMFT","1Lb0PkKiTEM2wQOIMDtv","Ho1gPoQD99ZfsHz9fula","pillarPages/nursing-test-bank/subPages/z0xzINtS3EohZNaKosBz/nestedSubPages/lyrHg4RBzN6UafuymMFT/topics/1Lb0PkKiTEM2wQOIMDtv/quizzes/Ho1gPoQD99ZfsHz9fula","true","quiz","quiz","ati-pn-fundamentals-2023-proctored-exam-practice-questions-set-41","ati-pn-fundamentals-2023-proctored-exam-practice-questions-set-41","ATI PN Fundamentals 2023 Proctored Exam Practice Questions - Set 41"
"b7LHRJLrGB0X7BvK6Ihb","nested","hesi-a2-grammar-practice-test","hesi-a2-grammar-practice-test","","nursing-entrance-exam","rdYGUZ9DzFvAmo6EsrVe","XYJ11eHtMbIhQnTYPS6j","","","pillarPages/nursing-entrance-exam/subPages/rdYGUZ9DzFvAmo6EsrVe/nestedSubPages/XYJ11eHtMbIhQnTYPS6j","true","nested","nested","hesi-a2-grammar-practice-test","hesi-a2-grammar-practice-test","Hesi A2 Grammar Practice Test"
"bAHisbwiFw8GGl2YZCUG","quiz","nu-400-mental-health-psychiatric-proctored-exam-exam-2-week-6-st-joseph-s-college-of-maine-practice-questions","nu-400-mental-health-psychiatric-proctored-exam-exam-2-week-6-st-joseph-s-college-of-maine-practice-questions","Nu 400-Mental Health Psychiatric Proctored Exam (Exam 2 Week 6)- St Joseph’S College of Maine Practice Questions","nursing-test-bank","SuT1noZoNGEjKGR1vTbi","zMFBI0XMiRsJnnXWhL5S","dwj41dVBiWR9v4FRpKhC","ptkzrOXsvHSm0KR3y3yn","pillarPages/nursing-test-bank/subPages/SuT1noZoNGEjKGR1vTbi/nestedSubPages/zMFBI0XMiRsJnnXWhL5S/topics/dwj41dVBiWR9v4FRpKhC/quizzes/ptkzrOXsvHSm0KR3y3yn","true","quiz","quiz","nu-400-mental-health-psychiatric-proctored-exam-exam-2-week-6-st-joseph-s-college-of-maine-practice-questions","nu-400-mental-health-psychiatric-proctored-exam-exam-2-week-6-st-joseph-s-college-of-maine-practice-questions","Nu 400-Mental Health Psychiatric Proctored Exam (Exam 2 Week 6)- St Joseph’S College of Maine Practice Questions"
"bIh4UP7aFzMzBb8xNKY9","quiz","med-surg-proctored-exam-mca-samuel-merit-university-practice-questions","med-surg-proctored-exam-mca-samuel-merit-university-practice-questions","Med Surg Proctored Exam (Mca Samuel Merit University) Practice Questions","nursing-test-bank","SuT1noZoNGEjKGR1vTbi","zMFBI0XMiRsJnnXWhL5S","4xNDZPMszSkpgRfEsOck","wTyKUPHA9rBsdfjMqfDF","pillarPages/nursing-test-bank/subPages/SuT1noZoNGEjKGR1vTbi/nestedSubPages/zMFBI0XMiRsJnnXWhL5S/topics/4xNDZPMszSkpgRfEsOck/quizzes/wTyKUPHA9rBsdfjMqfDF","true","quiz","quiz","med-surg-proctored-exam-mca-samuel-merit-university-practice-questions","med-surg-proctored-exam-mca-samuel-merit-university-practice-questions","Med Surg Proctored Exam (Mca Samuel Merit University) Practice Questions"
"bRMEoM3iYP46citDH0FJ","kb","teas-test-4-knowledge-base","teas-test-4-knowledge-base","","nursing-entrance-exam","63KhIXE69eSgyh4EX3jz","","","","knowledgeBase/63KhIXE69eSgyh4EX3jz","true","kb","kb","teas-test-4-knowledge-base","teas-test-4-knowledge-base","TEAS Test 4 Knowledge Base"
"bVCyPlFSUtZzRRUsRJne","quiz","nurs-100-fundamentals-proctored-exam-practice-questions","nurs-100-fundamentals-proctored-exam-practice-questions","NURS 100 Fundamentals Proctored Exam Practice Questions","nursing-test-bank","SuT1noZoNGEjKGR1vTbi","zMFBI0XMiRsJnnXWhL5S","sBc3Ee7TKg33PIbmj4Hb","WzYG3cm4uKTK5Fx5Wh6y","pillarPages/nursing-test-bank/subPages/SuT1noZoNGEjKGR1vTbi/nestedSubPages/zMFBI0XMiRsJnnXWhL5S/topics/sBc3Ee7TKg33PIbmj4Hb/quizzes/WzYG3cm4uKTK5Fx5Wh6y","true","quiz","quiz","nurs-100-fundamentals-proctored-exam-practice-questions","nurs-100-fundamentals-proctored-exam-practice-questions","NURS 100 Fundamentals Proctored Exam Practice Questions"
"bXVO2Vx8lF8edaXWbn22","quiz","hesi-pn-exit-proctored-exam-three","hesi-pn-exit-proctored-exam-three","HESI PN Exit Proctored Exam Three","nursing-exit-exam","nkXaaMfkkbvjmrSRwtVq","BH31o1XVf6CrhNvQvfOO","","EKTNaGyGmcfZjeNqxQsJ","pillarPages/nursing-exit-exam/subPages/nkXaaMfkkbvjmrSRwtVq/nestedSubPages/BH31o1XVf6CrhNvQvfOO/quizzes/EKTNaGyGmcfZjeNqxQsJ","true","quiz","quiz","hesi-pn-exit-proctored-exam-three","hesi-pn-exit-proctored-exam-three","HESI PN Exit Proctored Exam Three"
"beM3YjzYm9XCpExKjsYh","quiz","ati-pn-nurs-112-fundamentals-proctored-exam-practice-questions","ati-pn-nurs-112-fundamentals-proctored-exam-practice-questions","ATI PN NURS 112 Fundamentals Proctored Exam Practice Questions","nursing-test-bank","z0xzINtS3EohZNaKosBz","lyrHg4RBzN6UafuymMFT","1Lb0PkKiTEM2wQOIMDtv","ccko4r8Gl1ODOeHTrJnw","pillarPages/nursing-test-bank/subPages/z0xzINtS3EohZNaKosBz/nestedSubPages/lyrHg4RBzN6UafuymMFT/topics/1Lb0PkKiTEM2wQOIMDtv/quizzes/ccko4r8Gl1ODOeHTrJnw","true","quiz","quiz","ati-pn-nurs-112-fundamentals-proctored-exam-practice-questions","ati-pn-nurs-112-fundamentals-proctored-exam-practice-questions","ATI PN NURS 112 Fundamentals Proctored Exam Practice Questions"
"bei7m6u6njOarV8acLBU","quiz","ati-pn-adult-med-surg-2020-with-ngn-proctored-exam-practice-questions","ati-pn-adult-med-surg-2020-with-ngn-proctored-exam-practice-questions","ATI PN Adult Med Surg 2020 with NGN Proctored Exam Practice Questions","nursing-test-bank","z0xzINtS3EohZNaKosBz","lyrHg4RBzN6UafuymMFT","NywbGW22YNeZSM3kuwKk","kYpGMU2ZU8q1d3EKMzNP","pillarPages/nursing-test-bank/subPages/z0xzINtS3EohZNaKosBz/nestedSubPages/lyrHg4RBzN6UafuymMFT/topics/NywbGW22YNeZSM3kuwKk/quizzes/kYpGMU2ZU8q1d3EKMzNP","true","quiz","quiz","ati-pn-adult-med-surg-2020-with-ngn-proctored-exam-practice-questions","ati-pn-adult-med-surg-2020-with-ngn-proctored-exam-practice-questions","ATI PN Adult Med Surg 2020 with NGN Proctored Exam Practice Questions"
"bfODX4tw60DkpYIYmKCF","quiz","ati-pn-anatomy-and-physiology-proctored-exam-practice-questions-set-3","ati-pn-anatomy-and-physiology-proctored-exam-practice-questions-set-3","ATI PN Anatomy and Physiology Proctored Exam Practice Questions - Set 3","nursing-test-bank","z0xzINtS3EohZNaKosBz","lyrHg4RBzN6UafuymMFT","j5H2Ra9IgckkioC7vNSj","BjFkdXJGYGg1TurUdCIg","pillarPages/nursing-test-bank/subPages/z0xzINtS3EohZNaKosBz/nestedSubPages/lyrHg4RBzN6UafuymMFT/topics/j5H2Ra9IgckkioC7vNSj/quizzes/BjFkdXJGYGg1TurUdCIg","true","quiz","quiz","ati-pn-anatomy-and-physiology-proctored-exam-practice-questions-set-3","ati-pn-anatomy-and-physiology-proctored-exam-practice-questions-set-3","ATI PN Anatomy and Physiology Proctored Exam Practice Questions - Set 3"
"bfQeTp4AxoTngO3WxROw","quiz","ati-pn-level-2-med-surg-proctored-exam-practice-questions","ati-pn-level-2-med-surg-proctored-exam-practice-questions","ATI PN Level 2 Med Surg Proctored Exam Practice Questions","nursing-test-bank","z0xzINtS3EohZNaKosBz","lyrHg4RBzN6UafuymMFT","NywbGW22YNeZSM3kuwKk","xyUf0xy22MHzkHSGvEWc","pillarPages/nursing-test-bank/subPages/z0xzINtS3EohZNaKosBz/nestedSubPages/lyrHg4RBzN6UafuymMFT/topics/NywbGW22YNeZSM3kuwKk/quizzes/xyUf0xy22MHzkHSGvEWc","true","quiz","quiz","ati-pn-level-2-med-surg-proctored-exam-practice-questions","ati-pn-level-2-med-surg-proctored-exam-practice-questions","ATI PN Level 2 Med Surg Proctored Exam Practice Questions"
"bfVHHREcIRwhZ1KzZJSe","quiz","med-surg-2-proctored-exam-ichs-practice-questions","med-surg-2-proctored-exam-ichs-practice-questions","Med Surg 2 Proctored Exam (Ichs) Practice Questions","nursing-test-bank","SuT1noZoNGEjKGR1vTbi","zMFBI0XMiRsJnnXWhL5S","4xNDZPMszSkpgRfEsOck","HhdFhInc1Cj5nscSm1Ll","pillarPages/nursing-test-bank/subPages/SuT1noZoNGEjKGR1vTbi/nestedSubPages/zMFBI0XMiRsJnnXWhL5S/topics/4xNDZPMszSkpgRfEsOck/quizzes/HhdFhInc1Cj5nscSm1Ll","true","quiz","quiz","med-surg-2-proctored-exam-ichs-practice-questions","med-surg-2-proctored-exam-ichs-practice-questions","Med Surg 2 Proctored Exam (Ichs) Practice Questions"
"bfZV6p1t6gSsuDMoYFLE","quiz","ati-pn-pediatrics-proctored-exam-practice-questions-set-14","ati-pn-pediatrics-proctored-exam-practice-questions-set-14","ATI PN Pediatrics Proctored Exam Practice Questions - Set 14","nursing-test-bank","z0xzINtS3EohZNaKosBz","lyrHg4RBzN6UafuymMFT","Y0MhOdG0hGVh8AUsgVrz","vT9ojHo0XSOuTqPF6NQg","pillarPages/nursing-test-bank/subPages/z0xzINtS3EohZNaKosBz/nestedSubPages/lyrHg4RBzN6UafuymMFT/topics/Y0MhOdG0hGVh8AUsgVrz/quizzes/vT9ojHo0XSOuTqPF6NQg","true","quiz","quiz","ati-pn-pediatrics-proctored-exam-practice-questions-set-14","ati-pn-pediatrics-proctored-exam-practice-questions-set-14","ATI PN Pediatrics Proctored Exam Practice Questions - Set 14"
"bhpxKwGw9na9cAf6oS02","quiz","ati-pn-dosage-calculation-pn-nursing-care-of-children-proctored-assessment-3-1-practice-questions","ati-pn-dosage-calculation-pn-nursing-care-of-children-proctored-assessment-3-1-practice-questions","ATI PN Dosage Calculation PN Nursing Care of Children Proctored Assessment 3.1 Practice Questions","nursing-test-bank","z0xzINtS3EohZNaKosBz","lyrHg4RBzN6UafuymMFT","NHgx9LFXpsLVcFjsOujF","EHSGOkJyvFHe4NPWItep","pillarPages/nursing-test-bank/subPages/z0xzINtS3EohZNaKosBz/nestedSubPages/lyrHg4RBzN6UafuymMFT/topics/NHgx9LFXpsLVcFjsOujF/quizzes/EHSGOkJyvFHe4NPWItep","true","quiz","quiz","ati-pn-dosage-calculation-pn-nursing-care-of-children-proctored-assessment-3-1-practice-questions","ati-pn-dosage-calculation-pn-nursing-care-of-children-proctored-assessment-3-1-practice-questions","ATI PN Dosage Calculation PN Nursing Care of Children Proctored Assessment 3.1 Practice Questions"
"blH2SPOTEIFgxvN0ilCa","quiz","ns-228-bsn-final-proctored-exam-2022-practice-questions","ns-228-bsn-final-proctored-exam-2022-practice-questions","Ns 228 Bsn Final Proctored Exam 2022 Practice Questions","nursing-test-bank","SuT1noZoNGEjKGR1vTbi","zMFBI0XMiRsJnnXWhL5S","dwj41dVBiWR9v4FRpKhC","xc7TJp1boF8uAzbXQazT","pillarPages/nursing-test-bank/subPages/SuT1noZoNGEjKGR1vTbi/nestedSubPages/zMFBI0XMiRsJnnXWhL5S/topics/dwj41dVBiWR9v4FRpKhC/quizzes/xc7TJp1boF8uAzbXQazT","true","quiz","quiz","ns-228-bsn-final-proctored-exam-2022-practice-questions","ns-228-bsn-final-proctored-exam-2022-practice-questions","Ns 228 Bsn Final Proctored Exam 2022 Practice Questions"
"bvnbNXlSGDNX3f7wuAeI","quiz","hesi-rn-patho-pharmacology-proctored-exam-practice-questions","hesi-rn-patho-pharmacology-proctored-exam-practice-questions","HESI RN Patho Pharmacology Proctored Exam Practice Questions","nursing-test-bank","SuT1noZoNGEjKGR1vTbi","iT55qp9NAFOvZLBAiQzC","l1kSgSxIYg2SRUN8aWqE","z4vMfLRnbI7ZBer3z6yF","pillarPages/nursing-test-bank/subPages/SuT1noZoNGEjKGR1vTbi/nestedSubPages/iT55qp9NAFOvZLBAiQzC/topics/l1kSgSxIYg2SRUN8aWqE/quizzes/z4vMfLRnbI7ZBer3z6yF","true","quiz","quiz","hesi-rn-patho-pharmacology-proctored-exam-practice-questions","hesi-rn-patho-pharmacology-proctored-exam-practice-questions","HESI RN Patho Pharmacology Proctored Exam Practice Questions"
"c0NLLnh4q4qefld9POAI","quiz","hesi-rn-dosage-calculations-iii-proctored-exam-practice-questions","hesi-rn-dosage-calculations-iii-proctored-exam-practice-questions","HESI RN Dosage Calculations III Proctored Exam Practice Questions","nursing-test-bank","SuT1noZoNGEjKGR1vTbi","iT55qp9NAFOvZLBAiQzC","dfRlrdGOvpDhVVXIqa0H","zuwMQ3oZHOwdpQtgo3Mc","pillarPages/nursing-test-bank/subPages/SuT1noZoNGEjKGR1vTbi/nestedSubPages/iT55qp9NAFOvZLBAiQzC/topics/dfRlrdGOvpDhVVXIqa0H/quizzes/zuwMQ3oZHOwdpQtgo3Mc","true","quiz","quiz","hesi-rn-dosage-calculations-iii-proctored-exam-practice-questions","hesi-rn-dosage-calculations-iii-proctored-exam-practice-questions","HESI RN Dosage Calculations III Proctored Exam Practice Questions"
"c1KAjGzNxdr7vlNtoy7k","quiz","med-surg-2-miami-regional-university-proctored-exam-practice-questions","med-surg-2-miami-regional-university-proctored-exam-practice-questions","Med Surg 2 Miami Regional University Proctored Exam Practice Questions","nursing-test-bank","SuT1noZoNGEjKGR1vTbi","zMFBI0XMiRsJnnXWhL5S","4xNDZPMszSkpgRfEsOck","5iTdZGPC5F1NHWAvxvH4","pillarPages/nursing-test-bank/subPages/SuT1noZoNGEjKGR1vTbi/nestedSubPages/zMFBI0XMiRsJnnXWhL5S/topics/4xNDZPMszSkpgRfEsOck/quizzes/5iTdZGPC5F1NHWAvxvH4","true","quiz","quiz","med-surg-2-miami-regional-university-proctored-exam-practice-questions","med-surg-2-miami-regional-university-proctored-exam-practice-questions","Med Surg 2 Miami Regional University Proctored Exam Practice Questions"
"c1ZkCwn7C81KMBRMioos","quiz","hesi-a2-anatomy-and-physiology-practice-test-set-1","hesi-a2-anatomy-and-physiology-practice-test-set-1","","nursing-entrance-exam","rdYGUZ9DzFvAmo6EsrVe","qwOa8KIVJed4vQNWENTI","","hesi-a2-anatomy-and-physiology-practice-test-set-1","pillarPages/nursing-entrance-exam/subPages/rdYGUZ9DzFvAmo6EsrVe/nestedSubPages/qwOa8KIVJed4vQNWENTI/quizzes/hesi-a2-anatomy-and-physiology-practice-test-set-1","true","quiz","entrance_quiz_subject","hesi-a2-anatomy-and-physiology-practice-test-set-1","hesi-a2-anatomy-and-physiology-practice-test-set-1","HESI A2 Anatomy and Physiology Practice Test Set 1"
"cCYqCHZ41kWwDF5dFFlw","quiz","med-surg-proctored-exam-nursing-care-of-clients-with-complex-health-conditions-temu-university-practice-questions","med-surg-proctored-exam-nursing-care-of-clients-with-complex-health-conditions-temu-university-practice-questions","Med Surg Proctored Exam(Nursing Care of Clients with Complex Health Conditions) Temu University Practice Questions","nursing-test-bank","SuT1noZoNGEjKGR1vTbi","zMFBI0XMiRsJnnXWhL5S","4xNDZPMszSkpgRfEsOck","h9tJOovuQjbYzNxwkygP","pillarPages/nursing-test-bank/subPages/SuT1noZoNGEjKGR1vTbi/nestedSubPages/zMFBI0XMiRsJnnXWhL5S/topics/4xNDZPMszSkpgRfEsOck/quizzes/h9tJOovuQjbYzNxwkygP","true","quiz","quiz","med-surg-proctored-exam-nursing-care-of-clients-with-complex-health-conditions-temu-university-practice-questions","med-surg-proctored-exam-nursing-care-of-clients-with-complex-health-conditions-temu-university-practice-questions","Med Surg Proctored Exam(Nursing Care of Clients with Complex Health Conditions) Temu University Practice Questions"
"cFfJ3D6wrBHUAx34fMNm","quiz","ati-pn-pediatrics-proctored-exam-practice-questions-set-17","ati-pn-pediatrics-proctored-exam-practice-questions-set-17","ATI PN Pediatrics Proctored Exam Practice Questions - Set 17","nursing-test-bank","z0xzINtS3EohZNaKosBz","lyrHg4RBzN6UafuymMFT","Y0MhOdG0hGVh8AUsgVrz","TZXhhyFg5vMaXqp2V6NI","pillarPages/nursing-test-bank/subPages/z0xzINtS3EohZNaKosBz/nestedSubPages/lyrHg4RBzN6UafuymMFT/topics/Y0MhOdG0hGVh8AUsgVrz/quizzes/TZXhhyFg5vMaXqp2V6NI","true","quiz","quiz","ati-pn-pediatrics-proctored-exam-practice-questions-set-17","ati-pn-pediatrics-proctored-exam-practice-questions-set-17","ATI PN Pediatrics Proctored Exam Practice Questions - Set 17"
"cOoV4XYOds3JTOTy4PwF","quiz","teas-science-practice-test-set-12","teas-science-practice-test-set-12","","nursing-entrance-exam","yrdSf0KpOcuybL1SLnw7","uJVUx7wiwgxZ5HPJXNkV","","blek3a3uvnkK43zakrtQ","pillarPages/nursing-entrance-exam/subPages/yrdSf0KpOcuybL1SLnw7/nestedSubPages/uJVUx7wiwgxZ5HPJXNkV/quizzes/blek3a3uvnkK43zakrtQ","true","quiz","quiz","teas-science-practice-test-set-12","teas-science-practice-test-set-12","TEAS Science Practice Test Set 12"
"cY3WRCkzS9YnrDaa7Yi7","quiz","ati-pn-custom-cohert-6-pharmacology-quiz-2-proctored-exam-practice-questions","ati-pn-custom-cohert-6-pharmacology-quiz-2-proctored-exam-practice-questions","ATI PN Custom Cohert 6 Pharmacology Quiz 2 Proctored Exam Practice Questions","nursing-test-bank","z0xzINtS3EohZNaKosBz","lyrHg4RBzN6UafuymMFT","13a3GLxldltUqhIxNzkr","9zBcWtS0UNGrU58IsspB","pillarPages/nursing-test-bank/subPages/z0xzINtS3EohZNaKosBz/nestedSubPages/lyrHg4RBzN6UafuymMFT/topics/13a3GLxldltUqhIxNzkr/quizzes/9zBcWtS0UNGrU58IsspB","true","quiz","quiz","ati-pn-custom-cohert-6-pharmacology-quiz-2-proctored-exam-practice-questions","ati-pn-custom-cohert-6-pharmacology-quiz-2-proctored-exam-practice-questions","ATI PN Custom Cohert 6 Pharmacology Quiz 2 Proctored Exam Practice Questions"
"cZrgLMQPSWA9Svd2zCrr","quiz","hesi-rn-exit-proctored-exam-form-4","hesi-rn-exit-proctored-exam-form-4","HESI RN Exit Proctored Exam Form 4","nursing-exit-exam","S4vSoa5bxDgZ1L5kLOJe","MVHmi7FJbSDlPPz28jh5","","DQHDUUvXgxyvLijFsw9K","pillarPages/nursing-exit-exam/subPages/S4vSoa5bxDgZ1L5kLOJe/nestedSubPages/MVHmi7FJbSDlPPz28jh5/quizzes/DQHDUUvXgxyvLijFsw9K","true","quiz","quiz","hesi-rn-exit-proctored-exam-form-4","hesi-rn-exit-proctored-exam-form-4","HESI RN Exit Proctored Exam Form 4"
"ceOTw3IlIR7cr7NAWnnA","quiz","hesi-rn-fundamentals-proctored-exam-practice-questions-set-1","hesi-rn-fundamentals-proctored-exam-practice-questions-set-1","HESI RN Fundamentals Proctored Exam Practice Questions - Set 1","nursing-test-bank","SuT1noZoNGEjKGR1vTbi","iT55qp9NAFOvZLBAiQzC","70YsvvAfpEoWkJ2zO8Vy","0cTzTwyD8nRclStjmBB7","pillarPages/nursing-test-bank/subPages/SuT1noZoNGEjKGR1vTbi/nestedSubPages/iT55qp9NAFOvZLBAiQzC/topics/70YsvvAfpEoWkJ2zO8Vy/quizzes/0cTzTwyD8nRclStjmBB7","true","quiz","quiz","hesi-rn-fundamentals-proctored-exam-practice-questions-set-1","hesi-rn-fundamentals-proctored-exam-practice-questions-set-1","HESI RN Fundamentals Proctored Exam Practice Questions - Set 1"
"cewFCFqmEnOdXm0KIFEw","quiz","gcc-pharmacology-proctored-exam-practice-questions","gcc-pharmacology-proctored-exam-practice-questions","Gcc Pharmacology Proctored Exam Practice Questions","nursing-test-bank","SuT1noZoNGEjKGR1vTbi","zMFBI0XMiRsJnnXWhL5S","qjQzp4HMFByeL1UEKGDd","QwnUOcsqlJP58xD23aFv","pillarPages/nursing-test-bank/subPages/SuT1noZoNGEjKGR1vTbi/nestedSubPages/zMFBI0XMiRsJnnXWhL5S/topics/qjQzp4HMFByeL1UEKGDd/quizzes/QwnUOcsqlJP58xD23aFv","true","quiz","quiz","gcc-pharmacology-proctored-exam-practice-questions","gcc-pharmacology-proctored-exam-practice-questions","Gcc Pharmacology Proctored Exam Practice Questions"
"cjcMlmjWLpS80SniGrFp","quiz","ati-pn-med-surg-custom-proctored-exam-practice-questions","ati-pn-med-surg-custom-proctored-exam-practice-questions","ATI PN Med Surg Custom Proctored Exam Practice Questions","nursing-test-bank","z0xzINtS3EohZNaKosBz","lyrHg4RBzN6UafuymMFT","NywbGW22YNeZSM3kuwKk","F5sb2MHQEowyvv64V2GO","pillarPages/nursing-test-bank/subPages/z0xzINtS3EohZNaKosBz/nestedSubPages/lyrHg4RBzN6UafuymMFT/topics/NywbGW22YNeZSM3kuwKk/quizzes/F5sb2MHQEowyvv64V2GO","true","quiz","quiz","ati-pn-med-surg-custom-proctored-exam-practice-questions","ati-pn-med-surg-custom-proctored-exam-practice-questions","ATI PN Med Surg Custom Proctored Exam Practice Questions"
"clubIMISNBFjFTNoJhPy","quiz","nur113-med-surg-proctored-exam-complex-concepts-coastal-alabama-university-practice-questions","nur113-med-surg-proctored-exam-complex-concepts-coastal-alabama-university-practice-questions","Nur113 Med Surg Proctored Exam (Complex Concepts) Coastal Alabama University Practice Questions","nursing-test-bank","SuT1noZoNGEjKGR1vTbi","zMFBI0XMiRsJnnXWhL5S","4xNDZPMszSkpgRfEsOck","xoUxCA0rj1JOWFQgAXwa","pillarPages/nursing-test-bank/subPages/SuT1noZoNGEjKGR1vTbi/nestedSubPages/zMFBI0XMiRsJnnXWhL5S/topics/4xNDZPMszSkpgRfEsOck/quizzes/xoUxCA0rj1JOWFQgAXwa","true","quiz","quiz","nur113-med-surg-proctored-exam-complex-concepts-coastal-alabama-university-practice-questions","nur113-med-surg-proctored-exam-complex-concepts-coastal-alabama-university-practice-questions","Nur113 Med Surg Proctored Exam (Complex Concepts) Coastal Alabama University Practice Questions"
"cyOJ0NlJXgqZO3VZzSuK","quiz","n2281-mental-health-proctored-exam-practice-questions","n2281-mental-health-proctored-exam-practice-questions","N2281 Mental Health Proctored Exam Practice Questions","nursing-test-bank","SuT1noZoNGEjKGR1vTbi","zMFBI0XMiRsJnnXWhL5S","dwj41dVBiWR9v4FRpKhC","YU4NeUxXEyZuzkRvD4Oq","pillarPages/nursing-test-bank/subPages/SuT1noZoNGEjKGR1vTbi/nestedSubPages/zMFBI0XMiRsJnnXWhL5S/topics/dwj41dVBiWR9v4FRpKhC/quizzes/YU4NeUxXEyZuzkRvD4Oq","true","quiz","quiz","n2281-mental-health-proctored-exam-practice-questions","n2281-mental-health-proctored-exam-practice-questions","N2281 Mental Health Proctored Exam Practice Questions"
"czSzSDd53siZSn2wdqcM","quiz","nur-315-pediatrics-and-maternity-proctored-exam-practice-questions","nur-315-pediatrics-and-maternity-proctored-exam-practice-questions","NUR 315 Pediatrics and Maternity Proctored Exam Practice Questions","nursing-test-bank","SuT1noZoNGEjKGR1vTbi","zMFBI0XMiRsJnnXWhL5S","Hwspg6smTqrELsoRSNmc","7TYLXQVo89kGq3yWz03r","pillarPages/nursing-test-bank/subPages/SuT1noZoNGEjKGR1vTbi/nestedSubPages/zMFBI0XMiRsJnnXWhL5S/topics/Hwspg6smTqrELsoRSNmc/quizzes/7TYLXQVo89kGq3yWz03r","true","quiz","quiz","nur-315-pediatrics-and-maternity-proctored-exam-practice-questions","nur-315-pediatrics-and-maternity-proctored-exam-practice-questions","NUR 315 Pediatrics and Maternity Proctored Exam Practice Questions"
"d3ODfq0NSfBBj6uPmNyj","topic","rn-nursing-course-nutrition-practice-questions","rn-nursing-course-nutrition-practice-questions","Nutrition","nursing-test-bank","SuT1noZoNGEjKGR1vTbi","zMFBI0XMiRsJnnXWhL5S","8tULxFs8rXbWFtrCCixJ","","pillarPages/nursing-test-bank/subPages/SuT1noZoNGEjKGR1vTbi/nestedSubPages/zMFBI0XMiRsJnnXWhL5S/topics/8tULxFs8rXbWFtrCCixJ","true","topic","topic","rn-nursing-course-nutrition-practice-questions","rn-nursing-course-nutrition-practice-questions","Nutrition"
"d6cangsdZEBo6a2pVaIt","quiz","hesi-rn-d443-health-assessment-proctored-exam-practice-questions","hesi-rn-d443-health-assessment-proctored-exam-practice-questions","HESI RN D443 Health Assessment Proctored Exam Practice Questions","nursing-test-bank","SuT1noZoNGEjKGR1vTbi","iT55qp9NAFOvZLBAiQzC","0zSu4efsFf1RPT4W2Xjn","hnGA4JK6080RwTx3WZ35","pillarPages/nursing-test-bank/subPages/SuT1noZoNGEjKGR1vTbi/nestedSubPages/iT55qp9NAFOvZLBAiQzC/topics/0zSu4efsFf1RPT4W2Xjn/quizzes/hnGA4JK6080RwTx3WZ35","true","quiz","quiz","hesi-rn-d443-health-assessment-proctored-exam-practice-questions","hesi-rn-d443-health-assessment-proctored-exam-practice-questions","HESI RN D443 Health Assessment Proctored Exam Practice Questions"
"d6gkIIxB7CWiycUg7mwJ","quiz","hesi-rn-foundation-of-nursing-wgu-proctored-exam-practice-questions","hesi-rn-foundation-of-nursing-wgu-proctored-exam-practice-questions","HESI RN Foundation of Nursing WGU Proctored Exam Practice Questions","nursing-test-bank","SuT1noZoNGEjKGR1vTbi","iT55qp9NAFOvZLBAiQzC","70YsvvAfpEoWkJ2zO8Vy","VwI7ZDJkdwonDjEtu6w9","pillarPages/nursing-test-bank/subPages/SuT1noZoNGEjKGR1vTbi/nestedSubPages/iT55qp9NAFOvZLBAiQzC/topics/70YsvvAfpEoWkJ2zO8Vy/quizzes/VwI7ZDJkdwonDjEtu6w9","true","quiz","quiz","hesi-rn-foundation-of-nursing-wgu-proctored-exam-practice-questions","hesi-rn-foundation-of-nursing-wgu-proctored-exam-practice-questions","HESI RN Foundation of Nursing WGU Proctored Exam Practice Questions"
"dD7s7X254K99uAqn19gq","quiz","hesi-a2-reading-comprehension-practice-test-set-4","hesi-a2-reading-comprehension-practice-test-set-4","","nursing-entrance-exam","rdYGUZ9DzFvAmo6EsrVe","gGyVK8Up2mhnWjvQONJo","","hesi-a2-reading-comprehension-practice-test-set-4","pillarPages/nursing-entrance-exam/subPages/rdYGUZ9DzFvAmo6EsrVe/nestedSubPages/gGyVK8Up2mhnWjvQONJo/quizzes/hesi-a2-reading-comprehension-practice-test-set-4","true","quiz","entrance_quiz_subject","hesi-a2-reading-comprehension-practice-test-set-4","hesi-a2-reading-comprehension-practice-test-set-4","HESI A2 Reading Comprehension Practice Test Set 4"
"dEvO7OGFeO21eQUtOWSJ","quiz","ati-pn-foundation-of-nursing-proctored-exam-chapter-7-8-10-11-practice-questions","ati-pn-foundation-of-nursing-proctored-exam-chapter-7-8-10-11-practice-questions","ATI PN Foundation of Nursing Proctored Exam (Chapter 7 8,10 11) Practice Questions","nursing-test-bank","z0xzINtS3EohZNaKosBz","lyrHg4RBzN6UafuymMFT","1Lb0PkKiTEM2wQOIMDtv","kVprTJv9FxUqPtvGW03Q","pillarPages/nursing-test-bank/subPages/z0xzINtS3EohZNaKosBz/nestedSubPages/lyrHg4RBzN6UafuymMFT/topics/1Lb0PkKiTEM2wQOIMDtv/quizzes/kVprTJv9FxUqPtvGW03Q","true","quiz","quiz","ati-pn-foundation-of-nursing-proctored-exam-chapter-7-8-10-11-practice-questions","ati-pn-foundation-of-nursing-proctored-exam-chapter-7-8-10-11-practice-questions","ATI PN Foundation of Nursing Proctored Exam (Chapter 7 8,10 11) Practice Questions"
"dKROhJCJN3KjQZF3p27V","topic","hesi-lpn-maternal-newborn-practice-questions","hesi-lpn-maternal-newborn-practice-questions","Maternal Newborn","nursing-test-bank","z0xzINtS3EohZNaKosBz","ToLSmb6DG83NTZWXEJxt","5QNQ1kHttmDRA6VJ1KfS","","pillarPages/nursing-test-bank/subPages/z0xzINtS3EohZNaKosBz/nestedSubPages/ToLSmb6DG83NTZWXEJxt/topics/5QNQ1kHttmDRA6VJ1KfS","true","topic","topic","hesi-lpn-maternal-newborn-practice-questions","hesi-lpn-maternal-newborn-practice-questions","Maternal Newborn"
"dL2pbaBpOsae93pzaH0V","quiz","hesi-rn-health-assessment-proctored-exam-practice-questions-set-9","hesi-rn-health-assessment-proctored-exam-practice-questions-set-9","HESI RN Health Assessment Proctored Exam Practice Questions - Set 9","nursing-test-bank","SuT1noZoNGEjKGR1vTbi","iT55qp9NAFOvZLBAiQzC","0zSu4efsFf1RPT4W2Xjn","sOn0pbKMGL11VBrnpykI","pillarPages/nursing-test-bank/subPages/SuT1noZoNGEjKGR1vTbi/nestedSubPages/iT55qp9NAFOvZLBAiQzC/topics/0zSu4efsFf1RPT4W2Xjn/quizzes/sOn0pbKMGL11VBrnpykI","true","quiz","quiz","hesi-rn-health-assessment-proctored-exam-practice-questions-set-9","hesi-rn-health-assessment-proctored-exam-practice-questions-set-9","HESI RN Health Assessment Proctored Exam Practice Questions - Set 9"
"dLmX1y7QRqPoI1NqTyUh","quiz","teas-english-practice-test-set-13","teas-english-practice-test-set-13","","nursing-entrance-exam","yrdSf0KpOcuybL1SLnw7","ykWIONcheFBJ7ooEl7WK","","u1FZJxKWJpTOPwtrNB3B","pillarPages/nursing-entrance-exam/subPages/yrdSf0KpOcuybL1SLnw7/nestedSubPages/ykWIONcheFBJ7ooEl7WK/quizzes/u1FZJxKWJpTOPwtrNB3B","true","quiz","quiz","teas-english-practice-test-set-13","teas-english-practice-test-set-13","TEAS English Practice Test Set 13"
"dS9uGY0W68olXZSx4tQc","quiz","nurs-387-pharmacology-in-nursing-proctored-exam-practice-questions","nurs-387-pharmacology-in-nursing-proctored-exam-practice-questions","NURS 387 Pharmacology in Nursing Proctored Exam Practice Questions","nursing-test-bank","SuT1noZoNGEjKGR1vTbi","zMFBI0XMiRsJnnXWhL5S","qjQzp4HMFByeL1UEKGDd","8TUEfswBIrbfnxqqg83g","pillarPages/nursing-test-bank/subPages/SuT1noZoNGEjKGR1vTbi/nestedSubPages/zMFBI0XMiRsJnnXWhL5S/topics/qjQzp4HMFByeL1UEKGDd/quizzes/8TUEfswBIrbfnxqqg83g","true","quiz","quiz","nurs-387-pharmacology-in-nursing-proctored-exam-practice-questions","nurs-387-pharmacology-in-nursing-proctored-exam-practice-questions","NURS 387 Pharmacology in Nursing Proctored Exam Practice Questions"
"dZWHuNRDo7XajdkdPd3T","quiz","ati-pn-med-surg-cohort-6-proctored-exam-practice-questions","ati-pn-med-surg-cohort-6-proctored-exam-practice-questions","ATI PN Med Surg Cohort 6 Proctored Exam Practice Questions","nursing-test-bank","z0xzINtS3EohZNaKosBz","lyrHg4RBzN6UafuymMFT","NywbGW22YNeZSM3kuwKk","symXalhC87ZzArdH292U","pillarPages/nursing-test-bank/subPages/z0xzINtS3EohZNaKosBz/nestedSubPages/lyrHg4RBzN6UafuymMFT/topics/NywbGW22YNeZSM3kuwKk/quizzes/symXalhC87ZzArdH292U","true","quiz","quiz","ati-pn-med-surg-cohort-6-proctored-exam-practice-questions","ati-pn-med-surg-cohort-6-proctored-exam-practice-questions","ATI PN Med Surg Cohort 6 Proctored Exam Practice Questions"
"dbo2omlW4Tc5ZtkKdWEd","quiz","hesi-a2-biology-practice-test-set-2","hesi-a2-biology-practice-test-set-2","","nursing-entrance-exam","rdYGUZ9DzFvAmo6EsrVe","4f2Tydp51lxl4u4OtTlL","","hesi-a2-biology-practice-test-set-2","pillarPages/nursing-entrance-exam/subPages/rdYGUZ9DzFvAmo6EsrVe/nestedSubPages/4f2Tydp51lxl4u4OtTlL/quizzes/hesi-a2-biology-practice-test-set-2","true","quiz","entrance_quiz_subject","hesi-a2-biology-practice-test-set-2","hesi-a2-biology-practice-test-set-2","HESI A2 Biology Practice Test Set 2"
"djHdVJGM3CX2xjplFxER","quiz","pathophysiology-proctored-exam-practice-questions-set-19","pathophysiology-proctored-exam-practice-questions-set-19","Pathophysiology Proctored Exam Practice Questions - Set 19","nursing-test-bank","SuT1noZoNGEjKGR1vTbi","zMFBI0XMiRsJnnXWhL5S","KyUeIK7zxUi2K91H84Bj","68sizV4bbcIxM5XTC7Vr","pillarPages/nursing-test-bank/subPages/SuT1noZoNGEjKGR1vTbi/nestedSubPages/zMFBI0XMiRsJnnXWhL5S/topics/KyUeIK7zxUi2K91H84Bj/quizzes/68sizV4bbcIxM5XTC7Vr","true","quiz","quiz","pathophysiology-proctored-exam-practice-questions-set-19","pathophysiology-proctored-exam-practice-questions-set-19","Pathophysiology Proctored Exam Practice Questions - Set 19"
"doHXCMHFbJcoxch5b41U","quiz","med-surg-proctored-exam-practice-questions-set-37","med-surg-proctored-exam-practice-questions-set-37","Med Surg Proctored Exam Practice Questions - Set 37","nursing-test-bank","SuT1noZoNGEjKGR1vTbi","zMFBI0XMiRsJnnXWhL5S","4xNDZPMszSkpgRfEsOck","oar2ziAapKkrLXGLV1dv","pillarPages/nursing-test-bank/subPages/SuT1noZoNGEjKGR1vTbi/nestedSubPages/zMFBI0XMiRsJnnXWhL5S/topics/4xNDZPMszSkpgRfEsOck/quizzes/oar2ziAapKkrLXGLV1dv","true","quiz","quiz","med-surg-proctored-exam-practice-questions-set-37","med-surg-proctored-exam-practice-questions-set-37","Med Surg Proctored Exam Practice Questions - Set 37"
"doJyceuizwWaAsjW3QeW","quiz","nursing-fundamentals-proctored-exam-practice-questions","nursing-fundamentals-proctored-exam-practice-questions","Nursing Fundamentals Proctored Exam Practice Questions","nursing-test-bank","SuT1noZoNGEjKGR1vTbi","zMFBI0XMiRsJnnXWhL5S","sBc3Ee7TKg33PIbmj4Hb","efReJoSC0VtE7IoDT0pP","pillarPages/nursing-test-bank/subPages/SuT1noZoNGEjKGR1vTbi/nestedSubPages/zMFBI0XMiRsJnnXWhL5S/topics/sBc3Ee7TKg33PIbmj4Hb/quizzes/efReJoSC0VtE7IoDT0pP","true","quiz","quiz","nursing-fundamentals-proctored-exam-practice-questions","nursing-fundamentals-proctored-exam-practice-questions","Nursing Fundamentals Proctored Exam Practice Questions"
"drmCBZZQxCna7VxE1wZe","quiz","nur-215-caring-adults-clients-med-surg-proctored-exam-practice-questions","nur-215-caring-adults-clients-med-surg-proctored-exam-practice-questions","NUR 215 (Caring Adults Clients) Med Surg Proctored Exam Practice Questions","nursing-test-bank","SuT1noZoNGEjKGR1vTbi","zMFBI0XMiRsJnnXWhL5S","L2wWtC9VGd9bcVlQMhD1","83C5Hj3zQCnwgY0xgkYk","pillarPages/nursing-test-bank/subPages/SuT1noZoNGEjKGR1vTbi/nestedSubPages/zMFBI0XMiRsJnnXWhL5S/topics/L2wWtC9VGd9bcVlQMhD1/quizzes/83C5Hj3zQCnwgY0xgkYk","true","quiz","quiz","nur-215-caring-adults-clients-med-surg-proctored-exam-practice-questions","nur-215-caring-adults-clients-med-surg-proctored-exam-practice-questions","NUR 215 (Caring Adults Clients) Med Surg Proctored Exam Practice Questions"
"dwkBfuHLTP7Dj62O6dwi","quiz","communication-health-proctored-exam-practice-questions","communication-health-proctored-exam-practice-questions","Communication Health Proctored Exam Practice Questions","nursing-test-bank","SuT1noZoNGEjKGR1vTbi","zMFBI0XMiRsJnnXWhL5S","pXf53xDTrL7aSDzdhniW","QGUcqgVO28xQtomzx4Hd","pillarPages/nursing-test-bank/subPages/SuT1noZoNGEjKGR1vTbi/nestedSubPages/zMFBI0XMiRsJnnXWhL5S/topics/pXf53xDTrL7aSDzdhniW/quizzes/QGUcqgVO28xQtomzx4Hd","true","quiz","quiz","communication-health-proctored-exam-practice-questions","communication-health-proctored-exam-practice-questions","Communication Health Proctored Exam Practice Questions"
"e17AJW1fci88eVyR8NVt","quiz","pharmacology-proctored-exam-examplify-practice-questions-set-4","pharmacology-proctored-exam-examplify-practice-questions-set-4","Pharmacology Proctored Exam (Examplify) Practice Questions - Set 4","nursing-test-bank","SuT1noZoNGEjKGR1vTbi","zMFBI0XMiRsJnnXWhL5S","qjQzp4HMFByeL1UEKGDd","8wBsVnseYdGVcvnnGWWW","pillarPages/nursing-test-bank/subPages/SuT1noZoNGEjKGR1vTbi/nestedSubPages/zMFBI0XMiRsJnnXWhL5S/topics/qjQzp4HMFByeL1UEKGDd/quizzes/8wBsVnseYdGVcvnnGWWW","true","quiz","quiz","pharmacology-proctored-exam-examplify-practice-questions-set-4","pharmacology-proctored-exam-examplify-practice-questions-set-4","Pharmacology Proctored Exam (Examplify) Practice Questions - Set 4"
"e7wywgYHfKFsuVD7AEfT","quiz","hesi-rn-fundamentals-of-nursing-proctored-exam-practice-questions","hesi-rn-fundamentals-of-nursing-proctored-exam-practice-questions","HESI RN Fundamentals of Nursing Proctored Exam Practice Questions","nursing-test-bank","SuT1noZoNGEjKGR1vTbi","iT55qp9NAFOvZLBAiQzC","70YsvvAfpEoWkJ2zO8Vy","GDhuFtIUI1q65M7ZeW11","pillarPages/nursing-test-bank/subPages/SuT1noZoNGEjKGR1vTbi/nestedSubPages/iT55qp9NAFOvZLBAiQzC/topics/70YsvvAfpEoWkJ2zO8Vy/quizzes/GDhuFtIUI1q65M7ZeW11","true","quiz","quiz","hesi-rn-fundamentals-of-nursing-proctored-exam-practice-questions","hesi-rn-fundamentals-of-nursing-proctored-exam-practice-questions","HESI RN Fundamentals of Nursing Proctored Exam Practice Questions"
"eFsp4DqvuZcLvBpCZ5M3","quiz","ati-pn-nsg122-dosage-calculation-proctored-exam-practice-questions","ati-pn-nsg122-dosage-calculation-proctored-exam-practice-questions","ATI PN Nsg122 Dosage Calculation Proctored Exam Practice Questions","nursing-test-bank","z0xzINtS3EohZNaKosBz","lyrHg4RBzN6UafuymMFT","NHgx9LFXpsLVcFjsOujF","zIjeqVseaXYmKv4uv87n","pillarPages/nursing-test-bank/subPages/z0xzINtS3EohZNaKosBz/nestedSubPages/lyrHg4RBzN6UafuymMFT/topics/NHgx9LFXpsLVcFjsOujF/quizzes/zIjeqVseaXYmKv4uv87n","true","quiz","quiz","ati-pn-nsg122-dosage-calculation-proctored-exam-practice-questions","ati-pn-nsg122-dosage-calculation-proctored-exam-practice-questions","ATI PN Nsg122 Dosage Calculation Proctored Exam Practice Questions"
"eN2PF78laCC7PBGfoXfl","quiz","ati-pn-maternal-newborn-proctored-exam-practice-questions-set-17","ati-pn-maternal-newborn-proctored-exam-practice-questions-set-17","ATI PN Maternal Newborn Proctored Exam Practice Questions - Set 17","nursing-test-bank","z0xzINtS3EohZNaKosBz","lyrHg4RBzN6UafuymMFT","ZwY2vYN2X4tXEKOv2x6h","ewwc1ofqNfja9FQVcbPG","pillarPages/nursing-test-bank/subPages/z0xzINtS3EohZNaKosBz/nestedSubPages/lyrHg4RBzN6UafuymMFT/topics/ZwY2vYN2X4tXEKOv2x6h/quizzes/ewwc1ofqNfja9FQVcbPG","true","quiz","quiz","ati-pn-maternal-newborn-proctored-exam-practice-questions-set-17","ati-pn-maternal-newborn-proctored-exam-practice-questions-set-17","ATI PN Maternal Newborn Proctored Exam Practice Questions - Set 17"
"eOosB3uTYHIHGinmQsZj","quiz","ati-pn-maternal-newborn-2020-with-ngn-proctored-exam-practice-questions","ati-pn-maternal-newborn-2020-with-ngn-proctored-exam-practice-questions","ATI PN Maternal Newborn 2020 with NGN Proctored Exam Practice Questions","nursing-test-bank","z0xzINtS3EohZNaKosBz","lyrHg4RBzN6UafuymMFT","ZwY2vYN2X4tXEKOv2x6h","6S0DrYENflFSvYRkDdhk","pillarPages/nursing-test-bank/subPages/z0xzINtS3EohZNaKosBz/nestedSubPages/lyrHg4RBzN6UafuymMFT/topics/ZwY2vYN2X4tXEKOv2x6h/quizzes/6S0DrYENflFSvYRkDdhk","true","quiz","quiz","ati-pn-maternal-newborn-2020-with-ngn-proctored-exam-practice-questions","ati-pn-maternal-newborn-2020-with-ngn-proctored-exam-practice-questions","ATI PN Maternal Newborn 2020 with NGN Proctored Exam Practice Questions"
"ePBVF7wOweg4797IAHQL","quiz","n158-nursing-care-of-infants-proctored-exam-pediatrics-practice-questions","n158-nursing-care-of-infants-proctored-exam-pediatrics-practice-questions","N158 Nursing Care of Infants Proctored Exam (Pediatrics) Practice Questions","nursing-test-bank","SuT1noZoNGEjKGR1vTbi","zMFBI0XMiRsJnnXWhL5S","Hwspg6smTqrELsoRSNmc","BBVk541z5kz8ulopOPsf","pillarPages/nursing-test-bank/subPages/SuT1noZoNGEjKGR1vTbi/nestedSubPages/zMFBI0XMiRsJnnXWhL5S/topics/Hwspg6smTqrELsoRSNmc/quizzes/BBVk541z5kz8ulopOPsf","true","quiz","quiz","n158-nursing-care-of-infants-proctored-exam-pediatrics-practice-questions","n158-nursing-care-of-infants-proctored-exam-pediatrics-practice-questions","N158 Nursing Care of Infants Proctored Exam (Pediatrics) Practice Questions"
"eRBPJ0LvZId2kFPowH49","quiz","ati-pn-mental-health-level-2-proctored-exam-practice-questions","ati-pn-mental-health-level-2-proctored-exam-practice-questions","ATI PN Mental Health Level 2 Proctored Exam Practice Questions","nursing-test-bank","z0xzINtS3EohZNaKosBz","lyrHg4RBzN6UafuymMFT","6i5h4wWlOfz4R8huNTkC","8ppu0jtadX0VDJp7tVoG","pillarPages/nursing-test-bank/subPages/z0xzINtS3EohZNaKosBz/nestedSubPages/lyrHg4RBzN6UafuymMFT/topics/6i5h4wWlOfz4R8huNTkC/quizzes/8ppu0jtadX0VDJp7tVoG","true","quiz","quiz","ati-pn-mental-health-level-2-proctored-exam-practice-questions","ati-pn-mental-health-level-2-proctored-exam-practice-questions","ATI PN Mental Health Level 2 Proctored Exam Practice Questions"
"eUtnUMIk2fppzbzCKcdi","quiz","ati-pn-fundamentals-proctored-exam-practice-questions-set-19","ati-pn-fundamentals-proctored-exam-practice-questions-set-19","ATI PN Fundamentals Proctored Exam Practice Questions - Set 19","nursing-test-bank","z0xzINtS3EohZNaKosBz","lyrHg4RBzN6UafuymMFT","1Lb0PkKiTEM2wQOIMDtv","uoxy4WBqFOdL9HU25NWc","pillarPages/nursing-test-bank/subPages/z0xzINtS3EohZNaKosBz/nestedSubPages/lyrHg4RBzN6UafuymMFT/topics/1Lb0PkKiTEM2wQOIMDtv/quizzes/uoxy4WBqFOdL9HU25NWc","true","quiz","quiz","ati-pn-fundamentals-proctored-exam-practice-questions-set-19","ati-pn-fundamentals-proctored-exam-practice-questions-set-19","ATI PN Fundamentals Proctored Exam Practice Questions - Set 19"
"eYN2jUjAjKGj550PhMwH","topic","hesi-rn-nutrition-practice-questions","hesi-rn-nutrition-practice-questions","Nutrition","nursing-test-bank","SuT1noZoNGEjKGR1vTbi","iT55qp9NAFOvZLBAiQzC","ZQ9GxGjFzBFm4ei4NL2w","","pillarPages/nursing-test-bank/subPages/SuT1noZoNGEjKGR1vTbi/nestedSubPages/iT55qp9NAFOvZLBAiQzC/topics/ZQ9GxGjFzBFm4ei4NL2w","true","topic","topic","hesi-rn-nutrition-practice-questions","hesi-rn-nutrition-practice-questions","Nutrition"
"eca5uSvqFCPQf3xMxOyC","quiz","hesi-rn-fundamentals-proctored-exam-1-practice-questions","hesi-rn-fundamentals-proctored-exam-1-practice-questions","HESI RN Fundamentals Proctored Exam 1 Practice Questions","nursing-test-bank","SuT1noZoNGEjKGR1vTbi","iT55qp9NAFOvZLBAiQzC","70YsvvAfpEoWkJ2zO8Vy","iBkKx6OWA10QLFKipTAz","pillarPages/nursing-test-bank/subPages/SuT1noZoNGEjKGR1vTbi/nestedSubPages/iT55qp9NAFOvZLBAiQzC/topics/70YsvvAfpEoWkJ2zO8Vy/quizzes/iBkKx6OWA10QLFKipTAz","true","quiz","quiz","hesi-rn-fundamentals-proctored-exam-1-practice-questions","hesi-rn-fundamentals-proctored-exam-1-practice-questions","HESI RN Fundamentals Proctored Exam 1 Practice Questions"
"ecg9jgLMUx0aB7nILSup","quiz","ivy-tech-proctored-exam-2-fundamentals-all-practice-questions","ivy-tech-proctored-exam-2-fundamentals-all-practice-questions","Ivy Tech Proctored Exam 2 Fundamentals - All Practice Questions","nursing-test-bank","SuT1noZoNGEjKGR1vTbi","zMFBI0XMiRsJnnXWhL5S","sBc3Ee7TKg33PIbmj4Hb","MezsloUmrp0Qgmc3WPOH","pillarPages/nursing-test-bank/subPages/SuT1noZoNGEjKGR1vTbi/nestedSubPages/zMFBI0XMiRsJnnXWhL5S/topics/sBc3Ee7TKg33PIbmj4Hb/quizzes/MezsloUmrp0Qgmc3WPOH","true","quiz","quiz","ivy-tech-proctored-exam-2-fundamentals-all-practice-questions","ivy-tech-proctored-exam-2-fundamentals-all-practice-questions","Ivy Tech Proctored Exam 2 Fundamentals - All Practice Questions"
"ehIv5zmQpjKRWQA9wqkL","quiz","rn-ati-comprehensive-predictor-2023-proctored-exam","rn-ati-comprehensive-predictor-2023-proctored-exam","RN ATI Comprehensive Predictor 2023 Proctored Exam","nursing-exit-exam","S4vSoa5bxDgZ1L5kLOJe","QsMAv9L9bzYoFjgdfKgH","","WKomPJ6gFxboSjPJkv0h","pillarPages/nursing-exit-exam/subPages/S4vSoa5bxDgZ1L5kLOJe/nestedSubPages/QsMAv9L9bzYoFjgdfKgH/quizzes/WKomPJ6gFxboSjPJkv0h","true","quiz","quiz","rn-ati-comprehensive-predictor-2023-proctored-exam","rn-ati-comprehensive-predictor-2023-proctored-exam","RN ATI Comprehensive Predictor 2023 Proctored Exam"
"ero4DUyeQadyOvYaKHwU","quiz","teas-science-practice-test-set-8","teas-science-practice-test-set-8","","nursing-entrance-exam","yrdSf0KpOcuybL1SLnw7","uJVUx7wiwgxZ5HPJXNkV","","umNkptw2XbbrjGNSsyt0","pillarPages/nursing-entrance-exam/subPages/yrdSf0KpOcuybL1SLnw7/nestedSubPages/uJVUx7wiwgxZ5HPJXNkV/quizzes/umNkptw2XbbrjGNSsyt0","true","quiz","quiz","teas-science-practice-test-set-8","teas-science-practice-test-set-8","TEAS Science Practice Test Set 8"
"esxkdYmJTGyjcJAcw9Sj","quiz","pn-comprehensive-predictor-2023-proctored-exam-form-3","pn-comprehensive-predictor-2023-proctored-exam-form-3","PN Comprehensive Predictor 2023 Proctored Exam Form 3","nursing-exit-exam","nkXaaMfkkbvjmrSRwtVq","ShdTxCRHYWbhmGg06Sgw","","4FIPxrbfxMxd49Z2O82X","pillarPages/nursing-exit-exam/subPages/nkXaaMfkkbvjmrSRwtVq/nestedSubPages/ShdTxCRHYWbhmGg06Sgw/quizzes/4FIPxrbfxMxd49Z2O82X","true","quiz","quiz","pn-comprehensive-predictor-2023-proctored-exam-form-3","pn-comprehensive-predictor-2023-proctored-exam-form-3","PN Comprehensive Predictor 2023 Proctored Exam Form 3"
"etGajvmJ47cYISW7XkJ5","quiz","pediatrics-and-maternity-proctored-exam-examplify-practice-questions","pediatrics-and-maternity-proctored-exam-examplify-practice-questions","Pediatrics and Maternity Proctored Exam (Examplify) Practice Questions","nursing-test-bank","SuT1noZoNGEjKGR1vTbi","zMFBI0XMiRsJnnXWhL5S","Hwspg6smTqrELsoRSNmc","RKflUdcJraZbTY20ZRkt","pillarPages/nursing-test-bank/subPages/SuT1noZoNGEjKGR1vTbi/nestedSubPages/zMFBI0XMiRsJnnXWhL5S/topics/Hwspg6smTqrELsoRSNmc/quizzes/RKflUdcJraZbTY20ZRkt","true","quiz","quiz","pediatrics-and-maternity-proctored-exam-examplify-practice-questions","pediatrics-and-maternity-proctored-exam-examplify-practice-questions","Pediatrics and Maternity Proctored Exam (Examplify) Practice Questions"
"evUGDZUjTFQOTADyhgxb","quiz","wgu-hesi-rn-adult-health-proctored-exam-practice-questions","wgu-hesi-rn-adult-health-proctored-exam-practice-questions","WGU HESI RN Adult Health Proctored Exam Practice Questions","nursing-test-bank","SuT1noZoNGEjKGR1vTbi","iT55qp9NAFOvZLBAiQzC","n2FK9jdRFYQvHbryoAbl","dX8MoJ4cEOha6Q47enT8","pillarPages/nursing-test-bank/subPages/SuT1noZoNGEjKGR1vTbi/nestedSubPages/iT55qp9NAFOvZLBAiQzC/topics/n2FK9jdRFYQvHbryoAbl/quizzes/dX8MoJ4cEOha6Q47enT8","true","quiz","quiz","wgu-hesi-rn-adult-health-proctored-exam-practice-questions","wgu-hesi-rn-adult-health-proctored-exam-practice-questions","WGU HESI RN Adult Health Proctored Exam Practice Questions"
"eyiYpRbJN5rOmNaITTTD","quiz","hesi-a2-reading-comprehension-practice-test-set-2","hesi-a2-reading-comprehension-practice-test-set-2","","nursing-entrance-exam","rdYGUZ9DzFvAmo6EsrVe","gGyVK8Up2mhnWjvQONJo","","hesi-a2-reading-comprehension-practice-test-set-2","pillarPages/nursing-entrance-exam/subPages/rdYGUZ9DzFvAmo6EsrVe/nestedSubPages/gGyVK8Up2mhnWjvQONJo/quizzes/hesi-a2-reading-comprehension-practice-test-set-2","true","quiz","entrance_quiz_subject","hesi-a2-reading-comprehension-practice-test-set-2","hesi-a2-reading-comprehension-practice-test-set-2","HESI A2 Reading Comprehension Practice Test Set 2"
"ez51KUuancOwYsy9SDdi","quiz","pn-fundamentals-2023-proctored-exam-practice-questions","pn-fundamentals-2023-proctored-exam-practice-questions","PN Fundamentals 2023 Proctored Exam Practice Questions","nursing-test-bank","z0xzINtS3EohZNaKosBz","3K3wv7IGcDcXvSNM9Kxm","XKenRdlHMVfdY4Dl99G2","D4eNYdqqwvmbKTSSgDUe","pillarPages/nursing-test-bank/subPages/z0xzINtS3EohZNaKosBz/nestedSubPages/3K3wv7IGcDcXvSNM9Kxm/topics/XKenRdlHMVfdY4Dl99G2/quizzes/D4eNYdqqwvmbKTSSgDUe","true","quiz","quiz","pn-fundamentals-2023-proctored-exam-practice-questions","pn-fundamentals-2023-proctored-exam-practice-questions","PN Fundamentals 2023 Proctored Exam Practice Questions"
"ezz3jritCGnE1G7i9ows","quiz","hesi-rn-biology-proctored-exam-practice-questions","hesi-rn-biology-proctored-exam-practice-questions","HESI RN Biology Proctored Exam Practice Questions","nursing-test-bank","SuT1noZoNGEjKGR1vTbi","iT55qp9NAFOvZLBAiQzC","hQ9i2jdugpRUC2Nk733R","FXpMnrf3mM2SA0D5wCKn","pillarPages/nursing-test-bank/subPages/SuT1noZoNGEjKGR1vTbi/nestedSubPages/iT55qp9NAFOvZLBAiQzC/topics/hQ9i2jdugpRUC2Nk733R/quizzes/FXpMnrf3mM2SA0D5wCKn","true","quiz","quiz","hesi-rn-biology-proctored-exam-practice-questions","hesi-rn-biology-proctored-exam-practice-questions","HESI RN Biology Proctored Exam Practice Questions"
"f29EThb5sjrjUxIdV1Vz","quiz","maternity-proctored-exam-spring-henry-exam-practice-questions","maternity-proctored-exam-spring-henry-exam-practice-questions","Maternity Proctored Exam (Spring Henry Exam) Practice Questions","nursing-test-bank","SuT1noZoNGEjKGR1vTbi","zMFBI0XMiRsJnnXWhL5S","stnDIFRoA0VwLaoxbGv1","UbdskYZmH9BZmNde6Bwm","pillarPages/nursing-test-bank/subPages/SuT1noZoNGEjKGR1vTbi/nestedSubPages/zMFBI0XMiRsJnnXWhL5S/topics/stnDIFRoA0VwLaoxbGv1/quizzes/UbdskYZmH9BZmNde6Bwm","true","quiz","quiz","maternity-proctored-exam-spring-henry-exam-practice-questions","maternity-proctored-exam-spring-henry-exam-practice-questions","Maternity Proctored Exam (Spring Henry Exam) Practice Questions"
"f4hfQkPGFrw820N3VnLO","quiz","ivytech-community-college-med-surg-final-proctored-exam-practice-questions","ivytech-community-college-med-surg-final-proctored-exam-practice-questions","Ivytech Community College Med Surg Final Proctored Exam Practice Questions","nursing-test-bank","SuT1noZoNGEjKGR1vTbi","zMFBI0XMiRsJnnXWhL5S","4xNDZPMszSkpgRfEsOck","Sb3TOS4jWJdPK8F2GFbL","pillarPages/nursing-test-bank/subPages/SuT1noZoNGEjKGR1vTbi/nestedSubPages/zMFBI0XMiRsJnnXWhL5S/topics/4xNDZPMszSkpgRfEsOck/quizzes/Sb3TOS4jWJdPK8F2GFbL","true","quiz","quiz","ivytech-community-college-med-surg-final-proctored-exam-practice-questions","ivytech-community-college-med-surg-final-proctored-exam-practice-questions","Ivytech Community College Med Surg Final Proctored Exam Practice Questions"
"fAON6XNMg9l75gut1ZiU","quiz","ati-pn-med-surg-electrolyte-proctored-exam-delaware-college-practice-questions","ati-pn-med-surg-electrolyte-proctored-exam-delaware-college-practice-questions","ATI PN Med Surg Electrolyte Proctored Exam(Delaware College) Practice Questions","nursing-test-bank","z0xzINtS3EohZNaKosBz","lyrHg4RBzN6UafuymMFT","NywbGW22YNeZSM3kuwKk","dqJHXKkfwcRjkoPDPE1m","pillarPages/nursing-test-bank/subPages/z0xzINtS3EohZNaKosBz/nestedSubPages/lyrHg4RBzN6UafuymMFT/topics/NywbGW22YNeZSM3kuwKk/quizzes/dqJHXKkfwcRjkoPDPE1m","true","quiz","quiz","ati-pn-med-surg-electrolyte-proctored-exam-delaware-college-practice-questions","ati-pn-med-surg-electrolyte-proctored-exam-delaware-college-practice-questions","ATI PN Med Surg Electrolyte Proctored Exam(Delaware College) Practice Questions"
"fDCJKX9hpOIiQhjAILLz","quiz","hesi-rn-n404-maternity-and-pediatrics-proctored-exam-practice-questions","hesi-rn-n404-maternity-and-pediatrics-proctored-exam-practice-questions","HESI RN N404 Maternity and Pediatrics Proctored Exam Practice Questions","nursing-test-bank","SuT1noZoNGEjKGR1vTbi","iT55qp9NAFOvZLBAiQzC","ULDy5qJrNGEhyYIuXZvp","NJtNYy42c5ikVfM1Nwet","pillarPages/nursing-test-bank/subPages/SuT1noZoNGEjKGR1vTbi/nestedSubPages/iT55qp9NAFOvZLBAiQzC/topics/ULDy5qJrNGEhyYIuXZvp/quizzes/NJtNYy42c5ikVfM1Nwet","true","quiz","quiz","hesi-rn-n404-maternity-and-pediatrics-proctored-exam-practice-questions","hesi-rn-n404-maternity-and-pediatrics-proctored-exam-practice-questions","HESI RN N404 Maternity and Pediatrics Proctored Exam Practice Questions"
"fDvLh69a8NBy93iflvCZ","quiz","ati-pn-pediatrics-nursing-proctored-exam-practice-questions-set-5","ati-pn-pediatrics-nursing-proctored-exam-practice-questions-set-5","ATI PN Pediatrics Nursing Proctored Exam Practice Questions - Set 5","nursing-test-bank","z0xzINtS3EohZNaKosBz","lyrHg4RBzN6UafuymMFT","Y0MhOdG0hGVh8AUsgVrz","cWT5DTy7qnbbVaxA11jo","pillarPages/nursing-test-bank/subPages/z0xzINtS3EohZNaKosBz/nestedSubPages/lyrHg4RBzN6UafuymMFT/topics/Y0MhOdG0hGVh8AUsgVrz/quizzes/cWT5DTy7qnbbVaxA11jo","true","quiz","quiz","ati-pn-pediatrics-nursing-proctored-exam-practice-questions-set-5","ati-pn-pediatrics-nursing-proctored-exam-practice-questions-set-5","ATI PN Pediatrics Nursing Proctored Exam Practice Questions - Set 5"
"fGdw10OQ7VKY4VuKq84v","topic","rn-certifications-cna-certification-practice-questions","rn-certifications-cna-certification-practice-questions","CNA Certification","nursing-test-bank","SuT1noZoNGEjKGR1vTbi","Xm9CE6gN7AB8T4YZKMNa","mLQLcSPuJFwx9Xk2SZ7f","","pillarPages/nursing-test-bank/subPages/SuT1noZoNGEjKGR1vTbi/nestedSubPages/Xm9CE6gN7AB8T4YZKMNa/topics/mLQLcSPuJFwx9Xk2SZ7f","true","topic","topic","rn-certifications-cna-certification-practice-questions","rn-certifications-cna-certification-practice-questions","CNA Certification"
"fHsYzggtuJrW2mg3HKML","quiz","ati-pn-maternity-proctored-exam-practice-questions-set-24","ati-pn-maternity-proctored-exam-practice-questions-set-24","ATI PN Maternity Proctored Exam Practice Questions - Set 24","nursing-test-bank","z0xzINtS3EohZNaKosBz","lyrHg4RBzN6UafuymMFT","ZwY2vYN2X4tXEKOv2x6h","Z9Sbt2SuITF9UIdZT3bg","pillarPages/nursing-test-bank/subPages/z0xzINtS3EohZNaKosBz/nestedSubPages/lyrHg4RBzN6UafuymMFT/topics/ZwY2vYN2X4tXEKOv2x6h/quizzes/Z9Sbt2SuITF9UIdZT3bg","true","quiz","quiz","ati-pn-maternity-proctored-exam-practice-questions-set-24","ati-pn-maternity-proctored-exam-practice-questions-set-24","ATI PN Maternity Proctored Exam Practice Questions - Set 24"
"fZerBld7X7i8B8QzUJFQ","quiz","nur-113-med-surg-proctored-exam-coastal-alabama-college-practice-questions-set-17","nur-113-med-surg-proctored-exam-coastal-alabama-college-practice-questions-set-17","NUR 113 Med Surg Proctored Exam (Coastal Alabama College) Practice Questions - Set 17","nursing-test-bank","SuT1noZoNGEjKGR1vTbi","zMFBI0XMiRsJnnXWhL5S","4xNDZPMszSkpgRfEsOck","TJZbZThlpGEqdgtuAKU6","pillarPages/nursing-test-bank/subPages/SuT1noZoNGEjKGR1vTbi/nestedSubPages/zMFBI0XMiRsJnnXWhL5S/topics/4xNDZPMszSkpgRfEsOck/quizzes/TJZbZThlpGEqdgtuAKU6","true","quiz","quiz","nur-113-med-surg-proctored-exam-coastal-alabama-college-practice-questions-set-17","nur-113-med-surg-proctored-exam-coastal-alabama-college-practice-questions-set-17","NUR 113 Med Surg Proctored Exam (Coastal Alabama College) Practice Questions - Set 17"
"fhuvMqEZsyCB2GGf5u3n","quiz","ati-pn-fundamentals-2023-proctored-exam-2-practice-questions","ati-pn-fundamentals-2023-proctored-exam-2-practice-questions","ATI PN Fundamentals 2023 Proctored Exam 2 Practice Questions","nursing-test-bank","z0xzINtS3EohZNaKosBz","lyrHg4RBzN6UafuymMFT","1Lb0PkKiTEM2wQOIMDtv","WoggYqZ0CJ0C0L0mxuky","pillarPages/nursing-test-bank/subPages/z0xzINtS3EohZNaKosBz/nestedSubPages/lyrHg4RBzN6UafuymMFT/topics/1Lb0PkKiTEM2wQOIMDtv/quizzes/WoggYqZ0CJ0C0L0mxuky","true","quiz","quiz","ati-pn-fundamentals-2023-proctored-exam-2-practice-questions","ati-pn-fundamentals-2023-proctored-exam-2-practice-questions","ATI PN Fundamentals 2023 Proctored Exam 2 Practice Questions"
"fjEL1eWQSK8Rp10AHeYV","quiz","med-surg-proctored-exam-critical-care-regular-exam-practice-questions","med-surg-proctored-exam-critical-care-regular-exam-practice-questions","Med Surg Proctored Exam (Critical Care Regular Exam) Practice Questions","nursing-test-bank","SuT1noZoNGEjKGR1vTbi","zMFBI0XMiRsJnnXWhL5S","ClP0t5MZQ8KQGRehmVDG","zv9SFziJ2zXkKpDkhLpJ","pillarPages/nursing-test-bank/subPages/SuT1noZoNGEjKGR1vTbi/nestedSubPages/zMFBI0XMiRsJnnXWhL5S/topics/ClP0t5MZQ8KQGRehmVDG/quizzes/zv9SFziJ2zXkKpDkhLpJ","true","quiz","quiz","med-surg-proctored-exam-critical-care-regular-exam-practice-questions","med-surg-proctored-exam-critical-care-regular-exam-practice-questions","Med Surg Proctored Exam (Critical Care Regular Exam) Practice Questions"
"fof3b8IXH2utyOmVDw6S","quiz","maternal-newborn-proctored-exam-samuel-merritt-university-practice-questions","maternal-newborn-proctored-exam-samuel-merritt-university-practice-questions","Maternal Newborn Proctored Exam (Samuel Merritt University) Practice Questions","nursing-test-bank","SuT1noZoNGEjKGR1vTbi","zMFBI0XMiRsJnnXWhL5S","stnDIFRoA0VwLaoxbGv1","AWCrGFOe5HAvhWubeHWR","pillarPages/nursing-test-bank/subPages/SuT1noZoNGEjKGR1vTbi/nestedSubPages/zMFBI0XMiRsJnnXWhL5S/topics/stnDIFRoA0VwLaoxbGv1/quizzes/AWCrGFOe5HAvhWubeHWR","true","quiz","quiz","maternal-newborn-proctored-exam-samuel-merritt-university-practice-questions","maternal-newborn-proctored-exam-samuel-merritt-university-practice-questions","Maternal Newborn Proctored Exam (Samuel Merritt University) Practice Questions"
"fqawQZNuC47xttwL8GKN","quiz","teas-math-practice-test-set-2","teas-math-practice-test-set-2","","nursing-entrance-exam","yrdSf0KpOcuybL1SLnw7","e9EcRCWTbyKVpyLXUKzd","","C8oSuKgoQqrjMN6IQDcn","pillarPages/nursing-entrance-exam/subPages/yrdSf0KpOcuybL1SLnw7/nestedSubPages/e9EcRCWTbyKVpyLXUKzd/quizzes/C8oSuKgoQqrjMN6IQDcn","true","quiz","quiz","teas-math-practice-test-set-2","teas-math-practice-test-set-2","TEAS Math Practice Test Set 2"
"fru7maw2288ii8fukF8U","quiz","ati-pn-n105-maternity-proctored-exam-practice-questions","ati-pn-n105-maternity-proctored-exam-practice-questions","ATI PN N105 Maternity Proctored Exam Practice Questions","nursing-test-bank","z0xzINtS3EohZNaKosBz","lyrHg4RBzN6UafuymMFT","ZwY2vYN2X4tXEKOv2x6h","UmUPGiEjtaHkLw6sCM63","pillarPages/nursing-test-bank/subPages/z0xzINtS3EohZNaKosBz/nestedSubPages/lyrHg4RBzN6UafuymMFT/topics/ZwY2vYN2X4tXEKOv2x6h/quizzes/UmUPGiEjtaHkLw6sCM63","true","quiz","quiz","ati-pn-n105-maternity-proctored-exam-practice-questions","ati-pn-n105-maternity-proctored-exam-practice-questions","ATI PN N105 Maternity Proctored Exam Practice Questions"
"fvKUd9Qfbb2rHUG2BgNg","quiz","nur-215-mental-health-proctored-exam-montgomery-community-college-practice-questions","nur-215-mental-health-proctored-exam-montgomery-community-college-practice-questions","NUR 215 Mental Health Proctored Exam (Montgomery Community College) Practice Questions","nursing-test-bank","SuT1noZoNGEjKGR1vTbi","zMFBI0XMiRsJnnXWhL5S","dwj41dVBiWR9v4FRpKhC","YvaXyuuCzRxqMsq9L0Ys","pillarPages/nursing-test-bank/subPages/SuT1noZoNGEjKGR1vTbi/nestedSubPages/zMFBI0XMiRsJnnXWhL5S/topics/dwj41dVBiWR9v4FRpKhC/quizzes/YvaXyuuCzRxqMsq9L0Ys","true","quiz","quiz","nur-215-mental-health-proctored-exam-montgomery-community-college-practice-questions","nur-215-mental-health-proctored-exam-montgomery-community-college-practice-questions","NUR 215 Mental Health Proctored Exam (Montgomery Community College) Practice Questions"
"g5cB2pofyylpJ7sLhV8N","quiz","adult-health-proctored-exam-viterbo-university-practice-questions","adult-health-proctored-exam-viterbo-university-practice-questions","Adult Health Proctored Exam (Viterbo University) Practice Questions","nursing-test-bank","SuT1noZoNGEjKGR1vTbi","zMFBI0XMiRsJnnXWhL5S","L2wWtC9VGd9bcVlQMhD1","9bxLZXIATk6nNFXf7XK2","pillarPages/nursing-test-bank/subPages/SuT1noZoNGEjKGR1vTbi/nestedSubPages/zMFBI0XMiRsJnnXWhL5S/topics/L2wWtC9VGd9bcVlQMhD1/quizzes/9bxLZXIATk6nNFXf7XK2","true","quiz","quiz","adult-health-proctored-exam-viterbo-university-practice-questions","adult-health-proctored-exam-viterbo-university-practice-questions","Adult Health Proctored Exam (Viterbo University) Practice Questions"
"g8tzcjFKUFtOliN6Oo2w","quiz","ati-pn-pediatrics-nursing-proctored-exam-5-practice-questions","ati-pn-pediatrics-nursing-proctored-exam-5-practice-questions","ATI PN Pediatrics Nursing Proctored Exam 5 Practice Questions","nursing-test-bank","z0xzINtS3EohZNaKosBz","lyrHg4RBzN6UafuymMFT","Y0MhOdG0hGVh8AUsgVrz","aEUHVBrGgaxi2u3T7EBe","pillarPages/nursing-test-bank/subPages/z0xzINtS3EohZNaKosBz/nestedSubPages/lyrHg4RBzN6UafuymMFT/topics/Y0MhOdG0hGVh8AUsgVrz/quizzes/aEUHVBrGgaxi2u3T7EBe","true","quiz","quiz","ati-pn-pediatrics-nursing-proctored-exam-5-practice-questions","ati-pn-pediatrics-nursing-proctored-exam-5-practice-questions","ATI PN Pediatrics Nursing Proctored Exam 5 Practice Questions"
"gDQEHLwUVm7aSBUFuDRL","quiz","ati-pn-pharmacology-proctored-exam-prism-career-institute-practice-questions","ati-pn-pharmacology-proctored-exam-prism-career-institute-practice-questions","ATI PN Pharmacology Proctored Exam(Prism Career Institute) Practice Questions","nursing-test-bank","z0xzINtS3EohZNaKosBz","lyrHg4RBzN6UafuymMFT","13a3GLxldltUqhIxNzkr","kW6OYtW9C6cJJHOmJlee","pillarPages/nursing-test-bank/subPages/z0xzINtS3EohZNaKosBz/nestedSubPages/lyrHg4RBzN6UafuymMFT/topics/13a3GLxldltUqhIxNzkr/quizzes/kW6OYtW9C6cJJHOmJlee","true","quiz","quiz","ati-pn-pharmacology-proctored-exam-prism-career-institute-practice-questions","ati-pn-pharmacology-proctored-exam-prism-career-institute-practice-questions","ATI PN Pharmacology Proctored Exam(Prism Career Institute) Practice Questions"
"gHpZRrPZnNG5Me6qowBk","quiz","ati-pn-mental-health-proctored-exam-practice-questions-set-20","ati-pn-mental-health-proctored-exam-practice-questions-set-20","ATI PN Mental Health Proctored Exam Practice Questions - Set 20","nursing-test-bank","z0xzINtS3EohZNaKosBz","lyrHg4RBzN6UafuymMFT","6i5h4wWlOfz4R8huNTkC","EfV4aTuYMVOaoBvfUZFW","pillarPages/nursing-test-bank/subPages/z0xzINtS3EohZNaKosBz/nestedSubPages/lyrHg4RBzN6UafuymMFT/topics/6i5h4wWlOfz4R8huNTkC/quizzes/EfV4aTuYMVOaoBvfUZFW","true","quiz","quiz","ati-pn-mental-health-proctored-exam-practice-questions-set-20","ati-pn-mental-health-proctored-exam-practice-questions-set-20","ATI PN Mental Health Proctored Exam Practice Questions - Set 20"
"gNR6aaiOiABlJCDPdOES","quiz","hesi-rn-bsn-225-rn-pharmacology-proctored-exam-practice-questions","hesi-rn-bsn-225-rn-pharmacology-proctored-exam-practice-questions","HESI RN Bsn 225 RN Pharmacology Proctored Exam Practice Questions","nursing-test-bank","SuT1noZoNGEjKGR1vTbi","iT55qp9NAFOvZLBAiQzC","l1kSgSxIYg2SRUN8aWqE","rjjb2p3ny9vDG6Brf6Ku","pillarPages/nursing-test-bank/subPages/SuT1noZoNGEjKGR1vTbi/nestedSubPages/iT55qp9NAFOvZLBAiQzC/topics/l1kSgSxIYg2SRUN8aWqE/quizzes/rjjb2p3ny9vDG6Brf6Ku","true","quiz","quiz","hesi-rn-bsn-225-rn-pharmacology-proctored-exam-practice-questions","hesi-rn-bsn-225-rn-pharmacology-proctored-exam-practice-questions","HESI RN Bsn 225 RN Pharmacology Proctored Exam Practice Questions"
"gStCRuUsE6UkBU70huKW","quiz","nsg-340-nursing-leadership-and-management-proctored-exam-practice-questions","nsg-340-nursing-leadership-and-management-proctored-exam-practice-questions","NSG 340 Nursing Leadership and Management Proctored Exam Practice Questions","nursing-test-bank","SuT1noZoNGEjKGR1vTbi","zMFBI0XMiRsJnnXWhL5S","sWcrKSZa84sgLyaVr5Sm","SYN8PR2VH4dr5CA6I4fK","pillarPages/nursing-test-bank/subPages/SuT1noZoNGEjKGR1vTbi/nestedSubPages/zMFBI0XMiRsJnnXWhL5S/topics/sWcrKSZa84sgLyaVr5Sm/quizzes/SYN8PR2VH4dr5CA6I4fK","true","quiz","quiz","nsg-340-nursing-leadership-and-management-proctored-exam-practice-questions","nsg-340-nursing-leadership-and-management-proctored-exam-practice-questions","NSG 340 Nursing Leadership and Management Proctored Exam Practice Questions"
"gTaKG6ViEckS8hc4KAyz","quiz","nursing-fundamental-100-proctored-exam-2-practice-questions","nursing-fundamental-100-proctored-exam-2-practice-questions","Nursing Fundamental 100 Proctored Exam 2 Practice Questions","nursing-test-bank","SuT1noZoNGEjKGR1vTbi","zMFBI0XMiRsJnnXWhL5S","sBc3Ee7TKg33PIbmj4Hb","Ra76GdARAHLaXsxU9t9e","pillarPages/nursing-test-bank/subPages/SuT1noZoNGEjKGR1vTbi/nestedSubPages/zMFBI0XMiRsJnnXWhL5S/topics/sBc3Ee7TKg33PIbmj4Hb/quizzes/Ra76GdARAHLaXsxU9t9e","true","quiz","quiz","nursing-fundamental-100-proctored-exam-2-practice-questions","nursing-fundamental-100-proctored-exam-2-practice-questions","Nursing Fundamental 100 Proctored Exam 2 Practice Questions"
"gU5FH911C3obqNKqZIeY","quiz","pathophysiology-proctored-exam-practice-questions-set-13","pathophysiology-proctored-exam-practice-questions-set-13","Pathophysiology Proctored Exam Practice Questions - Set 13","nursing-test-bank","SuT1noZoNGEjKGR1vTbi","zMFBI0XMiRsJnnXWhL5S","KyUeIK7zxUi2K91H84Bj","1DJLOkzTDYRSf5kwpxwA","pillarPages/nursing-test-bank/subPages/SuT1noZoNGEjKGR1vTbi/nestedSubPages/zMFBI0XMiRsJnnXWhL5S/topics/KyUeIK7zxUi2K91H84Bj/quizzes/1DJLOkzTDYRSf5kwpxwA","true","quiz","quiz","pathophysiology-proctored-exam-practice-questions-set-13","pathophysiology-proctored-exam-practice-questions-set-13","Pathophysiology Proctored Exam Practice Questions - Set 13"
"ge10Af4L9GyrpIMhCY5x","quiz","hesi-lpn-specialty-med-surg-proctored-exam-practice-questions","hesi-lpn-specialty-med-surg-proctored-exam-practice-questions","HESI LPN Specialty Med Surg Proctored Exam Practice Questions","nursing-test-bank","z0xzINtS3EohZNaKosBz","ToLSmb6DG83NTZWXEJxt","jD7wUAqBY3cn5ZMToJOK","PRcnZ5Q3YWr7P8K7SQya","pillarPages/nursing-test-bank/subPages/z0xzINtS3EohZNaKosBz/nestedSubPages/ToLSmb6DG83NTZWXEJxt/topics/jD7wUAqBY3cn5ZMToJOK/quizzes/PRcnZ5Q3YWr7P8K7SQya","true","quiz","quiz","hesi-lpn-specialty-med-surg-proctored-exam-practice-questions","hesi-lpn-specialty-med-surg-proctored-exam-practice-questions","HESI LPN Specialty Med Surg Proctored Exam Practice Questions"
"gijvw65TAAMgzElgPDvn","nested","hesi-a2-vocabulary-practice-test","hesi-a2-vocabulary-practice-test","","nursing-entrance-exam","rdYGUZ9DzFvAmo6EsrVe","i7Rzaozenx3Czccmf5HD","","","pillarPages/nursing-entrance-exam/subPages/rdYGUZ9DzFvAmo6EsrVe/nestedSubPages/i7Rzaozenx3Czccmf5HD","true","nested","nested","hesi-a2-vocabulary-practice-test","hesi-a2-vocabulary-practice-test","Hesi A2 Vocabulary Practice Test"
"godiR8WvtKwFu9zPk8eB","quiz","hesi-rn-301-pharmacology-final-exam-practice-questions","hesi-rn-301-pharmacology-final-exam-practice-questions","HESI RN 301 Pharmacology Final Exam Practice Questions","nursing-test-bank","SuT1noZoNGEjKGR1vTbi","iT55qp9NAFOvZLBAiQzC","l1kSgSxIYg2SRUN8aWqE","dijJv6bQwk0AUQF62XUD","pillarPages/nursing-test-bank/subPages/SuT1noZoNGEjKGR1vTbi/nestedSubPages/iT55qp9NAFOvZLBAiQzC/topics/l1kSgSxIYg2SRUN8aWqE/quizzes/dijJv6bQwk0AUQF62XUD","true","quiz","quiz","hesi-rn-301-pharmacology-final-exam-practice-questions","hesi-rn-301-pharmacology-final-exam-practice-questions","HESI RN 301 Pharmacology Final Exam Practice Questions"
"gpL4YmHbvN5E4ZCf3irA","quiz","hesi-a2-anatomy-and-physiology-practice-test-set-2","hesi-a2-anatomy-and-physiology-practice-test-set-2","","nursing-entrance-exam","rdYGUZ9DzFvAmo6EsrVe","qwOa8KIVJed4vQNWENTI","","hesi-a2-anatomy-and-physiology-practice-test-set-2","pillarPages/nursing-entrance-exam/subPages/rdYGUZ9DzFvAmo6EsrVe/nestedSubPages/qwOa8KIVJed4vQNWENTI/quizzes/hesi-a2-anatomy-and-physiology-practice-test-set-2","true","quiz","entrance_quiz_subject","hesi-a2-anatomy-and-physiology-practice-test-set-2","hesi-a2-anatomy-and-physiology-practice-test-set-2","HESI A2 Anatomy and Physiology Practice Test Set 2"
"h0CI9yAxm8ii7SCglpJv","quiz","rn-comprehensive-predictor-2023-proctored-exam","rn-comprehensive-predictor-2023-proctored-exam","RN Comprehensive Predictor 2023 Proctored Exam","nursing-exit-exam","S4vSoa5bxDgZ1L5kLOJe","QsMAv9L9bzYoFjgdfKgH","","7NR8TSkiLcI5yGHu5j9P","pillarPages/nursing-exit-exam/subPages/S4vSoa5bxDgZ1L5kLOJe/nestedSubPages/QsMAv9L9bzYoFjgdfKgH/quizzes/7NR8TSkiLcI5yGHu5j9P","true","quiz","quiz","rn-comprehensive-predictor-2023-proctored-exam","rn-comprehensive-predictor-2023-proctored-exam","RN Comprehensive Predictor 2023 Proctored Exam"
"h2RTMzX9viGYpS0c4Bs8","quiz","hesi-rn-adult-health-ii-proctored-exam-wgu-practice-questions","hesi-rn-adult-health-ii-proctored-exam-wgu-practice-questions","HESI RN Adult Health II Proctored Exam (WGU) Practice Questions","nursing-test-bank","SuT1noZoNGEjKGR1vTbi","iT55qp9NAFOvZLBAiQzC","n2FK9jdRFYQvHbryoAbl","j3JxKbfHG2rRiupnMWYG","pillarPages/nursing-test-bank/subPages/SuT1noZoNGEjKGR1vTbi/nestedSubPages/iT55qp9NAFOvZLBAiQzC/topics/n2FK9jdRFYQvHbryoAbl/quizzes/j3JxKbfHG2rRiupnMWYG","true","quiz","quiz","hesi-rn-adult-health-ii-proctored-exam-wgu-practice-questions","hesi-rn-adult-health-ii-proctored-exam-wgu-practice-questions","HESI RN Adult Health II Proctored Exam (WGU) Practice Questions"
"h3cwcMlj6OFp5Nbk7DA7","topic","ati-community-health-test-bank-practice-questions","ati-community-health-test-bank-practice-questions","","nursing-test-bank","SuT1noZoNGEjKGR1vTbi","Fnnd4c6ae0Uiurk2KUSc","7bDY5eldocsvOcK7RH39","","pillarPages/nursing-test-bank/subPages/SuT1noZoNGEjKGR1vTbi/nestedSubPages/Fnnd4c6ae0Uiurk2KUSc/topics/7bDY5eldocsvOcK7RH39","true","topic","topic","ati-community-health-test-bank-practice-questions","ati-community-health-test-bank-practice-questions","Community Health"
"h57OZzGCtUApvWGDjbCW","quiz","community-health-nursing-midterm-proctored-exam-nu-405-sjcme-practice-questions","community-health-nursing-midterm-proctored-exam-nu-405-sjcme-practice-questions","Community Health Nursing Midterm Proctored Exam-Nu 405-(Sjcme) Practice Questions","nursing-test-bank","SuT1noZoNGEjKGR1vTbi","zMFBI0XMiRsJnnXWhL5S","pXf53xDTrL7aSDzdhniW","wcX32OIbqh6P5JQa8pFr","pillarPages/nursing-test-bank/subPages/SuT1noZoNGEjKGR1vTbi/nestedSubPages/zMFBI0XMiRsJnnXWhL5S/topics/pXf53xDTrL7aSDzdhniW/quizzes/wcX32OIbqh6P5JQa8pFr","true","quiz","quiz","community-health-nursing-midterm-proctored-exam-nu-405-sjcme-practice-questions","community-health-nursing-midterm-proctored-exam-nu-405-sjcme-practice-questions","Community Health Nursing Midterm Proctored Exam-Nu 405-(Sjcme) Practice Questions"
"hAOxVNonNxPGsFKkG1bj","quiz","hesi-rn-exit-vi-proctored-exam","hesi-rn-exit-vi-proctored-exam","HESI RN Exit VI Proctored Exam","nursing-exit-exam","S4vSoa5bxDgZ1L5kLOJe","MVHmi7FJbSDlPPz28jh5","","ywoRFeYghzpCkG9NKJIA","pillarPages/nursing-exit-exam/subPages/S4vSoa5bxDgZ1L5kLOJe/nestedSubPages/MVHmi7FJbSDlPPz28jh5/quizzes/ywoRFeYghzpCkG9NKJIA","true","quiz","quiz","hesi-rn-exit-vi-proctored-exam","hesi-rn-exit-vi-proctored-exam","HESI RN Exit VI Proctored Exam"
"hB5qjuF6PrGJyWB3vBCp","quiz","ati-pn-management-2023-proctored-exam-practice-questions-set-1","ati-pn-management-2023-proctored-exam-practice-questions-set-1","ATI PN Management 2023 Proctored Exam Practice Questions - Set 1","nursing-test-bank","z0xzINtS3EohZNaKosBz","lyrHg4RBzN6UafuymMFT","i0Rf69MPdXLbYTSRdCOW","Mlp5QTMLwhnGdWtxHCjV","pillarPages/nursing-test-bank/subPages/z0xzINtS3EohZNaKosBz/nestedSubPages/lyrHg4RBzN6UafuymMFT/topics/i0Rf69MPdXLbYTSRdCOW/quizzes/Mlp5QTMLwhnGdWtxHCjV","true","quiz","quiz","ati-pn-management-2023-proctored-exam-practice-questions-set-1","ati-pn-management-2023-proctored-exam-practice-questions-set-1","ATI PN Management 2023 Proctored Exam Practice Questions - Set 1"
"hCbpaE2krTbwQ3B8xzwy","nested","rn-certifications","rn-certifications","","nursing-test-bank","SuT1noZoNGEjKGR1vTbi","Xm9CE6gN7AB8T4YZKMNa","","","pillarPages/nursing-test-bank/subPages/SuT1noZoNGEjKGR1vTbi/nestedSubPages/Xm9CE6gN7AB8T4YZKMNa","true","nested","nested","rn-certifications","rn-certifications","RN Certifications"
"hFY7O6VFt4cRTsT1KC6F","quiz","microbiology-quiz-proctored-exam-practice-questions","microbiology-quiz-proctored-exam-practice-questions","Microbiology Quiz Proctored Exam Practice Questions","nursing-test-bank","SuT1noZoNGEjKGR1vTbi","zMFBI0XMiRsJnnXWhL5S","9DamWJdFDUGMGLjGeQbF","uzC7VCBh8l2fK5PVwwf8","pillarPages/nursing-test-bank/subPages/SuT1noZoNGEjKGR1vTbi/nestedSubPages/zMFBI0XMiRsJnnXWhL5S/topics/9DamWJdFDUGMGLjGeQbF/quizzes/uzC7VCBh8l2fK5PVwwf8","true","quiz","quiz","microbiology-quiz-proctored-exam-practice-questions","microbiology-quiz-proctored-exam-practice-questions","Microbiology Quiz Proctored Exam Practice Questions"
"hMqYs8oluzNsNQ9cgBCI","quiz","hesi-rn-nursing-research-ii-proctored-exam-practice-questions","hesi-rn-nursing-research-ii-proctored-exam-practice-questions","HESI RN Nursing Research II Proctored Exam Practice Questions","nursing-test-bank","SuT1noZoNGEjKGR1vTbi","iT55qp9NAFOvZLBAiQzC","2CSFdI3p8inciBpSPkZI","GACZKuuRGeiIOlbbGUnP","pillarPages/nursing-test-bank/subPages/SuT1noZoNGEjKGR1vTbi/nestedSubPages/iT55qp9NAFOvZLBAiQzC/topics/2CSFdI3p8inciBpSPkZI/quizzes/GACZKuuRGeiIOlbbGUnP","true","quiz","quiz","hesi-rn-nursing-research-ii-proctored-exam-practice-questions","hesi-rn-nursing-research-ii-proctored-exam-practice-questions","HESI RN Nursing Research II Proctored Exam Practice Questions"
"hOwbx0QoG43HzqJ6NsDo","quiz","hesi-rn-medical-surgical-proctored-exam-practice-questions-set-19","hesi-rn-medical-surgical-proctored-exam-practice-questions-set-19","HESI RN Medical Surgical Proctored Exam Practice Questions - Set 19","nursing-test-bank","SuT1noZoNGEjKGR1vTbi","iT55qp9NAFOvZLBAiQzC","aS23yuUD7OS39aVVutYn","v3JaSYDr88r1J3rXqpTJ","pillarPages/nursing-test-bank/subPages/SuT1noZoNGEjKGR1vTbi/nestedSubPages/iT55qp9NAFOvZLBAiQzC/topics/aS23yuUD7OS39aVVutYn/quizzes/v3JaSYDr88r1J3rXqpTJ","true","quiz","quiz","hesi-rn-medical-surgical-proctored-exam-practice-questions-set-19","hesi-rn-medical-surgical-proctored-exam-practice-questions-set-19","HESI RN Medical Surgical Proctored Exam Practice Questions - Set 19"
"hRPKJ3GRG2IkRW085iFu","quiz","hesi-pn-exit-proctored-exam-2","hesi-pn-exit-proctored-exam-2","HESI PN Exit Proctored Exam 2","nursing-exit-exam","nkXaaMfkkbvjmrSRwtVq","BH31o1XVf6CrhNvQvfOO","","bD48RgpbvD3i24SYHHsb","pillarPages/nursing-exit-exam/subPages/nkXaaMfkkbvjmrSRwtVq/nestedSubPages/BH31o1XVf6CrhNvQvfOO/quizzes/bD48RgpbvD3i24SYHHsb","true","quiz","quiz","hesi-pn-exit-proctored-exam-2","hesi-pn-exit-proctored-exam-2","HESI PN Exit Proctored Exam 2"
"hSmjb61t2qCvlKHQsMv2","quiz","pathopharmacology-proctored-exam-examplify-practice-questions","pathopharmacology-proctored-exam-examplify-practice-questions","Pathopharmacology Proctored Exam (Examplify) Practice Questions","nursing-test-bank","SuT1noZoNGEjKGR1vTbi","zMFBI0XMiRsJnnXWhL5S","qjQzp4HMFByeL1UEKGDd","1sd2VxC4jZxzvYGNEUxr","pillarPages/nursing-test-bank/subPages/SuT1noZoNGEjKGR1vTbi/nestedSubPages/zMFBI0XMiRsJnnXWhL5S/topics/qjQzp4HMFByeL1UEKGDd/quizzes/1sd2VxC4jZxzvYGNEUxr","true","quiz","quiz","pathopharmacology-proctored-exam-examplify-practice-questions","pathopharmacology-proctored-exam-examplify-practice-questions","Pathopharmacology Proctored Exam (Examplify) Practice Questions"
"hVEUewEfRf5l54mb9hFk","nested","kaplan-admission-practice-test-reading","kaplan-admission-practice-test-reading","","nursing-entrance-exam","jdJsAeBdy2mJO0kPibeV","BT8THcHxTeoM71ANVzUH","","","pillarPages/nursing-entrance-exam/subPages/jdJsAeBdy2mJO0kPibeV/nestedSubPages/BT8THcHxTeoM71ANVzUH","true","nested","nested","kaplan-admission-practice-test-reading","kaplan-admission-practice-test-reading","Kaplan Admission Practice Test Reading"
"heTzFBu56At8rP29NiS8","quiz","ati-pn-foundation-of-nursing-fa25-proctored-exam-practice-questions","ati-pn-foundation-of-nursing-fa25-proctored-exam-practice-questions","ATI PN Foundation of Nursing FA25 Proctored Exam Practice Questions","nursing-test-bank","z0xzINtS3EohZNaKosBz","lyrHg4RBzN6UafuymMFT","1Lb0PkKiTEM2wQOIMDtv","jToC2SK2xdWxRQM4SukT","pillarPages/nursing-test-bank/subPages/z0xzINtS3EohZNaKosBz/nestedSubPages/lyrHg4RBzN6UafuymMFT/topics/1Lb0PkKiTEM2wQOIMDtv/quizzes/jToC2SK2xdWxRQM4SukT","true","quiz","quiz","ati-pn-foundation-of-nursing-fa25-proctored-exam-practice-questions","ati-pn-foundation-of-nursing-fa25-proctored-exam-practice-questions","ATI PN Foundation of Nursing FA25 Proctored Exam Practice Questions"
"helNyctSu9cjnCITD9fS","quiz","ati-pn-comprehensive-predictor-2023-proctored-exam-1","ati-pn-comprehensive-predictor-2023-proctored-exam-1","ATI PN Comprehensive Predictor 2023 - Proctored Exam 1","nursing-exit-exam","nkXaaMfkkbvjmrSRwtVq","ShdTxCRHYWbhmGg06Sgw","","URUrEkzNhWuiX0qzXK45","pillarPages/nursing-exit-exam/subPages/nkXaaMfkkbvjmrSRwtVq/nestedSubPages/ShdTxCRHYWbhmGg06Sgw/quizzes/URUrEkzNhWuiX0qzXK45","true","quiz","quiz","ati-pn-comprehensive-predictor-2023-proctored-exam-1","ati-pn-comprehensive-predictor-2023-proctored-exam-1","ATI PN Comprehensive Predictor 2023 - Proctored Exam 1"
"henICqh6uTwW1mbsopXZ","quiz","ati-pn-med-math-proctored-exam-practice-questions","ati-pn-med-math-proctored-exam-practice-questions","ATI PN Med Math Proctored Exam Practice Questions","nursing-test-bank","z0xzINtS3EohZNaKosBz","lyrHg4RBzN6UafuymMFT","1Lb0PkKiTEM2wQOIMDtv","WOA7inQuYA33ri9ToFjr","pillarPages/nursing-test-bank/subPages/z0xzINtS3EohZNaKosBz/nestedSubPages/lyrHg4RBzN6UafuymMFT/topics/1Lb0PkKiTEM2wQOIMDtv/quizzes/WOA7inQuYA33ri9ToFjr","true","quiz","quiz","ati-pn-med-math-proctored-exam-practice-questions","ati-pn-med-math-proctored-exam-practice-questions","ATI PN Med Math Proctored Exam Practice Questions"
"hiibzqqgkX23VKLJZrqx","quiz","hesi-rn-mental-health-2023-proctored-exam-practice-questions","hesi-rn-mental-health-2023-proctored-exam-practice-questions","HESI RN Mental Health 2023 Proctored Exam Practice Questions","nursing-test-bank","SuT1noZoNGEjKGR1vTbi","iT55qp9NAFOvZLBAiQzC","nWHmcLCOYFPkjaWIHcVu","GAq5H4FAanG67E4LkJbc","pillarPages/nursing-test-bank/subPages/SuT1noZoNGEjKGR1vTbi/nestedSubPages/iT55qp9NAFOvZLBAiQzC/topics/nWHmcLCOYFPkjaWIHcVu/quizzes/GAq5H4FAanG67E4LkJbc","true","quiz","quiz","hesi-rn-mental-health-2023-proctored-exam-practice-questions","hesi-rn-mental-health-2023-proctored-exam-practice-questions","HESI RN Mental Health 2023 Proctored Exam Practice Questions"
"hmLZGm2xaOT5WxYT6B4U","quiz","pn-comprehensive-predictor-2023-proctored-exam","pn-comprehensive-predictor-2023-proctored-exam","PN Comprehensive Predictor 2023 Proctored Exam","nursing-exit-exam","nkXaaMfkkbvjmrSRwtVq","ShdTxCRHYWbhmGg06Sgw","","Vocj5Ih0PRWIxrUPOjRx","pillarPages/nursing-exit-exam/subPages/nkXaaMfkkbvjmrSRwtVq/nestedSubPages/ShdTxCRHYWbhmGg06Sgw/quizzes/Vocj5Ih0PRWIxrUPOjRx","true","quiz","quiz","pn-comprehensive-predictor-2023-proctored-exam","pn-comprehensive-predictor-2023-proctored-exam","PN Comprehensive Predictor 2023 Proctored Exam"
"hoKMyGpGxWvEkoJ8UNob","quiz","ati-pn-dosage-calculation-pn-fundamentals-proctored-assessment-practice-questions","ati-pn-dosage-calculation-pn-fundamentals-proctored-assessment-practice-questions","ATI PN Dosage Calculation PN Fundamentals Proctored Assessment Practice Questions","nursing-test-bank","z0xzINtS3EohZNaKosBz","lyrHg4RBzN6UafuymMFT","NHgx9LFXpsLVcFjsOujF","B1rOqSlHL8hZVbgrOcxE","pillarPages/nursing-test-bank/subPages/z0xzINtS3EohZNaKosBz/nestedSubPages/lyrHg4RBzN6UafuymMFT/topics/NHgx9LFXpsLVcFjsOujF/quizzes/B1rOqSlHL8hZVbgrOcxE","true","quiz","quiz","ati-pn-dosage-calculation-pn-fundamentals-proctored-assessment-practice-questions","ati-pn-dosage-calculation-pn-fundamentals-proctored-assessment-practice-questions","ATI PN Dosage Calculation PN Fundamentals Proctored Assessment Practice Questions"
"honY3W1M3WGiF8T379ze","quiz","pharmacology-for-professional-nursing-proctored-exam-practice-questions","pharmacology-for-professional-nursing-proctored-exam-practice-questions","Pharmacology for Professional Nursing Proctored Exam Practice Questions","nursing-test-bank","SuT1noZoNGEjKGR1vTbi","zMFBI0XMiRsJnnXWhL5S","qjQzp4HMFByeL1UEKGDd","6nIqrl1lWSHXely4wiUg","pillarPages/nursing-test-bank/subPages/SuT1noZoNGEjKGR1vTbi/nestedSubPages/zMFBI0XMiRsJnnXWhL5S/topics/qjQzp4HMFByeL1UEKGDd/quizzes/6nIqrl1lWSHXely4wiUg","true","quiz","quiz","pharmacology-for-professional-nursing-proctored-exam-practice-questions","pharmacology-for-professional-nursing-proctored-exam-practice-questions","Pharmacology for Professional Nursing Proctored Exam Practice Questions"
"hqd6nQBqoVjLWTgBvyix","quiz","ati-pn-management-2023-retake-proctored-exam-practice-questions","ati-pn-management-2023-retake-proctored-exam-practice-questions","ATI PN Management 2023 Retake Proctored Exam Practice Questions","nursing-test-bank","z0xzINtS3EohZNaKosBz","lyrHg4RBzN6UafuymMFT","i0Rf69MPdXLbYTSRdCOW","Ae4YmnjeHIbHohFxO5Ia","pillarPages/nursing-test-bank/subPages/z0xzINtS3EohZNaKosBz/nestedSubPages/lyrHg4RBzN6UafuymMFT/topics/i0Rf69MPdXLbYTSRdCOW/quizzes/Ae4YmnjeHIbHohFxO5Ia","true","quiz","quiz","ati-pn-management-2023-retake-proctored-exam-practice-questions","ati-pn-management-2023-retake-proctored-exam-practice-questions","ATI PN Management 2023 Retake Proctored Exam Practice Questions"
"hycDzkczXhvQcT9MujzS","nested","rn-nursing-course-exams","rn-nursing-course-exams","","nursing-test-bank","SuT1noZoNGEjKGR1vTbi","zMFBI0XMiRsJnnXWhL5S","","","pillarPages/nursing-test-bank/subPages/SuT1noZoNGEjKGR1vTbi/nestedSubPages/zMFBI0XMiRsJnnXWhL5S","true","nested","nested","rn-nursing-course-exams","rn-nursing-course-exams","RN Nursing Course Exams"
"i4JJrDOZtuDicAIhpkOM","quiz","kaplan-admission-practice-test-math-quiz-1","kaplan-admission-practice-test-math-quiz-1","","nursing-entrance-exam","jdJsAeBdy2mJO0kPibeV","iVUj9c4WQFuO14UqurOl","","py13NezSfgkbMwtkalLY","pillarPages/nursing-entrance-exam/subPages/jdJsAeBdy2mJO0kPibeV/nestedSubPages/iVUj9c4WQFuO14UqurOl/quizzes/py13NezSfgkbMwtkalLY","true","quiz","quiz","kaplan-admission-practice-test-math-quiz-1","kaplan-admission-practice-test-math-quiz-1","Kaplan Admission Practice Test Math"
"i8NxMVDrMU3qqFU54fsK","quiz","hesi-rn-med-surg-proctored-exam-practice-questions-set-11","hesi-rn-med-surg-proctored-exam-practice-questions-set-11","HESI RN Med Surg Proctored Exam Practice Questions - Set 11","nursing-test-bank","SuT1noZoNGEjKGR1vTbi","iT55qp9NAFOvZLBAiQzC","aS23yuUD7OS39aVVutYn","RC5k5gS4J3fAcMSGLpro","pillarPages/nursing-test-bank/subPages/SuT1noZoNGEjKGR1vTbi/nestedSubPages/iT55qp9NAFOvZLBAiQzC/topics/aS23yuUD7OS39aVVutYn/quizzes/RC5k5gS4J3fAcMSGLpro","true","quiz","quiz","hesi-rn-med-surg-proctored-exam-practice-questions-set-11","hesi-rn-med-surg-proctored-exam-practice-questions-set-11","HESI RN Med Surg Proctored Exam Practice Questions - Set 11"
"iDC8x8QmvqVnyy5o2LgA","quiz","ati-pn-nus-117-fundamentals-proctored-exam-practice-questions","ati-pn-nus-117-fundamentals-proctored-exam-practice-questions","ATI PN Nus 117 Fundamentals Proctored Exam Practice Questions","nursing-test-bank","z0xzINtS3EohZNaKosBz","lyrHg4RBzN6UafuymMFT","1Lb0PkKiTEM2wQOIMDtv","CoPMA1ynkUYLTXT3nQhY","pillarPages/nursing-test-bank/subPages/z0xzINtS3EohZNaKosBz/nestedSubPages/lyrHg4RBzN6UafuymMFT/topics/1Lb0PkKiTEM2wQOIMDtv/quizzes/CoPMA1ynkUYLTXT3nQhY","true","quiz","quiz","ati-pn-nus-117-fundamentals-proctored-exam-practice-questions","ati-pn-nus-117-fundamentals-proctored-exam-practice-questions","ATI PN Nus 117 Fundamentals Proctored Exam Practice Questions"
"iETvUzG3tL0KAXMh1DhX","topic","lpn-nursing-course-leadership-practice-questions","lpn-nursing-course-leadership-practice-questions","Leadership","nursing-test-bank","z0xzINtS3EohZNaKosBz","3K3wv7IGcDcXvSNM9Kxm","Qs5JkdFNyVs8OJ4DIUvf","","pillarPages/nursing-test-bank/subPages/z0xzINtS3EohZNaKosBz/nestedSubPages/3K3wv7IGcDcXvSNM9Kxm/topics/Qs5JkdFNyVs8OJ4DIUvf","true","topic","topic","lpn-nursing-course-leadership-practice-questions","lpn-nursing-course-leadership-practice-questions","Leadership"
"iIvmaULLT9Uk7u4xTD9v","quiz","teas-math-practice-test-set-9","teas-math-practice-test-set-9","","nursing-entrance-exam","yrdSf0KpOcuybL1SLnw7","e9EcRCWTbyKVpyLXUKzd","","ZEWlsdPiaV3eZ6DLazrv","pillarPages/nursing-entrance-exam/subPages/yrdSf0KpOcuybL1SLnw7/nestedSubPages/e9EcRCWTbyKVpyLXUKzd/quizzes/ZEWlsdPiaV3eZ6DLazrv","true","quiz","quiz","teas-math-practice-test-set-9","teas-math-practice-test-set-9","TEAS Math Practice Test Set 9"
"iJUtP1tMrFtpXM1uPewH","quiz","med-surg-proctored-exam-examplify-practice-questions-set-4","med-surg-proctored-exam-examplify-practice-questions-set-4","Med Surg Proctored Exam (Examplify) Practice Questions - Set 4","nursing-test-bank","SuT1noZoNGEjKGR1vTbi","zMFBI0XMiRsJnnXWhL5S","4xNDZPMszSkpgRfEsOck","6cpQ0NEE2alhbNfhjpZi","pillarPages/nursing-test-bank/subPages/SuT1noZoNGEjKGR1vTbi/nestedSubPages/zMFBI0XMiRsJnnXWhL5S/topics/4xNDZPMszSkpgRfEsOck/quizzes/6cpQ0NEE2alhbNfhjpZi","true","quiz","quiz","med-surg-proctored-exam-examplify-practice-questions-set-4","med-surg-proctored-exam-examplify-practice-questions-set-4","Med Surg Proctored Exam (Examplify) Practice Questions - Set 4"
"iKdl5VARsKqEGzhAeIM8","quiz","ati-pn-fundamental-proctored-exam-practice-questions","ati-pn-fundamental-proctored-exam-practice-questions","ATI PN Fundamental Proctored Exam Practice Questions","nursing-test-bank","z0xzINtS3EohZNaKosBz","lyrHg4RBzN6UafuymMFT","1Lb0PkKiTEM2wQOIMDtv","tpsESEn4y9wZLGWMgN4j","pillarPages/nursing-test-bank/subPages/z0xzINtS3EohZNaKosBz/nestedSubPages/lyrHg4RBzN6UafuymMFT/topics/1Lb0PkKiTEM2wQOIMDtv/quizzes/tpsESEn4y9wZLGWMgN4j","true","quiz","quiz","ati-pn-fundamental-proctored-exam-practice-questions","ati-pn-fundamental-proctored-exam-practice-questions","ATI PN Fundamental Proctored Exam Practice Questions"
"iOMQu7NXJk5MZzN9JGD4","topic","rn-nursing-course-dosage-calculations-practice-questions","rn-nursing-course-dosage-calculations-practice-questions","Dosage Calculations","nursing-test-bank","SuT1noZoNGEjKGR1vTbi","zMFBI0XMiRsJnnXWhL5S","GXrH3QXIidtKg5Jx0ly4","","pillarPages/nursing-test-bank/subPages/SuT1noZoNGEjKGR1vTbi/nestedSubPages/zMFBI0XMiRsJnnXWhL5S/topics/GXrH3QXIidtKg5Jx0ly4","true","topic","topic","rn-nursing-course-dosage-calculations-practice-questions","rn-nursing-course-dosage-calculations-practice-questions","Dosage Calculations"
"iPKFVMTKhqLok91yGPn5","quiz","ati-pn-advanced-med-surg-proctored-exam-practice-questions-set-27","ati-pn-advanced-med-surg-proctored-exam-practice-questions-set-27","ATI PN Advanced Med Surg Proctored Exam Practice Questions - Set 27","nursing-test-bank","z0xzINtS3EohZNaKosBz","lyrHg4RBzN6UafuymMFT","NywbGW22YNeZSM3kuwKk","JXueKblKvor677H6vams","pillarPages/nursing-test-bank/subPages/z0xzINtS3EohZNaKosBz/nestedSubPages/lyrHg4RBzN6UafuymMFT/topics/NywbGW22YNeZSM3kuwKk/quizzes/JXueKblKvor677H6vams","true","quiz","quiz","ati-pn-advanced-med-surg-proctored-exam-practice-questions-set-27","ati-pn-advanced-med-surg-proctored-exam-practice-questions-set-27","ATI PN Advanced Med Surg Proctored Exam Practice Questions - Set 27"
"iQvTDBmuXjaDbFPpNxpB","quiz","hesi-rn-bsn-225-fundamentals-proctored-exam-practice-questions","hesi-rn-bsn-225-fundamentals-proctored-exam-practice-questions","HESI RN Bsn 225 Fundamentals Proctored Exam Practice Questions","nursing-test-bank","SuT1noZoNGEjKGR1vTbi","iT55qp9NAFOvZLBAiQzC","70YsvvAfpEoWkJ2zO8Vy","5UpZr03B422j7AIH3KWJ","pillarPages/nursing-test-bank/subPages/SuT1noZoNGEjKGR1vTbi/nestedSubPages/iT55qp9NAFOvZLBAiQzC/topics/70YsvvAfpEoWkJ2zO8Vy/quizzes/5UpZr03B422j7AIH3KWJ","true","quiz","quiz","hesi-rn-bsn-225-fundamentals-proctored-exam-practice-questions","hesi-rn-bsn-225-fundamentals-proctored-exam-practice-questions","HESI RN Bsn 225 Fundamentals Proctored Exam Practice Questions"
"iYkkn48fDgF3xLRNEtvV","topic","rn-nursing-course-growth-and-development-practice-questions","rn-nursing-course-growth-and-development-practice-questions","Growth and Development","nursing-test-bank","SuT1noZoNGEjKGR1vTbi","zMFBI0XMiRsJnnXWhL5S","YM8tzC0du9CIecKaOGWM","","pillarPages/nursing-test-bank/subPages/SuT1noZoNGEjKGR1vTbi/nestedSubPages/zMFBI0XMiRsJnnXWhL5S/topics/YM8tzC0du9CIecKaOGWM","true","topic","topic","rn-nursing-course-growth-and-development-practice-questions","rn-nursing-course-growth-and-development-practice-questions","Growth and Development"
"iaxjK36NQfACL5tCQs32","quiz","nursing-2356-multidimensional-care-proctored-exam-practice-questions-set-3","nursing-2356-multidimensional-care-proctored-exam-practice-questions-set-3","Nursing 2356 Multidimensional Care Proctored Exam Practice Questions - Set 3","nursing-test-bank","SuT1noZoNGEjKGR1vTbi","zMFBI0XMiRsJnnXWhL5S","5wsEQxaa4oxFg4kMLWiR","9bU6rV6GPy7jRtH6oPIp","pillarPages/nursing-test-bank/subPages/SuT1noZoNGEjKGR1vTbi/nestedSubPages/zMFBI0XMiRsJnnXWhL5S/topics/5wsEQxaa4oxFg4kMLWiR/quizzes/9bU6rV6GPy7jRtH6oPIp","true","quiz","quiz","nursing-2356-multidimensional-care-proctored-exam-practice-questions-set-3","nursing-2356-multidimensional-care-proctored-exam-practice-questions-set-3","Nursing 2356 Multidimensional Care Proctored Exam Practice Questions - Set 3"
"iklVRrI78HrsaDPOlRwv","quiz","pediatrics-proctored-exam-samuel-merit-university-practice-questions","pediatrics-proctored-exam-samuel-merit-university-practice-questions","Pediatrics Proctored Exam (Samuel Merit University) Practice Questions","nursing-test-bank","SuT1noZoNGEjKGR1vTbi","zMFBI0XMiRsJnnXWhL5S","Hwspg6smTqrELsoRSNmc","Ci9ifZrR97tTDD0yjaw4","pillarPages/nursing-test-bank/subPages/SuT1noZoNGEjKGR1vTbi/nestedSubPages/zMFBI0XMiRsJnnXWhL5S/topics/Hwspg6smTqrELsoRSNmc/quizzes/Ci9ifZrR97tTDD0yjaw4","true","quiz","quiz","pediatrics-proctored-exam-samuel-merit-university-practice-questions","pediatrics-proctored-exam-samuel-merit-university-practice-questions","Pediatrics Proctored Exam (Samuel Merit University) Practice Questions"
"imIweYTdAjorRZgSCkQA","quiz","anatomy-and-physiology-proctored-exam-practice-questions","anatomy-and-physiology-proctored-exam-practice-questions","Anatomy & Physiology Proctored Exam Practice Questions","nursing-test-bank","SuT1noZoNGEjKGR1vTbi","zMFBI0XMiRsJnnXWhL5S","PavJlfHXwXRUhopKAOO9","3HV99peZlDL74vJR9KKW","pillarPages/nursing-test-bank/subPages/SuT1noZoNGEjKGR1vTbi/nestedSubPages/zMFBI0XMiRsJnnXWhL5S/topics/PavJlfHXwXRUhopKAOO9/quizzes/3HV99peZlDL74vJR9KKW","true","quiz","quiz","anatomy-and-physiology-proctored-exam-practice-questions","anatomy-and-physiology-proctored-exam-practice-questions","Anatomy & Physiology Proctored Exam Practice Questions"
"imbJ8UttjoMxEvlrCi6h","quiz","hesi-rn-dosage-calculation-proctored-exam-practice-questions-set-11","hesi-rn-dosage-calculation-proctored-exam-practice-questions-set-11","HESI RN Dosage Calculation Proctored Exam Practice Questions - Set 11","nursing-test-bank","SuT1noZoNGEjKGR1vTbi","iT55qp9NAFOvZLBAiQzC","dfRlrdGOvpDhVVXIqa0H","9WOH5pavyKugwfu7ogZn","pillarPages/nursing-test-bank/subPages/SuT1noZoNGEjKGR1vTbi/nestedSubPages/iT55qp9NAFOvZLBAiQzC/topics/dfRlrdGOvpDhVVXIqa0H/quizzes/9WOH5pavyKugwfu7ogZn","true","quiz","quiz","hesi-rn-dosage-calculation-proctored-exam-practice-questions-set-11","hesi-rn-dosage-calculation-proctored-exam-practice-questions-set-11","HESI RN Dosage Calculation Proctored Exam Practice Questions - Set 11"
"inaKnVEVAtCLmajcWgEg","quiz","ati-rn-predictor-assessment-exit-proctored-exam","ati-rn-predictor-assessment-exit-proctored-exam","ATI RN Predictor Assessment Exit Proctored Exam","nursing-exit-exam","S4vSoa5bxDgZ1L5kLOJe","QsMAv9L9bzYoFjgdfKgH","","jwhIMJskDdQTRHYYUgny","pillarPages/nursing-exit-exam/subPages/S4vSoa5bxDgZ1L5kLOJe/nestedSubPages/QsMAv9L9bzYoFjgdfKgH/quizzes/jwhIMJskDdQTRHYYUgny","true","quiz","quiz","ati-rn-predictor-assessment-exit-proctored-exam","ati-rn-predictor-assessment-exit-proctored-exam","ATI RN Predictor Assessment Exit Proctored Exam"
"ioEgc0uWFvQk4LVcUOws","quiz","simmons-u-bsn-pediatrics-proctored-exam-practice-questions","simmons-u-bsn-pediatrics-proctored-exam-practice-questions","Simmons U Bsn Pediatrics Proctored Exam Practice Questions","nursing-test-bank","SuT1noZoNGEjKGR1vTbi","zMFBI0XMiRsJnnXWhL5S","Hwspg6smTqrELsoRSNmc","dzCCJVP4iyDUtULPGg3G","pillarPages/nursing-test-bank/subPages/SuT1noZoNGEjKGR1vTbi/nestedSubPages/zMFBI0XMiRsJnnXWhL5S/topics/Hwspg6smTqrELsoRSNmc/quizzes/dzCCJVP4iyDUtULPGg3G","true","quiz","quiz","simmons-u-bsn-pediatrics-proctored-exam-practice-questions","simmons-u-bsn-pediatrics-proctored-exam-practice-questions","Simmons U Bsn Pediatrics Proctored Exam Practice Questions"
"ioW12OlGKjBQ0oVcVwTh","quiz","ati-pn-med-surg-cardiac-proctored-exam-practice-questions","ati-pn-med-surg-cardiac-proctored-exam-practice-questions","ATI PN Med Surg Cardiac Proctored Exam Practice Questions","nursing-test-bank","z0xzINtS3EohZNaKosBz","lyrHg4RBzN6UafuymMFT","NywbGW22YNeZSM3kuwKk","xMOmkvkfV5ODWK1id5Jg","pillarPages/nursing-test-bank/subPages/z0xzINtS3EohZNaKosBz/nestedSubPages/lyrHg4RBzN6UafuymMFT/topics/NywbGW22YNeZSM3kuwKk/quizzes/xMOmkvkfV5ODWK1id5Jg","true","quiz","quiz","ati-pn-med-surg-cardiac-proctored-exam-practice-questions","ati-pn-med-surg-cardiac-proctored-exam-practice-questions","ATI PN Med Surg Cardiac Proctored Exam Practice Questions"
"isLYrrQcf97VlDDoMjYo","quiz","pathophysiology-wgu-proctored-exam-practice-questions","pathophysiology-wgu-proctored-exam-practice-questions","Pathophysiology WGU Proctored Exam Practice Questions","nursing-test-bank","SuT1noZoNGEjKGR1vTbi","zMFBI0XMiRsJnnXWhL5S","KyUeIK7zxUi2K91H84Bj","1ottNbqrn9BKdhfQUijS","pillarPages/nursing-test-bank/subPages/SuT1noZoNGEjKGR1vTbi/nestedSubPages/zMFBI0XMiRsJnnXWhL5S/topics/KyUeIK7zxUi2K91H84Bj/quizzes/1ottNbqrn9BKdhfQUijS","true","quiz","quiz","pathophysiology-wgu-proctored-exam-practice-questions","pathophysiology-wgu-proctored-exam-practice-questions","Pathophysiology WGU Proctored Exam Practice Questions"
"iv0PYr28HnmzKQX8SADQ","quiz","ati-pn-pediatrics-nursing-proctored-exam-2023-practice-questions-set-9","ati-pn-pediatrics-nursing-proctored-exam-2023-practice-questions-set-9","ATI PN Pediatrics Nursing Proctored Exam 2023 Practice Questions - Set 9","nursing-test-bank","z0xzINtS3EohZNaKosBz","lyrHg4RBzN6UafuymMFT","Y0MhOdG0hGVh8AUsgVrz","t8EnEP8TwJckiPBhdlIw","pillarPages/nursing-test-bank/subPages/z0xzINtS3EohZNaKosBz/nestedSubPages/lyrHg4RBzN6UafuymMFT/topics/Y0MhOdG0hGVh8AUsgVrz/quizzes/t8EnEP8TwJckiPBhdlIw","true","quiz","quiz","ati-pn-pediatrics-nursing-proctored-exam-2023-practice-questions-set-9","ati-pn-pediatrics-nursing-proctored-exam-2023-practice-questions-set-9","ATI PN Pediatrics Nursing Proctored Exam 2023 Practice Questions - Set 9"
"j458hx8hxjRzsLxQU2al","quiz","ati-pn-ob-maternal-newborn-proctored-exam-practice-questions","ati-pn-ob-maternal-newborn-proctored-exam-practice-questions","ATI PN OB Maternal Newborn Proctored Exam Practice Questions","nursing-test-bank","z0xzINtS3EohZNaKosBz","lyrHg4RBzN6UafuymMFT","ZwY2vYN2X4tXEKOv2x6h","ol4QRO1EMV6lZiusXzUQ","pillarPages/nursing-test-bank/subPages/z0xzINtS3EohZNaKosBz/nestedSubPages/lyrHg4RBzN6UafuymMFT/topics/ZwY2vYN2X4tXEKOv2x6h/quizzes/ol4QRO1EMV6lZiusXzUQ","true","quiz","quiz","ati-pn-ob-maternal-newborn-proctored-exam-practice-questions","ati-pn-ob-maternal-newborn-proctored-exam-practice-questions","ATI PN OB Maternal Newborn Proctored Exam Practice Questions"
"j5jofoc1fSsyGvCXVbTu","quiz","hesi-rn-fundamentals-proctored-exam-practice-questions-set-4","hesi-rn-fundamentals-proctored-exam-practice-questions-set-4","HESI RN Fundamentals Proctored Exam Practice Questions - Set 4","nursing-test-bank","SuT1noZoNGEjKGR1vTbi","iT55qp9NAFOvZLBAiQzC","70YsvvAfpEoWkJ2zO8Vy","LXsLTMgqRFNQinfpvFDn","pillarPages/nursing-test-bank/subPages/SuT1noZoNGEjKGR1vTbi/nestedSubPages/iT55qp9NAFOvZLBAiQzC/topics/70YsvvAfpEoWkJ2zO8Vy/quizzes/LXsLTMgqRFNQinfpvFDn","true","quiz","quiz","hesi-rn-fundamentals-proctored-exam-practice-questions-set-4","hesi-rn-fundamentals-proctored-exam-practice-questions-set-4","HESI RN Fundamentals Proctored Exam Practice Questions - Set 4"
"jBU13MiE8CmiJPIGFiEG","topic","rn-nursing-course-anatomy-and-physiology-practice-questions","rn-nursing-course-anatomy-and-physiology-practice-questions","Anatomy and Physiology","nursing-test-bank","SuT1noZoNGEjKGR1vTbi","zMFBI0XMiRsJnnXWhL5S","PavJlfHXwXRUhopKAOO9","","pillarPages/nursing-test-bank/subPages/SuT1noZoNGEjKGR1vTbi/nestedSubPages/zMFBI0XMiRsJnnXWhL5S/topics/PavJlfHXwXRUhopKAOO9","true","topic","topic","rn-nursing-course-anatomy-and-physiology-practice-questions","rn-nursing-course-anatomy-and-physiology-practice-questions","Anatomy and Physiology"
"jBeoWEqxmBxLlkn1U7vG","quiz","pharmacology-proctored-exam-practice-questions","pharmacology-proctored-exam-practice-questions","Pharmacology Proctored Exam Practice Questions","nursing-test-bank","SuT1noZoNGEjKGR1vTbi","zMFBI0XMiRsJnnXWhL5S","qjQzp4HMFByeL1UEKGDd","wuTIiA751TX4yA4uT7kS","pillarPages/nursing-test-bank/subPages/SuT1noZoNGEjKGR1vTbi/nestedSubPages/zMFBI0XMiRsJnnXWhL5S/topics/qjQzp4HMFByeL1UEKGDd/quizzes/wuTIiA751TX4yA4uT7kS","true","quiz","quiz","pharmacology-proctored-exam-practice-questions","pharmacology-proctored-exam-practice-questions","Pharmacology Proctored Exam Practice Questions"
"jE1D8njkaHaDt37MMfJZ","quiz","ati-pn-leadership-proctored-exam-practice-questions-set-2","ati-pn-leadership-proctored-exam-practice-questions-set-2","ATI PN Leadership Proctored Exam Practice Questions - Set 2","nursing-test-bank","z0xzINtS3EohZNaKosBz","lyrHg4RBzN6UafuymMFT","i0Rf69MPdXLbYTSRdCOW","Ggl2yTRUdhZqswWSQVP2","pillarPages/nursing-test-bank/subPages/z0xzINtS3EohZNaKosBz/nestedSubPages/lyrHg4RBzN6UafuymMFT/topics/i0Rf69MPdXLbYTSRdCOW/quizzes/Ggl2yTRUdhZqswWSQVP2","true","quiz","quiz","ati-pn-leadership-proctored-exam-practice-questions-set-2","ati-pn-leadership-proctored-exam-practice-questions-set-2","ATI PN Leadership Proctored Exam Practice Questions - Set 2"
"jG8jX0teTg9L2o3K1c86","topic","ati-rn-anatomy-and-physiology-practice-questions","ati-rn-anatomy-and-physiology-practice-questions","","nursing-test-bank","SuT1noZoNGEjKGR1vTbi","Fnnd4c6ae0Uiurk2KUSc","xE3tToYPNPZ5ToLgECnM","","pillarPages/nursing-test-bank/subPages/SuT1noZoNGEjKGR1vTbi/nestedSubPages/Fnnd4c6ae0Uiurk2KUSc/topics/xE3tToYPNPZ5ToLgECnM","true","topic","topic","ati-rn-anatomy-and-physiology-practice-questions","ati-rn-anatomy-and-physiology-practice-questions","Anatomy and Physiology"
"jTVP3REP15uzfl0Zp1Mi","quiz","nace-foundations-of-nursing-proctored-exam-practice-questions","nace-foundations-of-nursing-proctored-exam-practice-questions","NACE Foundations of Nursing Proctored Exam Practice Questions","nursing-test-bank","SuT1noZoNGEjKGR1vTbi","zMFBI0XMiRsJnnXWhL5S","sBc3Ee7TKg33PIbmj4Hb","Sl9FfOnq6n7PnsvXKXg6","pillarPages/nursing-test-bank/subPages/SuT1noZoNGEjKGR1vTbi/nestedSubPages/zMFBI0XMiRsJnnXWhL5S/topics/sBc3Ee7TKg33PIbmj4Hb/quizzes/Sl9FfOnq6n7PnsvXKXg6","true","quiz","quiz","nace-foundations-of-nursing-proctored-exam-practice-questions","nace-foundations-of-nursing-proctored-exam-practice-questions","NACE Foundations of Nursing Proctored Exam Practice Questions"
"jW1EURZWiWRRRNzCdiim","quiz","rn-fundamentals-2019-practice-questions","rn-fundamentals-2019-practice-questions","RN Fundamentals 2019 Practice Questions","nursing-test-bank","SuT1noZoNGEjKGR1vTbi","zMFBI0XMiRsJnnXWhL5S","sBc3Ee7TKg33PIbmj4Hb","ud8fNxR1THK1xKXLkeGR","pillarPages/nursing-test-bank/subPages/SuT1noZoNGEjKGR1vTbi/nestedSubPages/zMFBI0XMiRsJnnXWhL5S/topics/sBc3Ee7TKg33PIbmj4Hb/quizzes/ud8fNxR1THK1xKXLkeGR","true","quiz","quiz","rn-fundamentals-2019-practice-questions","rn-fundamentals-2019-practice-questions","RN Fundamentals 2019 Practice Questions"
"jXD2iFUcrJgfdkGyt5CM","quiz","hesi-rn-exit-exam-iv-proctored-exam","hesi-rn-exit-exam-iv-proctored-exam","HESI RN Exit Exam IV Proctored Exam","nursing-exit-exam","S4vSoa5bxDgZ1L5kLOJe","MVHmi7FJbSDlPPz28jh5","","nRXVfbpxyciENjlM8JkK","pillarPages/nursing-exit-exam/subPages/S4vSoa5bxDgZ1L5kLOJe/nestedSubPages/MVHmi7FJbSDlPPz28jh5/quizzes/nRXVfbpxyciENjlM8JkK","true","quiz","quiz","hesi-rn-exit-exam-iv-proctored-exam","hesi-rn-exit-exam-iv-proctored-exam","HESI RN Exit Exam IV Proctored Exam"
"jfcksTCe3aLG5WXCnCII","quiz","ati-pn-med-surg-proctored-exam-7-practice-questions","ati-pn-med-surg-proctored-exam-7-practice-questions","ATI PN Med Surg Proctored Exam 7 Practice Questions","nursing-test-bank","z0xzINtS3EohZNaKosBz","lyrHg4RBzN6UafuymMFT","NywbGW22YNeZSM3kuwKk","9bt1TECJQhMjFUXvx0AF","pillarPages/nursing-test-bank/subPages/z0xzINtS3EohZNaKosBz/nestedSubPages/lyrHg4RBzN6UafuymMFT/topics/NywbGW22YNeZSM3kuwKk/quizzes/9bt1TECJQhMjFUXvx0AF","true","quiz","quiz","ati-pn-med-surg-proctored-exam-7-practice-questions","ati-pn-med-surg-proctored-exam-7-practice-questions","ATI PN Med Surg Proctored Exam 7 Practice Questions"
"jl41MsSnRrAgLoHddREF","quiz","hesi-rn-medical-dosage-calculation-proctored-exam-practice-questions","hesi-rn-medical-dosage-calculation-proctored-exam-practice-questions","HESI RN Medical Dosage Calculation Proctored Exam Practice Questions","nursing-test-bank","SuT1noZoNGEjKGR1vTbi","iT55qp9NAFOvZLBAiQzC","dfRlrdGOvpDhVVXIqa0H","IUdGGvJac4Axr8wMYYJr","pillarPages/nursing-test-bank/subPages/SuT1noZoNGEjKGR1vTbi/nestedSubPages/iT55qp9NAFOvZLBAiQzC/topics/dfRlrdGOvpDhVVXIqa0H/quizzes/IUdGGvJac4Axr8wMYYJr","true","quiz","quiz","hesi-rn-medical-dosage-calculation-proctored-exam-practice-questions","hesi-rn-medical-dosage-calculation-proctored-exam-practice-questions","HESI RN Medical Dosage Calculation Proctored Exam Practice Questions"
"jpfzAql1vyjcyG4EaSDw","quiz","ati-pn-med-math-proctored-exam","ati-pn-med-math-proctored-exam","Ati pn med math proctored exam","nursing-test-bank","z0xzINtS3EohZNaKosBz","lyrHg4RBzN6UafuymMFT","NHgx9LFXpsLVcFjsOujF","3ctCY4m4antViEUTRNZA","pillarPages/nursing-test-bank/subPages/z0xzINtS3EohZNaKosBz/nestedSubPages/lyrHg4RBzN6UafuymMFT/topics/NHgx9LFXpsLVcFjsOujF/quizzes/3ctCY4m4antViEUTRNZA","true","quiz","quiz","ati-pn-med-math-proctored-exam","ati-pn-med-math-proctored-exam","Ati pn med math proctored exam"
"jripaoRCcPU1KrmpG2ul","quiz","nur-113-med-surg-proctored-exam-coastal-alabama-college-practice-questions-set-21","nur-113-med-surg-proctored-exam-coastal-alabama-college-practice-questions-set-21","NUR 113 Med Surg Proctored Exam (Coastal Alabama College) Practice Questions - Set 21","nursing-test-bank","SuT1noZoNGEjKGR1vTbi","zMFBI0XMiRsJnnXWhL5S","4xNDZPMszSkpgRfEsOck","g4NLcEo1hLjUrUGPqwOn","pillarPages/nursing-test-bank/subPages/SuT1noZoNGEjKGR1vTbi/nestedSubPages/zMFBI0XMiRsJnnXWhL5S/topics/4xNDZPMszSkpgRfEsOck/quizzes/g4NLcEo1hLjUrUGPqwOn","true","quiz","quiz","nur-113-med-surg-proctored-exam-coastal-alabama-college-practice-questions-set-21","nur-113-med-surg-proctored-exam-coastal-alabama-college-practice-questions-set-21","NUR 113 Med Surg Proctored Exam (Coastal Alabama College) Practice Questions - Set 21"
"jwZbFH2Sjye2kC8sEa8C","quiz","nu-390-nursing-of-the-adult-proctored-exam-med-surg-exam-practice-questions","nu-390-nursing-of-the-adult-proctored-exam-med-surg-exam-practice-questions","Nu 390 Nursing of the Adult Proctored Exam (Med Surg Exam) Practice Questions","nursing-test-bank","SuT1noZoNGEjKGR1vTbi","zMFBI0XMiRsJnnXWhL5S","4xNDZPMszSkpgRfEsOck","lU0NMSSdxhXaYvXTbpNi","pillarPages/nursing-test-bank/subPages/SuT1noZoNGEjKGR1vTbi/nestedSubPages/zMFBI0XMiRsJnnXWhL5S/topics/4xNDZPMszSkpgRfEsOck/quizzes/lU0NMSSdxhXaYvXTbpNi","true","quiz","quiz","nu-390-nursing-of-the-adult-proctored-exam-med-surg-exam-practice-questions","nu-390-nursing-of-the-adult-proctored-exam-med-surg-exam-practice-questions","Nu 390 Nursing of the Adult Proctored Exam (Med Surg Exam) Practice Questions"
"jzgVloeEdAdiFLTo5NgS","quiz","hesi-a2-chemistry-practice-test-set-3","hesi-a2-chemistry-practice-test-set-3","","nursing-entrance-exam","rdYGUZ9DzFvAmo6EsrVe","lOJHdJ4lr3plcJkz2yfp","","hesi-a2-chemistry-practice-test-set-3","pillarPages/nursing-entrance-exam/subPages/rdYGUZ9DzFvAmo6EsrVe/nestedSubPages/lOJHdJ4lr3plcJkz2yfp/quizzes/hesi-a2-chemistry-practice-test-set-3","true","quiz","entrance_quiz_subject","hesi-a2-chemistry-practice-test-set-3","hesi-a2-chemistry-practice-test-set-3","HESI A2 Chemistry Practice Test Set 3"
"k01LsB3ZkJnweRKDaSXL","quiz","nur-215-test-3-summer-proctored-exam-2025-practice-questions","nur-215-test-3-summer-proctored-exam-2025-practice-questions","NUR 215 Test 3 Summer Proctored Exam (2025) Practice Questions","nursing-test-bank","SuT1noZoNGEjKGR1vTbi","zMFBI0XMiRsJnnXWhL5S","sBc3Ee7TKg33PIbmj4Hb","PXUItUodPVD2YIjWVUsO","pillarPages/nursing-test-bank/subPages/SuT1noZoNGEjKGR1vTbi/nestedSubPages/zMFBI0XMiRsJnnXWhL5S/topics/sBc3Ee7TKg33PIbmj4Hb/quizzes/PXUItUodPVD2YIjWVUsO","true","quiz","quiz","nur-215-test-3-summer-proctored-exam-2025-practice-questions","nur-215-test-3-summer-proctored-exam-2025-practice-questions","NUR 215 Test 3 Summer Proctored Exam (2025) Practice Questions"
"k1bIcEj2gmUAu3UbMhRt","quiz","hesi-rn-pharmacology-proctored-exam-practice-questions-set-18","hesi-rn-pharmacology-proctored-exam-practice-questions-set-18","HESI RN Pharmacology Proctored Exam Practice Questions - Set 18","nursing-test-bank","SuT1noZoNGEjKGR1vTbi","iT55qp9NAFOvZLBAiQzC","l1kSgSxIYg2SRUN8aWqE","PBYyAradyrKZiNMdHj8Y","pillarPages/nursing-test-bank/subPages/SuT1noZoNGEjKGR1vTbi/nestedSubPages/iT55qp9NAFOvZLBAiQzC/topics/l1kSgSxIYg2SRUN8aWqE/quizzes/PBYyAradyrKZiNMdHj8Y","true","quiz","quiz","hesi-rn-pharmacology-proctored-exam-practice-questions-set-18","hesi-rn-pharmacology-proctored-exam-practice-questions-set-18","HESI RN Pharmacology Proctored Exam Practice Questions - Set 18"
"k3quQUlBYayhWg4vrteZ","quiz","hesi-rn-pharmacology-proctored-exam-practice-questions-set-14","hesi-rn-pharmacology-proctored-exam-practice-questions-set-14","HESI RN Pharmacology Proctored Exam Practice Questions - Set 14","nursing-test-bank","SuT1noZoNGEjKGR1vTbi","iT55qp9NAFOvZLBAiQzC","l1kSgSxIYg2SRUN8aWqE","VH2k6gGciAJZ0qjLyi20","pillarPages/nursing-test-bank/subPages/SuT1noZoNGEjKGR1vTbi/nestedSubPages/iT55qp9NAFOvZLBAiQzC/topics/l1kSgSxIYg2SRUN8aWqE/quizzes/VH2k6gGciAJZ0qjLyi20","true","quiz","quiz","hesi-rn-pharmacology-proctored-exam-practice-questions-set-14","hesi-rn-pharmacology-proctored-exam-practice-questions-set-14","HESI RN Pharmacology Proctored Exam Practice Questions - Set 14"
"k50am5TX3McpD2q95P9G","quiz","ati-pn-fundamentals-2023-proctored-exam-4-practice-questions","ati-pn-fundamentals-2023-proctored-exam-4-practice-questions","ATI PN Fundamentals 2023 Proctored Exam 4 Practice Questions","nursing-test-bank","z0xzINtS3EohZNaKosBz","lyrHg4RBzN6UafuymMFT","1Lb0PkKiTEM2wQOIMDtv","RJEXoZPLCcRUHsHdsrLY","pillarPages/nursing-test-bank/subPages/z0xzINtS3EohZNaKosBz/nestedSubPages/lyrHg4RBzN6UafuymMFT/topics/1Lb0PkKiTEM2wQOIMDtv/quizzes/RJEXoZPLCcRUHsHdsrLY","true","quiz","quiz","ati-pn-fundamentals-2023-proctored-exam-4-practice-questions","ati-pn-fundamentals-2023-proctored-exam-4-practice-questions","ATI PN Fundamentals 2023 Proctored Exam 4 Practice Questions"
"k5HrJYBP1yrciPuwyC6R","quiz","ati-pn-mental-health-level-4-proctored-exam-ii-practice-questions","ati-pn-mental-health-level-4-proctored-exam-ii-practice-questions","ATI PN Mental Health Level 4 Proctored Exam II Practice Questions","nursing-test-bank","z0xzINtS3EohZNaKosBz","lyrHg4RBzN6UafuymMFT","6i5h4wWlOfz4R8huNTkC","HdeboAtviP5ydbbTib0N","pillarPages/nursing-test-bank/subPages/z0xzINtS3EohZNaKosBz/nestedSubPages/lyrHg4RBzN6UafuymMFT/topics/6i5h4wWlOfz4R8huNTkC/quizzes/HdeboAtviP5ydbbTib0N","true","quiz","quiz","ati-pn-mental-health-level-4-proctored-exam-ii-practice-questions","ati-pn-mental-health-level-4-proctored-exam-ii-practice-questions","ATI PN Mental Health Level 4 Proctored Exam II Practice Questions"
"k7e3BzqQoyzHfuukpPIK","quiz","wgu-objective-assessment-foundation-of-nursing-proctored-exam-practice-questions","wgu-objective-assessment-foundation-of-nursing-proctored-exam-practice-questions","WGU Objective Assessment Foundation of Nursing Proctored Exam Practice Questions","nursing-test-bank","SuT1noZoNGEjKGR1vTbi","zMFBI0XMiRsJnnXWhL5S","sBc3Ee7TKg33PIbmj4Hb","VoqFne8IfyrIX5CD57lg","pillarPages/nursing-test-bank/subPages/SuT1noZoNGEjKGR1vTbi/nestedSubPages/zMFBI0XMiRsJnnXWhL5S/topics/sBc3Ee7TKg33PIbmj4Hb/quizzes/VoqFne8IfyrIX5CD57lg","true","quiz","quiz","wgu-objective-assessment-foundation-of-nursing-proctored-exam-practice-questions","wgu-objective-assessment-foundation-of-nursing-proctored-exam-practice-questions","WGU Objective Assessment Foundation of Nursing Proctored Exam Practice Questions"
"kEFnb2mwyjljm8uVNXrj","quiz","ivy-tech-exam-3-fundamentals-proctored-exam-practice-questions","ivy-tech-exam-3-fundamentals-proctored-exam-practice-questions","Ivy Tech Exam 3 Fundamentals Proctored Exam Practice Questions","nursing-test-bank","SuT1noZoNGEjKGR1vTbi","zMFBI0XMiRsJnnXWhL5S","sBc3Ee7TKg33PIbmj4Hb","qhMOHwzyFxIJwGRUkiMH","pillarPages/nursing-test-bank/subPages/SuT1noZoNGEjKGR1vTbi/nestedSubPages/zMFBI0XMiRsJnnXWhL5S/topics/sBc3Ee7TKg33PIbmj4Hb/quizzes/qhMOHwzyFxIJwGRUkiMH","true","quiz","quiz","ivy-tech-exam-3-fundamentals-proctored-exam-practice-questions","ivy-tech-exam-3-fundamentals-proctored-exam-practice-questions","Ivy Tech Exam 3 Fundamentals Proctored Exam Practice Questions"
"kEOPpYy2qGTFtk44Y7ln","quiz","ati-pn-mental-health-psychosocial-proctored-exam-practice-questions","ati-pn-mental-health-psychosocial-proctored-exam-practice-questions","ATI PN Mental Health Psychosocial Proctored Exam Practice Questions","nursing-test-bank","z0xzINtS3EohZNaKosBz","lyrHg4RBzN6UafuymMFT","6i5h4wWlOfz4R8huNTkC","wp7R2YAH1rZeuN6ZYVND","pillarPages/nursing-test-bank/subPages/z0xzINtS3EohZNaKosBz/nestedSubPages/lyrHg4RBzN6UafuymMFT/topics/6i5h4wWlOfz4R8huNTkC/quizzes/wp7R2YAH1rZeuN6ZYVND","true","quiz","quiz","ati-pn-mental-health-psychosocial-proctored-exam-practice-questions","ati-pn-mental-health-psychosocial-proctored-exam-practice-questions","ATI PN Mental Health Psychosocial Proctored Exam Practice Questions"
"kGVIlj4LuPVmJRA4EjIQ","quiz","ati-pn-med-surg-proctored-exam-2-practice-questions","ati-pn-med-surg-proctored-exam-2-practice-questions","ATI PN Med Surg Proctored Exam 2 Practice Questions","nursing-test-bank","z0xzINtS3EohZNaKosBz","lyrHg4RBzN6UafuymMFT","NywbGW22YNeZSM3kuwKk","v53iZzOiGjibWYzuB3J4","pillarPages/nursing-test-bank/subPages/z0xzINtS3EohZNaKosBz/nestedSubPages/lyrHg4RBzN6UafuymMFT/topics/NywbGW22YNeZSM3kuwKk/quizzes/v53iZzOiGjibWYzuB3J4","true","quiz","quiz","ati-pn-med-surg-proctored-exam-2-practice-questions","ati-pn-med-surg-proctored-exam-2-practice-questions","ATI PN Med Surg Proctored Exam 2 Practice Questions"
"kRkmtXWLyzP9XVHPMfwV","quiz","anatomy-and-physiology-proctored-exam-practice-questions-set-6","anatomy-and-physiology-proctored-exam-practice-questions-set-6","Anatomy and Physiology Proctored Exam Practice Questions - Set 6","nursing-test-bank","SuT1noZoNGEjKGR1vTbi","zMFBI0XMiRsJnnXWhL5S","PavJlfHXwXRUhopKAOO9","Px3PmFCkzXu2KYNRos9R","pillarPages/nursing-test-bank/subPages/SuT1noZoNGEjKGR1vTbi/nestedSubPages/zMFBI0XMiRsJnnXWhL5S/topics/PavJlfHXwXRUhopKAOO9/quizzes/Px3PmFCkzXu2KYNRos9R","true","quiz","quiz","anatomy-and-physiology-proctored-exam-practice-questions-set-6","anatomy-and-physiology-proctored-exam-practice-questions-set-6","Anatomy and Physiology Proctored Exam Practice Questions - Set 6"
"kbVhveriqaaGlLUudl8j","quiz","med-surg-proctored-exam-river-valley-college-practice-questions","med-surg-proctored-exam-river-valley-college-practice-questions","Med Surg Proctored Exam(River Valley College) Practice Questions","nursing-test-bank","SuT1noZoNGEjKGR1vTbi","zMFBI0XMiRsJnnXWhL5S","4xNDZPMszSkpgRfEsOck","pwCekJaxzlbrAJBLiOAo","pillarPages/nursing-test-bank/subPages/SuT1noZoNGEjKGR1vTbi/nestedSubPages/zMFBI0XMiRsJnnXWhL5S/topics/4xNDZPMszSkpgRfEsOck/quizzes/pwCekJaxzlbrAJBLiOAo","true","quiz","quiz","med-surg-proctored-exam-river-valley-college-practice-questions","med-surg-proctored-exam-river-valley-college-practice-questions","Med Surg Proctored Exam(River Valley College) Practice Questions"
"kjQPbcH2YxyeO6G7bEjx","quiz","med-surg-proctored-exam-regular-practice-questions","med-surg-proctored-exam-regular-practice-questions","Med Surg Proctored Exam (Regular) Practice Questions","nursing-test-bank","SuT1noZoNGEjKGR1vTbi","zMFBI0XMiRsJnnXWhL5S","4xNDZPMszSkpgRfEsOck","zx7Nbjndb95SeBJLVeZq","pillarPages/nursing-test-bank/subPages/SuT1noZoNGEjKGR1vTbi/nestedSubPages/zMFBI0XMiRsJnnXWhL5S/topics/4xNDZPMszSkpgRfEsOck/quizzes/zx7Nbjndb95SeBJLVeZq","true","quiz","quiz","med-surg-proctored-exam-regular-practice-questions","med-surg-proctored-exam-regular-practice-questions","Med Surg Proctored Exam (Regular) Practice Questions"
"kmwth6SaYsOSxHzgqDnw","quiz","hesi-compass-b-exit-proctored-exam","hesi-compass-b-exit-proctored-exam","HESI Compass B Exit Proctored Exam","nursing-exit-exam","S4vSoa5bxDgZ1L5kLOJe","MVHmi7FJbSDlPPz28jh5","","gCvVKm52hSETkS45zYso","pillarPages/nursing-exit-exam/subPages/S4vSoa5bxDgZ1L5kLOJe/nestedSubPages/MVHmi7FJbSDlPPz28jh5/quizzes/gCvVKm52hSETkS45zYso","true","quiz","quiz","hesi-compass-b-exit-proctored-exam","hesi-compass-b-exit-proctored-exam","HESI Compass B Exit Proctored Exam"
"kozSpQFcvor3fO13DIg9","quiz","ati-pn-n105t-maternal-newborn-proctored-exam-practice-questions","ati-pn-n105t-maternal-newborn-proctored-exam-practice-questions","ATI PN N105t Maternal Newborn Proctored Exam Practice Questions","nursing-test-bank","z0xzINtS3EohZNaKosBz","lyrHg4RBzN6UafuymMFT","ZwY2vYN2X4tXEKOv2x6h","4IvmFLf1qUT5N7LJWaf4","pillarPages/nursing-test-bank/subPages/z0xzINtS3EohZNaKosBz/nestedSubPages/lyrHg4RBzN6UafuymMFT/topics/ZwY2vYN2X4tXEKOv2x6h/quizzes/4IvmFLf1qUT5N7LJWaf4","true","quiz","quiz","ati-pn-n105t-maternal-newborn-proctored-exam-practice-questions","ati-pn-n105t-maternal-newborn-proctored-exam-practice-questions","ATI PN N105t Maternal Newborn Proctored Exam Practice Questions"
"krJ6VaoilNMcZxsMXhYQ","topic","rn-nursing-course-nursing-specialty-practice-questions","rn-nursing-course-nursing-specialty-practice-questions","Nursing Specialty","nursing-test-bank","SuT1noZoNGEjKGR1vTbi","zMFBI0XMiRsJnnXWhL5S","p4ym32tSh4yvL8X18NJ6","","pillarPages/nursing-test-bank/subPages/SuT1noZoNGEjKGR1vTbi/nestedSubPages/zMFBI0XMiRsJnnXWhL5S/topics/p4ym32tSh4yvL8X18NJ6","true","topic","topic","rn-nursing-course-nursing-specialty-practice-questions","rn-nursing-course-nursing-specialty-practice-questions","Nursing Specialty"
"kxHY2BC4r0ukY7ywmkPY","topic","hesi-rn-medical-surgical-practice-questions","hesi-rn-medical-surgical-practice-questions","Medical Surgical","nursing-test-bank","SuT1noZoNGEjKGR1vTbi","iT55qp9NAFOvZLBAiQzC","aS23yuUD7OS39aVVutYn","","pillarPages/nursing-test-bank/subPages/SuT1noZoNGEjKGR1vTbi/nestedSubPages/iT55qp9NAFOvZLBAiQzC/topics/aS23yuUD7OS39aVVutYn","true","topic","topic","hesi-rn-medical-surgical-practice-questions","hesi-rn-medical-surgical-practice-questions","Medical Surgical"
"kypes5wp5O1CZBBCZpo6","quiz","ati-pn-med-surg-respiratory-proctored-exam-practice-questions-set-5","ati-pn-med-surg-respiratory-proctored-exam-practice-questions-set-5","ATI PN Med Surg Respiratory Proctored Exam Practice Questions - Set 5","nursing-test-bank","z0xzINtS3EohZNaKosBz","lyrHg4RBzN6UafuymMFT","NywbGW22YNeZSM3kuwKk","zPP70Psg7GnPF0wrD1DP","pillarPages/nursing-test-bank/subPages/z0xzINtS3EohZNaKosBz/nestedSubPages/lyrHg4RBzN6UafuymMFT/topics/NywbGW22YNeZSM3kuwKk/quizzes/zPP70Psg7GnPF0wrD1DP","true","quiz","quiz","ati-pn-med-surg-respiratory-proctored-exam-practice-questions-set-5","ati-pn-med-surg-respiratory-proctored-exam-practice-questions-set-5","ATI PN Med Surg Respiratory Proctored Exam Practice Questions - Set 5"
"l2LSYPkurZ7ghj85Piwn","quiz","ati-pn-ob-maternal-newborn-cohort-65-proctored-exam-practice-questions","ati-pn-ob-maternal-newborn-cohort-65-proctored-exam-practice-questions","ATI PN OB Maternal Newborn Cohort 65 Proctored Exam Practice Questions","nursing-test-bank","z0xzINtS3EohZNaKosBz","lyrHg4RBzN6UafuymMFT","ZwY2vYN2X4tXEKOv2x6h","quhTiftaOqsmFLKC2ChR","pillarPages/nursing-test-bank/subPages/z0xzINtS3EohZNaKosBz/nestedSubPages/lyrHg4RBzN6UafuymMFT/topics/ZwY2vYN2X4tXEKOv2x6h/quizzes/quhTiftaOqsmFLKC2ChR","true","quiz","quiz","ati-pn-ob-maternal-newborn-cohort-65-proctored-exam-practice-questions","ati-pn-ob-maternal-newborn-cohort-65-proctored-exam-practice-questions","ATI PN OB Maternal Newborn Cohort 65 Proctored Exam Practice Questions"
"l4Z8jbZWAbA4TBsmLWn8","quiz","pathophysiology-proctored-exam-samuel-merit-university-practice-questions-set-6","pathophysiology-proctored-exam-samuel-merit-university-practice-questions-set-6","Pathophysiology Proctored Exam (Samuel Merit University) Practice Questions - Set 6","nursing-test-bank","SuT1noZoNGEjKGR1vTbi","zMFBI0XMiRsJnnXWhL5S","KyUeIK7zxUi2K91H84Bj","CMtHQWnW4Lr63WHV3IDY","pillarPages/nursing-test-bank/subPages/SuT1noZoNGEjKGR1vTbi/nestedSubPages/zMFBI0XMiRsJnnXWhL5S/topics/KyUeIK7zxUi2K91H84Bj/quizzes/CMtHQWnW4Lr63WHV3IDY","true","quiz","quiz","pathophysiology-proctored-exam-samuel-merit-university-practice-questions-set-6","pathophysiology-proctored-exam-samuel-merit-university-practice-questions-set-6","Pathophysiology Proctored Exam (Samuel Merit University) Practice Questions - Set 6"
"l66d7vJlBPbgE5JPKDZK","quiz","ati-pn-maternity-ob-cohort-65-proctored-exam-practice-questions","ati-pn-maternity-ob-cohort-65-proctored-exam-practice-questions","ATI PN Maternity OB Cohort 65 Proctored Exam Practice Questions","nursing-test-bank","z0xzINtS3EohZNaKosBz","lyrHg4RBzN6UafuymMFT","ZwY2vYN2X4tXEKOv2x6h","RFSPismZ4gTSGTYMsXIf","pillarPages/nursing-test-bank/subPages/z0xzINtS3EohZNaKosBz/nestedSubPages/lyrHg4RBzN6UafuymMFT/topics/ZwY2vYN2X4tXEKOv2x6h/quizzes/RFSPismZ4gTSGTYMsXIf","true","quiz","quiz","ati-pn-maternity-ob-cohort-65-proctored-exam-practice-questions","ati-pn-maternity-ob-cohort-65-proctored-exam-practice-questions","ATI PN Maternity OB Cohort 65 Proctored Exam Practice Questions"
"lDisSgnAP5I7LSGM9oFR","topic","hesi-rn-management-practice-questions","hesi-rn-management-practice-questions","Management","nursing-test-bank","SuT1noZoNGEjKGR1vTbi","iT55qp9NAFOvZLBAiQzC","nrL3cZ4iiUEsGvXHsmfO","","pillarPages/nursing-test-bank/subPages/SuT1noZoNGEjKGR1vTbi/nestedSubPages/iT55qp9NAFOvZLBAiQzC/topics/nrL3cZ4iiUEsGvXHsmfO","true","topic","topic","hesi-rn-management-practice-questions","hesi-rn-management-practice-questions","Management"
"lEIdOf8OhpnajbKAtt79","quiz","hesi-rn-pediatrics-proctored-exam-2-practice-questions-set-7","hesi-rn-pediatrics-proctored-exam-2-practice-questions-set-7","HESI RN Pediatrics Proctored Exam 2 Practice Questions - Set 7","nursing-test-bank","SuT1noZoNGEjKGR1vTbi","iT55qp9NAFOvZLBAiQzC","uXtCZ4Y6aeLjwMLtC1sD","v25vrShk6cfOSUbetqT4","pillarPages/nursing-test-bank/subPages/SuT1noZoNGEjKGR1vTbi/nestedSubPages/iT55qp9NAFOvZLBAiQzC/topics/uXtCZ4Y6aeLjwMLtC1sD/quizzes/v25vrShk6cfOSUbetqT4","true","quiz","quiz","hesi-rn-pediatrics-proctored-exam-2-practice-questions-set-7","hesi-rn-pediatrics-proctored-exam-2-practice-questions-set-7","HESI RN Pediatrics Proctored Exam 2 Practice Questions - Set 7"
"lMokI7xYeXAwvh5IItd9","quiz","ati-pn-fundamentals-proctored-exam-practice-questions-set-17","ati-pn-fundamentals-proctored-exam-practice-questions-set-17","ATI PN Fundamentals Proctored Exam Practice Questions - Set 17","nursing-test-bank","z0xzINtS3EohZNaKosBz","lyrHg4RBzN6UafuymMFT","1Lb0PkKiTEM2wQOIMDtv","mHMJObpeP8v8f8Ib0zjM","pillarPages/nursing-test-bank/subPages/z0xzINtS3EohZNaKosBz/nestedSubPages/lyrHg4RBzN6UafuymMFT/topics/1Lb0PkKiTEM2wQOIMDtv/quizzes/mHMJObpeP8v8f8Ib0zjM","true","quiz","quiz","ati-pn-fundamentals-proctored-exam-practice-questions-set-17","ati-pn-fundamentals-proctored-exam-practice-questions-set-17","ATI PN Fundamentals Proctored Exam Practice Questions - Set 17"
"lSIRvHFw18a6QRVLApoE","nested","hesi-lpn-exams","hesi-lpn-exams","","nursing-test-bank","z0xzINtS3EohZNaKosBz","ToLSmb6DG83NTZWXEJxt","","","pillarPages/nursing-test-bank/subPages/z0xzINtS3EohZNaKosBz/nestedSubPages/ToLSmb6DG83NTZWXEJxt","true","nested","nested","hesi-lpn-exams","hesi-lpn-exams","HESI LPN EXAMS"
"lcl3Y3iGaexJNxpPNzPW","quiz","nur-111-nursing-process-cape-fear-college-proctored-exam-examplify-practice-questions","nur-111-nursing-process-cape-fear-college-proctored-exam-examplify-practice-questions","NUR 111 Nursing Process Cape Fear College Proctored Exam – Examplify Practice Questions","nursing-test-bank","SuT1noZoNGEjKGR1vTbi","zMFBI0XMiRsJnnXWhL5S","sBc3Ee7TKg33PIbmj4Hb","3m5PvqhTLs2QtFuChEfZ","pillarPages/nursing-test-bank/subPages/SuT1noZoNGEjKGR1vTbi/nestedSubPages/zMFBI0XMiRsJnnXWhL5S/topics/sBc3Ee7TKg33PIbmj4Hb/quizzes/3m5PvqhTLs2QtFuChEfZ","true","quiz","quiz","nur-111-nursing-process-cape-fear-college-proctored-exam-examplify-practice-questions","nur-111-nursing-process-cape-fear-college-proctored-exam-examplify-practice-questions","NUR 111 Nursing Process Cape Fear College Proctored Exam – Examplify Practice Questions"
"ldIc9y0zcwRcnpB7Gmyr","quiz","nursing-2356-multidimensional-care-proctored-exam-practice-questions-set-2","nursing-2356-multidimensional-care-proctored-exam-practice-questions-set-2","Nursing 2356 Multidimensional Care Proctored Exam Practice Questions - Set 2","nursing-test-bank","SuT1noZoNGEjKGR1vTbi","zMFBI0XMiRsJnnXWhL5S","5wsEQxaa4oxFg4kMLWiR","Gyso6NnRhZtIeayTARUe","pillarPages/nursing-test-bank/subPages/SuT1noZoNGEjKGR1vTbi/nestedSubPages/zMFBI0XMiRsJnnXWhL5S/topics/5wsEQxaa4oxFg4kMLWiR/quizzes/Gyso6NnRhZtIeayTARUe","true","quiz","quiz","nursing-2356-multidimensional-care-proctored-exam-practice-questions-set-2","nursing-2356-multidimensional-care-proctored-exam-practice-questions-set-2","Nursing 2356 Multidimensional Care Proctored Exam Practice Questions - Set 2"
"ljkoxqsuDGoOu2wVmkfV","quiz","ati-pn-mental-health-proctored-exam-practice-questions-set-7","ati-pn-mental-health-proctored-exam-practice-questions-set-7","ATI PN Mental Health Proctored Exam Practice Questions - Set 7","nursing-test-bank","z0xzINtS3EohZNaKosBz","lyrHg4RBzN6UafuymMFT","6i5h4wWlOfz4R8huNTkC","hthlfOCc1BGRxIETQQ1Z","pillarPages/nursing-test-bank/subPages/z0xzINtS3EohZNaKosBz/nestedSubPages/lyrHg4RBzN6UafuymMFT/topics/6i5h4wWlOfz4R8huNTkC/quizzes/hthlfOCc1BGRxIETQQ1Z","true","quiz","quiz","ati-pn-mental-health-proctored-exam-practice-questions-set-7","ati-pn-mental-health-proctored-exam-practice-questions-set-7","ATI PN Mental Health Proctored Exam Practice Questions - Set 7"
"lkWcuPCzRf8FzQjieUrO","quiz","maternity-proctored-exam-samuel-merit-university-practice-questions-set-12","maternity-proctored-exam-samuel-merit-university-practice-questions-set-12","Maternity Proctored Exam (Samuel Merit University) Practice Questions - Set 12","nursing-test-bank","SuT1noZoNGEjKGR1vTbi","zMFBI0XMiRsJnnXWhL5S","stnDIFRoA0VwLaoxbGv1","HPdum35qI5mIl6wRVctZ","pillarPages/nursing-test-bank/subPages/SuT1noZoNGEjKGR1vTbi/nestedSubPages/zMFBI0XMiRsJnnXWhL5S/topics/stnDIFRoA0VwLaoxbGv1/quizzes/HPdum35qI5mIl6wRVctZ","true","quiz","quiz","maternity-proctored-exam-samuel-merit-university-practice-questions-set-12","maternity-proctored-exam-samuel-merit-university-practice-questions-set-12","Maternity Proctored Exam (Samuel Merit University) Practice Questions - Set 12"
"lp8Zw9xhtxnAubRGLFAb","quiz","nu-390-med-surg-proctored-exam-nursing-of-the-adult-2-sjcme-college-practice-questions","nu-390-med-surg-proctored-exam-nursing-of-the-adult-2-sjcme-college-practice-questions","Nu 390 Med Surg Proctored Exam, Nursing of the Adult 2(Sjcme College) Practice Questions","nursing-test-bank","SuT1noZoNGEjKGR1vTbi","zMFBI0XMiRsJnnXWhL5S","4xNDZPMszSkpgRfEsOck","tPNZyd0WS3QCZHgWlXSK","pillarPages/nursing-test-bank/subPages/SuT1noZoNGEjKGR1vTbi/nestedSubPages/zMFBI0XMiRsJnnXWhL5S/topics/4xNDZPMszSkpgRfEsOck/quizzes/tPNZyd0WS3QCZHgWlXSK","true","quiz","quiz","nu-390-med-surg-proctored-exam-nursing-of-the-adult-2-sjcme-college-practice-questions","nu-390-med-surg-proctored-exam-nursing-of-the-adult-2-sjcme-college-practice-questions","Nu 390 Med Surg Proctored Exam, Nursing of the Adult 2(Sjcme College) Practice Questions"
"luZ6bP21ym6qisVSu83A","quiz","ati-pn-fundamentals-physical-assessment-proctored-exam-practice-questions","ati-pn-fundamentals-physical-assessment-proctored-exam-practice-questions","ATI PN Fundamentals Physical Assessment Proctored Exam Practice Questions","nursing-test-bank","z0xzINtS3EohZNaKosBz","lyrHg4RBzN6UafuymMFT","1zv1nip2mGFGPqP308fX","5iIc2uLYXKnts3Upbx9l","pillarPages/nursing-test-bank/subPages/z0xzINtS3EohZNaKosBz/nestedSubPages/lyrHg4RBzN6UafuymMFT/topics/1zv1nip2mGFGPqP308fX/quizzes/5iIc2uLYXKnts3Upbx9l","true","quiz","quiz","ati-pn-fundamentals-physical-assessment-proctored-exam-practice-questions","ati-pn-fundamentals-physical-assessment-proctored-exam-practice-questions","ATI PN Fundamentals Physical Assessment Proctored Exam Practice Questions"
"lux0bOz8BGmcHuwdDSdo","quiz","hesi-lpn-specialty-maternal-newborn-proctored-exam-practice-questions","hesi-lpn-specialty-maternal-newborn-proctored-exam-practice-questions","HESI LPN Specialty Maternal Newborn Proctored Exam Practice Questions","nursing-test-bank","z0xzINtS3EohZNaKosBz","ToLSmb6DG83NTZWXEJxt","5QNQ1kHttmDRA6VJ1KfS","C2HYMsdSZrAzYC9Kzvk1","pillarPages/nursing-test-bank/subPages/z0xzINtS3EohZNaKosBz/nestedSubPages/ToLSmb6DG83NTZWXEJxt/topics/5QNQ1kHttmDRA6VJ1KfS/quizzes/C2HYMsdSZrAzYC9Kzvk1","true","quiz","quiz","hesi-lpn-specialty-maternal-newborn-proctored-exam-practice-questions","hesi-lpn-specialty-maternal-newborn-proctored-exam-practice-questions","HESI LPN Specialty Maternal Newborn Proctored Exam Practice Questions"
"lx2xnV8ilYvjmDnXhmAA","quiz","hesi-lpn-fundamentals-proctored-exam-practice-questions","hesi-lpn-fundamentals-proctored-exam-practice-questions","HESI LPN Fundamentals Proctored Exam Practice Questions","nursing-test-bank","z0xzINtS3EohZNaKosBz","ToLSmb6DG83NTZWXEJxt","HQnTsUWAQtikNnY47O7a","QNzeCu0nTev6FEaMmJh9","pillarPages/nursing-test-bank/subPages/z0xzINtS3EohZNaKosBz/nestedSubPages/ToLSmb6DG83NTZWXEJxt/topics/HQnTsUWAQtikNnY47O7a/quizzes/QNzeCu0nTev6FEaMmJh9","true","quiz","quiz","hesi-lpn-fundamentals-proctored-exam-practice-questions","hesi-lpn-fundamentals-proctored-exam-practice-questions","HESI LPN Fundamentals Proctored Exam Practice Questions"
"m0LFGBEBYXIs2qaO2yBp","quiz","ati-pn-med-surg-proctored-exam-practice-questions-set-69","ati-pn-med-surg-proctored-exam-practice-questions-set-69","ATI PN Med Surg Proctored Exam Practice Questions - Set 69","nursing-test-bank","z0xzINtS3EohZNaKosBz","lyrHg4RBzN6UafuymMFT","NywbGW22YNeZSM3kuwKk","DGXa0b1J9HtFiPOazIql","pillarPages/nursing-test-bank/subPages/z0xzINtS3EohZNaKosBz/nestedSubPages/lyrHg4RBzN6UafuymMFT/topics/NywbGW22YNeZSM3kuwKk/quizzes/DGXa0b1J9HtFiPOazIql","true","quiz","quiz","ati-pn-med-surg-proctored-exam-practice-questions-set-69","ati-pn-med-surg-proctored-exam-practice-questions-set-69","ATI PN Med Surg Proctored Exam Practice Questions - Set 69"
"m4mVhHBi0HAfGk6RE97x","topic","rn-nursing-course-fundamentals-practice-questions","rn-nursing-course-fundamentals-practice-questions","Fundamentals","nursing-test-bank","SuT1noZoNGEjKGR1vTbi","zMFBI0XMiRsJnnXWhL5S","sBc3Ee7TKg33PIbmj4Hb","","pillarPages/nursing-test-bank/subPages/SuT1noZoNGEjKGR1vTbi/nestedSubPages/zMFBI0XMiRsJnnXWhL5S/topics/sBc3Ee7TKg33PIbmj4Hb","true","topic","topic","rn-nursing-course-fundamentals-practice-questions","rn-nursing-course-fundamentals-practice-questions","Fundamentals"
"m73huHZXb5T5kWT0QZLY","topic","rn-nursing-course-maternal-newborn-practice-questions","rn-nursing-course-maternal-newborn-practice-questions","Maternal Newborn","nursing-test-bank","SuT1noZoNGEjKGR1vTbi","zMFBI0XMiRsJnnXWhL5S","stnDIFRoA0VwLaoxbGv1","","pillarPages/nursing-test-bank/subPages/SuT1noZoNGEjKGR1vTbi/nestedSubPages/zMFBI0XMiRsJnnXWhL5S/topics/stnDIFRoA0VwLaoxbGv1","true","topic","topic","rn-nursing-course-maternal-newborn-practice-questions","rn-nursing-course-maternal-newborn-practice-questions","Maternal Newborn"
"mGPOaNM6QcAUwv2ptrEf","quiz","hesi-exit-lpn-proctored-exam-1","hesi-exit-lpn-proctored-exam-1","HESI Exit LPN Proctored Exam 1","nursing-exit-exam","nkXaaMfkkbvjmrSRwtVq","BH31o1XVf6CrhNvQvfOO","","x0hOLTw0YPqt8bdhog4P","pillarPages/nursing-exit-exam/subPages/nkXaaMfkkbvjmrSRwtVq/nestedSubPages/BH31o1XVf6CrhNvQvfOO/quizzes/x0hOLTw0YPqt8bdhog4P","true","quiz","quiz","hesi-exit-lpn-proctored-exam-1","hesi-exit-lpn-proctored-exam-1","HESI Exit LPN Proctored Exam 1"
"mGaBFvIOSlxQWUsnmvHd","quiz","clep-human-growth-and-development-proctored-exam-practice-questions","clep-human-growth-and-development-proctored-exam-practice-questions","CLEP Human Growth and Development Proctored Exam Practice Questions","nursing-test-bank","SuT1noZoNGEjKGR1vTbi","zMFBI0XMiRsJnnXWhL5S","YM8tzC0du9CIecKaOGWM","XC7XBpkyGLB42Cp3cvf2","pillarPages/nursing-test-bank/subPages/SuT1noZoNGEjKGR1vTbi/nestedSubPages/zMFBI0XMiRsJnnXWhL5S/topics/YM8tzC0du9CIecKaOGWM/quizzes/XC7XBpkyGLB42Cp3cvf2","true","quiz","quiz","clep-human-growth-and-development-proctored-exam-practice-questions","clep-human-growth-and-development-proctored-exam-practice-questions","CLEP Human Growth and Development Proctored Exam Practice Questions"
"mGhqQr5saOt22LDrTCgm","quiz","teas-reading-practice-test-set-1","teas-reading-practice-test-set-1","","nursing-entrance-exam","yrdSf0KpOcuybL1SLnw7","2JIZgWhm9jUkoNFmkY7R","","eNCAkl1f48I13l0ohsbL","pillarPages/nursing-entrance-exam/subPages/yrdSf0KpOcuybL1SLnw7/nestedSubPages/2JIZgWhm9jUkoNFmkY7R/quizzes/eNCAkl1f48I13l0ohsbL","true","quiz","quiz","teas-reading-practice-test-set-1","teas-reading-practice-test-set-1","TEAS Reading Practice Test Set 1"
"mHAm1QHChrOy3KdQWT7Y","quiz","ati-pn-medication-administration-proctored-exam-practice-questions","ati-pn-medication-administration-proctored-exam-practice-questions","ATI PN Medication Administration Proctored Exam Practice Questions","nursing-test-bank","z0xzINtS3EohZNaKosBz","lyrHg4RBzN6UafuymMFT","13a3GLxldltUqhIxNzkr","W6dclxyw9Q2l4dgiGEmO","pillarPages/nursing-test-bank/subPages/z0xzINtS3EohZNaKosBz/nestedSubPages/lyrHg4RBzN6UafuymMFT/topics/13a3GLxldltUqhIxNzkr/quizzes/W6dclxyw9Q2l4dgiGEmO","true","quiz","quiz","ati-pn-medication-administration-proctored-exam-practice-questions","ati-pn-medication-administration-proctored-exam-practice-questions","ATI PN Medication Administration Proctored Exam Practice Questions"
"mIoO1Gk00QmJbVkjxV42","quiz","hesi-rn-milestones-proctored-exam-practice-questions-set-2","hesi-rn-milestones-proctored-exam-practice-questions-set-2","HESI RN Milestones Proctored Exam Practice Questions - Set 2","nursing-test-bank","SuT1noZoNGEjKGR1vTbi","iT55qp9NAFOvZLBAiQzC","uB91yHbugrkUWJTjsoS7","oI7im2Zh6yoFehy2INGB","pillarPages/nursing-test-bank/subPages/SuT1noZoNGEjKGR1vTbi/nestedSubPages/iT55qp9NAFOvZLBAiQzC/topics/uB91yHbugrkUWJTjsoS7/quizzes/oI7im2Zh6yoFehy2INGB","true","quiz","quiz","hesi-rn-milestones-proctored-exam-practice-questions-set-2","hesi-rn-milestones-proctored-exam-practice-questions-set-2","HESI RN Milestones Proctored Exam Practice Questions - Set 2"
"mItAnrPVYQz5r5QiwUL1","quiz","ati-pn-nutrition-proctored-exam-practice-questions-set-2","ati-pn-nutrition-proctored-exam-practice-questions-set-2","ATI PN Nutrition Proctored Exam Practice Questions - Set 2","nursing-test-bank","z0xzINtS3EohZNaKosBz","lyrHg4RBzN6UafuymMFT","ilQ0n4O4zSgd6exoMQfi","taiZVN4zRNw7ac4frbMf","pillarPages/nursing-test-bank/subPages/z0xzINtS3EohZNaKosBz/nestedSubPages/lyrHg4RBzN6UafuymMFT/topics/ilQ0n4O4zSgd6exoMQfi/quizzes/taiZVN4zRNw7ac4frbMf","true","quiz","quiz","ati-pn-nutrition-proctored-exam-practice-questions-set-2","ati-pn-nutrition-proctored-exam-practice-questions-set-2","ATI PN Nutrition Proctored Exam Practice Questions - Set 2"
"mK1L2sCDTBqSZnhJL1jv","quiz","nur-390-med-surg-proctored-exam-practice-questions","nur-390-med-surg-proctored-exam-practice-questions","NUR 390 Med Surg Proctored Exam Practice Questions","nursing-test-bank","SuT1noZoNGEjKGR1vTbi","zMFBI0XMiRsJnnXWhL5S","4xNDZPMszSkpgRfEsOck","TVAod29CFDQY4ADDtBSp","pillarPages/nursing-test-bank/subPages/SuT1noZoNGEjKGR1vTbi/nestedSubPages/zMFBI0XMiRsJnnXWhL5S/topics/4xNDZPMszSkpgRfEsOck/quizzes/TVAod29CFDQY4ADDtBSp","true","quiz","quiz","nur-390-med-surg-proctored-exam-practice-questions","nur-390-med-surg-proctored-exam-practice-questions","NUR 390 Med Surg Proctored Exam Practice Questions"
"mKKHajZAfXKrOmhRt3Gg","quiz","med-surg-exam-antelope-valley-college-proctored-exam-practice-questions","med-surg-exam-antelope-valley-college-proctored-exam-practice-questions","Med Surg Exam Antelope Valley College Proctored Exam Practice Questions","nursing-test-bank","SuT1noZoNGEjKGR1vTbi","zMFBI0XMiRsJnnXWhL5S","4xNDZPMszSkpgRfEsOck","1KCrK4A7jTdGH0p0YB5a","pillarPages/nursing-test-bank/subPages/SuT1noZoNGEjKGR1vTbi/nestedSubPages/zMFBI0XMiRsJnnXWhL5S/topics/4xNDZPMszSkpgRfEsOck/quizzes/1KCrK4A7jTdGH0p0YB5a","true","quiz","quiz","med-surg-exam-antelope-valley-college-proctored-exam-practice-questions","med-surg-exam-antelope-valley-college-proctored-exam-practice-questions","Med Surg Exam Antelope Valley College Proctored Exam Practice Questions"
"mODZ76T0MgQpNC6fbQrb","quiz","ati-pn-pediatrics-nursing-2023-proctored-exam-practice-questions-set-15","ati-pn-pediatrics-nursing-2023-proctored-exam-practice-questions-set-15","ATI PN Pediatrics Nursing 2023 Proctored Exam Practice Questions - Set 15","nursing-test-bank","z0xzINtS3EohZNaKosBz","lyrHg4RBzN6UafuymMFT","Y0MhOdG0hGVh8AUsgVrz","7sDe46zTagnIrnFzdopa","pillarPages/nursing-test-bank/subPages/z0xzINtS3EohZNaKosBz/nestedSubPages/lyrHg4RBzN6UafuymMFT/topics/Y0MhOdG0hGVh8AUsgVrz/quizzes/7sDe46zTagnIrnFzdopa","true","quiz","quiz","ati-pn-pediatrics-nursing-2023-proctored-exam-practice-questions-set-15","ati-pn-pediatrics-nursing-2023-proctored-exam-practice-questions-set-15","ATI PN Pediatrics Nursing 2023 Proctored Exam Practice Questions - Set 15"
"mUxyQCUGqsQ77bGOHz68","quiz","ati-pn-concepts-of-nursing-proctored-exam-practice-questions","ati-pn-concepts-of-nursing-proctored-exam-practice-questions","ATI PN Concepts of Nursing Proctored Exam Practice Questions","nursing-test-bank","z0xzINtS3EohZNaKosBz","lyrHg4RBzN6UafuymMFT","1Lb0PkKiTEM2wQOIMDtv","DCePwWGcZV9G8wAm2Jrr","pillarPages/nursing-test-bank/subPages/z0xzINtS3EohZNaKosBz/nestedSubPages/lyrHg4RBzN6UafuymMFT/topics/1Lb0PkKiTEM2wQOIMDtv/quizzes/DCePwWGcZV9G8wAm2Jrr","true","quiz","quiz","ati-pn-concepts-of-nursing-proctored-exam-practice-questions","ati-pn-concepts-of-nursing-proctored-exam-practice-questions","ATI PN Concepts of Nursing Proctored Exam Practice Questions"
"mXSaDSSyhRc67bRiLVfE","quiz","hesi-rn-med-surg-proctored-exam-practice-questions-set-17","hesi-rn-med-surg-proctored-exam-practice-questions-set-17","HESI RN Med Surg Proctored Exam Practice Questions - Set 17","nursing-test-bank","SuT1noZoNGEjKGR1vTbi","iT55qp9NAFOvZLBAiQzC","aS23yuUD7OS39aVVutYn","L6gkODn0fR5nW6lmO9oP","pillarPages/nursing-test-bank/subPages/SuT1noZoNGEjKGR1vTbi/nestedSubPages/iT55qp9NAFOvZLBAiQzC/topics/aS23yuUD7OS39aVVutYn/quizzes/L6gkODn0fR5nW6lmO9oP","true","quiz","quiz","hesi-rn-med-surg-proctored-exam-practice-questions-set-17","hesi-rn-med-surg-proctored-exam-practice-questions-set-17","HESI RN Med Surg Proctored Exam Practice Questions - Set 17"
"mXyx420oPiv79m3KffkA","topic","ati-maternal-newborn-test-bank-practice-questions","ati-maternal-newborn-test-bank-practice-questions","","nursing-test-bank","SuT1noZoNGEjKGR1vTbi","Fnnd4c6ae0Uiurk2KUSc","nsCBYsgiAtZyyQJOivNA","","pillarPages/nursing-test-bank/subPages/SuT1noZoNGEjKGR1vTbi/nestedSubPages/Fnnd4c6ae0Uiurk2KUSc/topics/nsCBYsgiAtZyyQJOivNA","true","topic","topic","ati-maternal-newborn-test-bank-practice-questions","ati-maternal-newborn-test-bank-practice-questions","Maternal Newborn"
"miR4ppCAnYVgoxPpuY0Q","quiz","ati-pn-med-surg-haematology-proctored-exam-practice-questions","ati-pn-med-surg-haematology-proctored-exam-practice-questions","ATI PN Med Surg Haematology Proctored Exam Practice Questions","nursing-test-bank","z0xzINtS3EohZNaKosBz","lyrHg4RBzN6UafuymMFT","NywbGW22YNeZSM3kuwKk","DLEiokm8Ri2xFAJcbIGY","pillarPages/nursing-test-bank/subPages/z0xzINtS3EohZNaKosBz/nestedSubPages/lyrHg4RBzN6UafuymMFT/topics/NywbGW22YNeZSM3kuwKk/quizzes/DLEiokm8Ri2xFAJcbIGY","true","quiz","quiz","ati-pn-med-surg-haematology-proctored-exam-practice-questions","ati-pn-med-surg-haematology-proctored-exam-practice-questions","ATI PN Med Surg Haematology Proctored Exam Practice Questions"
"mjf8bQx1rF8hn6cdu3P3","quiz","hesi-rn-fundamentals-practice-questions-set-10","hesi-rn-fundamentals-practice-questions-set-10","HESI RN Fundamentals Practice Questions - Set 10","nursing-test-bank","SuT1noZoNGEjKGR1vTbi","iT55qp9NAFOvZLBAiQzC","70YsvvAfpEoWkJ2zO8Vy","jppxpyNY4Yqz03KMoGBa","pillarPages/nursing-test-bank/subPages/SuT1noZoNGEjKGR1vTbi/nestedSubPages/iT55qp9NAFOvZLBAiQzC/topics/70YsvvAfpEoWkJ2zO8Vy/quizzes/jppxpyNY4Yqz03KMoGBa","true","quiz","quiz","hesi-rn-fundamentals-practice-questions-set-10","hesi-rn-fundamentals-practice-questions-set-10","HESI RN Fundamentals Practice Questions - Set 10"
"mm7JJk6eHi9NBKxq7iON","quiz","nurs-400-cni-complex-health-concepts-proctored-exam-med-surg-exam-practice-questions","nurs-400-cni-complex-health-concepts-proctored-exam-med-surg-exam-practice-questions","NURS 400 Cni Complex Health Concepts Proctored Exam (Med Surg Exam) Practice Questions","nursing-test-bank","SuT1noZoNGEjKGR1vTbi","zMFBI0XMiRsJnnXWhL5S","4xNDZPMszSkpgRfEsOck","iwYaxJHXv9Kpwdx73rJW","pillarPages/nursing-test-bank/subPages/SuT1noZoNGEjKGR1vTbi/nestedSubPages/zMFBI0XMiRsJnnXWhL5S/topics/4xNDZPMszSkpgRfEsOck/quizzes/iwYaxJHXv9Kpwdx73rJW","true","quiz","quiz","nurs-400-cni-complex-health-concepts-proctored-exam-med-surg-exam-practice-questions","nurs-400-cni-complex-health-concepts-proctored-exam-med-surg-exam-practice-questions","NURS 400 Cni Complex Health Concepts Proctored Exam (Med Surg Exam) Practice Questions"
"mmmt7GIyLarHdLYOBwKw","quiz","ati-pn-med-surg-level-2-proctored-exam-practice-questions-set-48","ati-pn-med-surg-level-2-proctored-exam-practice-questions-set-48","ATI PN Med Surg Level 2 Proctored Exam Practice Questions - Set 48","nursing-test-bank","z0xzINtS3EohZNaKosBz","lyrHg4RBzN6UafuymMFT","NywbGW22YNeZSM3kuwKk","yOy9CNVGl4OPGtvpM6l0","pillarPages/nursing-test-bank/subPages/z0xzINtS3EohZNaKosBz/nestedSubPages/lyrHg4RBzN6UafuymMFT/topics/NywbGW22YNeZSM3kuwKk/quizzes/yOy9CNVGl4OPGtvpM6l0","true","quiz","quiz","ati-pn-med-surg-level-2-proctored-exam-practice-questions-set-48","ati-pn-med-surg-level-2-proctored-exam-practice-questions-set-48","ATI PN Med Surg Level 2 Proctored Exam Practice Questions - Set 48"
"mo180vf1BsctneiTthwo","quiz","dosage-calculations-proctored-exam-2-practice-questions","dosage-calculations-proctored-exam-2-practice-questions","Dosage Calculations Proctored Exam 2 Practice Questions","nursing-test-bank","SuT1noZoNGEjKGR1vTbi","zMFBI0XMiRsJnnXWhL5S","GXrH3QXIidtKg5Jx0ly4","fICyMQBv3reovoSBr4Xr","pillarPages/nursing-test-bank/subPages/SuT1noZoNGEjKGR1vTbi/nestedSubPages/zMFBI0XMiRsJnnXWhL5S/topics/GXrH3QXIidtKg5Jx0ly4/quizzes/fICyMQBv3reovoSBr4Xr","true","quiz","quiz","dosage-calculations-proctored-exam-2-practice-questions","dosage-calculations-proctored-exam-2-practice-questions","Dosage Calculations Proctored Exam 2 Practice Questions"
"mo9w4kmafIslxYoNGUhN","topic","rn-nursing-course-health-assessment-practice-questions","rn-nursing-course-health-assessment-practice-questions","Health Assessment","nursing-test-bank","SuT1noZoNGEjKGR1vTbi","zMFBI0XMiRsJnnXWhL5S","XQlgh9zsLrRK6vilmJPA","","pillarPages/nursing-test-bank/subPages/SuT1noZoNGEjKGR1vTbi/nestedSubPages/zMFBI0XMiRsJnnXWhL5S/topics/XQlgh9zsLrRK6vilmJPA","true","topic","topic","rn-nursing-course-health-assessment-practice-questions","rn-nursing-course-health-assessment-practice-questions","Health Assessment"
"mrjuchULP3snqkVgA6nX","quiz","fundamentals-proctored-exam-practice-questions-set-10","fundamentals-proctored-exam-practice-questions-set-10","Fundamentals Proctored Exam Practice Questions - Set 10","nursing-test-bank","SuT1noZoNGEjKGR1vTbi","zMFBI0XMiRsJnnXWhL5S","sBc3Ee7TKg33PIbmj4Hb","GfAI8xyIeeteP8gLaD0R","pillarPages/nursing-test-bank/subPages/SuT1noZoNGEjKGR1vTbi/nestedSubPages/zMFBI0XMiRsJnnXWhL5S/topics/sBc3Ee7TKg33PIbmj4Hb/quizzes/GfAI8xyIeeteP8gLaD0R","true","quiz","quiz","fundamentals-proctored-exam-practice-questions-set-10","fundamentals-proctored-exam-practice-questions-set-10","Fundamentals Proctored Exam Practice Questions - Set 10"
"mt39rlCs5ASB9j1CaGD8","quiz","ati-rn-comprehensive-predictor-2023-retake-1-proctored-exam","ati-rn-comprehensive-predictor-2023-retake-1-proctored-exam","ATI RN Comprehensive Predictor 2023 Retake 1 Proctored Exam","nursing-exit-exam","S4vSoa5bxDgZ1L5kLOJe","QsMAv9L9bzYoFjgdfKgH","","mEBhNztauhOgWhy70kYa","pillarPages/nursing-exit-exam/subPages/S4vSoa5bxDgZ1L5kLOJe/nestedSubPages/QsMAv9L9bzYoFjgdfKgH/quizzes/mEBhNztauhOgWhy70kYa","true","quiz","quiz","ati-rn-comprehensive-predictor-2023-retake-1-proctored-exam","ati-rn-comprehensive-predictor-2023-retake-1-proctored-exam","ATI RN Comprehensive Predictor 2023 Retake 1 Proctored Exam"
"mtIAUA5jSvYNkPYcTj9X","quiz","human-anatomy-and-physiology-ii-proctored-exam-arizona-college-practice-questions","human-anatomy-and-physiology-ii-proctored-exam-arizona-college-practice-questions","Human Anatomy and Physiology II Proctored Exam (Arizona College) Practice Questions","nursing-test-bank","SuT1noZoNGEjKGR1vTbi","zMFBI0XMiRsJnnXWhL5S","PavJlfHXwXRUhopKAOO9","bKoK4y8WHnxwj3XAEtgl","pillarPages/nursing-test-bank/subPages/SuT1noZoNGEjKGR1vTbi/nestedSubPages/zMFBI0XMiRsJnnXWhL5S/topics/PavJlfHXwXRUhopKAOO9/quizzes/bKoK4y8WHnxwj3XAEtgl","true","quiz","quiz","human-anatomy-and-physiology-ii-proctored-exam-arizona-college-practice-questions","human-anatomy-and-physiology-ii-proctored-exam-arizona-college-practice-questions","Human Anatomy and Physiology II Proctored Exam (Arizona College) Practice Questions"
"muu6CTeLGA5qF8U1lq4e","quiz","fundamentals-of-nursing-proctored-exam-3-south-tampa-university-practice-questions","fundamentals-of-nursing-proctored-exam-3-south-tampa-university-practice-questions","Fundamentals of Nursing Proctored Exam #3 South Tampa University Practice Questions","nursing-test-bank","SuT1noZoNGEjKGR1vTbi","zMFBI0XMiRsJnnXWhL5S","sBc3Ee7TKg33PIbmj4Hb","Uz3uS4wgzMCiEI2a5RGn","pillarPages/nursing-test-bank/subPages/SuT1noZoNGEjKGR1vTbi/nestedSubPages/zMFBI0XMiRsJnnXWhL5S/topics/sBc3Ee7TKg33PIbmj4Hb/quizzes/Uz3uS4wgzMCiEI2a5RGn","true","quiz","quiz","fundamentals-of-nursing-proctored-exam-3-south-tampa-university-practice-questions","fundamentals-of-nursing-proctored-exam-3-south-tampa-university-practice-questions","Fundamentals of Nursing Proctored Exam #3 South Tampa University Practice Questions"
"mwByEaEdtglqmfamhzAP","quiz","hesi-rn-maternal-newborn-proctored-exam-practice-questions-set-4","hesi-rn-maternal-newborn-proctored-exam-practice-questions-set-4","HESI RN Maternal Newborn Proctored Exam Practice Questions - Set 4","nursing-test-bank","SuT1noZoNGEjKGR1vTbi","iT55qp9NAFOvZLBAiQzC","ULDy5qJrNGEhyYIuXZvp","B7G9VusMXp0er21SDP4U","pillarPages/nursing-test-bank/subPages/SuT1noZoNGEjKGR1vTbi/nestedSubPages/iT55qp9NAFOvZLBAiQzC/topics/ULDy5qJrNGEhyYIuXZvp/quizzes/B7G9VusMXp0er21SDP4U","true","quiz","quiz","hesi-rn-maternal-newborn-proctored-exam-practice-questions-set-4","hesi-rn-maternal-newborn-proctored-exam-practice-questions-set-4","HESI RN Maternal Newborn Proctored Exam Practice Questions - Set 4"
"n09OCopdJUjEak8j1wRO","quiz","hesi-a2-grammar-practice-test-set-2","hesi-a2-grammar-practice-test-set-2","","nursing-entrance-exam","rdYGUZ9DzFvAmo6EsrVe","XYJ11eHtMbIhQnTYPS6j","","hesi-a2-grammar-practice-test-set-2","pillarPages/nursing-entrance-exam/subPages/rdYGUZ9DzFvAmo6EsrVe/nestedSubPages/XYJ11eHtMbIhQnTYPS6j/quizzes/hesi-a2-grammar-practice-test-set-2","true","quiz","entrance_quiz_subject","hesi-a2-grammar-practice-test-set-2","hesi-a2-grammar-practice-test-set-2","HESI A2 Grammar Practice Test Set 2"
"n2k9BeLtvs7g9LRWmIw4","quiz","rn-pharmacology-2019-proctored-exam-4-practice-questions","rn-pharmacology-2019-proctored-exam-4-practice-questions","RN Pharmacology 2019 Proctored Exam 4 Practice Questions","nursing-test-bank","SuT1noZoNGEjKGR1vTbi","zMFBI0XMiRsJnnXWhL5S","qjQzp4HMFByeL1UEKGDd","vwdorMLr2JTj5TZXp9Rj","pillarPages/nursing-test-bank/subPages/SuT1noZoNGEjKGR1vTbi/nestedSubPages/zMFBI0XMiRsJnnXWhL5S/topics/qjQzp4HMFByeL1UEKGDd/quizzes/vwdorMLr2JTj5TZXp9Rj","true","quiz","quiz","rn-pharmacology-2019-proctored-exam-4-practice-questions","rn-pharmacology-2019-proctored-exam-4-practice-questions","RN Pharmacology 2019 Proctored Exam 4 Practice Questions"
"n49uQSbBd96pOxzAn0L7","quiz","ati-pn-med-surg-level-3-proctored-exam-practice-questions","ati-pn-med-surg-level-3-proctored-exam-practice-questions","ATI PN Med Surg Level 3 Proctored Exam Practice Questions","nursing-test-bank","z0xzINtS3EohZNaKosBz","lyrHg4RBzN6UafuymMFT","NywbGW22YNeZSM3kuwKk","U4lWr0seZUDaCLMeCVtD","pillarPages/nursing-test-bank/subPages/z0xzINtS3EohZNaKosBz/nestedSubPages/lyrHg4RBzN6UafuymMFT/topics/NywbGW22YNeZSM3kuwKk/quizzes/U4lWr0seZUDaCLMeCVtD","true","quiz","quiz","ati-pn-med-surg-level-3-proctored-exam-practice-questions","ati-pn-med-surg-level-3-proctored-exam-practice-questions","ATI PN Med Surg Level 3 Proctored Exam Practice Questions"
"n6WfyHJ0sEwCjdjyp2YM","quiz","ati-pn-mental-health-2023-proctored-exam-practice-questions-set-17","ati-pn-mental-health-2023-proctored-exam-practice-questions-set-17","ATI PN Mental Health 2023 Proctored Exam Practice Questions - Set 17","nursing-test-bank","z0xzINtS3EohZNaKosBz","lyrHg4RBzN6UafuymMFT","6i5h4wWlOfz4R8huNTkC","Z4NAfejpaDgZZHU9Qdpz","pillarPages/nursing-test-bank/subPages/z0xzINtS3EohZNaKosBz/nestedSubPages/lyrHg4RBzN6UafuymMFT/topics/6i5h4wWlOfz4R8huNTkC/quizzes/Z4NAfejpaDgZZHU9Qdpz","true","quiz","quiz","ati-pn-mental-health-2023-proctored-exam-practice-questions-set-17","ati-pn-mental-health-2023-proctored-exam-practice-questions-set-17","ATI PN Mental Health 2023 Proctored Exam Practice Questions - Set 17"
"n9nXVLGDe43AkFF7rdbH","quiz","lpn-fundamentals-proctored-exam-basic-nursing-final-exam-practice-questions","lpn-fundamentals-proctored-exam-basic-nursing-final-exam-practice-questions","LPN Fundamentals Proctored Exam (Basic Nursing Final Exam) Practice Questions","nursing-test-bank","z0xzINtS3EohZNaKosBz","3K3wv7IGcDcXvSNM9Kxm","XKenRdlHMVfdY4Dl99G2","RDPfWegRnp00CbxIiGpj","pillarPages/nursing-test-bank/subPages/z0xzINtS3EohZNaKosBz/nestedSubPages/3K3wv7IGcDcXvSNM9Kxm/topics/XKenRdlHMVfdY4Dl99G2/quizzes/RDPfWegRnp00CbxIiGpj","true","quiz","quiz","lpn-fundamentals-proctored-exam-basic-nursing-final-exam-practice-questions","lpn-fundamentals-proctored-exam-basic-nursing-final-exam-practice-questions","LPN Fundamentals Proctored Exam (Basic Nursing Final Exam) Practice Questions"
"nBLH76L2rfqOvTGi6sKe","quiz","ati-pn-med-surg-level-2-test-5-proctored-exam-practice-questions","ati-pn-med-surg-level-2-test-5-proctored-exam-practice-questions","ATI PN Med Surg Level 2 Test 5 Proctored Exam Practice Questions","nursing-test-bank","z0xzINtS3EohZNaKosBz","lyrHg4RBzN6UafuymMFT","NywbGW22YNeZSM3kuwKk","oJVRP92APDOvSssMxVQx","pillarPages/nursing-test-bank/subPages/z0xzINtS3EohZNaKosBz/nestedSubPages/lyrHg4RBzN6UafuymMFT/topics/NywbGW22YNeZSM3kuwKk/quizzes/oJVRP92APDOvSssMxVQx","true","quiz","quiz","ati-pn-med-surg-level-2-test-5-proctored-exam-practice-questions","ati-pn-med-surg-level-2-test-5-proctored-exam-practice-questions","ATI PN Med Surg Level 2 Test 5 Proctored Exam Practice Questions"
"nBMM7sq8RZMabopWjlFp","quiz","ati-pn-pharmacology-proctored-exam-practice-questions-set-10","ati-pn-pharmacology-proctored-exam-practice-questions-set-10","ATI PN Pharmacology Proctored Exam Practice Questions - Set 10","nursing-test-bank","z0xzINtS3EohZNaKosBz","lyrHg4RBzN6UafuymMFT","13a3GLxldltUqhIxNzkr","9DQZ5sAHUDawCX6vTEMV","pillarPages/nursing-test-bank/subPages/z0xzINtS3EohZNaKosBz/nestedSubPages/lyrHg4RBzN6UafuymMFT/topics/13a3GLxldltUqhIxNzkr/quizzes/9DQZ5sAHUDawCX6vTEMV","true","quiz","quiz","ati-pn-pharmacology-proctored-exam-practice-questions-set-10","ati-pn-pharmacology-proctored-exam-practice-questions-set-10","ATI PN Pharmacology Proctored Exam Practice Questions - Set 10"
"nHmsCAETF3E9ZR2qHAPr","quiz","ati-pn-dosage-calculation-fundamentals-proctored-assessment-3-1-practice-questions","ati-pn-dosage-calculation-fundamentals-proctored-assessment-3-1-practice-questions","ATI PN Dosage Calculation Fundamentals Proctored Assessment 3.1 Practice Questions","nursing-test-bank","z0xzINtS3EohZNaKosBz","lyrHg4RBzN6UafuymMFT","NHgx9LFXpsLVcFjsOujF","e3an4MSCOHentPl3utlK","pillarPages/nursing-test-bank/subPages/z0xzINtS3EohZNaKosBz/nestedSubPages/lyrHg4RBzN6UafuymMFT/topics/NHgx9LFXpsLVcFjsOujF/quizzes/e3an4MSCOHentPl3utlK","true","quiz","quiz","ati-pn-dosage-calculation-fundamentals-proctored-assessment-3-1-practice-questions","ati-pn-dosage-calculation-fundamentals-proctored-assessment-3-1-practice-questions","ATI PN Dosage Calculation Fundamentals Proctored Assessment 3.1 Practice Questions"
"nI6eA5MEVve7vEWn5mYu","quiz","lpn-anatomy-and-physiology-proctored-exam-practice-questions","lpn-anatomy-and-physiology-proctored-exam-practice-questions","LPN Anatomy and Physiology Proctored Exam Practice Questions","nursing-test-bank","SuT1noZoNGEjKGR1vTbi","zMFBI0XMiRsJnnXWhL5S","PavJlfHXwXRUhopKAOO9","obLgG1dl2HKxhBWFu5sv","pillarPages/nursing-test-bank/subPages/SuT1noZoNGEjKGR1vTbi/nestedSubPages/zMFBI0XMiRsJnnXWhL5S/topics/PavJlfHXwXRUhopKAOO9/quizzes/obLgG1dl2HKxhBWFu5sv","true","quiz","quiz","lpn-anatomy-and-physiology-proctored-exam-practice-questions","lpn-anatomy-and-physiology-proctored-exam-practice-questions","LPN Anatomy and Physiology Proctored Exam Practice Questions"
"nLOO2kDHCxULdDNa1tb5","quiz","pharmacology-2-proctored-exam-practice-questions","pharmacology-2-proctored-exam-practice-questions","Pharmacology 2 Proctored Exam Practice Questions","nursing-test-bank","SuT1noZoNGEjKGR1vTbi","zMFBI0XMiRsJnnXWhL5S","qjQzp4HMFByeL1UEKGDd","dB5Yo4Uy2n9bNBkPk95n","pillarPages/nursing-test-bank/subPages/SuT1noZoNGEjKGR1vTbi/nestedSubPages/zMFBI0XMiRsJnnXWhL5S/topics/qjQzp4HMFByeL1UEKGDd/quizzes/dB5Yo4Uy2n9bNBkPk95n","true","quiz","quiz","pharmacology-2-proctored-exam-practice-questions","pharmacology-2-proctored-exam-practice-questions","Pharmacology 2 Proctored Exam Practice Questions"
"nSDHC0Zd9DkkvYxLnPvc","quiz","ati-pn-nursing-care-of-children-with-ngn-2020-proctored-exam-practice-questions","ati-pn-nursing-care-of-children-with-ngn-2020-proctored-exam-practice-questions","ATI PN Nursing Care of Children with NGN 2020 Proctored Exam Practice Questions","nursing-test-bank","z0xzINtS3EohZNaKosBz","lyrHg4RBzN6UafuymMFT","Y0MhOdG0hGVh8AUsgVrz","tGdodBPumxHO7hUHZzci","pillarPages/nursing-test-bank/subPages/z0xzINtS3EohZNaKosBz/nestedSubPages/lyrHg4RBzN6UafuymMFT/topics/Y0MhOdG0hGVh8AUsgVrz/quizzes/tGdodBPumxHO7hUHZzci","true","quiz","quiz","ati-pn-nursing-care-of-children-with-ngn-2020-proctored-exam-practice-questions","ati-pn-nursing-care-of-children-with-ngn-2020-proctored-exam-practice-questions","ATI PN Nursing Care of Children with NGN 2020 Proctored Exam Practice Questions"
"nSWCbQt1z400T7eYtENQ","quiz","hesi-rn-exit-proctored-exam-form-3","hesi-rn-exit-proctored-exam-form-3","HESI RN Exit Proctored Exam Form 3","nursing-exit-exam","S4vSoa5bxDgZ1L5kLOJe","MVHmi7FJbSDlPPz28jh5","","YeWh2pzxrGVPHcnVVNwZ","pillarPages/nursing-exit-exam/subPages/S4vSoa5bxDgZ1L5kLOJe/nestedSubPages/MVHmi7FJbSDlPPz28jh5/quizzes/YeWh2pzxrGVPHcnVVNwZ","true","quiz","quiz","hesi-rn-exit-proctored-exam-form-3","hesi-rn-exit-proctored-exam-form-3","HESI RN Exit Proctored Exam Form 3"
"nU9Dtv63Nehultih4yvd","quiz","rn-comprehensive-predictor-proctored-exam-national-u-ca-san-diego","rn-comprehensive-predictor-proctored-exam-national-u-ca-san-diego","RN Comprehensive Predictor Proctored Exam (National U CA San Diego)","nursing-exit-exam","S4vSoa5bxDgZ1L5kLOJe","QsMAv9L9bzYoFjgdfKgH","","kL0S902iR5V8xN6A0dsn","pillarPages/nursing-exit-exam/subPages/S4vSoa5bxDgZ1L5kLOJe/nestedSubPages/QsMAv9L9bzYoFjgdfKgH/quizzes/kL0S902iR5V8xN6A0dsn","true","quiz","quiz","rn-comprehensive-predictor-proctored-exam-national-u-ca-san-diego","rn-comprehensive-predictor-proctored-exam-national-u-ca-san-diego","RN Comprehensive Predictor Proctored Exam (National U CA San Diego)"
"nVOlrhvBB6lVRQIbPRyq","quiz","hesi-rn-nur2520-psychiatric-nursing-proctored-exam-2-practice-questions","hesi-rn-nur2520-psychiatric-nursing-proctored-exam-2-practice-questions","HESI RN Nur2520 Psychiatric Nursing Proctored Exam 2 Practice Questions","nursing-test-bank","SuT1noZoNGEjKGR1vTbi","iT55qp9NAFOvZLBAiQzC","nWHmcLCOYFPkjaWIHcVu","N5QCeoVFPwGlHnbEn530","pillarPages/nursing-test-bank/subPages/SuT1noZoNGEjKGR1vTbi/nestedSubPages/iT55qp9NAFOvZLBAiQzC/topics/nWHmcLCOYFPkjaWIHcVu/quizzes/N5QCeoVFPwGlHnbEn530","true","quiz","quiz","hesi-rn-nur2520-psychiatric-nursing-proctored-exam-2-practice-questions","hesi-rn-nur2520-psychiatric-nursing-proctored-exam-2-practice-questions","HESI RN Nur2520 Psychiatric Nursing Proctored Exam 2 Practice Questions"
"ncxKXG1dc9Iu1Mt55S2j","topic","ati-pn-microbiology-practice-questions","ati-pn-microbiology-practice-questions","ATI PN Microbiology Practice Questions","nursing-test-bank","z0xzINtS3EohZNaKosBz","lyrHg4RBzN6UafuymMFT","WbwHB0Gt3hYPqBVYZyUt","","pillarPages/nursing-test-bank/subPages/z0xzINtS3EohZNaKosBz/nestedSubPages/lyrHg4RBzN6UafuymMFT/topics/WbwHB0Gt3hYPqBVYZyUt","true","topic","topic","ati-pn-microbiology-practice-questions","ati-pn-microbiology-practice-questions","Microbiology"
"nfcM21Fo14K33cs4MiMo","quiz","nurs-2258-4331-pediatrics-proctored-exam-practice-questions","nurs-2258-4331-pediatrics-proctored-exam-practice-questions","NURS 2258-4331 Pediatrics Proctored Exam Practice Questions","nursing-test-bank","SuT1noZoNGEjKGR1vTbi","zMFBI0XMiRsJnnXWhL5S","Hwspg6smTqrELsoRSNmc","tUjgDj6E9DbU0ew9MxwW","pillarPages/nursing-test-bank/subPages/SuT1noZoNGEjKGR1vTbi/nestedSubPages/zMFBI0XMiRsJnnXWhL5S/topics/Hwspg6smTqrELsoRSNmc/quizzes/tUjgDj6E9DbU0ew9MxwW","true","quiz","quiz","nurs-2258-4331-pediatrics-proctored-exam-practice-questions","nurs-2258-4331-pediatrics-proctored-exam-practice-questions","NURS 2258-4331 Pediatrics Proctored Exam Practice Questions"
"nksidg28qlh2p6GUou4y","quiz","med-surg-proctored-exam-3-practice-questions","med-surg-proctored-exam-3-practice-questions","Med Surg Proctored Exam 3 Practice Questions","nursing-test-bank","SuT1noZoNGEjKGR1vTbi","zMFBI0XMiRsJnnXWhL5S","4xNDZPMszSkpgRfEsOck","lebFu8klEDivsuA5H3PG","pillarPages/nursing-test-bank/subPages/SuT1noZoNGEjKGR1vTbi/nestedSubPages/zMFBI0XMiRsJnnXWhL5S/topics/4xNDZPMszSkpgRfEsOck/quizzes/lebFu8klEDivsuA5H3PG","true","quiz","quiz","med-surg-proctored-exam-3-practice-questions","med-surg-proctored-exam-3-practice-questions","Med Surg Proctored Exam 3 Practice Questions"
"nlw54yCJD9RShHRNju9E","topic","ati-pn-comprehensive-review-practice-questions","ati-pn-comprehensive-review-practice-questions","ATI PN Comprehensive Review Practice Questions","nursing-test-bank","z0xzINtS3EohZNaKosBz","lyrHg4RBzN6UafuymMFT","AIrzHbC5yDHk6TUjdEeM","","pillarPages/nursing-test-bank/subPages/z0xzINtS3EohZNaKosBz/nestedSubPages/lyrHg4RBzN6UafuymMFT/topics/AIrzHbC5yDHk6TUjdEeM","true","topic","topic","ati-pn-comprehensive-review-practice-questions","ati-pn-comprehensive-review-practice-questions","Comprehensive Review"
"noXq1g4gcgHl5zfuzvan","quiz","med-surg-proctored-exam-5-practice-questions","med-surg-proctored-exam-5-practice-questions","Med Surg Proctored Exam 5 Practice Questions","nursing-test-bank","SuT1noZoNGEjKGR1vTbi","zMFBI0XMiRsJnnXWhL5S","4xNDZPMszSkpgRfEsOck","tV0VQVywHvEiNbG354yG","pillarPages/nursing-test-bank/subPages/SuT1noZoNGEjKGR1vTbi/nestedSubPages/zMFBI0XMiRsJnnXWhL5S/topics/4xNDZPMszSkpgRfEsOck/quizzes/tV0VQVywHvEiNbG354yG","true","quiz","quiz","med-surg-proctored-exam-5-practice-questions","med-surg-proctored-exam-5-practice-questions","Med Surg Proctored Exam 5 Practice Questions"
"npGqU5VakfBnTyiBS11f","quiz","ati-pn-anatomy-and-physiology-proctored-exam-practice-questions-set-7","ati-pn-anatomy-and-physiology-proctored-exam-practice-questions-set-7","ATI PN Anatomy and Physiology Proctored Exam Practice Questions - Set 7","nursing-test-bank","z0xzINtS3EohZNaKosBz","lyrHg4RBzN6UafuymMFT","j5H2Ra9IgckkioC7vNSj","M9QU2W6AbvrmWM9FUtnK","pillarPages/nursing-test-bank/subPages/z0xzINtS3EohZNaKosBz/nestedSubPages/lyrHg4RBzN6UafuymMFT/topics/j5H2Ra9IgckkioC7vNSj/quizzes/M9QU2W6AbvrmWM9FUtnK","true","quiz","quiz","ati-pn-anatomy-and-physiology-proctored-exam-practice-questions-set-7","ati-pn-anatomy-and-physiology-proctored-exam-practice-questions-set-7","ATI PN Anatomy and Physiology Proctored Exam Practice Questions - Set 7"
"ntOB0DTSTfXkgYWWHVdv","quiz","hesi-rn-foundation-of-nursing-proctored-exam-practice-questions-set-1","hesi-rn-foundation-of-nursing-proctored-exam-practice-questions-set-1","HESI RN Foundation of Nursing Proctored Exam Practice Questions - Set 1","nursing-test-bank","SuT1noZoNGEjKGR1vTbi","iT55qp9NAFOvZLBAiQzC","70YsvvAfpEoWkJ2zO8Vy","NfPJ265rq9c8di4ztbOj","pillarPages/nursing-test-bank/subPages/SuT1noZoNGEjKGR1vTbi/nestedSubPages/iT55qp9NAFOvZLBAiQzC/topics/70YsvvAfpEoWkJ2zO8Vy/quizzes/NfPJ265rq9c8di4ztbOj","true","quiz","quiz","hesi-rn-foundation-of-nursing-proctored-exam-practice-questions-set-1","hesi-rn-foundation-of-nursing-proctored-exam-practice-questions-set-1","HESI RN Foundation of Nursing Proctored Exam Practice Questions - Set 1"
"nuar2xn9fJOOp9SjIWeM","quiz","pharmacology-proctored-exam-examplify-practice-questions-set-2","pharmacology-proctored-exam-examplify-practice-questions-set-2","Pharmacology Proctored Exam (Examplify) Practice Questions - Set 2","nursing-test-bank","SuT1noZoNGEjKGR1vTbi","zMFBI0XMiRsJnnXWhL5S","qjQzp4HMFByeL1UEKGDd","QSnqz1EGltVJC57t8K3F","pillarPages/nursing-test-bank/subPages/SuT1noZoNGEjKGR1vTbi/nestedSubPages/zMFBI0XMiRsJnnXWhL5S/topics/qjQzp4HMFByeL1UEKGDd/quizzes/QSnqz1EGltVJC57t8K3F","true","quiz","quiz","pharmacology-proctored-exam-examplify-practice-questions-set-2","pharmacology-proctored-exam-examplify-practice-questions-set-2","Pharmacology Proctored Exam (Examplify) Practice Questions - Set 2"
"nx2mzki98cNZF4w5hROQ","quiz","teas-english-practice-test-set-16","teas-english-practice-test-set-16","","nursing-entrance-exam","yrdSf0KpOcuybL1SLnw7","ykWIONcheFBJ7ooEl7WK","","vQ9mppphFwU4bztSDv0H","pillarPages/nursing-entrance-exam/subPages/yrdSf0KpOcuybL1SLnw7/nestedSubPages/ykWIONcheFBJ7ooEl7WK/quizzes/vQ9mppphFwU4bztSDv0H","true","quiz","quiz","teas-english-practice-test-set-16","teas-english-practice-test-set-16","TEAS English Practice Test Set 16"
"o5Mmo1EPJVS4jVUl9nZy","quiz","ati-pn-mental-health-dec-2023-proctored-exam-practice-questions","ati-pn-mental-health-dec-2023-proctored-exam-practice-questions","ATI PN Mental Health Dec 2023 Proctored Exam Practice Questions","nursing-test-bank","z0xzINtS3EohZNaKosBz","lyrHg4RBzN6UafuymMFT","6i5h4wWlOfz4R8huNTkC","rTkSrc4oGYh0s0m8BvK8","pillarPages/nursing-test-bank/subPages/z0xzINtS3EohZNaKosBz/nestedSubPages/lyrHg4RBzN6UafuymMFT/topics/6i5h4wWlOfz4R8huNTkC/quizzes/rTkSrc4oGYh0s0m8BvK8","true","quiz","quiz","ati-pn-mental-health-dec-2023-proctored-exam-practice-questions","ati-pn-mental-health-dec-2023-proctored-exam-practice-questions","ATI PN Mental Health Dec 2023 Proctored Exam Practice Questions"
"o6FhBlpI6JHoeqhVZnMc","quiz","ati-pn-fundamentals-2023-proctored-exam-practice-questions-set-31","ati-pn-fundamentals-2023-proctored-exam-practice-questions-set-31","ATI PN Fundamentals 2023 Proctored Exam Practice Questions - Set 31","nursing-test-bank","z0xzINtS3EohZNaKosBz","lyrHg4RBzN6UafuymMFT","1Lb0PkKiTEM2wQOIMDtv","lwdohHRSG8YNgZ4jMGVd","pillarPages/nursing-test-bank/subPages/z0xzINtS3EohZNaKosBz/nestedSubPages/lyrHg4RBzN6UafuymMFT/topics/1Lb0PkKiTEM2wQOIMDtv/quizzes/lwdohHRSG8YNgZ4jMGVd","true","quiz","quiz","ati-pn-fundamentals-2023-proctored-exam-practice-questions-set-31","ati-pn-fundamentals-2023-proctored-exam-practice-questions-set-31","ATI PN Fundamentals 2023 Proctored Exam Practice Questions - Set 31"
"o8U3A5K6E5pRAik5STXx","quiz","ati-pn-adult-medical-surgical-2023-proctored-exam-practice-questions-set-50","ati-pn-adult-medical-surgical-2023-proctored-exam-practice-questions-set-50","ATI PN Adult Medical Surgical 2023 Proctored Exam Practice Questions - Set 50","nursing-test-bank","z0xzINtS3EohZNaKosBz","lyrHg4RBzN6UafuymMFT","NywbGW22YNeZSM3kuwKk","dvBKvnLd8bkg4O6JHBAC","pillarPages/nursing-test-bank/subPages/z0xzINtS3EohZNaKosBz/nestedSubPages/lyrHg4RBzN6UafuymMFT/topics/NywbGW22YNeZSM3kuwKk/quizzes/dvBKvnLd8bkg4O6JHBAC","true","quiz","quiz","ati-pn-adult-medical-surgical-2023-proctored-exam-practice-questions-set-50","ati-pn-adult-medical-surgical-2023-proctored-exam-practice-questions-set-50","ATI PN Adult Medical Surgical 2023 Proctored Exam Practice Questions - Set 50"
"o988XbvM3NfFbqWfc2oR","quiz","mental-health-proctored-exam-examplify-practice-questions","mental-health-proctored-exam-examplify-practice-questions","Mental Health Proctored Exam(Examplify) Practice Questions","nursing-test-bank","SuT1noZoNGEjKGR1vTbi","zMFBI0XMiRsJnnXWhL5S","dwj41dVBiWR9v4FRpKhC","HSwWr4lZfNsrWzlqFYy2","pillarPages/nursing-test-bank/subPages/SuT1noZoNGEjKGR1vTbi/nestedSubPages/zMFBI0XMiRsJnnXWhL5S/topics/dwj41dVBiWR9v4FRpKhC/quizzes/HSwWr4lZfNsrWzlqFYy2","true","quiz","quiz","mental-health-proctored-exam-examplify-practice-questions","mental-health-proctored-exam-examplify-practice-questions","Mental Health Proctored Exam(Examplify) Practice Questions"
"oM54urlSRowTuutWfvWo","quiz","adult-health-med-surg-proctored-exam-viterbo-university-practice-questions","adult-health-med-surg-proctored-exam-viterbo-university-practice-questions","Adult Health Med Surg Proctored Exam (Viterbo University) Practice Questions","nursing-test-bank","SuT1noZoNGEjKGR1vTbi","zMFBI0XMiRsJnnXWhL5S","L2wWtC9VGd9bcVlQMhD1","a5iVq0fBncAIKKk6TNCG","pillarPages/nursing-test-bank/subPages/SuT1noZoNGEjKGR1vTbi/nestedSubPages/zMFBI0XMiRsJnnXWhL5S/topics/L2wWtC9VGd9bcVlQMhD1/quizzes/a5iVq0fBncAIKKk6TNCG","true","quiz","quiz","adult-health-med-surg-proctored-exam-viterbo-university-practice-questions","adult-health-med-surg-proctored-exam-viterbo-university-practice-questions","Adult Health Med Surg Proctored Exam (Viterbo University) Practice Questions"
"oNRP2zovjLpqGUhBr3M2","quiz","mental-health-proctored-exam-2-practice-questions","mental-health-proctored-exam-2-practice-questions","Mental Health - Proctored Exam 2 Practice Questions","nursing-test-bank","SuT1noZoNGEjKGR1vTbi","zMFBI0XMiRsJnnXWhL5S","dwj41dVBiWR9v4FRpKhC","Ah6gtaXJBw27bNWCRpwN","pillarPages/nursing-test-bank/subPages/SuT1noZoNGEjKGR1vTbi/nestedSubPages/zMFBI0XMiRsJnnXWhL5S/topics/dwj41dVBiWR9v4FRpKhC/quizzes/Ah6gtaXJBw27bNWCRpwN","true","quiz","quiz","mental-health-proctored-exam-2-practice-questions","mental-health-proctored-exam-2-practice-questions","Mental Health - Proctored Exam 2 Practice Questions"
"oNe4ya7peBdzUfCHFwDL","quiz","med-surg-proctored-exam-practice-questions-set-78","med-surg-proctored-exam-practice-questions-set-78","Med Surg Proctored Exam Practice Questions - Set 78","nursing-test-bank","SuT1noZoNGEjKGR1vTbi","zMFBI0XMiRsJnnXWhL5S","4xNDZPMszSkpgRfEsOck","bxEnceOHYKbq97fBDGLt","pillarPages/nursing-test-bank/subPages/SuT1noZoNGEjKGR1vTbi/nestedSubPages/zMFBI0XMiRsJnnXWhL5S/topics/4xNDZPMszSkpgRfEsOck/quizzes/bxEnceOHYKbq97fBDGLt","true","quiz","quiz","med-surg-proctored-exam-practice-questions-set-78","med-surg-proctored-exam-practice-questions-set-78","Med Surg Proctored Exam Practice Questions - Set 78"
"oSCeELSn029gWKcskijJ","quiz","ati-pn-med-surg-proctored-exam-3-practice-questions","ati-pn-med-surg-proctored-exam-3-practice-questions","ATI PN Med Surg Proctored Exam 3 Practice Questions","nursing-test-bank","z0xzINtS3EohZNaKosBz","lyrHg4RBzN6UafuymMFT","NywbGW22YNeZSM3kuwKk","3bRF6qKDmGnCadouiYFL","pillarPages/nursing-test-bank/subPages/z0xzINtS3EohZNaKosBz/nestedSubPages/lyrHg4RBzN6UafuymMFT/topics/NywbGW22YNeZSM3kuwKk/quizzes/3bRF6qKDmGnCadouiYFL","true","quiz","quiz","ati-pn-med-surg-proctored-exam-3-practice-questions","ati-pn-med-surg-proctored-exam-3-practice-questions","ATI PN Med Surg Proctored Exam 3 Practice Questions"
"oSLC91KXs6UKqu2HKiRw","quiz","hesi-rn-dosage-calculations-proctored-exam-practice-questions-set-15","hesi-rn-dosage-calculations-proctored-exam-practice-questions-set-15","HESI RN Dosage Calculations Proctored Exam Practice Questions - Set 15","nursing-test-bank","SuT1noZoNGEjKGR1vTbi","iT55qp9NAFOvZLBAiQzC","dfRlrdGOvpDhVVXIqa0H","SVVQfOKYIggLRcDTT7b5","pillarPages/nursing-test-bank/subPages/SuT1noZoNGEjKGR1vTbi/nestedSubPages/iT55qp9NAFOvZLBAiQzC/topics/dfRlrdGOvpDhVVXIqa0H/quizzes/SVVQfOKYIggLRcDTT7b5","true","quiz","quiz","hesi-rn-dosage-calculations-proctored-exam-practice-questions-set-15","hesi-rn-dosage-calculations-proctored-exam-practice-questions-set-15","HESI RN Dosage Calculations Proctored Exam Practice Questions - Set 15"
"obGyxwqKQFsgQDXrVAGw","quiz","ati-comprehensive-predictor-2023-exit-proctored-exam-a","ati-comprehensive-predictor-2023-exit-proctored-exam-a","ATI Comprehensive Predictor 2023 Exit Proctored Exam A","nursing-exit-exam","S4vSoa5bxDgZ1L5kLOJe","QsMAv9L9bzYoFjgdfKgH","","kpIDuI00sFiNtKQ3XGcg","pillarPages/nursing-exit-exam/subPages/S4vSoa5bxDgZ1L5kLOJe/nestedSubPages/QsMAv9L9bzYoFjgdfKgH/quizzes/kpIDuI00sFiNtKQ3XGcg","true","quiz","quiz","ati-comprehensive-predictor-2023-exit-proctored-exam-a","ati-comprehensive-predictor-2023-exit-proctored-exam-a","ATI Comprehensive Predictor 2023 Exit Proctored Exam A"
"ojeITwbUZrhI5QJ1waw8","quiz","pnu-adult-health-ii-spring-2023-proctored-exam-2-practice-questions","pnu-adult-health-ii-spring-2023-proctored-exam-2-practice-questions","Pnu Adult Health II Spring 2023 Proctored Exam 2 Practice Questions","nursing-test-bank","SuT1noZoNGEjKGR1vTbi","zMFBI0XMiRsJnnXWhL5S","L2wWtC9VGd9bcVlQMhD1","8QHlFcMuvxDtESolxrmh","pillarPages/nursing-test-bank/subPages/SuT1noZoNGEjKGR1vTbi/nestedSubPages/zMFBI0XMiRsJnnXWhL5S/topics/L2wWtC9VGd9bcVlQMhD1/quizzes/8QHlFcMuvxDtESolxrmh","true","quiz","quiz","pnu-adult-health-ii-spring-2023-proctored-exam-2-practice-questions","pnu-adult-health-ii-spring-2023-proctored-exam-2-practice-questions","Pnu Adult Health II Spring 2023 Proctored Exam 2 Practice Questions"
"okuqMGfLzXn2vh6kz8bL","quiz","nut-200g-nutrition-proctored-exam-hellen-fuld-nursing-college-practice-questions","nut-200g-nutrition-proctored-exam-hellen-fuld-nursing-college-practice-questions","Nut 200G Nutrition Proctored Exam (Hellen Fuld Nursing College) Practice Questions","nursing-test-bank","SuT1noZoNGEjKGR1vTbi","zMFBI0XMiRsJnnXWhL5S","8tULxFs8rXbWFtrCCixJ","cXq2LvnV07f9cUKmWkpd","pillarPages/nursing-test-bank/subPages/SuT1noZoNGEjKGR1vTbi/nestedSubPages/zMFBI0XMiRsJnnXWhL5S/topics/8tULxFs8rXbWFtrCCixJ/quizzes/cXq2LvnV07f9cUKmWkpd","true","quiz","quiz","nut-200g-nutrition-proctored-exam-hellen-fuld-nursing-college-practice-questions","nut-200g-nutrition-proctored-exam-hellen-fuld-nursing-college-practice-questions","Nut 200G Nutrition Proctored Exam (Hellen Fuld Nursing College) Practice Questions"
"ovqgNqIw2hxR7PlmdAmV","quiz","teas-english-practice-test-set-15","teas-english-practice-test-set-15","","nursing-entrance-exam","yrdSf0KpOcuybL1SLnw7","ykWIONcheFBJ7ooEl7WK","","3KVLAfDxTrwFyVJn2Uqc","pillarPages/nursing-entrance-exam/subPages/yrdSf0KpOcuybL1SLnw7/nestedSubPages/ykWIONcheFBJ7ooEl7WK/quizzes/3KVLAfDxTrwFyVJn2Uqc","true","quiz","quiz","teas-english-practice-test-set-15","teas-english-practice-test-set-15","TEAS English Practice Test Set 15"
"p0MoLbT22RTwpfz0HIQx","quiz","nurs-612-nursing-care-for-adult-proctored-exam-med-surg-exemplify-practice-questions","nurs-612-nursing-care-for-adult-proctored-exam-med-surg-exemplify-practice-questions","NURS 612 Nursing Care for Adult Proctored Exam (Med Surg) Exemplify Practice Questions","nursing-test-bank","SuT1noZoNGEjKGR1vTbi","zMFBI0XMiRsJnnXWhL5S","4xNDZPMszSkpgRfEsOck","AFgAo8a6TiUjsOFx1Yoi","pillarPages/nursing-test-bank/subPages/SuT1noZoNGEjKGR1vTbi/nestedSubPages/zMFBI0XMiRsJnnXWhL5S/topics/4xNDZPMszSkpgRfEsOck/quizzes/AFgAo8a6TiUjsOFx1Yoi","true","quiz","quiz","nurs-612-nursing-care-for-adult-proctored-exam-med-surg-exemplify-practice-questions","nurs-612-nursing-care-for-adult-proctored-exam-med-surg-exemplify-practice-questions","NURS 612 Nursing Care for Adult Proctored Exam (Med Surg) Exemplify Practice Questions"
"p1Pv3IAdZgRI01rfqF4I","quiz","anatomy-and-physiology-proctored-exam-practice-questions-set-12","anatomy-and-physiology-proctored-exam-practice-questions-set-12","Anatomy and Physiology Proctored Exam Practice Questions - Set 12","nursing-test-bank","SuT1noZoNGEjKGR1vTbi","zMFBI0XMiRsJnnXWhL5S","PavJlfHXwXRUhopKAOO9","6Bcl2LsmOPp4H20jNiDO","pillarPages/nursing-test-bank/subPages/SuT1noZoNGEjKGR1vTbi/nestedSubPages/zMFBI0XMiRsJnnXWhL5S/topics/PavJlfHXwXRUhopKAOO9/quizzes/6Bcl2LsmOPp4H20jNiDO","true","quiz","quiz","anatomy-and-physiology-proctored-exam-practice-questions-set-12","anatomy-and-physiology-proctored-exam-practice-questions-set-12","Anatomy and Physiology Proctored Exam Practice Questions - Set 12"
"p3oyQhUSJGU0y39hFSSB","quiz","ati-rn-comprehensive-per-2023-proctored-exam","ati-rn-comprehensive-per-2023-proctored-exam","ATI RN Comprehensive Per 2023 Proctored Exam","nursing-exit-exam","S4vSoa5bxDgZ1L5kLOJe","QsMAv9L9bzYoFjgdfKgH","","5mxqPcR9vToegwoc5n4I","pillarPages/nursing-exit-exam/subPages/S4vSoa5bxDgZ1L5kLOJe/nestedSubPages/QsMAv9L9bzYoFjgdfKgH/quizzes/5mxqPcR9vToegwoc5n4I","true","quiz","quiz","ati-rn-comprehensive-per-2023-proctored-exam","ati-rn-comprehensive-per-2023-proctored-exam","ATI RN Comprehensive Per 2023 Proctored Exam"
"pDfgdEAXCHhRZbfCtJFQ","quiz","south-tampa-university-pharmacology-proctored-exam-2-practice-questions","south-tampa-university-pharmacology-proctored-exam-2-practice-questions","South Tampa University, Pharmacology Proctored Exam 2 Practice Questions","nursing-test-bank","SuT1noZoNGEjKGR1vTbi","zMFBI0XMiRsJnnXWhL5S","qjQzp4HMFByeL1UEKGDd","jQdthBuIHzavgMOrwaCp","pillarPages/nursing-test-bank/subPages/SuT1noZoNGEjKGR1vTbi/nestedSubPages/zMFBI0XMiRsJnnXWhL5S/topics/qjQzp4HMFByeL1UEKGDd/quizzes/jQdthBuIHzavgMOrwaCp","true","quiz","quiz","south-tampa-university-pharmacology-proctored-exam-2-practice-questions","south-tampa-university-pharmacology-proctored-exam-2-practice-questions","South Tampa University, Pharmacology Proctored Exam 2 Practice Questions"
"pDoHmWYEqqmWRl8kBexy","quiz","hesi-a2-biology-practice-test-set-4","hesi-a2-biology-practice-test-set-4","","nursing-entrance-exam","rdYGUZ9DzFvAmo6EsrVe","4f2Tydp51lxl4u4OtTlL","","hesi-a2-biology-practice-test-set-4","pillarPages/nursing-entrance-exam/subPages/rdYGUZ9DzFvAmo6EsrVe/nestedSubPages/4f2Tydp51lxl4u4OtTlL/quizzes/hesi-a2-biology-practice-test-set-4","true","quiz","entrance_quiz_subject","hesi-a2-biology-practice-test-set-4","hesi-a2-biology-practice-test-set-4","HESI A2 Biology Practice Test Set 4"
"pMdtaieEOOqMkLBazmV2","quiz","hesi-rn-fundamentals-with-ngn-proctored-exam-practice-questions","hesi-rn-fundamentals-with-ngn-proctored-exam-practice-questions","HESI RN Fundamentals with NGN Proctored Exam Practice Questions","nursing-test-bank","SuT1noZoNGEjKGR1vTbi","iT55qp9NAFOvZLBAiQzC","70YsvvAfpEoWkJ2zO8Vy","YUbZPDUnP6yc7WlCK3MP","pillarPages/nursing-test-bank/subPages/SuT1noZoNGEjKGR1vTbi/nestedSubPages/iT55qp9NAFOvZLBAiQzC/topics/70YsvvAfpEoWkJ2zO8Vy/quizzes/YUbZPDUnP6yc7WlCK3MP","true","quiz","quiz","hesi-rn-fundamentals-with-ngn-proctored-exam-practice-questions","hesi-rn-fundamentals-with-ngn-proctored-exam-practice-questions","HESI RN Fundamentals with NGN Proctored Exam Practice Questions"
"pNYo0i4m9NgiIy7GIOGH","quiz","ati-pn-advanced-concept-quiz-proctored-exam-practice-questions","ati-pn-advanced-concept-quiz-proctored-exam-practice-questions","ATI PN Advanced Concept Quiz Proctored Exam Practice Questions","nursing-test-bank","z0xzINtS3EohZNaKosBz","lyrHg4RBzN6UafuymMFT","1Lb0PkKiTEM2wQOIMDtv","0IapczOwzJSEcMSutZR5","pillarPages/nursing-test-bank/subPages/z0xzINtS3EohZNaKosBz/nestedSubPages/lyrHg4RBzN6UafuymMFT/topics/1Lb0PkKiTEM2wQOIMDtv/quizzes/0IapczOwzJSEcMSutZR5","true","quiz","quiz","ati-pn-advanced-concept-quiz-proctored-exam-practice-questions","ati-pn-advanced-concept-quiz-proctored-exam-practice-questions","ATI PN Advanced Concept Quiz Proctored Exam Practice Questions"
"pSB3xtBbx3NRxamYJihD","quiz","med-surg-proctored-exam-cni-college-practice-questions-set-57","med-surg-proctored-exam-cni-college-practice-questions-set-57","Med Surg Proctored Exam (Cni College) Practice Questions - Set 57","nursing-test-bank","SuT1noZoNGEjKGR1vTbi","zMFBI0XMiRsJnnXWhL5S","4xNDZPMszSkpgRfEsOck","yXINuiHNupyhUA8oW0rO","pillarPages/nursing-test-bank/subPages/SuT1noZoNGEjKGR1vTbi/nestedSubPages/zMFBI0XMiRsJnnXWhL5S/topics/4xNDZPMszSkpgRfEsOck/quizzes/yXINuiHNupyhUA8oW0rO","true","quiz","quiz","med-surg-proctored-exam-cni-college-practice-questions-set-57","med-surg-proctored-exam-cni-college-practice-questions-set-57","Med Surg Proctored Exam (Cni College) Practice Questions - Set 57"
"pY1DZUPr9dCMv0hy89sV","quiz","nursing-fundamentals-exam-3-practice-questions","nursing-fundamentals-exam-3-practice-questions","Nursing Fundamentals Exam 3 Practice Questions","nursing-test-bank","SuT1noZoNGEjKGR1vTbi","zMFBI0XMiRsJnnXWhL5S","sBc3Ee7TKg33PIbmj4Hb","a25IRnAAaxhyPcS2L6JM","pillarPages/nursing-test-bank/subPages/SuT1noZoNGEjKGR1vTbi/nestedSubPages/zMFBI0XMiRsJnnXWhL5S/topics/sBc3Ee7TKg33PIbmj4Hb/quizzes/a25IRnAAaxhyPcS2L6JM","true","quiz","quiz","nursing-fundamentals-exam-3-practice-questions","nursing-fundamentals-exam-3-practice-questions","Nursing Fundamentals Exam 3 Practice Questions"
"pYMA3nr0at7932QFFRPu","quiz","ati-pn-adult-medical-surgical-2023-74-proctored-exam-practice-questions","ati-pn-adult-medical-surgical-2023-74-proctored-exam-practice-questions","ATI PN Adult Medical Surgical 2023 74 Proctored Exam Practice Questions","nursing-test-bank","z0xzINtS3EohZNaKosBz","lyrHg4RBzN6UafuymMFT","NywbGW22YNeZSM3kuwKk","3gPVzqApGZVDzGXaPdp9","pillarPages/nursing-test-bank/subPages/z0xzINtS3EohZNaKosBz/nestedSubPages/lyrHg4RBzN6UafuymMFT/topics/NywbGW22YNeZSM3kuwKk/quizzes/3gPVzqApGZVDzGXaPdp9","true","quiz","quiz","ati-pn-adult-medical-surgical-2023-74-proctored-exam-practice-questions","ati-pn-adult-medical-surgical-2023-74-proctored-exam-practice-questions","ATI PN Adult Medical Surgical 2023 74 Proctored Exam Practice Questions"
"pdFkWj7p9vyyiAAvoFNl","quiz","hesi-rn-health-assessment-wgu-d344-proctored-exam-practice-questions","hesi-rn-health-assessment-wgu-d344-proctored-exam-practice-questions","HESI RN Health Assessment WGU D344 Proctored Exam Practice Questions","nursing-test-bank","SuT1noZoNGEjKGR1vTbi","iT55qp9NAFOvZLBAiQzC","0zSu4efsFf1RPT4W2Xjn","AMu3OJDocG3Hj2RcXy6X","pillarPages/nursing-test-bank/subPages/SuT1noZoNGEjKGR1vTbi/nestedSubPages/iT55qp9NAFOvZLBAiQzC/topics/0zSu4efsFf1RPT4W2Xjn/quizzes/AMu3OJDocG3Hj2RcXy6X","true","quiz","quiz","hesi-rn-health-assessment-wgu-d344-proctored-exam-practice-questions","hesi-rn-health-assessment-wgu-d344-proctored-exam-practice-questions","HESI RN Health Assessment WGU D344 Proctored Exam Practice Questions"
"pdGznFmRdktCxzPV5cve","quiz","microbiology-proctored-exam-hennepin-tech-practice-questions","microbiology-proctored-exam-hennepin-tech-practice-questions","Microbiology Proctored Exam (Hennepin Tech) Practice Questions","nursing-test-bank","SuT1noZoNGEjKGR1vTbi","zMFBI0XMiRsJnnXWhL5S","9DamWJdFDUGMGLjGeQbF","RNmomA1NAuWoGHEEIwjg","pillarPages/nursing-test-bank/subPages/SuT1noZoNGEjKGR1vTbi/nestedSubPages/zMFBI0XMiRsJnnXWhL5S/topics/9DamWJdFDUGMGLjGeQbF/quizzes/RNmomA1NAuWoGHEEIwjg","true","quiz","quiz","microbiology-proctored-exam-hennepin-tech-practice-questions","microbiology-proctored-exam-hennepin-tech-practice-questions","Microbiology Proctored Exam (Hennepin Tech) Practice Questions"
"pdNCysio2PiLsicKFG0F","quiz","hesi-rn-bsn-315-rn-pharmacology-35504-proctored-exam-practice-questions","hesi-rn-bsn-315-rn-pharmacology-35504-proctored-exam-practice-questions","HESI RN Bsn 315 RN Pharmacology 35504 Proctored Exam Practice Questions","nursing-test-bank","SuT1noZoNGEjKGR1vTbi","iT55qp9NAFOvZLBAiQzC","l1kSgSxIYg2SRUN8aWqE","rMbdJW8otv1eXcxfPKOd","pillarPages/nursing-test-bank/subPages/SuT1noZoNGEjKGR1vTbi/nestedSubPages/iT55qp9NAFOvZLBAiQzC/topics/l1kSgSxIYg2SRUN8aWqE/quizzes/rMbdJW8otv1eXcxfPKOd","true","quiz","quiz","hesi-rn-bsn-315-rn-pharmacology-35504-proctored-exam-practice-questions","hesi-rn-bsn-315-rn-pharmacology-35504-proctored-exam-practice-questions","HESI RN Bsn 315 RN Pharmacology 35504 Proctored Exam Practice Questions"
"phpCkwToIGIXNpu3CQve","quiz","ati-pn-custom-lifespan-proctored-exam-1-2023-practice-questions","ati-pn-custom-lifespan-proctored-exam-1-2023-practice-questions","ATI PN Custom Lifespan Proctored Exam 1 2023 Practice Questions","nursing-test-bank","z0xzINtS3EohZNaKosBz","lyrHg4RBzN6UafuymMFT","Y0MhOdG0hGVh8AUsgVrz","aay1v1qSUacMrZy8cglV","pillarPages/nursing-test-bank/subPages/z0xzINtS3EohZNaKosBz/nestedSubPages/lyrHg4RBzN6UafuymMFT/topics/Y0MhOdG0hGVh8AUsgVrz/quizzes/aay1v1qSUacMrZy8cglV","true","quiz","quiz","ati-pn-custom-lifespan-proctored-exam-1-2023-practice-questions","ati-pn-custom-lifespan-proctored-exam-1-2023-practice-questions","ATI PN Custom Lifespan Proctored Exam 1 2023 Practice Questions"
"pkstIePaf64jQXRI4Ddb","quiz","ati-pn-mental-health-proctored-exam-2023-ii-practice-questions","ati-pn-mental-health-proctored-exam-2023-ii-practice-questions","ATI PN Mental Health Proctored Exam 2023 II Practice Questions","nursing-test-bank","z0xzINtS3EohZNaKosBz","lyrHg4RBzN6UafuymMFT","6i5h4wWlOfz4R8huNTkC","BeTl4ra87exPAxeEb4d2","pillarPages/nursing-test-bank/subPages/z0xzINtS3EohZNaKosBz/nestedSubPages/lyrHg4RBzN6UafuymMFT/topics/6i5h4wWlOfz4R8huNTkC/quizzes/BeTl4ra87exPAxeEb4d2","true","quiz","quiz","ati-pn-mental-health-proctored-exam-2023-ii-practice-questions","ati-pn-mental-health-proctored-exam-2023-ii-practice-questions","ATI PN Mental Health Proctored Exam 2023 II Practice Questions"
"plyTgZSbo70POIzKMn6R","nested","ati-teas-reading-practice-test","ati-teas-reading-practice-test","","nursing-entrance-exam","yrdSf0KpOcuybL1SLnw7","2JIZgWhm9jUkoNFmkY7R","","","pillarPages/nursing-entrance-exam/subPages/yrdSf0KpOcuybL1SLnw7/nestedSubPages/2JIZgWhm9jUkoNFmkY7R","true","nested","nested","ati-teas-reading-practice-test","ati-teas-reading-practice-test","ATI TEAS Reading Practice Test"
"pvn0sORK9tvmzoZOu9IC","topic","hesi-rn-milestones-practice-questions","hesi-rn-milestones-practice-questions","Milestones","nursing-test-bank","SuT1noZoNGEjKGR1vTbi","iT55qp9NAFOvZLBAiQzC","uB91yHbugrkUWJTjsoS7","","pillarPages/nursing-test-bank/subPages/SuT1noZoNGEjKGR1vTbi/nestedSubPages/iT55qp9NAFOvZLBAiQzC/topics/uB91yHbugrkUWJTjsoS7","true","topic","topic","hesi-rn-milestones-practice-questions","hesi-rn-milestones-practice-questions","Milestones"
"pygOACUprZ1Rl7tZwlWI","quiz","vati-pn-comprehensive-predictor-2020-proctored-exam","vati-pn-comprehensive-predictor-2020-proctored-exam","VATI PN Comprehensive Predictor 2020 Proctored Exam","nursing-exit-exam","nkXaaMfkkbvjmrSRwtVq","ShdTxCRHYWbhmGg06Sgw","","qjOgIh4lCH9JhxsoZg9x","pillarPages/nursing-exit-exam/subPages/nkXaaMfkkbvjmrSRwtVq/nestedSubPages/ShdTxCRHYWbhmGg06Sgw/quizzes/qjOgIh4lCH9JhxsoZg9x","true","quiz","quiz","vati-pn-comprehensive-predictor-2020-proctored-exam","vati-pn-comprehensive-predictor-2020-proctored-exam","VATI PN Comprehensive Predictor 2020 Proctored Exam"
"q2wnFWL6cZ97vLkmfx0N","quiz","hesi-rn-leadership-rn-samuel-merit-proctored-exam-practice-questions","hesi-rn-leadership-rn-samuel-merit-proctored-exam-practice-questions","HESI RN Leadership RN Samuel Merit Proctored Exam Practice Questions","nursing-test-bank","SuT1noZoNGEjKGR1vTbi","iT55qp9NAFOvZLBAiQzC","30nccr09IVuWd4PtZ4XA","PyPhYIlC0XY5JFFZyPVK","pillarPages/nursing-test-bank/subPages/SuT1noZoNGEjKGR1vTbi/nestedSubPages/iT55qp9NAFOvZLBAiQzC/topics/30nccr09IVuWd4PtZ4XA/quizzes/PyPhYIlC0XY5JFFZyPVK","true","quiz","quiz","hesi-rn-leadership-rn-samuel-merit-proctored-exam-practice-questions","hesi-rn-leadership-rn-samuel-merit-proctored-exam-practice-questions","HESI RN Leadership RN Samuel Merit Proctored Exam Practice Questions"
"q3xS0SVRA9tjHpDA2G13","quiz","med-surg-proctored-exam-cni-college-practice-questions-set-27","med-surg-proctored-exam-cni-college-practice-questions-set-27","Med Surg Proctored Exam (Cni College) Practice Questions - Set 27","nursing-test-bank","SuT1noZoNGEjKGR1vTbi","zMFBI0XMiRsJnnXWhL5S","4xNDZPMszSkpgRfEsOck","UMUpMxf65LAN0AnFrsaV","pillarPages/nursing-test-bank/subPages/SuT1noZoNGEjKGR1vTbi/nestedSubPages/zMFBI0XMiRsJnnXWhL5S/topics/4xNDZPMszSkpgRfEsOck/quizzes/UMUpMxf65LAN0AnFrsaV","true","quiz","quiz","med-surg-proctored-exam-cni-college-practice-questions-set-27","med-surg-proctored-exam-cni-college-practice-questions-set-27","Med Surg Proctored Exam (Cni College) Practice Questions - Set 27"
"q5XdiyAg353khWrk8lYJ","quiz","hesi-rn-med-surg-2-proctored-exam-practice-questions","hesi-rn-med-surg-2-proctored-exam-practice-questions","HESI RN Med Surg 2 Proctored Exam Practice Questions","nursing-test-bank","SuT1noZoNGEjKGR1vTbi","iT55qp9NAFOvZLBAiQzC","aS23yuUD7OS39aVVutYn","qzMaDefuJlROZo48d5ua","pillarPages/nursing-test-bank/subPages/SuT1noZoNGEjKGR1vTbi/nestedSubPages/iT55qp9NAFOvZLBAiQzC/topics/aS23yuUD7OS39aVVutYn/quizzes/qzMaDefuJlROZo48d5ua","true","quiz","quiz","hesi-rn-med-surg-2-proctored-exam-practice-questions","hesi-rn-med-surg-2-proctored-exam-practice-questions","HESI RN Med Surg 2 Proctored Exam Practice Questions"
"qDpjCdbZb7PnYAIQn8Mc","topic","ati-pn-pediatric-nursing-practice-questions","ati-pn-pediatric-nursing-practice-questions","ATI PN Pediatric Nursing Practice Questions","nursing-test-bank","z0xzINtS3EohZNaKosBz","lyrHg4RBzN6UafuymMFT","Y0MhOdG0hGVh8AUsgVrz","","pillarPages/nursing-test-bank/subPages/z0xzINtS3EohZNaKosBz/nestedSubPages/lyrHg4RBzN6UafuymMFT/topics/Y0MhOdG0hGVh8AUsgVrz","true","topic","topic","ati-pn-pediatric-nursing-practice-questions","ati-pn-pediatric-nursing-practice-questions","Pediatric Nursing"
"qO0YqjkZ5MwWSBx6UftJ","quiz","n158-pediatrics-proctored-exam-practice-questions","n158-pediatrics-proctored-exam-practice-questions","N158 Pediatrics Proctored Exam Practice Questions","nursing-test-bank","SuT1noZoNGEjKGR1vTbi","zMFBI0XMiRsJnnXWhL5S","Hwspg6smTqrELsoRSNmc","TlvHVpWtfmv3JjWY0Rhx","pillarPages/nursing-test-bank/subPages/SuT1noZoNGEjKGR1vTbi/nestedSubPages/zMFBI0XMiRsJnnXWhL5S/topics/Hwspg6smTqrELsoRSNmc/quizzes/TlvHVpWtfmv3JjWY0Rhx","true","quiz","quiz","n158-pediatrics-proctored-exam-practice-questions","n158-pediatrics-proctored-exam-practice-questions","N158 Pediatrics Proctored Exam Practice Questions"
"qPeVhoWflfbUZft5F4IH","quiz","lpn-fundamentals-proctored-exam-basic-nursing-set-2-practice-questions","lpn-fundamentals-proctored-exam-basic-nursing-set-2-practice-questions","LPN Fundamentals Proctored Exam (Basic Nursing) - Set 2 Practice Questions","nursing-test-bank","z0xzINtS3EohZNaKosBz","3K3wv7IGcDcXvSNM9Kxm","XKenRdlHMVfdY4Dl99G2","tSHpzu8EtjcDHeg1jVJH","pillarPages/nursing-test-bank/subPages/z0xzINtS3EohZNaKosBz/nestedSubPages/3K3wv7IGcDcXvSNM9Kxm/topics/XKenRdlHMVfdY4Dl99G2/quizzes/tSHpzu8EtjcDHeg1jVJH","true","quiz","quiz","lpn-fundamentals-proctored-exam-basic-nursing-set-2-practice-questions","lpn-fundamentals-proctored-exam-basic-nursing-set-2-practice-questions","LPN Fundamentals Proctored Exam (Basic Nursing) - Set 2 Practice Questions"
"qTpRXl4lp0BM38QDK1Dz","quiz","teas-reading-practice-test-set-15","teas-reading-practice-test-set-15","","nursing-entrance-exam","yrdSf0KpOcuybL1SLnw7","2JIZgWhm9jUkoNFmkY7R","","R8xoEcO05QfGke6epALS","pillarPages/nursing-entrance-exam/subPages/yrdSf0KpOcuybL1SLnw7/nestedSubPages/2JIZgWhm9jUkoNFmkY7R/quizzes/R8xoEcO05QfGke6epALS","true","quiz","quiz","teas-reading-practice-test-set-15","teas-reading-practice-test-set-15","TEAS Reading Practice Test Set 15"
"qW7iSZSd3YUPpwvHIVu0","quiz","ati-pn-comprehensive-predictor-2023-proctored-exam-4","ati-pn-comprehensive-predictor-2023-proctored-exam-4","ATI PN Comprehensive Predictor 2023 Proctored Exam 4","nursing-exit-exam","nkXaaMfkkbvjmrSRwtVq","ShdTxCRHYWbhmGg06Sgw","","uCJDDiHB4c4FriQUKOy6","pillarPages/nursing-exit-exam/subPages/nkXaaMfkkbvjmrSRwtVq/nestedSubPages/ShdTxCRHYWbhmGg06Sgw/quizzes/uCJDDiHB4c4FriQUKOy6","true","quiz","quiz","ati-pn-comprehensive-predictor-2023-proctored-exam-4","ati-pn-comprehensive-predictor-2023-proctored-exam-4","ATI PN Comprehensive Predictor 2023 Proctored Exam 4"
"qZdpFV5SxghVAX8UVmly","quiz","proctored-exam-1-icu-cardiac-respiratory-neuro-renal-shock-skills-practice-questions","proctored-exam-1-icu-cardiac-respiratory-neuro-renal-shock-skills-practice-questions","Proctored Exam 1 ICU Cardiac, Respiratory, Neuro, Renal, Shock Skills Practice Questions","nursing-test-bank","SuT1noZoNGEjKGR1vTbi","zMFBI0XMiRsJnnXWhL5S","ClP0t5MZQ8KQGRehmVDG","V2mAjcJZqxNbTfGowPWc","pillarPages/nursing-test-bank/subPages/SuT1noZoNGEjKGR1vTbi/nestedSubPages/zMFBI0XMiRsJnnXWhL5S/topics/ClP0t5MZQ8KQGRehmVDG/quizzes/V2mAjcJZqxNbTfGowPWc","true","quiz","quiz","proctored-exam-1-icu-cardiac-respiratory-neuro-renal-shock-skills-practice-questions","proctored-exam-1-icu-cardiac-respiratory-neuro-renal-shock-skills-practice-questions","Proctored Exam 1 ICU Cardiac, Respiratory, Neuro, Renal, Shock Skills Practice Questions"
"qaYJ9KeJcNmKpAln8WGa","quiz","ati-pn-comprehensive-predictor-2023-proctored-exam-form-2","ati-pn-comprehensive-predictor-2023-proctored-exam-form-2","ATI PN Comprehensive Predictor 2023 Proctored Exam Form 2","nursing-exit-exam","nkXaaMfkkbvjmrSRwtVq","ShdTxCRHYWbhmGg06Sgw","","j713hlGJ9h6NB9ntKO81","pillarPages/nursing-exit-exam/subPages/nkXaaMfkkbvjmrSRwtVq/nestedSubPages/ShdTxCRHYWbhmGg06Sgw/quizzes/j713hlGJ9h6NB9ntKO81","true","quiz","quiz","ati-pn-comprehensive-predictor-2023-proctored-exam-form-2","ati-pn-comprehensive-predictor-2023-proctored-exam-form-2","ATI PN Comprehensive Predictor 2023 Proctored Exam Form 2"
"qhKm0k51dY735SIg0SEG","quiz","hesi-rn-adult-health-1-proctored-exam-practice-questions","hesi-rn-adult-health-1-proctored-exam-practice-questions","HESI RN Adult Health 1 Proctored Exam Practice Questions","nursing-test-bank","SuT1noZoNGEjKGR1vTbi","iT55qp9NAFOvZLBAiQzC","n2FK9jdRFYQvHbryoAbl","bNhUp2jHjOZTICwKsByz","pillarPages/nursing-test-bank/subPages/SuT1noZoNGEjKGR1vTbi/nestedSubPages/iT55qp9NAFOvZLBAiQzC/topics/n2FK9jdRFYQvHbryoAbl/quizzes/bNhUp2jHjOZTICwKsByz","true","quiz","quiz","hesi-rn-adult-health-1-proctored-exam-practice-questions","hesi-rn-adult-health-1-proctored-exam-practice-questions","HESI RN Adult Health 1 Proctored Exam Practice Questions"
"qjmm8h2QlJO7gpkfuOuB","quiz","teas-science-practice-test-set-7","teas-science-practice-test-set-7","","nursing-entrance-exam","yrdSf0KpOcuybL1SLnw7","uJVUx7wiwgxZ5HPJXNkV","","gtuKle3JV8tjfVgkJyUM","pillarPages/nursing-entrance-exam/subPages/yrdSf0KpOcuybL1SLnw7/nestedSubPages/uJVUx7wiwgxZ5HPJXNkV/quizzes/gtuKle3JV8tjfVgkJyUM","true","quiz","quiz","teas-science-practice-test-set-7","teas-science-practice-test-set-7","TEAS Science Practice Test Set 7"
"qmMUb2ITjgck3sTbQpdf","quiz","rn-comprehensive-predictor-proctored-exam","rn-comprehensive-predictor-proctored-exam","RN Comprehensive Predictor Proctored Exam","nursing-exit-exam","S4vSoa5bxDgZ1L5kLOJe","QsMAv9L9bzYoFjgdfKgH","","2AmKZqRVgX8ztjqPlYkt","pillarPages/nursing-exit-exam/subPages/S4vSoa5bxDgZ1L5kLOJe/nestedSubPages/QsMAv9L9bzYoFjgdfKgH/quizzes/2AmKZqRVgX8ztjqPlYkt","true","quiz","quiz","rn-comprehensive-predictor-proctored-exam","rn-comprehensive-predictor-proctored-exam","RN Comprehensive Predictor Proctored Exam"
"qsxKn03SdvNbmtGd0qlB","quiz","cto1-dosage-calculations-proctored-exam-practice-questions","cto1-dosage-calculations-proctored-exam-practice-questions","Cto1 Dosage Calculations Proctored Exam Practice Questions","nursing-test-bank","SuT1noZoNGEjKGR1vTbi","zMFBI0XMiRsJnnXWhL5S","GXrH3QXIidtKg5Jx0ly4","lZ2F8XSQDWyqYuiyiZyD","pillarPages/nursing-test-bank/subPages/SuT1noZoNGEjKGR1vTbi/nestedSubPages/zMFBI0XMiRsJnnXWhL5S/topics/GXrH3QXIidtKg5Jx0ly4/quizzes/lZ2F8XSQDWyqYuiyiZyD","true","quiz","quiz","cto1-dosage-calculations-proctored-exam-practice-questions","cto1-dosage-calculations-proctored-exam-practice-questions","Cto1 Dosage Calculations Proctored Exam Practice Questions"
"qz9j8d2jWKnlEwjnEuDc","quiz","ati-pn-advanced-med-surg-proctored-exam-practice-questions-set-28","ati-pn-advanced-med-surg-proctored-exam-practice-questions-set-28","ATI PN Advanced Med Surg Proctored Exam Practice Questions - Set 28","nursing-test-bank","z0xzINtS3EohZNaKosBz","lyrHg4RBzN6UafuymMFT","NywbGW22YNeZSM3kuwKk","GHGeirIq9kBxLgCe2Wot","pillarPages/nursing-test-bank/subPages/z0xzINtS3EohZNaKosBz/nestedSubPages/lyrHg4RBzN6UafuymMFT/topics/NywbGW22YNeZSM3kuwKk/quizzes/GHGeirIq9kBxLgCe2Wot","true","quiz","quiz","ati-pn-advanced-med-surg-proctored-exam-practice-questions-set-28","ati-pn-advanced-med-surg-proctored-exam-practice-questions-set-28","ATI PN Advanced Med Surg Proctored Exam Practice Questions - Set 28"
"r0wJLdvKUsVfCAhPfGyY","quiz","pediatrics-proctored-exam-1-practice-questions","pediatrics-proctored-exam-1-practice-questions","Pediatrics Proctored Exam 1 Practice Questions","nursing-test-bank","SuT1noZoNGEjKGR1vTbi","zMFBI0XMiRsJnnXWhL5S","Hwspg6smTqrELsoRSNmc","m6XWREK5itEMmZz5MTTa","pillarPages/nursing-test-bank/subPages/SuT1noZoNGEjKGR1vTbi/nestedSubPages/zMFBI0XMiRsJnnXWhL5S/topics/Hwspg6smTqrELsoRSNmc/quizzes/m6XWREK5itEMmZz5MTTa","true","quiz","quiz","pediatrics-proctored-exam-1-practice-questions","pediatrics-proctored-exam-1-practice-questions","Pediatrics Proctored Exam 1 Practice Questions"
"r1kmD6PkPPiEulejxMPT","quiz","hesi-rn-nightdale-college-exam-fundamental-of-nursing-proctored-exam-1-practice-questions","hesi-rn-nightdale-college-exam-fundamental-of-nursing-proctored-exam-1-practice-questions","HESI RN Nightdale College Exam Fundamental of Nursing Proctored Exam 1 Practice Questions","nursing-test-bank","SuT1noZoNGEjKGR1vTbi","iT55qp9NAFOvZLBAiQzC","70YsvvAfpEoWkJ2zO8Vy","J19fGAdSNsesvGbyBvQ2","pillarPages/nursing-test-bank/subPages/SuT1noZoNGEjKGR1vTbi/nestedSubPages/iT55qp9NAFOvZLBAiQzC/topics/70YsvvAfpEoWkJ2zO8Vy/quizzes/J19fGAdSNsesvGbyBvQ2","true","quiz","quiz","hesi-rn-nightdale-college-exam-fundamental-of-nursing-proctored-exam-1-practice-questions","hesi-rn-nightdale-college-exam-fundamental-of-nursing-proctored-exam-1-practice-questions","HESI RN Nightdale College Exam Fundamental of Nursing Proctored Exam 1 Practice Questions"
"r3wYnUx0AzBGBSYqjinn","quiz","lpn-basic-nursing-proctored-exam-fundamentals-practice-questions","lpn-basic-nursing-proctored-exam-fundamentals-practice-questions","LPN Basic Nursing Proctored Exam (Fundamentals) Practice Questions","nursing-test-bank","z0xzINtS3EohZNaKosBz","3K3wv7IGcDcXvSNM9Kxm","XKenRdlHMVfdY4Dl99G2","mKvZHuQw9aaNdqJWPjjZ","pillarPages/nursing-test-bank/subPages/z0xzINtS3EohZNaKosBz/nestedSubPages/3K3wv7IGcDcXvSNM9Kxm/topics/XKenRdlHMVfdY4Dl99G2/quizzes/mKvZHuQw9aaNdqJWPjjZ","true","quiz","quiz","lpn-basic-nursing-proctored-exam-fundamentals-practice-questions","lpn-basic-nursing-proctored-exam-fundamentals-practice-questions","LPN Basic Nursing Proctored Exam (Fundamentals) Practice Questions"
"r6V7Q87jxFqFr68NEI3V","quiz","ati-pn-med-surg-u13-proctored-exam-practice-questions","ati-pn-med-surg-u13-proctored-exam-practice-questions","ATI PN Med Surg U13 Proctored Exam Practice Questions","nursing-test-bank","z0xzINtS3EohZNaKosBz","lyrHg4RBzN6UafuymMFT","NywbGW22YNeZSM3kuwKk","kfVuIF7obR5nV7dzcpNc","pillarPages/nursing-test-bank/subPages/z0xzINtS3EohZNaKosBz/nestedSubPages/lyrHg4RBzN6UafuymMFT/topics/NywbGW22YNeZSM3kuwKk/quizzes/kfVuIF7obR5nV7dzcpNc","true","quiz","quiz","ati-pn-med-surg-u13-proctored-exam-practice-questions","ati-pn-med-surg-u13-proctored-exam-practice-questions","ATI PN Med Surg U13 Proctored Exam Practice Questions"
"r6n1vPmnhrQsTHMfYtFZ","quiz","mca-managing-care-of-adults-proctored-exam-samuel-merit-university-practice-questions","mca-managing-care-of-adults-proctored-exam-samuel-merit-university-practice-questions","Mca Managing Care of Adults Proctored Exam (Samuel Merit University) Practice Questions","nursing-test-bank","SuT1noZoNGEjKGR1vTbi","zMFBI0XMiRsJnnXWhL5S","L2wWtC9VGd9bcVlQMhD1","yUDJcrhu6PtKiTcCjwwr","pillarPages/nursing-test-bank/subPages/SuT1noZoNGEjKGR1vTbi/nestedSubPages/zMFBI0XMiRsJnnXWhL5S/topics/L2wWtC9VGd9bcVlQMhD1/quizzes/yUDJcrhu6PtKiTcCjwwr","true","quiz","quiz","mca-managing-care-of-adults-proctored-exam-samuel-merit-university-practice-questions","mca-managing-care-of-adults-proctored-exam-samuel-merit-university-practice-questions","Mca Managing Care of Adults Proctored Exam (Samuel Merit University) Practice Questions"
"rIFuZ2VSx71rQa5XZ2ca","quiz","ati-pn-pharmacology-and-dosage-calculation-proctored-exam-practice-questions","ati-pn-pharmacology-and-dosage-calculation-proctored-exam-practice-questions","ATI PN Pharmacology and Dosage Calculation Proctored Exam Practice Questions","nursing-test-bank","z0xzINtS3EohZNaKosBz","lyrHg4RBzN6UafuymMFT","NHgx9LFXpsLVcFjsOujF","6YEr6snW33ce9iwOdnbB","pillarPages/nursing-test-bank/subPages/z0xzINtS3EohZNaKosBz/nestedSubPages/lyrHg4RBzN6UafuymMFT/topics/NHgx9LFXpsLVcFjsOujF/quizzes/6YEr6snW33ce9iwOdnbB","true","quiz","quiz","ati-pn-pharmacology-and-dosage-calculation-proctored-exam-practice-questions","ati-pn-pharmacology-and-dosage-calculation-proctored-exam-practice-questions","ATI PN Pharmacology and Dosage Calculation Proctored Exam Practice Questions"
"rJ71lePCuWpH6ECDMjoW","quiz","pathophysiology-proctored-exam-samuel-merit-university-practice-questions-set-7","pathophysiology-proctored-exam-samuel-merit-university-practice-questions-set-7","Pathophysiology Proctored Exam (Samuel Merit University) Practice Questions - Set 7","nursing-test-bank","SuT1noZoNGEjKGR1vTbi","zMFBI0XMiRsJnnXWhL5S","KyUeIK7zxUi2K91H84Bj","GXzRTIhq2XdxnQOEHErG","pillarPages/nursing-test-bank/subPages/SuT1noZoNGEjKGR1vTbi/nestedSubPages/zMFBI0XMiRsJnnXWhL5S/topics/KyUeIK7zxUi2K91H84Bj/quizzes/GXzRTIhq2XdxnQOEHErG","true","quiz","quiz","pathophysiology-proctored-exam-samuel-merit-university-practice-questions-set-7","pathophysiology-proctored-exam-samuel-merit-university-practice-questions-set-7","Pathophysiology Proctored Exam (Samuel Merit University) Practice Questions - Set 7"
"riCP02MwO28et7F45mCn","quiz","ati-pn-pharmacology-herzing-university-proctored-exam-practice-questions","ati-pn-pharmacology-herzing-university-proctored-exam-practice-questions","ATI PN Pharmacology Herzing University Proctored Exam Practice Questions","nursing-test-bank","z0xzINtS3EohZNaKosBz","lyrHg4RBzN6UafuymMFT","13a3GLxldltUqhIxNzkr","vrQgsIZ3IomsauwF6bio","pillarPages/nursing-test-bank/subPages/z0xzINtS3EohZNaKosBz/nestedSubPages/lyrHg4RBzN6UafuymMFT/topics/13a3GLxldltUqhIxNzkr/quizzes/vrQgsIZ3IomsauwF6bio","true","quiz","quiz","ati-pn-pharmacology-herzing-university-proctored-exam-practice-questions","ati-pn-pharmacology-herzing-university-proctored-exam-practice-questions","ATI PN Pharmacology Herzing University Proctored Exam Practice Questions"
"rxCMZKzpbBsoTDk7UA2s","quiz","spring-2024-comprehensive-proctored-exam-2-practice-questions","spring-2024-comprehensive-proctored-exam-2-practice-questions","Spring 2024 Comprehensive Proctored Exam #2 Practice Questions","nursing-test-bank","SuT1noZoNGEjKGR1vTbi","zMFBI0XMiRsJnnXWhL5S","sBc3Ee7TKg33PIbmj4Hb","shwsUn3VEpO5KJkSHX1u","pillarPages/nursing-test-bank/subPages/SuT1noZoNGEjKGR1vTbi/nestedSubPages/zMFBI0XMiRsJnnXWhL5S/topics/sBc3Ee7TKg33PIbmj4Hb/quizzes/shwsUn3VEpO5KJkSHX1u","true","quiz","quiz","spring-2024-comprehensive-proctored-exam-2-practice-questions","spring-2024-comprehensive-proctored-exam-2-practice-questions","Spring 2024 Comprehensive Proctored Exam #2 Practice Questions"
"s1MiDQlTHFRV63VF5dVU","quiz","wgu-rn-hesi-rn-pharmacology-proctored-exam-practice-questions","wgu-rn-hesi-rn-pharmacology-proctored-exam-practice-questions","WGU RN HESI RN Pharmacology Proctored Exam Practice Questions","nursing-test-bank","SuT1noZoNGEjKGR1vTbi","iT55qp9NAFOvZLBAiQzC","l1kSgSxIYg2SRUN8aWqE","iCOu66ws5XzFd0XC5nC4","pillarPages/nursing-test-bank/subPages/SuT1noZoNGEjKGR1vTbi/nestedSubPages/iT55qp9NAFOvZLBAiQzC/topics/l1kSgSxIYg2SRUN8aWqE/quizzes/iCOu66ws5XzFd0XC5nC4","true","quiz","quiz","wgu-rn-hesi-rn-pharmacology-proctored-exam-practice-questions","wgu-rn-hesi-rn-pharmacology-proctored-exam-practice-questions","WGU RN HESI RN Pharmacology Proctored Exam Practice Questions"
"s48bKKMlbKJ4sDlW4kSp","sub","lpn-exit-exams","lpn-exit-exams","","nursing-exit-exam","nkXaaMfkkbvjmrSRwtVq","","","","pillarPages/nursing-exit-exam/subPages/nkXaaMfkkbvjmrSRwtVq","true","subPage","sub","lpn-exit-exams","lpn-exit-exams","LPN Exams"
"s5JyrXR2luN3lGO1zDSp","quiz","med-surg-proctored-exam-practice-questions-set-19","med-surg-proctored-exam-practice-questions-set-19","Med Surg Proctored Exam Practice Questions - Set 19","nursing-test-bank","SuT1noZoNGEjKGR1vTbi","zMFBI0XMiRsJnnXWhL5S","4xNDZPMszSkpgRfEsOck","kYAOUCGOPnDKVwTnNHHT","pillarPages/nursing-test-bank/subPages/SuT1noZoNGEjKGR1vTbi/nestedSubPages/zMFBI0XMiRsJnnXWhL5S/topics/4xNDZPMszSkpgRfEsOck/quizzes/kYAOUCGOPnDKVwTnNHHT","true","quiz","quiz","med-surg-proctored-exam-practice-questions-set-19","med-surg-proctored-exam-practice-questions-set-19","Med Surg Proctored Exam Practice Questions - Set 19"
"s6AC1KB4aPjWdLMwjQeS","quiz","wgu-pathophysiology-proctored-exam-practice-questions-set-9","wgu-pathophysiology-proctored-exam-practice-questions-set-9","WGU Pathophysiology Proctored Exam Practice Questions - Set 9","nursing-test-bank","SuT1noZoNGEjKGR1vTbi","zMFBI0XMiRsJnnXWhL5S","KyUeIK7zxUi2K91H84Bj","poiZC80zhEt3J4cbY0fl","pillarPages/nursing-test-bank/subPages/SuT1noZoNGEjKGR1vTbi/nestedSubPages/zMFBI0XMiRsJnnXWhL5S/topics/KyUeIK7zxUi2K91H84Bj/quizzes/poiZC80zhEt3J4cbY0fl","true","quiz","quiz","wgu-pathophysiology-proctored-exam-practice-questions-set-9","wgu-pathophysiology-proctored-exam-practice-questions-set-9","WGU Pathophysiology Proctored Exam Practice Questions - Set 9"
"sCRq4mlapJbpO5tXE47U","quiz","teas-reading-practice-test-set-11","teas-reading-practice-test-set-11","","nursing-entrance-exam","yrdSf0KpOcuybL1SLnw7","2JIZgWhm9jUkoNFmkY7R","","mR7LVDa7EQWk5YBeAFsD","pillarPages/nursing-entrance-exam/subPages/yrdSf0KpOcuybL1SLnw7/nestedSubPages/2JIZgWhm9jUkoNFmkY7R/quizzes/mR7LVDa7EQWk5YBeAFsD","true","quiz","quiz","teas-reading-practice-test-set-11","teas-reading-practice-test-set-11","TEAS Reading Practice Test Set 11"
"sEkqa3Lgj718XQau3ODL","quiz","hesi-rn-adult-health-proctored-exam-practice-questions-set-9","hesi-rn-adult-health-proctored-exam-practice-questions-set-9","HESI RN Adult Health Proctored Exam Practice Questions - Set 9","nursing-test-bank","SuT1noZoNGEjKGR1vTbi","iT55qp9NAFOvZLBAiQzC","n2FK9jdRFYQvHbryoAbl","O0MNkYzaA0yzGxyY5Hhe","pillarPages/nursing-test-bank/subPages/SuT1noZoNGEjKGR1vTbi/nestedSubPages/iT55qp9NAFOvZLBAiQzC/topics/n2FK9jdRFYQvHbryoAbl/quizzes/O0MNkYzaA0yzGxyY5Hhe","true","quiz","quiz","hesi-rn-adult-health-proctored-exam-practice-questions-set-9","hesi-rn-adult-health-proctored-exam-practice-questions-set-9","HESI RN Adult Health Proctored Exam Practice Questions - Set 9"
"sVR26rv1gB0GQMWeosLS","quiz","ati-pn-maternal-newborn-x1-proctored-exam-practice-questions","ati-pn-maternal-newborn-x1-proctored-exam-practice-questions","ATI PN Maternal Newborn X1 Proctored Exam Practice Questions","nursing-test-bank","z0xzINtS3EohZNaKosBz","lyrHg4RBzN6UafuymMFT","ZwY2vYN2X4tXEKOv2x6h","nAAR393FvxRBVisTAOng","pillarPages/nursing-test-bank/subPages/z0xzINtS3EohZNaKosBz/nestedSubPages/lyrHg4RBzN6UafuymMFT/topics/ZwY2vYN2X4tXEKOv2x6h/quizzes/nAAR393FvxRBVisTAOng","true","quiz","quiz","ati-pn-maternal-newborn-x1-proctored-exam-practice-questions","ati-pn-maternal-newborn-x1-proctored-exam-practice-questions","ATI PN Maternal Newborn X1 Proctored Exam Practice Questions"
"sWhVpgY8UI7shLRCfA8I","quiz","hesi-rn-dosage-calculation-d441-proctored-exam-practice-questions","hesi-rn-dosage-calculation-d441-proctored-exam-practice-questions","HESI RN Dosage Calculation D441 Proctored Exam Practice Questions","nursing-test-bank","SuT1noZoNGEjKGR1vTbi","iT55qp9NAFOvZLBAiQzC","dfRlrdGOvpDhVVXIqa0H","ceJwZ8LscJrDQkdhuSXm","pillarPages/nursing-test-bank/subPages/SuT1noZoNGEjKGR1vTbi/nestedSubPages/iT55qp9NAFOvZLBAiQzC/topics/dfRlrdGOvpDhVVXIqa0H/quizzes/ceJwZ8LscJrDQkdhuSXm","true","quiz","quiz","hesi-rn-dosage-calculation-d441-proctored-exam-practice-questions","hesi-rn-dosage-calculation-d441-proctored-exam-practice-questions","HESI RN Dosage Calculation D441 Proctored Exam Practice Questions"
"sWqdgu2Yyzwwja08EqCl","quiz","teas-science-practice-test-set-10","teas-science-practice-test-set-10","","nursing-entrance-exam","yrdSf0KpOcuybL1SLnw7","uJVUx7wiwgxZ5HPJXNkV","","ETBx9CBxxtElsMiUWr2r","pillarPages/nursing-entrance-exam/subPages/yrdSf0KpOcuybL1SLnw7/nestedSubPages/uJVUx7wiwgxZ5HPJXNkV/quizzes/ETBx9CBxxtElsMiUWr2r","true","quiz","quiz","teas-science-practice-test-set-10","teas-science-practice-test-set-10","TEAS Science Practice Test Set 10"
"sY0pB7kSKZPQ4asaWrub","quiz","hesi-rn-compass-exit-proctored-exam","hesi-rn-compass-exit-proctored-exam","HESI RN Compass Exit Proctored Exam","nursing-exit-exam","S4vSoa5bxDgZ1L5kLOJe","MVHmi7FJbSDlPPz28jh5","","qZv7XC2XE7yqy7ypIeNk","pillarPages/nursing-exit-exam/subPages/S4vSoa5bxDgZ1L5kLOJe/nestedSubPages/MVHmi7FJbSDlPPz28jh5/quizzes/qZv7XC2XE7yqy7ypIeNk","true","quiz","quiz","hesi-rn-compass-exit-proctored-exam","hesi-rn-compass-exit-proctored-exam","HESI RN Compass Exit Proctored Exam"
"sYnVtxhBjHPRUX4hT0eA","quiz","proctored-exam-4-gastrointestinal-system-practice-questions","proctored-exam-4-gastrointestinal-system-practice-questions","Proctored Exam 4 Gastrointestinal System Practice Questions","nursing-test-bank","SuT1noZoNGEjKGR1vTbi","zMFBI0XMiRsJnnXWhL5S","Qw9ACv9iC3lU621RemRS","CJkhAFmGuULHdX7WTqOE","pillarPages/nursing-test-bank/subPages/SuT1noZoNGEjKGR1vTbi/nestedSubPages/zMFBI0XMiRsJnnXWhL5S/topics/Qw9ACv9iC3lU621RemRS/quizzes/CJkhAFmGuULHdX7WTqOE","true","quiz","quiz","proctored-exam-4-gastrointestinal-system-practice-questions","proctored-exam-4-gastrointestinal-system-practice-questions","Proctored Exam 4 Gastrointestinal System Practice Questions"
"sZeSUoFiJwrLaeZqJVrH","quiz","hesi-rn-d440-nutrition-science-ocr-proctored-exam-practice-questions","hesi-rn-d440-nutrition-science-ocr-proctored-exam-practice-questions","HESI RN D440 Nutrition Science Ocr Proctored Exam Practice Questions","nursing-test-bank","SuT1noZoNGEjKGR1vTbi","iT55qp9NAFOvZLBAiQzC","ZQ9GxGjFzBFm4ei4NL2w","YAUgEcKvl2ywq6MyHODl","pillarPages/nursing-test-bank/subPages/SuT1noZoNGEjKGR1vTbi/nestedSubPages/iT55qp9NAFOvZLBAiQzC/topics/ZQ9GxGjFzBFm4ei4NL2w/quizzes/YAUgEcKvl2ywq6MyHODl","true","quiz","quiz","hesi-rn-d440-nutrition-science-ocr-proctored-exam-practice-questions","hesi-rn-d440-nutrition-science-ocr-proctored-exam-practice-questions","HESI RN D440 Nutrition Science Ocr Proctored Exam Practice Questions"
"seDQDR0wBUWigVTDphGk","topic","ati-rn-pathophysiology-practice-questions","ati-rn-pathophysiology-practice-questions","","nursing-test-bank","SuT1noZoNGEjKGR1vTbi","Fnnd4c6ae0Uiurk2KUSc","Xjc7rPCUFT5WXR9DZMf7","","pillarPages/nursing-test-bank/subPages/SuT1noZoNGEjKGR1vTbi/nestedSubPages/Fnnd4c6ae0Uiurk2KUSc/topics/Xjc7rPCUFT5WXR9DZMf7","true","topic","topic","ati-rn-pathophysiology-practice-questions","ati-rn-pathophysiology-practice-questions","Pathophysiology"
"si7IfWcnkljP1ZMV61RC","quiz","ati-pn-management-proctored-exam-2023-practice-questions-set-3","ati-pn-management-proctored-exam-2023-practice-questions-set-3","ATI PN Management Proctored Exam 2023 Practice Questions - Set 3","nursing-test-bank","z0xzINtS3EohZNaKosBz","lyrHg4RBzN6UafuymMFT","i0Rf69MPdXLbYTSRdCOW","7vTm4dVOz0BwnXRbQyVb","pillarPages/nursing-test-bank/subPages/z0xzINtS3EohZNaKosBz/nestedSubPages/lyrHg4RBzN6UafuymMFT/topics/i0Rf69MPdXLbYTSRdCOW/quizzes/7vTm4dVOz0BwnXRbQyVb","true","quiz","quiz","ati-pn-management-proctored-exam-2023-practice-questions-set-3","ati-pn-management-proctored-exam-2023-practice-questions-set-3","ATI PN Management Proctored Exam 2023 Practice Questions - Set 3"
"sjMO3LU6Ex3MSZhAKqHS","quiz","fundamentals-final-exam-prof-foster-west-coast-college-practice-questions","fundamentals-final-exam-prof-foster-west-coast-college-practice-questions","Fundamentals Final Exam Prof Foster(West Coast College) Practice Questions","nursing-test-bank","SuT1noZoNGEjKGR1vTbi","zMFBI0XMiRsJnnXWhL5S","sBc3Ee7TKg33PIbmj4Hb","vh728srsNkoGxG3rM8OT","pillarPages/nursing-test-bank/subPages/SuT1noZoNGEjKGR1vTbi/nestedSubPages/zMFBI0XMiRsJnnXWhL5S/topics/sBc3Ee7TKg33PIbmj4Hb/quizzes/vh728srsNkoGxG3rM8OT","true","quiz","quiz","fundamentals-final-exam-prof-foster-west-coast-college-practice-questions","fundamentals-final-exam-prof-foster-west-coast-college-practice-questions","Fundamentals Final Exam Prof Foster(West Coast College) Practice Questions"
"snGWyNi9TfZsK17ydB6J","quiz","med-surg-proctored-exam-neuro-sensory-muscular-hcp-rn-practice-questions","med-surg-proctored-exam-neuro-sensory-muscular-hcp-rn-practice-questions","Med Surg Proctored Exam Neuro, Sensory, Muscular. (Hcp RN) Practice Questions","nursing-test-bank","SuT1noZoNGEjKGR1vTbi","zMFBI0XMiRsJnnXWhL5S","4xNDZPMszSkpgRfEsOck","mc6SD8KfH6PXH8uMjGhU","pillarPages/nursing-test-bank/subPages/SuT1noZoNGEjKGR1vTbi/nestedSubPages/zMFBI0XMiRsJnnXWhL5S/topics/4xNDZPMszSkpgRfEsOck/quizzes/mc6SD8KfH6PXH8uMjGhU","true","quiz","quiz","med-surg-proctored-exam-neuro-sensory-muscular-hcp-rn-practice-questions","med-surg-proctored-exam-neuro-sensory-muscular-hcp-rn-practice-questions","Med Surg Proctored Exam Neuro, Sensory, Muscular. (Hcp RN) Practice Questions"
"sqabR4xZUIz5WEYoqV9b","topic","ati-rn-communication-practice-questions","ati-rn-communication-practice-questions","","nursing-test-bank","SuT1noZoNGEjKGR1vTbi","Fnnd4c6ae0Uiurk2KUSc","1xqJ4g7CDCsYYzbg5Ja5","","pillarPages/nursing-test-bank/subPages/SuT1noZoNGEjKGR1vTbi/nestedSubPages/Fnnd4c6ae0Uiurk2KUSc/topics/1xqJ4g7CDCsYYzbg5Ja5","true","topic","topic","ati-rn-communication-practice-questions","ati-rn-communication-practice-questions","Communication"
"st0c9L8PTmZ172vsLVuE","quiz","pharmacology-proctored-exam-examplify-mcphs-university-practice-questions","pharmacology-proctored-exam-examplify-mcphs-university-practice-questions","Pharmacology Proctored Exam, Examplify (Mcphs University) Practice Questions","nursing-test-bank","SuT1noZoNGEjKGR1vTbi","zMFBI0XMiRsJnnXWhL5S","qjQzp4HMFByeL1UEKGDd","UJLtBWeIxJpzsBUOAVRj","pillarPages/nursing-test-bank/subPages/SuT1noZoNGEjKGR1vTbi/nestedSubPages/zMFBI0XMiRsJnnXWhL5S/topics/qjQzp4HMFByeL1UEKGDd/quizzes/UJLtBWeIxJpzsBUOAVRj","true","quiz","quiz","pharmacology-proctored-exam-examplify-mcphs-university-practice-questions","pharmacology-proctored-exam-examplify-mcphs-university-practice-questions","Pharmacology Proctored Exam, Examplify (Mcphs University) Practice Questions"
"swt3EzejTKvj2EHaFwee","quiz","ati-pn-med-surg-proctored-exam-practice-questions-set-14","ati-pn-med-surg-proctored-exam-practice-questions-set-14","ATI PN Med Surg Proctored Exam Practice Questions - Set 14","nursing-test-bank","z0xzINtS3EohZNaKosBz","lyrHg4RBzN6UafuymMFT","NywbGW22YNeZSM3kuwKk","4MGJngTxlLpNA9gMl6Hs","pillarPages/nursing-test-bank/subPages/z0xzINtS3EohZNaKosBz/nestedSubPages/lyrHg4RBzN6UafuymMFT/topics/NywbGW22YNeZSM3kuwKk/quizzes/4MGJngTxlLpNA9gMl6Hs","true","quiz","quiz","ati-pn-med-surg-proctored-exam-practice-questions-set-14","ati-pn-med-surg-proctored-exam-practice-questions-set-14","ATI PN Med Surg Proctored Exam Practice Questions - Set 14"
"t0NtPhoaoiw8jdaA6KU7","quiz","nace-foundations-of-nursing-proctored-exam-2-practice-questions","nace-foundations-of-nursing-proctored-exam-2-practice-questions","NACE Foundations of Nursing Proctored Exam 2 Practice Questions","nursing-test-bank","SuT1noZoNGEjKGR1vTbi","zMFBI0XMiRsJnnXWhL5S","sBc3Ee7TKg33PIbmj4Hb","SAojE9BMdEsRZdk3fQ9T","pillarPages/nursing-test-bank/subPages/SuT1noZoNGEjKGR1vTbi/nestedSubPages/zMFBI0XMiRsJnnXWhL5S/topics/sBc3Ee7TKg33PIbmj4Hb/quizzes/SAojE9BMdEsRZdk3fQ9T","true","quiz","quiz","nace-foundations-of-nursing-proctored-exam-2-practice-questions","nace-foundations-of-nursing-proctored-exam-2-practice-questions","NACE Foundations of Nursing Proctored Exam 2 Practice Questions"
"t21SCHZZs9xpFru8pI7m","topic","hesi-rn-pediatric-nursing-practice-questions","hesi-rn-pediatric-nursing-practice-questions","Pediatric Nursing","nursing-test-bank","SuT1noZoNGEjKGR1vTbi","iT55qp9NAFOvZLBAiQzC","uXtCZ4Y6aeLjwMLtC1sD","","pillarPages/nursing-test-bank/subPages/SuT1noZoNGEjKGR1vTbi/nestedSubPages/iT55qp9NAFOvZLBAiQzC/topics/uXtCZ4Y6aeLjwMLtC1sD","true","topic","topic","hesi-rn-pediatric-nursing-practice-questions","hesi-rn-pediatric-nursing-practice-questions","Pediatric Nursing"
"t3PCrkf4zuAOJDASeurE","quiz","ati-pn-n480-advanced-med-surg-proctored-exam-practice-questions","ati-pn-n480-advanced-med-surg-proctored-exam-practice-questions","ATI PN N480 Advanced Med Surg Proctored Exam Practice Questions","nursing-test-bank","z0xzINtS3EohZNaKosBz","lyrHg4RBzN6UafuymMFT","NywbGW22YNeZSM3kuwKk","ZXeb1ZhbZNAhLC4Lmqwx","pillarPages/nursing-test-bank/subPages/z0xzINtS3EohZNaKosBz/nestedSubPages/lyrHg4RBzN6UafuymMFT/topics/NywbGW22YNeZSM3kuwKk/quizzes/ZXeb1ZhbZNAhLC4Lmqwx","true","quiz","quiz","ati-pn-n480-advanced-med-surg-proctored-exam-practice-questions","ati-pn-n480-advanced-med-surg-proctored-exam-practice-questions","ATI PN N480 Advanced Med Surg Proctored Exam Practice Questions"
"t6QJAawo3kr4x1LhPras","quiz","pathophysiology-final-proctored-exam-nightgale-college-practice-questions","pathophysiology-final-proctored-exam-nightgale-college-practice-questions","Pathophysiology Final Proctored Exam(Nightgale College) Practice Questions","nursing-test-bank","SuT1noZoNGEjKGR1vTbi","zMFBI0XMiRsJnnXWhL5S","KyUeIK7zxUi2K91H84Bj","iSew8oXZj5qyter92Txf","pillarPages/nursing-test-bank/subPages/SuT1noZoNGEjKGR1vTbi/nestedSubPages/zMFBI0XMiRsJnnXWhL5S/topics/KyUeIK7zxUi2K91H84Bj/quizzes/iSew8oXZj5qyter92Txf","true","quiz","quiz","pathophysiology-final-proctored-exam-nightgale-college-practice-questions","pathophysiology-final-proctored-exam-nightgale-college-practice-questions","Pathophysiology Final Proctored Exam(Nightgale College) Practice Questions"
"tF4xZtD9h1ejDqtcE2FT","quiz","nurs-533-01-su25-pediatric-final-proctored-exam-practice-questions","nurs-533-01-su25-pediatric-final-proctored-exam-practice-questions","NURS 533-01 Su25 Pediatric Final Proctored Exam Practice Questions","nursing-test-bank","SuT1noZoNGEjKGR1vTbi","zMFBI0XMiRsJnnXWhL5S","Hwspg6smTqrELsoRSNmc","NX9qHuhZYIxvsZauLWzu","pillarPages/nursing-test-bank/subPages/SuT1noZoNGEjKGR1vTbi/nestedSubPages/zMFBI0XMiRsJnnXWhL5S/topics/Hwspg6smTqrELsoRSNmc/quizzes/NX9qHuhZYIxvsZauLWzu","true","quiz","quiz","nurs-533-01-su25-pediatric-final-proctored-exam-practice-questions","nurs-533-01-su25-pediatric-final-proctored-exam-practice-questions","NURS 533-01 Su25 Pediatric Final Proctored Exam Practice Questions"
"tI3ImHAzuGVJwKDGHMOv","quiz","safe-medication-quiz-proctored-exam-practice-questions","safe-medication-quiz-proctored-exam-practice-questions","Safe Medication Quiz Proctored Exam Practice Questions","nursing-test-bank","SuT1noZoNGEjKGR1vTbi","zMFBI0XMiRsJnnXWhL5S","qjQzp4HMFByeL1UEKGDd","oNpk40TfrPm9Z4eWxDci","pillarPages/nursing-test-bank/subPages/SuT1noZoNGEjKGR1vTbi/nestedSubPages/zMFBI0XMiRsJnnXWhL5S/topics/qjQzp4HMFByeL1UEKGDd/quizzes/oNpk40TfrPm9Z4eWxDci","true","quiz","quiz","safe-medication-quiz-proctored-exam-practice-questions","safe-medication-quiz-proctored-exam-practice-questions","Safe Medication Quiz Proctored Exam Practice Questions"
"tJLjg9pL1Hnns2efXEdN","quiz","wgu-hesi-rn-d444-adult-health-i-proctored-exam-practice-questions","wgu-hesi-rn-d444-adult-health-i-proctored-exam-practice-questions","WGU HESI RN D444 Adult Health I Proctored Exam Practice Questions","nursing-test-bank","SuT1noZoNGEjKGR1vTbi","iT55qp9NAFOvZLBAiQzC","n2FK9jdRFYQvHbryoAbl","He2KcLbvZMeH3Bn1YsdY","pillarPages/nursing-test-bank/subPages/SuT1noZoNGEjKGR1vTbi/nestedSubPages/iT55qp9NAFOvZLBAiQzC/topics/n2FK9jdRFYQvHbryoAbl/quizzes/He2KcLbvZMeH3Bn1YsdY","true","quiz","quiz","wgu-hesi-rn-d444-adult-health-i-proctored-exam-practice-questions","wgu-hesi-rn-d444-adult-health-i-proctored-exam-practice-questions","WGU HESI RN D444 Adult Health I Proctored Exam Practice Questions"
"tJtX0MKMIRW1EEXdDATQ","quiz","hesi-a2-biology-practice-test-set-3","hesi-a2-biology-practice-test-set-3","","nursing-entrance-exam","rdYGUZ9DzFvAmo6EsrVe","4f2Tydp51lxl4u4OtTlL","","hesi-a2-biology-practice-test-set-3","pillarPages/nursing-entrance-exam/subPages/rdYGUZ9DzFvAmo6EsrVe/nestedSubPages/4f2Tydp51lxl4u4OtTlL/quizzes/hesi-a2-biology-practice-test-set-3","true","quiz","entrance_quiz_subject","hesi-a2-biology-practice-test-set-3","hesi-a2-biology-practice-test-set-3","HESI A2 Biology Practice Test Set 3"
"tRuQzMejyD33hdQDTmkB","quiz","hesi-rn-dosage-pre-assessment-2-proctored-exam-practice-questions","hesi-rn-dosage-pre-assessment-2-proctored-exam-practice-questions","HESI RN Dosage Pre-Assessment 2 Proctored Exam Practice Questions","nursing-test-bank","SuT1noZoNGEjKGR1vTbi","iT55qp9NAFOvZLBAiQzC","dfRlrdGOvpDhVVXIqa0H","kir9AMgQ6tzqCPgoHdOo","pillarPages/nursing-test-bank/subPages/SuT1noZoNGEjKGR1vTbi/nestedSubPages/iT55qp9NAFOvZLBAiQzC/topics/dfRlrdGOvpDhVVXIqa0H/quizzes/kir9AMgQ6tzqCPgoHdOo","true","quiz","quiz","hesi-rn-dosage-pre-assessment-2-proctored-exam-practice-questions","hesi-rn-dosage-pre-assessment-2-proctored-exam-practice-questions","HESI RN Dosage Pre-Assessment 2 Proctored Exam Practice Questions"
"tVde4t437UHQRRtxOu4r","quiz","anatomy-and-physiology-proctored-exam-i-practice-questions","anatomy-and-physiology-proctored-exam-i-practice-questions","Anatomy and Physiology Proctored Exam I Practice Questions","nursing-test-bank","SuT1noZoNGEjKGR1vTbi","zMFBI0XMiRsJnnXWhL5S","PavJlfHXwXRUhopKAOO9","byO3U8shEkDwleakBcns","pillarPages/nursing-test-bank/subPages/SuT1noZoNGEjKGR1vTbi/nestedSubPages/zMFBI0XMiRsJnnXWhL5S/topics/PavJlfHXwXRUhopKAOO9/quizzes/byO3U8shEkDwleakBcns","true","quiz","quiz","anatomy-and-physiology-proctored-exam-i-practice-questions","anatomy-and-physiology-proctored-exam-i-practice-questions","Anatomy and Physiology Proctored Exam I Practice Questions"
"tbIcEpIJRVKBduBSmkoA","quiz","mental-health-kentucky-university-proctored-exam-2-practice-questions","mental-health-kentucky-university-proctored-exam-2-practice-questions","Mental Health Kentucky University Proctored Exam 2 Practice Questions","nursing-test-bank","SuT1noZoNGEjKGR1vTbi","zMFBI0XMiRsJnnXWhL5S","dwj41dVBiWR9v4FRpKhC","i4u5FZiFsu8B8K1UBREW","pillarPages/nursing-test-bank/subPages/SuT1noZoNGEjKGR1vTbi/nestedSubPages/zMFBI0XMiRsJnnXWhL5S/topics/dwj41dVBiWR9v4FRpKhC/quizzes/i4u5FZiFsu8B8K1UBREW","true","quiz","quiz","mental-health-kentucky-university-proctored-exam-2-practice-questions","mental-health-kentucky-university-proctored-exam-2-practice-questions","Mental Health Kentucky University Proctored Exam 2 Practice Questions"
"tgBoJpCGmZokAfrJJdak","quiz","hesi-rn-ob-pediatrics-proctored-exam-practice-questions","hesi-rn-ob-pediatrics-proctored-exam-practice-questions","HESI RN OB Pediatrics Proctored Exam Practice Questions","nursing-test-bank","SuT1noZoNGEjKGR1vTbi","iT55qp9NAFOvZLBAiQzC","uXtCZ4Y6aeLjwMLtC1sD","Z3azexrI98Udwxf067xo","pillarPages/nursing-test-bank/subPages/SuT1noZoNGEjKGR1vTbi/nestedSubPages/iT55qp9NAFOvZLBAiQzC/topics/uXtCZ4Y6aeLjwMLtC1sD/quizzes/Z3azexrI98Udwxf067xo","true","quiz","quiz","hesi-rn-ob-pediatrics-proctored-exam-practice-questions","hesi-rn-ob-pediatrics-proctored-exam-practice-questions","HESI RN OB Pediatrics Proctored Exam Practice Questions"
"thxHWrUG7ITJMLFQ4Kk1","quiz","mental-health-chapter-1-proctored-exam-2-practice-questions","mental-health-chapter-1-proctored-exam-2-practice-questions","Mental Health Chapter 1 - Proctored Exam 2 Practice Questions","nursing-test-bank","SuT1noZoNGEjKGR1vTbi","zMFBI0XMiRsJnnXWhL5S","dwj41dVBiWR9v4FRpKhC","pGr6ybqytAUnJu6X1lMg","pillarPages/nursing-test-bank/subPages/SuT1noZoNGEjKGR1vTbi/nestedSubPages/zMFBI0XMiRsJnnXWhL5S/topics/dwj41dVBiWR9v4FRpKhC/quizzes/pGr6ybqytAUnJu6X1lMg","true","quiz","quiz","mental-health-chapter-1-proctored-exam-2-practice-questions","mental-health-chapter-1-proctored-exam-2-practice-questions","Mental Health Chapter 1 - Proctored Exam 2 Practice Questions"
"tlogTlkxuvPQDHgFvE7R","quiz","ati-pn-med-surg-proctored-exam-perfusion-practice-questions","ati-pn-med-surg-proctored-exam-perfusion-practice-questions","ATI PN Med Surg Proctored Exam (Perfusion) Practice Questions","nursing-test-bank","z0xzINtS3EohZNaKosBz","lyrHg4RBzN6UafuymMFT","NywbGW22YNeZSM3kuwKk","9m4aeMbLsL4yPQ1PCjln","pillarPages/nursing-test-bank/subPages/z0xzINtS3EohZNaKosBz/nestedSubPages/lyrHg4RBzN6UafuymMFT/topics/NywbGW22YNeZSM3kuwKk/quizzes/9m4aeMbLsL4yPQ1PCjln","true","quiz","quiz","ati-pn-med-surg-proctored-exam-perfusion-practice-questions","ati-pn-med-surg-proctored-exam-perfusion-practice-questions","ATI PN Med Surg Proctored Exam (Perfusion) Practice Questions"
"txUEqzoDu7sb7E3zCBgl","quiz","ati-pn-pediatrics-nursing-proctored-exam-2023-practice-questions-set-6","ati-pn-pediatrics-nursing-proctored-exam-2023-practice-questions-set-6","ATI PN Pediatrics Nursing Proctored Exam 2023 Practice Questions - Set 6","nursing-test-bank","z0xzINtS3EohZNaKosBz","lyrHg4RBzN6UafuymMFT","Y0MhOdG0hGVh8AUsgVrz","cxtKYH70IPlOQC6L1PrY","pillarPages/nursing-test-bank/subPages/z0xzINtS3EohZNaKosBz/nestedSubPages/lyrHg4RBzN6UafuymMFT/topics/Y0MhOdG0hGVh8AUsgVrz/quizzes/cxtKYH70IPlOQC6L1PrY","true","quiz","quiz","ati-pn-pediatrics-nursing-proctored-exam-2023-practice-questions-set-6","ati-pn-pediatrics-nursing-proctored-exam-2023-practice-questions-set-6","ATI PN Pediatrics Nursing Proctored Exam 2023 Practice Questions - Set 6"
"u0hZAKfyb0r0DYsgh8sZ","quiz","mental-health-proctored-exam-practice-questions-set-9","mental-health-proctored-exam-practice-questions-set-9","Mental Health Proctored Exam Practice Questions - Set 9","nursing-test-bank","SuT1noZoNGEjKGR1vTbi","zMFBI0XMiRsJnnXWhL5S","dwj41dVBiWR9v4FRpKhC","9gTxPhSHh1mD3sWL8Dkh","pillarPages/nursing-test-bank/subPages/SuT1noZoNGEjKGR1vTbi/nestedSubPages/zMFBI0XMiRsJnnXWhL5S/topics/dwj41dVBiWR9v4FRpKhC/quizzes/9gTxPhSHh1mD3sWL8Dkh","true","quiz","quiz","mental-health-proctored-exam-practice-questions-set-9","mental-health-proctored-exam-practice-questions-set-9","Mental Health Proctored Exam Practice Questions - Set 9"
"u7YDHCfMCoC6IFjPse5z","quiz","rn-comprehensive-online-practice-2019-b-with-ngn-proctored-exam","rn-comprehensive-online-practice-2019-b-with-ngn-proctored-exam","RN Comprehensive Online Practice 2019 B With NGN Proctored Exam","nursing-exit-exam","S4vSoa5bxDgZ1L5kLOJe","QsMAv9L9bzYoFjgdfKgH","","datHcype9KPRoXapeDmE","pillarPages/nursing-exit-exam/subPages/S4vSoa5bxDgZ1L5kLOJe/nestedSubPages/QsMAv9L9bzYoFjgdfKgH/quizzes/datHcype9KPRoXapeDmE","true","quiz","quiz","rn-comprehensive-online-practice-2019-b-with-ngn-proctored-exam","rn-comprehensive-online-practice-2019-b-with-ngn-proctored-exam","RN Comprehensive Online Practice 2019 B With NGN Proctored Exam"
"uBaqCgFrzNiS6ck3ixqm","quiz","ati-pn-pharmacology-2020-proctored-exam-2-practice-questions","ati-pn-pharmacology-2020-proctored-exam-2-practice-questions","ATI PN Pharmacology 2020 Proctored Exam 2 Practice Questions","nursing-test-bank","z0xzINtS3EohZNaKosBz","lyrHg4RBzN6UafuymMFT","13a3GLxldltUqhIxNzkr","lmug906pp1WnG1RzHpyH","pillarPages/nursing-test-bank/subPages/z0xzINtS3EohZNaKosBz/nestedSubPages/lyrHg4RBzN6UafuymMFT/topics/13a3GLxldltUqhIxNzkr/quizzes/lmug906pp1WnG1RzHpyH","true","quiz","quiz","ati-pn-pharmacology-2020-proctored-exam-2-practice-questions","ati-pn-pharmacology-2020-proctored-exam-2-practice-questions","ATI PN Pharmacology 2020 Proctored Exam 2 Practice Questions"
"uOICjLsueoYrwxpqvXqy","quiz","ati-lpn-comprehensive-predictor-2023-proctored-exam-form-2","ati-lpn-comprehensive-predictor-2023-proctored-exam-form-2","ATI LPN Comprehensive Predictor 2023 Proctored Exam Form 2","nursing-exit-exam","nkXaaMfkkbvjmrSRwtVq","ShdTxCRHYWbhmGg06Sgw","","yptRWKJl0QClxAyZXb2o","pillarPages/nursing-exit-exam/subPages/nkXaaMfkkbvjmrSRwtVq/nestedSubPages/ShdTxCRHYWbhmGg06Sgw/quizzes/yptRWKJl0QClxAyZXb2o","true","quiz","quiz","ati-lpn-comprehensive-predictor-2023-proctored-exam-form-2","ati-lpn-comprehensive-predictor-2023-proctored-exam-form-2","ATI LPN Comprehensive Predictor 2023 Proctored Exam Form 2"
"uVVTCqqgtx7zYJaWOa6g","quiz","nurs-ao4581-med-surg-proctored-exam-adult-care-texas-university-practice-questions","nurs-ao4581-med-surg-proctored-exam-adult-care-texas-university-practice-questions","NURS Ao4581 Med Surg Proctored Exam (Adult Care) Texas University) Practice Questions","nursing-test-bank","SuT1noZoNGEjKGR1vTbi","zMFBI0XMiRsJnnXWhL5S","4xNDZPMszSkpgRfEsOck","VHnwaaA4H80rdn8HgYkD","pillarPages/nursing-test-bank/subPages/SuT1noZoNGEjKGR1vTbi/nestedSubPages/zMFBI0XMiRsJnnXWhL5S/topics/4xNDZPMszSkpgRfEsOck/quizzes/VHnwaaA4H80rdn8HgYkD","true","quiz","quiz","nurs-ao4581-med-surg-proctored-exam-adult-care-texas-university-practice-questions","nurs-ao4581-med-surg-proctored-exam-adult-care-texas-university-practice-questions","NURS Ao4581 Med Surg Proctored Exam (Adult Care) Texas University) Practice Questions"
"uXOj11Anl3PaXLcEjSA4","sub","rn-exams","rn-exams","","nursing-test-bank","SuT1noZoNGEjKGR1vTbi","","","","pillarPages/nursing-test-bank/subPages/SuT1noZoNGEjKGR1vTbi","true","subPage","sub","rn-exams","rn-exams","RN Exams"
"udbH3y1uerZ9f8bxi9kL","quiz","teas-reading-practice-test-set-9","teas-reading-practice-test-set-9","","nursing-entrance-exam","yrdSf0KpOcuybL1SLnw7","2JIZgWhm9jUkoNFmkY7R","","VN1Ns3W8Jo3kgHVmxMze","pillarPages/nursing-entrance-exam/subPages/yrdSf0KpOcuybL1SLnw7/nestedSubPages/2JIZgWhm9jUkoNFmkY7R/quizzes/VN1Ns3W8Jo3kgHVmxMze","true","quiz","quiz","teas-reading-practice-test-set-9","teas-reading-practice-test-set-9","TEAS Reading Practice Test Set 9"
"ugXF8qvT4mqX2kNNulRN","quiz","ati-pn-fundamentals-proctored-exam-practice-questions-set-15","ati-pn-fundamentals-proctored-exam-practice-questions-set-15","ATI PN Fundamentals Proctored Exam Practice Questions - Set 15","nursing-test-bank","z0xzINtS3EohZNaKosBz","lyrHg4RBzN6UafuymMFT","1Lb0PkKiTEM2wQOIMDtv","IdIZsiRiUM6cFnrl7ThA","pillarPages/nursing-test-bank/subPages/z0xzINtS3EohZNaKosBz/nestedSubPages/lyrHg4RBzN6UafuymMFT/topics/1Lb0PkKiTEM2wQOIMDtv/quizzes/IdIZsiRiUM6cFnrl7ThA","true","quiz","quiz","ati-pn-fundamentals-proctored-exam-practice-questions-set-15","ati-pn-fundamentals-proctored-exam-practice-questions-set-15","ATI PN Fundamentals Proctored Exam Practice Questions - Set 15"
"ukWdY79jz58ZLYkwGwRQ","quiz","nu-406-nursing-leadership-and-management-quiz-5-1-proctored-exam-1-st-joseph-s-college-of-maine-practice-questions","nu-406-nursing-leadership-and-management-quiz-5-1-proctored-exam-1-st-joseph-s-college-of-maine-practice-questions","Nu 406- Nursing Leadership and Management-Quiz 5.1 - Proctored Exam 1 (St Joseph's College of Maine) Practice Questions","nursing-test-bank","SuT1noZoNGEjKGR1vTbi","zMFBI0XMiRsJnnXWhL5S","sWcrKSZa84sgLyaVr5Sm","Kjdl8aWowjiJIPnrHPqX","pillarPages/nursing-test-bank/subPages/SuT1noZoNGEjKGR1vTbi/nestedSubPages/zMFBI0XMiRsJnnXWhL5S/topics/sWcrKSZa84sgLyaVr5Sm/quizzes/Kjdl8aWowjiJIPnrHPqX","true","quiz","quiz","nu-406-nursing-leadership-and-management-quiz-5-1-proctored-exam-1-st-joseph-s-college-of-maine-practice-questions","nu-406-nursing-leadership-and-management-quiz-5-1-proctored-exam-1-st-joseph-s-college-of-maine-practice-questions","Nu 406- Nursing Leadership and Management-Quiz 5.1 - Proctored Exam 1 (St Joseph's College of Maine) Practice Questions"
"ummoKVTkFldTzTei5zJt","quiz","hesi-rn-246-health-assessment-proctored-exam-nightgale-college-practice-questions","hesi-rn-246-health-assessment-proctored-exam-nightgale-college-practice-questions","HESI RN 246 Health Assessment Proctored Exam (Nightgale College) Practice Questions","nursing-test-bank","SuT1noZoNGEjKGR1vTbi","iT55qp9NAFOvZLBAiQzC","0zSu4efsFf1RPT4W2Xjn","jONyS9xJyLTj1VYgyaPr","pillarPages/nursing-test-bank/subPages/SuT1noZoNGEjKGR1vTbi/nestedSubPages/iT55qp9NAFOvZLBAiQzC/topics/0zSu4efsFf1RPT4W2Xjn/quizzes/jONyS9xJyLTj1VYgyaPr","true","quiz","quiz","hesi-rn-246-health-assessment-proctored-exam-nightgale-college-practice-questions","hesi-rn-246-health-assessment-proctored-exam-nightgale-college-practice-questions","HESI RN 246 Health Assessment Proctored Exam (Nightgale College) Practice Questions"
"upUKTjIRbRdMv7w1rYwb","quiz","examplify-dsn-med-surg-nur-320-proctored-exam-practice-questions","examplify-dsn-med-surg-nur-320-proctored-exam-practice-questions","Examplify Dsn Med Surg NUR 320 Proctored Exam Practice Questions","nursing-test-bank","SuT1noZoNGEjKGR1vTbi","zMFBI0XMiRsJnnXWhL5S","4xNDZPMszSkpgRfEsOck","5PNYJNmMXjNwgMOldpjI","pillarPages/nursing-test-bank/subPages/SuT1noZoNGEjKGR1vTbi/nestedSubPages/zMFBI0XMiRsJnnXWhL5S/topics/4xNDZPMszSkpgRfEsOck/quizzes/5PNYJNmMXjNwgMOldpjI","true","quiz","quiz","examplify-dsn-med-surg-nur-320-proctored-exam-practice-questions","examplify-dsn-med-surg-nur-320-proctored-exam-practice-questions","Examplify Dsn Med Surg NUR 320 Proctored Exam Practice Questions"
"uqg9i0x1SHXkbXTYYFfM","quiz","hesi-rn-maternal-newborn-proctored-exam-herzing-university-practice-questions","hesi-rn-maternal-newborn-proctored-exam-herzing-university-practice-questions","HESI RN Maternal Newborn Proctored Exam (Herzing University) Practice Questions","nursing-test-bank","SuT1noZoNGEjKGR1vTbi","iT55qp9NAFOvZLBAiQzC","ULDy5qJrNGEhyYIuXZvp","Yv7glw4YUPScv9uJ0H71","pillarPages/nursing-test-bank/subPages/SuT1noZoNGEjKGR1vTbi/nestedSubPages/iT55qp9NAFOvZLBAiQzC/topics/ULDy5qJrNGEhyYIuXZvp/quizzes/Yv7glw4YUPScv9uJ0H71","true","quiz","quiz","hesi-rn-maternal-newborn-proctored-exam-herzing-university-practice-questions","hesi-rn-maternal-newborn-proctored-exam-herzing-university-practice-questions","HESI RN Maternal Newborn Proctored Exam (Herzing University) Practice Questions"
"uroZTmiuws9dzQz3vyPB","topic","ati-rn-comprehensive-predictor-practice-questions","ati-rn-comprehensive-predictor-practice-questions","","nursing-test-bank","SuT1noZoNGEjKGR1vTbi","Fnnd4c6ae0Uiurk2KUSc","qUH9xlVuN2zEIKzmwDMg","","pillarPages/nursing-test-bank/subPages/SuT1noZoNGEjKGR1vTbi/nestedSubPages/Fnnd4c6ae0Uiurk2KUSc/topics/qUH9xlVuN2zEIKzmwDMg","true","topic","topic","ati-rn-comprehensive-predictor-practice-questions","ati-rn-comprehensive-predictor-practice-questions","Comprehensive Review"
"uyHKj4aAGItHLBdgbDV6","quiz","more-questions-on-pathophysiology-of-the-nervous-system-practice-questions","more-questions-on-pathophysiology-of-the-nervous-system-practice-questions","More Questions on Pathophysiology of the Nervous System Practice Questions","nursing-test-bank","SuT1noZoNGEjKGR1vTbi","zMFBI0XMiRsJnnXWhL5S","KyUeIK7zxUi2K91H84Bj","wdtQAhzfepE1gjad4Eqa","pillarPages/nursing-test-bank/subPages/SuT1noZoNGEjKGR1vTbi/nestedSubPages/zMFBI0XMiRsJnnXWhL5S/topics/KyUeIK7zxUi2K91H84Bj/quizzes/wdtQAhzfepE1gjad4Eqa","true","quiz","quiz","more-questions-on-pathophysiology-of-the-nervous-system-practice-questions","more-questions-on-pathophysiology-of-the-nervous-system-practice-questions","More Questions on Pathophysiology of the Nervous System Practice Questions"
"v0Hxrvia00c7MjE4Oqhv","nested","kaplan-admission-practice-test-science","kaplan-admission-practice-test-science","","nursing-entrance-exam","jdJsAeBdy2mJO0kPibeV","ZUuIYDcFNZSPDZk9g1I3","","","pillarPages/nursing-entrance-exam/subPages/jdJsAeBdy2mJO0kPibeV/nestedSubPages/ZUuIYDcFNZSPDZk9g1I3","true","nested","nested","kaplan-admission-practice-test-science","kaplan-admission-practice-test-science","Kaplan Admission Practice Test Science"
"v0NBEHBTIdCsaLUnxlIr","quiz","ati-pn-pharmacology-2023-proctored-exam-practice-questions-set-4","ati-pn-pharmacology-2023-proctored-exam-practice-questions-set-4","ATI PN Pharmacology 2023 Proctored Exam Practice Questions - Set 4","nursing-test-bank","z0xzINtS3EohZNaKosBz","lyrHg4RBzN6UafuymMFT","13a3GLxldltUqhIxNzkr","l8ZisKRGAim1Akyy6e7Y","pillarPages/nursing-test-bank/subPages/z0xzINtS3EohZNaKosBz/nestedSubPages/lyrHg4RBzN6UafuymMFT/topics/13a3GLxldltUqhIxNzkr/quizzes/l8ZisKRGAim1Akyy6e7Y","true","quiz","quiz","ati-pn-pharmacology-2023-proctored-exam-practice-questions-set-4","ati-pn-pharmacology-2023-proctored-exam-practice-questions-set-4","ATI PN Pharmacology 2023 Proctored Exam Practice Questions - Set 4"
"v5edKKjbNb3XIUCjjLao","quiz","hesi-rn-foundation-of-nursing-proctored-exam-practice-questions-set-5","hesi-rn-foundation-of-nursing-proctored-exam-practice-questions-set-5","HESI RN Foundation of Nursing Proctored Exam Practice Questions - Set 5","nursing-test-bank","SuT1noZoNGEjKGR1vTbi","iT55qp9NAFOvZLBAiQzC","70YsvvAfpEoWkJ2zO8Vy","qgeMcOXGFV2EmreroacJ","pillarPages/nursing-test-bank/subPages/SuT1noZoNGEjKGR1vTbi/nestedSubPages/iT55qp9NAFOvZLBAiQzC/topics/70YsvvAfpEoWkJ2zO8Vy/quizzes/qgeMcOXGFV2EmreroacJ","true","quiz","quiz","hesi-rn-foundation-of-nursing-proctored-exam-practice-questions-set-5","hesi-rn-foundation-of-nursing-proctored-exam-practice-questions-set-5","HESI RN Foundation of Nursing Proctored Exam Practice Questions - Set 5"
"v8woOk9xhipei8R9T9EB","quiz","rasmussen-university-mental-and-behavioral-health-nursing-proctored-exam-practice-questions","rasmussen-university-mental-and-behavioral-health-nursing-proctored-exam-practice-questions","Rasmussen University Mental and Behavioral Health Nursing Proctored Exam Practice Questions","nursing-test-bank","SuT1noZoNGEjKGR1vTbi","zMFBI0XMiRsJnnXWhL5S","dwj41dVBiWR9v4FRpKhC","KSwdJqNZvz2OIWj54X3B","pillarPages/nursing-test-bank/subPages/SuT1noZoNGEjKGR1vTbi/nestedSubPages/zMFBI0XMiRsJnnXWhL5S/topics/dwj41dVBiWR9v4FRpKhC/quizzes/KSwdJqNZvz2OIWj54X3B","true","quiz","quiz","rasmussen-university-mental-and-behavioral-health-nursing-proctored-exam-practice-questions","rasmussen-university-mental-and-behavioral-health-nursing-proctored-exam-practice-questions","Rasmussen University Mental and Behavioral Health Nursing Proctored Exam Practice Questions"
"vD1uG9QjbCRMzuAUyUx8","quiz","ati-pn-maternal-newborn-proctored-exam-practice-questions-set-4","ati-pn-maternal-newborn-proctored-exam-practice-questions-set-4","ATI PN Maternal Newborn Proctored Exam Practice Questions - Set 4","nursing-test-bank","z0xzINtS3EohZNaKosBz","lyrHg4RBzN6UafuymMFT","ZwY2vYN2X4tXEKOv2x6h","3yr6vUzORUezPATWG4jN","pillarPages/nursing-test-bank/subPages/z0xzINtS3EohZNaKosBz/nestedSubPages/lyrHg4RBzN6UafuymMFT/topics/ZwY2vYN2X4tXEKOv2x6h/quizzes/3yr6vUzORUezPATWG4jN","true","quiz","quiz","ati-pn-maternal-newborn-proctored-exam-practice-questions-set-4","ati-pn-maternal-newborn-proctored-exam-practice-questions-set-4","ATI PN Maternal Newborn Proctored Exam Practice Questions - Set 4"
"vFoGxXgnRt9m5X6KlTid","quiz","ati-pn-fundamentals-proctored-exam-practice-questions-set-5","ati-pn-fundamentals-proctored-exam-practice-questions-set-5","ATI PN Fundamentals Proctored Exam Practice Questions - Set 5","nursing-test-bank","z0xzINtS3EohZNaKosBz","lyrHg4RBzN6UafuymMFT","1Lb0PkKiTEM2wQOIMDtv","d1OaRKYuuSLD6vF22aqC","pillarPages/nursing-test-bank/subPages/z0xzINtS3EohZNaKosBz/nestedSubPages/lyrHg4RBzN6UafuymMFT/topics/1Lb0PkKiTEM2wQOIMDtv/quizzes/d1OaRKYuuSLD6vF22aqC","true","quiz","quiz","ati-pn-fundamentals-proctored-exam-practice-questions-set-5","ati-pn-fundamentals-proctored-exam-practice-questions-set-5","ATI PN Fundamentals Proctored Exam Practice Questions - Set 5"
"vG6SoYj2bL4cR5i4FbuZ","quiz","ati-pn-anatomy-and-physiology-proctored-exam-practice-questions-set-1","ati-pn-anatomy-and-physiology-proctored-exam-practice-questions-set-1","ATI PN Anatomy and Physiology Proctored Exam Practice Questions - Set 1","nursing-test-bank","z0xzINtS3EohZNaKosBz","lyrHg4RBzN6UafuymMFT","j5H2Ra9IgckkioC7vNSj","vEV3Ov1JMHdvu8tEE8Fx","pillarPages/nursing-test-bank/subPages/z0xzINtS3EohZNaKosBz/nestedSubPages/lyrHg4RBzN6UafuymMFT/topics/j5H2Ra9IgckkioC7vNSj/quizzes/vEV3Ov1JMHdvu8tEE8Fx","true","quiz","quiz","ati-pn-anatomy-and-physiology-proctored-exam-practice-questions-set-1","ati-pn-anatomy-and-physiology-proctored-exam-practice-questions-set-1","ATI PN Anatomy and Physiology Proctored Exam Practice Questions - Set 1"
"vGNRtLyCxFkjwLwovtSO","topic","ati-pn-health-assessment-practice-questions","ati-pn-health-assessment-practice-questions","ATI PN Health Assessment Practice Questions","nursing-test-bank","z0xzINtS3EohZNaKosBz","lyrHg4RBzN6UafuymMFT","1zv1nip2mGFGPqP308fX","","pillarPages/nursing-test-bank/subPages/z0xzINtS3EohZNaKosBz/nestedSubPages/lyrHg4RBzN6UafuymMFT/topics/1zv1nip2mGFGPqP308fX","true","topic","topic","ati-pn-health-assessment-practice-questions","ati-pn-health-assessment-practice-questions","Health Assessment"
"vPFQ7DT5p5ZjaOH7aay0","quiz","ati-pn-nursing-care-of-children-2020-with-ngn-ii-proctored-exam-practice-questions","ati-pn-nursing-care-of-children-2020-with-ngn-ii-proctored-exam-practice-questions","ATI PN Nursing Care of Children 2020 with NGN II Proctored Exam Practice Questions","nursing-test-bank","z0xzINtS3EohZNaKosBz","lyrHg4RBzN6UafuymMFT","Y0MhOdG0hGVh8AUsgVrz","tG7jicbah2w4Dbheu8dU","pillarPages/nursing-test-bank/subPages/z0xzINtS3EohZNaKosBz/nestedSubPages/lyrHg4RBzN6UafuymMFT/topics/Y0MhOdG0hGVh8AUsgVrz/quizzes/tG7jicbah2w4Dbheu8dU","true","quiz","quiz","ati-pn-nursing-care-of-children-2020-with-ngn-ii-proctored-exam-practice-questions","ati-pn-nursing-care-of-children-2020-with-ngn-ii-proctored-exam-practice-questions","ATI PN Nursing Care of Children 2020 with NGN II Proctored Exam Practice Questions"
"vTMOMOkj43PAe2CtZtXg","quiz","dosage-calculations-rn-adult-medical-surgical-assessment-3-1-proctored-exam-practice-questions","dosage-calculations-rn-adult-medical-surgical-assessment-3-1-proctored-exam-practice-questions","Dosage Calculations RN Adult Medical Surgical Assessment 3.1 Proctored Exam Practice Questions","nursing-test-bank","SuT1noZoNGEjKGR1vTbi","zMFBI0XMiRsJnnXWhL5S","GXrH3QXIidtKg5Jx0ly4","eaRv518gAdWICQdzyYm8","pillarPages/nursing-test-bank/subPages/SuT1noZoNGEjKGR1vTbi/nestedSubPages/zMFBI0XMiRsJnnXWhL5S/topics/GXrH3QXIidtKg5Jx0ly4/quizzes/eaRv518gAdWICQdzyYm8","true","quiz","quiz","dosage-calculations-rn-adult-medical-surgical-assessment-3-1-proctored-exam-practice-questions","dosage-calculations-rn-adult-medical-surgical-assessment-3-1-proctored-exam-practice-questions","Dosage Calculations RN Adult Medical Surgical Assessment 3.1 Proctored Exam Practice Questions"
"vWD7jWRG2kjBGX4fmCGW","quiz","n361-care-of-adults-proctored-exam-med-surg-exam-practice-questions","n361-care-of-adults-proctored-exam-med-surg-exam-practice-questions","N361 Care of Adults Proctored Exam (Med Surg Exam) Practice Questions","nursing-test-bank","SuT1noZoNGEjKGR1vTbi","zMFBI0XMiRsJnnXWhL5S","4xNDZPMszSkpgRfEsOck","oJpKw1EU9PU4PqI098E7","pillarPages/nursing-test-bank/subPages/SuT1noZoNGEjKGR1vTbi/nestedSubPages/zMFBI0XMiRsJnnXWhL5S/topics/4xNDZPMszSkpgRfEsOck/quizzes/oJpKw1EU9PU4PqI098E7","true","quiz","quiz","n361-care-of-adults-proctored-exam-med-surg-exam-practice-questions","n361-care-of-adults-proctored-exam-med-surg-exam-practice-questions","N361 Care of Adults Proctored Exam (Med Surg Exam) Practice Questions"
"veKikgzGWUUANsx9N8C4","quiz","nursing-110-fundamental-proctored-exam-practice-questions","nursing-110-fundamental-proctored-exam-practice-questions","Nursing 110 Fundamental Proctored Exam Practice Questions","nursing-test-bank","SuT1noZoNGEjKGR1vTbi","zMFBI0XMiRsJnnXWhL5S","sBc3Ee7TKg33PIbmj4Hb","E0aULPOYCNLnjnf2LGeD","pillarPages/nursing-test-bank/subPages/SuT1noZoNGEjKGR1vTbi/nestedSubPages/zMFBI0XMiRsJnnXWhL5S/topics/sBc3Ee7TKg33PIbmj4Hb/quizzes/E0aULPOYCNLnjnf2LGeD","true","quiz","quiz","nursing-110-fundamental-proctored-exam-practice-questions","nursing-110-fundamental-proctored-exam-practice-questions","Nursing 110 Fundamental Proctored Exam Practice Questions"
"vh8tOMM6u7hThT3giBha","quiz","ati-pn-nutrition-proctored-quiz-practice-questions","ati-pn-nutrition-proctored-quiz-practice-questions","ATI PN Nutrition Proctored Quiz Practice Questions","nursing-test-bank","z0xzINtS3EohZNaKosBz","lyrHg4RBzN6UafuymMFT","ilQ0n4O4zSgd6exoMQfi","cNkAJy10OgzutknKVCo7","pillarPages/nursing-test-bank/subPages/z0xzINtS3EohZNaKosBz/nestedSubPages/lyrHg4RBzN6UafuymMFT/topics/ilQ0n4O4zSgd6exoMQfi/quizzes/cNkAJy10OgzutknKVCo7","true","quiz","quiz","ati-pn-nutrition-proctored-quiz-practice-questions","ati-pn-nutrition-proctored-quiz-practice-questions","ATI PN Nutrition Proctored Quiz Practice Questions"
"vmOUeAWgfG74k6yPjzkU","quiz","ati-pn-ns-117-fundamentals-proctored-exam-practice-questions","ati-pn-ns-117-fundamentals-proctored-exam-practice-questions","ATI PN Ns 117 Fundamentals Proctored Exam Practice Questions","nursing-test-bank","z0xzINtS3EohZNaKosBz","lyrHg4RBzN6UafuymMFT","1Lb0PkKiTEM2wQOIMDtv","6wTQNhbMPPezMShrgFpx","pillarPages/nursing-test-bank/subPages/z0xzINtS3EohZNaKosBz/nestedSubPages/lyrHg4RBzN6UafuymMFT/topics/1Lb0PkKiTEM2wQOIMDtv/quizzes/6wTQNhbMPPezMShrgFpx","true","quiz","quiz","ati-pn-ns-117-fundamentals-proctored-exam-practice-questions","ati-pn-ns-117-fundamentals-proctored-exam-practice-questions","ATI PN Ns 117 Fundamentals Proctored Exam Practice Questions"
"voh9zxOtYtH9MpR7WqgQ","quiz","ati-pn-obstetrics-nursing-proctored-exam-practice-questions-set-1","ati-pn-obstetrics-nursing-proctored-exam-practice-questions-set-1","ATI PN Obstetrics Nursing Proctored Exam Practice Questions - Set 1","nursing-test-bank","z0xzINtS3EohZNaKosBz","lyrHg4RBzN6UafuymMFT","ZwY2vYN2X4tXEKOv2x6h","6eVVTNtpECUtyQNzLL76","pillarPages/nursing-test-bank/subPages/z0xzINtS3EohZNaKosBz/nestedSubPages/lyrHg4RBzN6UafuymMFT/topics/ZwY2vYN2X4tXEKOv2x6h/quizzes/6eVVTNtpECUtyQNzLL76","true","quiz","quiz","ati-pn-obstetrics-nursing-proctored-exam-practice-questions-set-1","ati-pn-obstetrics-nursing-proctored-exam-practice-questions-set-1","ATI PN Obstetrics Nursing Proctored Exam Practice Questions - Set 1"
"vot4Veeck68gruwLr1hv","quiz","ati-pn-med-surg-level-2-proctored-exam-practice-questions-set-57","ati-pn-med-surg-level-2-proctored-exam-practice-questions-set-57","ATI PN Med Surg Level 2 Proctored Exam Practice Questions - Set 57","nursing-test-bank","z0xzINtS3EohZNaKosBz","lyrHg4RBzN6UafuymMFT","NywbGW22YNeZSM3kuwKk","amEkav2d6Q4qtanVVH3u","pillarPages/nursing-test-bank/subPages/z0xzINtS3EohZNaKosBz/nestedSubPages/lyrHg4RBzN6UafuymMFT/topics/NywbGW22YNeZSM3kuwKk/quizzes/amEkav2d6Q4qtanVVH3u","true","quiz","quiz","ati-pn-med-surg-level-2-proctored-exam-practice-questions-set-57","ati-pn-med-surg-level-2-proctored-exam-practice-questions-set-57","ATI PN Med Surg Level 2 Proctored Exam Practice Questions - Set 57"
"vps1ABZZyRit8j6Ei4JX","quiz","rn-maternal-health-2019-proctored-exam-practice-questions","rn-maternal-health-2019-proctored-exam-practice-questions","RN Maternal Health 2019 Proctored Exam Practice Questions","nursing-test-bank","SuT1noZoNGEjKGR1vTbi","zMFBI0XMiRsJnnXWhL5S","stnDIFRoA0VwLaoxbGv1","uVbaI8HwFItTFbUUezCy","pillarPages/nursing-test-bank/subPages/SuT1noZoNGEjKGR1vTbi/nestedSubPages/zMFBI0XMiRsJnnXWhL5S/topics/stnDIFRoA0VwLaoxbGv1/quizzes/uVbaI8HwFItTFbUUezCy","true","quiz","quiz","rn-maternal-health-2019-proctored-exam-practice-questions","rn-maternal-health-2019-proctored-exam-practice-questions","RN Maternal Health 2019 Proctored Exam Practice Questions"
"vsbs7rqeZIOcTbY3LuJ9","quiz","ati-pn-capstone-proctored-post-assessment-practice-questions","ati-pn-capstone-proctored-post-assessment-practice-questions","ATI PN Capstone Proctored Post-Assessment Practice Questions","nursing-test-bank","z0xzINtS3EohZNaKosBz","lyrHg4RBzN6UafuymMFT","AIrzHbC5yDHk6TUjdEeM","PIERkYx3fFiFtmltTkWR","pillarPages/nursing-test-bank/subPages/z0xzINtS3EohZNaKosBz/nestedSubPages/lyrHg4RBzN6UafuymMFT/topics/AIrzHbC5yDHk6TUjdEeM/quizzes/PIERkYx3fFiFtmltTkWR","true","quiz","quiz","ati-pn-capstone-proctored-post-assessment-practice-questions","ati-pn-capstone-proctored-post-assessment-practice-questions","ATI PN Capstone Proctored Post-Assessment Practice Questions"
"vt1IUYAXy8xinRQXiCan","quiz","rn-ati-capstone-proctored-comprehensive-assessment-form-b","rn-ati-capstone-proctored-comprehensive-assessment-form-b","RN ATI Capstone Proctored Comprehensive Assessment Form B","nursing-exit-exam","S4vSoa5bxDgZ1L5kLOJe","QsMAv9L9bzYoFjgdfKgH","","44Low9N8lYDJJPytwMnh","pillarPages/nursing-exit-exam/subPages/S4vSoa5bxDgZ1L5kLOJe/nestedSubPages/QsMAv9L9bzYoFjgdfKgH/quizzes/44Low9N8lYDJJPytwMnh","true","quiz","quiz","rn-ati-capstone-proctored-comprehensive-assessment-form-b","rn-ati-capstone-proctored-comprehensive-assessment-form-b","RN ATI Capstone Proctored Comprehensive Assessment Form B"
"vwZVuVi36517D5WZPFnR","topic","hesi-rn-maternity-practice-questions","hesi-rn-maternity-practice-questions","Maternity","nursing-test-bank","SuT1noZoNGEjKGR1vTbi","iT55qp9NAFOvZLBAiQzC","ULDy5qJrNGEhyYIuXZvp","","pillarPages/nursing-test-bank/subPages/SuT1noZoNGEjKGR1vTbi/nestedSubPages/iT55qp9NAFOvZLBAiQzC/topics/ULDy5qJrNGEhyYIuXZvp","true","topic","topic","hesi-rn-maternity-practice-questions","hesi-rn-maternity-practice-questions","Maternity"
"vxAEYLEkh7EBDFu4zwlk","quiz","n164-med-surg-proctored-exam-samuel-merritt-university-practice-questions","n164-med-surg-proctored-exam-samuel-merritt-university-practice-questions","N164 Med Surg Proctored Exam (Samuel Merritt University) Practice Questions","nursing-test-bank","SuT1noZoNGEjKGR1vTbi","zMFBI0XMiRsJnnXWhL5S","4xNDZPMszSkpgRfEsOck","igizUWnttcQzWvQr7C3Y","pillarPages/nursing-test-bank/subPages/SuT1noZoNGEjKGR1vTbi/nestedSubPages/zMFBI0XMiRsJnnXWhL5S/topics/4xNDZPMszSkpgRfEsOck/quizzes/igizUWnttcQzWvQr7C3Y","true","quiz","quiz","n164-med-surg-proctored-exam-samuel-merritt-university-practice-questions","n164-med-surg-proctored-exam-samuel-merritt-university-practice-questions","N164 Med Surg Proctored Exam (Samuel Merritt University) Practice Questions"
"vy3uXgLfx627U7D8bwvP","quiz","hesi-rn-medical-surg-managing-care-of-adult-proctored-exam-practice-questions","hesi-rn-medical-surg-managing-care-of-adult-proctored-exam-practice-questions","HESI RN Medical Surg (Managing Care of Adult) Proctored Exam Practice Questions","nursing-test-bank","SuT1noZoNGEjKGR1vTbi","iT55qp9NAFOvZLBAiQzC","aS23yuUD7OS39aVVutYn","Ob4snL9EsjAMRuLzV5vJ","pillarPages/nursing-test-bank/subPages/SuT1noZoNGEjKGR1vTbi/nestedSubPages/iT55qp9NAFOvZLBAiQzC/topics/aS23yuUD7OS39aVVutYn/quizzes/Ob4snL9EsjAMRuLzV5vJ","true","quiz","quiz","hesi-rn-medical-surg-managing-care-of-adult-proctored-exam-practice-questions","hesi-rn-medical-surg-managing-care-of-adult-proctored-exam-practice-questions","HESI RN Medical Surg (Managing Care of Adult) Proctored Exam Practice Questions"
"w1IRs1GaOqWdDDRszCci","quiz","hesi-rn-nutrition-wgu-proctored-exam-practice-questions","hesi-rn-nutrition-wgu-proctored-exam-practice-questions","HESI RN Nutrition WGU Proctored Exam Practice Questions","nursing-test-bank","SuT1noZoNGEjKGR1vTbi","iT55qp9NAFOvZLBAiQzC","ZQ9GxGjFzBFm4ei4NL2w","Kwi2jXXCkplT1mGiXaY2","pillarPages/nursing-test-bank/subPages/SuT1noZoNGEjKGR1vTbi/nestedSubPages/iT55qp9NAFOvZLBAiQzC/topics/ZQ9GxGjFzBFm4ei4NL2w/quizzes/Kwi2jXXCkplT1mGiXaY2","true","quiz","quiz","hesi-rn-nutrition-wgu-proctored-exam-practice-questions","hesi-rn-nutrition-wgu-proctored-exam-practice-questions","HESI RN Nutrition WGU Proctored Exam Practice Questions"
"w27dJDJlupkTYomvPDRn","quiz","pediatrics-proctored-exam-practice-questions-set-8","pediatrics-proctored-exam-practice-questions-set-8","Pediatrics Proctored Exam Practice Questions - Set 8","nursing-test-bank","SuT1noZoNGEjKGR1vTbi","zMFBI0XMiRsJnnXWhL5S","Hwspg6smTqrELsoRSNmc","Mc3uYK5rB4euWmMpuJWb","pillarPages/nursing-test-bank/subPages/SuT1noZoNGEjKGR1vTbi/nestedSubPages/zMFBI0XMiRsJnnXWhL5S/topics/Hwspg6smTqrELsoRSNmc/quizzes/Mc3uYK5rB4euWmMpuJWb","true","quiz","quiz","pediatrics-proctored-exam-practice-questions-set-8","pediatrics-proctored-exam-practice-questions-set-8","Pediatrics Proctored Exam Practice Questions - Set 8"
"w4O9CdSBVyCevktrH2VG","quiz","ati-pn-med-surg-concept-2-proctored-exam-practice-questions","ati-pn-med-surg-concept-2-proctored-exam-practice-questions","ATI PN Med Surg Concept 2 Proctored Exam Practice Questions","nursing-test-bank","z0xzINtS3EohZNaKosBz","lyrHg4RBzN6UafuymMFT","NywbGW22YNeZSM3kuwKk","0KfPFo7rADMfTpUrdqQJ","pillarPages/nursing-test-bank/subPages/z0xzINtS3EohZNaKosBz/nestedSubPages/lyrHg4RBzN6UafuymMFT/topics/NywbGW22YNeZSM3kuwKk/quizzes/0KfPFo7rADMfTpUrdqQJ","true","quiz","quiz","ati-pn-med-surg-concept-2-proctored-exam-practice-questions","ati-pn-med-surg-concept-2-proctored-exam-practice-questions","ATI PN Med Surg Concept 2 Proctored Exam Practice Questions"
"w4qtqY9L6crbjVXqn0qT","topic","lpn-nursing-course-fundamentals-practice-questions","lpn-nursing-course-fundamentals-practice-questions","Fundamentals","nursing-test-bank","z0xzINtS3EohZNaKosBz","3K3wv7IGcDcXvSNM9Kxm","XKenRdlHMVfdY4Dl99G2","","pillarPages/nursing-test-bank/subPages/z0xzINtS3EohZNaKosBz/nestedSubPages/3K3wv7IGcDcXvSNM9Kxm/topics/XKenRdlHMVfdY4Dl99G2","true","topic","topic","lpn-nursing-course-fundamentals-practice-questions","lpn-nursing-course-fundamentals-practice-questions","Fundamentals"
"w9Ur4Qt383FHcYQTZt7z","quiz","stu-25sum1-pediatric-competency-proctored-exam-practice-questions","stu-25sum1-pediatric-competency-proctored-exam-practice-questions","Stu 25Sum1 Pediatric Competency Proctored Exam Practice Questions","nursing-test-bank","SuT1noZoNGEjKGR1vTbi","zMFBI0XMiRsJnnXWhL5S","Hwspg6smTqrELsoRSNmc","QyrkhZtOdnJ7Z5AL494M","pillarPages/nursing-test-bank/subPages/SuT1noZoNGEjKGR1vTbi/nestedSubPages/zMFBI0XMiRsJnnXWhL5S/topics/Hwspg6smTqrELsoRSNmc/quizzes/QyrkhZtOdnJ7Z5AL494M","true","quiz","quiz","stu-25sum1-pediatric-competency-proctored-exam-practice-questions","stu-25sum1-pediatric-competency-proctored-exam-practice-questions","Stu 25Sum1 Pediatric Competency Proctored Exam Practice Questions"
"wAFuHxedp13z78OU4iak","quiz","wgu-hesi-rn-med-surg-proctored-exam-practice-questions","wgu-hesi-rn-med-surg-proctored-exam-practice-questions","WGU HESI RN Med Surg Proctored Exam Practice Questions","nursing-test-bank","SuT1noZoNGEjKGR1vTbi","iT55qp9NAFOvZLBAiQzC","aS23yuUD7OS39aVVutYn","rNrJlkfbPUYNjoABnIVX","pillarPages/nursing-test-bank/subPages/SuT1noZoNGEjKGR1vTbi/nestedSubPages/iT55qp9NAFOvZLBAiQzC/topics/aS23yuUD7OS39aVVutYn/quizzes/rNrJlkfbPUYNjoABnIVX","true","quiz","quiz","wgu-hesi-rn-med-surg-proctored-exam-practice-questions","wgu-hesi-rn-med-surg-proctored-exam-practice-questions","WGU HESI RN Med Surg Proctored Exam Practice Questions"
"wHse80oYr9XouRQDiNMr","topic","hesi-rn-pharmacology-practice-questions","hesi-rn-pharmacology-practice-questions","Pharmacology","nursing-test-bank","SuT1noZoNGEjKGR1vTbi","iT55qp9NAFOvZLBAiQzC","l1kSgSxIYg2SRUN8aWqE","","pillarPages/nursing-test-bank/subPages/SuT1noZoNGEjKGR1vTbi/nestedSubPages/iT55qp9NAFOvZLBAiQzC/topics/l1kSgSxIYg2SRUN8aWqE","true","topic","topic","hesi-rn-pharmacology-practice-questions","hesi-rn-pharmacology-practice-questions","Pharmacology"
"wJwKUhvmpvQ3XMUFzIHX","quiz","south-merit-college-patho-pharmacology-proctored-exam-practice-questions","south-merit-college-patho-pharmacology-proctored-exam-practice-questions","South Merit College Patho-Pharmacology Proctored Exam Practice Questions","nursing-test-bank","SuT1noZoNGEjKGR1vTbi","zMFBI0XMiRsJnnXWhL5S","qjQzp4HMFByeL1UEKGDd","lm6uuxC2GLziBO1HDoJV","pillarPages/nursing-test-bank/subPages/SuT1noZoNGEjKGR1vTbi/nestedSubPages/zMFBI0XMiRsJnnXWhL5S/topics/qjQzp4HMFByeL1UEKGDd/quizzes/lm6uuxC2GLziBO1HDoJV","true","quiz","quiz","south-merit-college-patho-pharmacology-proctored-exam-practice-questions","south-merit-college-patho-pharmacology-proctored-exam-practice-questions","South Merit College Patho-Pharmacology Proctored Exam Practice Questions"
"wPeihvup7PV9gAmprK9c","quiz","wgu-rn-hesi-rn-health-assessment-proctored-exam-practice-questions","wgu-rn-hesi-rn-health-assessment-proctored-exam-practice-questions","WGU RN HESI RN Health Assessment Proctored Exam Practice Questions","nursing-test-bank","SuT1noZoNGEjKGR1vTbi","iT55qp9NAFOvZLBAiQzC","0zSu4efsFf1RPT4W2Xjn","W9H5FEgxDcX4qcvmcFZY","pillarPages/nursing-test-bank/subPages/SuT1noZoNGEjKGR1vTbi/nestedSubPages/iT55qp9NAFOvZLBAiQzC/topics/0zSu4efsFf1RPT4W2Xjn/quizzes/W9H5FEgxDcX4qcvmcFZY","true","quiz","quiz","wgu-rn-hesi-rn-health-assessment-proctored-exam-practice-questions","wgu-rn-hesi-rn-health-assessment-proctored-exam-practice-questions","WGU RN HESI RN Health Assessment Proctored Exam Practice Questions"
"wTw6gepFp1xOlT1y0yHb","quiz","nu-400-mental-health-psychiatric-nursing-proctored-exam-exam-1-week-3-st-joseph-s-college-me-practice-questions","nu-400-mental-health-psychiatric-nursing-proctored-exam-exam-1-week-3-st-joseph-s-college-me-practice-questions","Nu 400-Mental Health-Psychiatric Nursing Proctored Exam (Exam 1 Week 3) St. Joseph's College Me Practice Questions","nursing-test-bank","SuT1noZoNGEjKGR1vTbi","zMFBI0XMiRsJnnXWhL5S","dwj41dVBiWR9v4FRpKhC","0gMu2GutMrvRrKCcUhZA","pillarPages/nursing-test-bank/subPages/SuT1noZoNGEjKGR1vTbi/nestedSubPages/zMFBI0XMiRsJnnXWhL5S/topics/dwj41dVBiWR9v4FRpKhC/quizzes/0gMu2GutMrvRrKCcUhZA","true","quiz","quiz","nu-400-mental-health-psychiatric-nursing-proctored-exam-exam-1-week-3-st-joseph-s-college-me-practice-questions","nu-400-mental-health-psychiatric-nursing-proctored-exam-exam-1-week-3-st-joseph-s-college-me-practice-questions","Nu 400-Mental Health-Psychiatric Nursing Proctored Exam (Exam 1 Week 3) St. Joseph's College Me Practice Questions"
"wURH9S0rCqunoY3AU1AN","quiz","obstetrics-proctored-exam-regular-practice-questions","obstetrics-proctored-exam-regular-practice-questions","Obstetrics Proctored Exam (Regular) Practice Questions","nursing-test-bank","SuT1noZoNGEjKGR1vTbi","zMFBI0XMiRsJnnXWhL5S","Hwspg6smTqrELsoRSNmc","MVho04RILag2YOD2uYa0","pillarPages/nursing-test-bank/subPages/SuT1noZoNGEjKGR1vTbi/nestedSubPages/zMFBI0XMiRsJnnXWhL5S/topics/Hwspg6smTqrELsoRSNmc/quizzes/MVho04RILag2YOD2uYa0","true","quiz","quiz","obstetrics-proctored-exam-regular-practice-questions","obstetrics-proctored-exam-regular-practice-questions","Obstetrics Proctored Exam (Regular) Practice Questions"
"wVEQNBPpX55lvjLloEMd","quiz","ati-rn-comprehensive-predictor-2023-proctored-exam","ati-rn-comprehensive-predictor-2023-proctored-exam","ATI RN Comprehensive Predictor 2023 Proctored Exam","nursing-exit-exam","S4vSoa5bxDgZ1L5kLOJe","QsMAv9L9bzYoFjgdfKgH","","u6vxiapFhPTdccYDdmUR","pillarPages/nursing-exit-exam/subPages/S4vSoa5bxDgZ1L5kLOJe/nestedSubPages/QsMAv9L9bzYoFjgdfKgH/quizzes/u6vxiapFhPTdccYDdmUR","true","quiz","quiz","ati-rn-comprehensive-predictor-2023-proctored-exam","ati-rn-comprehensive-predictor-2023-proctored-exam","ATI RN Comprehensive Predictor 2023 Proctored Exam"
"wVNa7AVRzz4komhr8dm2","quiz","lpn-nursing-1-fundamental-proctored-exam-witcc-college-practice-questions","lpn-nursing-1-fundamental-proctored-exam-witcc-college-practice-questions","LPN Nursing 1 Fundamental Proctored Exam (WITCC College) Practice Questions","nursing-test-bank","z0xzINtS3EohZNaKosBz","3K3wv7IGcDcXvSNM9Kxm","XKenRdlHMVfdY4Dl99G2","DkO8F3LpiGK1wU6L0S6O","pillarPages/nursing-test-bank/subPages/z0xzINtS3EohZNaKosBz/nestedSubPages/3K3wv7IGcDcXvSNM9Kxm/topics/XKenRdlHMVfdY4Dl99G2/quizzes/DkO8F3LpiGK1wU6L0S6O","true","quiz","quiz","lpn-nursing-1-fundamental-proctored-exam-witcc-college-practice-questions","lpn-nursing-1-fundamental-proctored-exam-witcc-college-practice-questions","LPN Nursing 1 Fundamental Proctored Exam (WITCC College) Practice Questions"
"wWJyOKuqocuykzW46484","nested","hesi-lpn-exit-exam","hesi-lpn-exit-exam","","nursing-exit-exam","nkXaaMfkkbvjmrSRwtVq","BH31o1XVf6CrhNvQvfOO","","","pillarPages/nursing-exit-exam/subPages/nkXaaMfkkbvjmrSRwtVq/nestedSubPages/BH31o1XVf6CrhNvQvfOO","true","nested","nested","hesi-lpn-exit-exam","hesi-lpn-exit-exam","HESI"
"waNxXO1W4MAIB6QGheOJ","nested","ati-rn-comprehensive-predictor","ati-rn-comprehensive-predictor","","nursing-exit-exam","S4vSoa5bxDgZ1L5kLOJe","QsMAv9L9bzYoFjgdfKgH","","","pillarPages/nursing-exit-exam/subPages/S4vSoa5bxDgZ1L5kLOJe/nestedSubPages/QsMAv9L9bzYoFjgdfKgH","true","nested","nested","ati-rn-comprehensive-predictor","ati-rn-comprehensive-predictor","ATI"
"wb5ZxCreeHUMJzvjeAWw","quiz","hesi-rn-nursing-research-proctored-exam-practice-questions-set-2","hesi-rn-nursing-research-proctored-exam-practice-questions-set-2","HESI RN Nursing Research Proctored Exam Practice Questions - Set 2","nursing-test-bank","SuT1noZoNGEjKGR1vTbi","iT55qp9NAFOvZLBAiQzC","2CSFdI3p8inciBpSPkZI","h7oza2I3qqJPt5xEb5UN","pillarPages/nursing-test-bank/subPages/SuT1noZoNGEjKGR1vTbi/nestedSubPages/iT55qp9NAFOvZLBAiQzC/topics/2CSFdI3p8inciBpSPkZI/quizzes/h7oza2I3qqJPt5xEb5UN","true","quiz","quiz","hesi-rn-nursing-research-proctored-exam-practice-questions-set-2","hesi-rn-nursing-research-proctored-exam-practice-questions-set-2","HESI RN Nursing Research Proctored Exam Practice Questions - Set 2"
"wbQgjTVVFk3Vb2BdzzEa","quiz","wgu-rn-hesi-rn-pharmocology-proctored-exam-practice-questions","wgu-rn-hesi-rn-pharmocology-proctored-exam-practice-questions","WGU RN HESI RN Pharmocology Proctored Exam Practice Questions","nursing-test-bank","SuT1noZoNGEjKGR1vTbi","iT55qp9NAFOvZLBAiQzC","l1kSgSxIYg2SRUN8aWqE","RfDAAWdsnSLsEXiUOc3c","pillarPages/nursing-test-bank/subPages/SuT1noZoNGEjKGR1vTbi/nestedSubPages/iT55qp9NAFOvZLBAiQzC/topics/l1kSgSxIYg2SRUN8aWqE/quizzes/RfDAAWdsnSLsEXiUOc3c","true","quiz","quiz","wgu-rn-hesi-rn-pharmocology-proctored-exam-practice-questions","wgu-rn-hesi-rn-pharmocology-proctored-exam-practice-questions","WGU RN HESI RN Pharmocology Proctored Exam Practice Questions"
"wchNjjPFOcAwLHK81n54","quiz","hesi-pn-exit-2023-ii-proctored-exam","hesi-pn-exit-2023-ii-proctored-exam","HESI PN Exit 2023 II Proctored Exam","nursing-exit-exam","nkXaaMfkkbvjmrSRwtVq","BH31o1XVf6CrhNvQvfOO","","dhg196Z3vWOEC6yq8bCf","pillarPages/nursing-exit-exam/subPages/nkXaaMfkkbvjmrSRwtVq/nestedSubPages/BH31o1XVf6CrhNvQvfOO/quizzes/dhg196Z3vWOEC6yq8bCf","true","quiz","quiz","hesi-pn-exit-2023-ii-proctored-exam","hesi-pn-exit-2023-ii-proctored-exam","HESI PN Exit 2023 II Proctored Exam"
"weslE7zQqUDEGmJJOT5q","quiz","ati-pn-med-surg-proctored-exam-6-practice-questions","ati-pn-med-surg-proctored-exam-6-practice-questions","ATI PN Med Surg Proctored Exam 6 Practice Questions","nursing-test-bank","z0xzINtS3EohZNaKosBz","lyrHg4RBzN6UafuymMFT","NywbGW22YNeZSM3kuwKk","YhMqYszzcF2RZBwyF3Jq","pillarPages/nursing-test-bank/subPages/z0xzINtS3EohZNaKosBz/nestedSubPages/lyrHg4RBzN6UafuymMFT/topics/NywbGW22YNeZSM3kuwKk/quizzes/YhMqYszzcF2RZBwyF3Jq","true","quiz","quiz","ati-pn-med-surg-proctored-exam-6-practice-questions","ati-pn-med-surg-proctored-exam-6-practice-questions","ATI PN Med Surg Proctored Exam 6 Practice Questions"
"wiBN2EzpGWRtixRdXaeQ","quiz","teas-english-practice-test-set-9","teas-english-practice-test-set-9","","nursing-entrance-exam","yrdSf0KpOcuybL1SLnw7","ykWIONcheFBJ7ooEl7WK","","Xm98bDuZCgMXnlHXpvHY","pillarPages/nursing-entrance-exam/subPages/yrdSf0KpOcuybL1SLnw7/nestedSubPages/ykWIONcheFBJ7ooEl7WK/quizzes/Xm98bDuZCgMXnlHXpvHY","true","quiz","quiz","teas-english-practice-test-set-9","teas-english-practice-test-set-9","TEAS English Practice Test Set 9"
"wjzmTKuymnlaiyeNG2Dy","topic","lpn-nursing-course-medical-surgical-practice-questions","lpn-nursing-course-medical-surgical-practice-questions","Medical Surgical","nursing-test-bank","z0xzINtS3EohZNaKosBz","3K3wv7IGcDcXvSNM9Kxm","AlR3KvZbCSZXo21jeLnT","","pillarPages/nursing-test-bank/subPages/z0xzINtS3EohZNaKosBz/nestedSubPages/3K3wv7IGcDcXvSNM9Kxm/topics/AlR3KvZbCSZXo21jeLnT","true","topic","topic","lpn-nursing-course-medical-surgical-practice-questions","lpn-nursing-course-medical-surgical-practice-questions","Medical Surgical"
"wmAGmGzmgolG9tv0N8BM","quiz","college-proctored-exam-2-perfusion-euro-pm-practice-questions","college-proctored-exam-2-perfusion-euro-pm-practice-questions","College Proctored Exam 2 Perfusion Euro Pm Practice Questions","nursing-test-bank","SuT1noZoNGEjKGR1vTbi","zMFBI0XMiRsJnnXWhL5S","LhvXpmVrfANaLnZ3NZXG","m0kkXEx0GACa6e0QAt5t","pillarPages/nursing-test-bank/subPages/SuT1noZoNGEjKGR1vTbi/nestedSubPages/zMFBI0XMiRsJnnXWhL5S/topics/LhvXpmVrfANaLnZ3NZXG/quizzes/m0kkXEx0GACa6e0QAt5t","true","quiz","quiz","college-proctored-exam-2-perfusion-euro-pm-practice-questions","college-proctored-exam-2-perfusion-euro-pm-practice-questions","College Proctored Exam 2 Perfusion Euro Pm Practice Questions"
"woMVsBYpiMwyj8oRXd0v","quiz","ati-pn-med-surg-proctored-exam-lv-3-electrolytes-imbalance-practice-questions","ati-pn-med-surg-proctored-exam-lv-3-electrolytes-imbalance-practice-questions","ATI PN Med Surg Proctored Exam Lv 3 Electrolytes Imbalance Practice Questions","nursing-test-bank","z0xzINtS3EohZNaKosBz","lyrHg4RBzN6UafuymMFT","NywbGW22YNeZSM3kuwKk","8l188UWEJcSWsGEWvILF","pillarPages/nursing-test-bank/subPages/z0xzINtS3EohZNaKosBz/nestedSubPages/lyrHg4RBzN6UafuymMFT/topics/NywbGW22YNeZSM3kuwKk/quizzes/8l188UWEJcSWsGEWvILF","true","quiz","quiz","ati-pn-med-surg-proctored-exam-lv-3-electrolytes-imbalance-practice-questions","ati-pn-med-surg-proctored-exam-lv-3-electrolytes-imbalance-practice-questions","ATI PN Med Surg Proctored Exam Lv 3 Electrolytes Imbalance Practice Questions"
"wpZZh7BY44OGQEChSILr","quiz","ati-pn-fundamental-proctored-exam-paredes-practice-questions","ati-pn-fundamental-proctored-exam-paredes-practice-questions","ATI PN Fundamental Proctored Exam - Paredes Practice Questions","nursing-test-bank","z0xzINtS3EohZNaKosBz","lyrHg4RBzN6UafuymMFT","1Lb0PkKiTEM2wQOIMDtv","T82zzVLXTHRqqJ3VV7jJ","pillarPages/nursing-test-bank/subPages/z0xzINtS3EohZNaKosBz/nestedSubPages/lyrHg4RBzN6UafuymMFT/topics/1Lb0PkKiTEM2wQOIMDtv/quizzes/T82zzVLXTHRqqJ3VV7jJ","true","quiz","quiz","ati-pn-fundamental-proctored-exam-paredes-practice-questions","ati-pn-fundamental-proctored-exam-paredes-practice-questions","ATI PN Fundamental Proctored Exam - Paredes Practice Questions"
"wrYI4gV2ub1dcHijXSvB","quiz","ati-pn-fundamentals-chapter-28-proctored-exam-practice-questions","ati-pn-fundamentals-chapter-28-proctored-exam-practice-questions","ATI PN Fundamentals Chapter 28 Proctored Exam Practice Questions","nursing-test-bank","z0xzINtS3EohZNaKosBz","lyrHg4RBzN6UafuymMFT","1Lb0PkKiTEM2wQOIMDtv","hU7TpdW79EpxoI5d0jTD","pillarPages/nursing-test-bank/subPages/z0xzINtS3EohZNaKosBz/nestedSubPages/lyrHg4RBzN6UafuymMFT/topics/1Lb0PkKiTEM2wQOIMDtv/quizzes/hU7TpdW79EpxoI5d0jTD","true","quiz","quiz","ati-pn-fundamentals-chapter-28-proctored-exam-practice-questions","ati-pn-fundamentals-chapter-28-proctored-exam-practice-questions","ATI PN Fundamentals Chapter 28 Proctored Exam Practice Questions"
"wvdFmLNjYWdFBSYpnC3I","quiz","mental-health-kentucky-university-proctored-exam-1-practice-questions","mental-health-kentucky-university-proctored-exam-1-practice-questions","Mental Health Kentucky University Proctored Exam 1 Practice Questions","nursing-test-bank","SuT1noZoNGEjKGR1vTbi","zMFBI0XMiRsJnnXWhL5S","dwj41dVBiWR9v4FRpKhC","xtmDzLRSsZjv4xRtcwWY","pillarPages/nursing-test-bank/subPages/SuT1noZoNGEjKGR1vTbi/nestedSubPages/zMFBI0XMiRsJnnXWhL5S/topics/dwj41dVBiWR9v4FRpKhC/quizzes/xtmDzLRSsZjv4xRtcwWY","true","quiz","quiz","mental-health-kentucky-university-proctored-exam-1-practice-questions","mental-health-kentucky-university-proctored-exam-1-practice-questions","Mental Health Kentucky University Proctored Exam 1 Practice Questions"
"x3CwesxAbkOuR9KyZVUK","quiz","rn-hesi-exit-proctored-exam","rn-hesi-exit-proctored-exam","RN HESI Exit Proctored Exam","nursing-exit-exam","S4vSoa5bxDgZ1L5kLOJe","MVHmi7FJbSDlPPz28jh5","","CwlYdZwnkBlqIxHxFt38","pillarPages/nursing-exit-exam/subPages/S4vSoa5bxDgZ1L5kLOJe/nestedSubPages/MVHmi7FJbSDlPPz28jh5/quizzes/CwlYdZwnkBlqIxHxFt38","true","quiz","quiz","rn-hesi-exit-proctored-exam","rn-hesi-exit-proctored-exam","RN HESI Exit Proctored Exam"
"xCPSk4tFnjkXw9IaaPQs","quiz","indiana-university-ob-maternal-proctored-exam-3-practice-questions","indiana-university-ob-maternal-proctored-exam-3-practice-questions","Indiana University OB-Maternal Proctored Exam 3 Practice Questions","nursing-test-bank","SuT1noZoNGEjKGR1vTbi","zMFBI0XMiRsJnnXWhL5S","stnDIFRoA0VwLaoxbGv1","xAqYLbW5zgx1n5Q6eqhS","pillarPages/nursing-test-bank/subPages/SuT1noZoNGEjKGR1vTbi/nestedSubPages/zMFBI0XMiRsJnnXWhL5S/topics/stnDIFRoA0VwLaoxbGv1/quizzes/xAqYLbW5zgx1n5Q6eqhS","true","quiz","quiz","indiana-university-ob-maternal-proctored-exam-3-practice-questions","indiana-university-ob-maternal-proctored-exam-3-practice-questions","Indiana University OB-Maternal Proctored Exam 3 Practice Questions"
"xG2Oa0MJ5cBb2dWIwD1W","quiz","hesi-rn-wgu-medical-adult-health-1-proctored-exam-practice-questions","hesi-rn-wgu-medical-adult-health-1-proctored-exam-practice-questions","HESI RN WGU Medical Adult Health 1 Proctored Exam Practice Questions","nursing-test-bank","SuT1noZoNGEjKGR1vTbi","iT55qp9NAFOvZLBAiQzC","n2FK9jdRFYQvHbryoAbl","yRd2U4HCj0dIEFR322Hl","pillarPages/nursing-test-bank/subPages/SuT1noZoNGEjKGR1vTbi/nestedSubPages/iT55qp9NAFOvZLBAiQzC/topics/n2FK9jdRFYQvHbryoAbl/quizzes/yRd2U4HCj0dIEFR322Hl","true","quiz","quiz","hesi-rn-wgu-medical-adult-health-1-proctored-exam-practice-questions","hesi-rn-wgu-medical-adult-health-1-proctored-exam-practice-questions","HESI RN WGU Medical Adult Health 1 Proctored Exam Practice Questions"
"xGnUTp0TO7gGTzErhz4f","quiz","nightdale-college-hesi-rn-pharmacology-rn-proctored-exam-practice-questions","nightdale-college-hesi-rn-pharmacology-rn-proctored-exam-practice-questions","Nightdale College HESI RN Pharmacology RN Proctored Exam Practice Questions","nursing-test-bank","SuT1noZoNGEjKGR1vTbi","iT55qp9NAFOvZLBAiQzC","l1kSgSxIYg2SRUN8aWqE","hybuaiBeJWjuk2YUIR1W","pillarPages/nursing-test-bank/subPages/SuT1noZoNGEjKGR1vTbi/nestedSubPages/iT55qp9NAFOvZLBAiQzC/topics/l1kSgSxIYg2SRUN8aWqE/quizzes/hybuaiBeJWjuk2YUIR1W","true","quiz","quiz","nightdale-college-hesi-rn-pharmacology-rn-proctored-exam-practice-questions","nightdale-college-hesi-rn-pharmacology-rn-proctored-exam-practice-questions","Nightdale College HESI RN Pharmacology RN Proctored Exam Practice Questions"
"xJzPP3olLFd4keMP4FpP","quiz","hesi-rn-med-surg-proctored-exam-resp-git-cvs-mchps-university-practice-questions","hesi-rn-med-surg-proctored-exam-resp-git-cvs-mchps-university-practice-questions","HESI RN Med Surg Proctored Exam (Resp, Git, Cvs) Mchps University Practice Questions","nursing-test-bank","SuT1noZoNGEjKGR1vTbi","iT55qp9NAFOvZLBAiQzC","aS23yuUD7OS39aVVutYn","iZWdR0wUC7nFXhXywVoO","pillarPages/nursing-test-bank/subPages/SuT1noZoNGEjKGR1vTbi/nestedSubPages/iT55qp9NAFOvZLBAiQzC/topics/aS23yuUD7OS39aVVutYn/quizzes/iZWdR0wUC7nFXhXywVoO","true","quiz","quiz","hesi-rn-med-surg-proctored-exam-resp-git-cvs-mchps-university-practice-questions","hesi-rn-med-surg-proctored-exam-resp-git-cvs-mchps-university-practice-questions","HESI RN Med Surg Proctored Exam (Resp, Git, Cvs) Mchps University Practice Questions"
"xNgWTmBu3H4XR7UKhHUq","quiz","ati-pn-adult-medical-surgical-2020-proctored-exam-2-practice-questions","ati-pn-adult-medical-surgical-2020-proctored-exam-2-practice-questions","ATI PN Adult Medical Surgical 2020 - Proctored Exam 2 Practice Questions","nursing-test-bank","z0xzINtS3EohZNaKosBz","lyrHg4RBzN6UafuymMFT","NywbGW22YNeZSM3kuwKk","qED6ERK93cWJDcrWnG6B","pillarPages/nursing-test-bank/subPages/z0xzINtS3EohZNaKosBz/nestedSubPages/lyrHg4RBzN6UafuymMFT/topics/NywbGW22YNeZSM3kuwKk/quizzes/qED6ERK93cWJDcrWnG6B","true","quiz","quiz","ati-pn-adult-medical-surgical-2020-proctored-exam-2-practice-questions","ati-pn-adult-medical-surgical-2020-proctored-exam-2-practice-questions","ATI PN Adult Medical Surgical 2020 - Proctored Exam 2 Practice Questions"
"xTexTQb7lNEIMAmtTIX6","quiz","ati-pn-custom-pharmacology-proctored-exam-practice-questions","ati-pn-custom-pharmacology-proctored-exam-practice-questions","ATI PN Custom Pharmacology Proctored Exam Practice Questions","nursing-test-bank","z0xzINtS3EohZNaKosBz","lyrHg4RBzN6UafuymMFT","13a3GLxldltUqhIxNzkr","q0uzkifZIEm5JBtx5ykI","pillarPages/nursing-test-bank/subPages/z0xzINtS3EohZNaKosBz/nestedSubPages/lyrHg4RBzN6UafuymMFT/topics/13a3GLxldltUqhIxNzkr/quizzes/q0uzkifZIEm5JBtx5ykI","true","quiz","quiz","ati-pn-custom-pharmacology-proctored-exam-practice-questions","ati-pn-custom-pharmacology-proctored-exam-practice-questions","ATI PN Custom Pharmacology Proctored Exam Practice Questions"
"xYvzTmdFYJcSMGtmqPmB","nested","ati-teas-math-practice-test","ati-teas-math-practice-test","","nursing-entrance-exam","yrdSf0KpOcuybL1SLnw7","e9EcRCWTbyKVpyLXUKzd","","","pillarPages/nursing-entrance-exam/subPages/yrdSf0KpOcuybL1SLnw7/nestedSubPages/e9EcRCWTbyKVpyLXUKzd","true","nested","nested","ati-teas-math-practice-test","ati-teas-math-practice-test","ATI TEAS Math Practice Test"
"xfnHvHL5DzFppa9djm2G","quiz","pediatrics-midterm-v1-2023-test-3-proctored-exam-practice-questions","pediatrics-midterm-v1-2023-test-3-proctored-exam-practice-questions","Pediatrics Midterm V1 2023 Test 3 Proctored Exam Practice Questions","nursing-test-bank","SuT1noZoNGEjKGR1vTbi","zMFBI0XMiRsJnnXWhL5S","Hwspg6smTqrELsoRSNmc","SIjNxNjDOzbqDEL1htLL","pillarPages/nursing-test-bank/subPages/SuT1noZoNGEjKGR1vTbi/nestedSubPages/zMFBI0XMiRsJnnXWhL5S/topics/Hwspg6smTqrELsoRSNmc/quizzes/SIjNxNjDOzbqDEL1htLL","true","quiz","quiz","pediatrics-midterm-v1-2023-test-3-proctored-exam-practice-questions","pediatrics-midterm-v1-2023-test-3-proctored-exam-practice-questions","Pediatrics Midterm V1 2023 Test 3 Proctored Exam Practice Questions"
"xiYagz3QGGl2N8MhfZOA","quiz","teas-science-practice-test-set-9","teas-science-practice-test-set-9","","nursing-entrance-exam","yrdSf0KpOcuybL1SLnw7","uJVUx7wiwgxZ5HPJXNkV","","5Vp0mXJvZRYH8qzeugav","pillarPages/nursing-entrance-exam/subPages/yrdSf0KpOcuybL1SLnw7/nestedSubPages/uJVUx7wiwgxZ5HPJXNkV/quizzes/5Vp0mXJvZRYH8qzeugav","true","quiz","quiz","teas-science-practice-test-set-9","teas-science-practice-test-set-9","TEAS Science Practice Test Set 9"
"xmBw2EDuyhDsS2kzAIwb","quiz","ati-lpn-comprehensive-predictor-proctored-exam","ati-lpn-comprehensive-predictor-proctored-exam","ATI LPN Comprehensive Predictor Proctored Exam","nursing-exit-exam","nkXaaMfkkbvjmrSRwtVq","ShdTxCRHYWbhmGg06Sgw","","T56moNn1qjUb8M6GIRO6","pillarPages/nursing-exit-exam/subPages/nkXaaMfkkbvjmrSRwtVq/nestedSubPages/ShdTxCRHYWbhmGg06Sgw/quizzes/T56moNn1qjUb8M6GIRO6","true","quiz","quiz","ati-lpn-comprehensive-predictor-proctored-exam","ati-lpn-comprehensive-predictor-proctored-exam","ATI LPN Comprehensive Predictor Proctored Exam"
"xnRQbEJyyXr3eWbLQA6L","quiz","ati-pn-pharmacology-2020-proctored-exam-practice-questions-set-22","ati-pn-pharmacology-2020-proctored-exam-practice-questions-set-22","ATI PN Pharmacology 2020 Proctored Exam Practice Questions - Set 22","nursing-test-bank","z0xzINtS3EohZNaKosBz","lyrHg4RBzN6UafuymMFT","13a3GLxldltUqhIxNzkr","3hQCmuGaoqGhDxN3hSp3","pillarPages/nursing-test-bank/subPages/z0xzINtS3EohZNaKosBz/nestedSubPages/lyrHg4RBzN6UafuymMFT/topics/13a3GLxldltUqhIxNzkr/quizzes/3hQCmuGaoqGhDxN3hSp3","true","quiz","quiz","ati-pn-pharmacology-2020-proctored-exam-practice-questions-set-22","ati-pn-pharmacology-2020-proctored-exam-practice-questions-set-22","ATI PN Pharmacology 2020 Proctored Exam Practice Questions - Set 22"
"xpHdCKp17LlNnRTOPEUe","quiz","rn-mental-health-proctored-exam-practice-questions","rn-mental-health-proctored-exam-practice-questions","RN Mental Health Proctored Exam Practice Questions","nursing-test-bank","SuT1noZoNGEjKGR1vTbi","zMFBI0XMiRsJnnXWhL5S","dwj41dVBiWR9v4FRpKhC","jlClWgbiccVolsEakTTA","pillarPages/nursing-test-bank/subPages/SuT1noZoNGEjKGR1vTbi/nestedSubPages/zMFBI0XMiRsJnnXWhL5S/topics/dwj41dVBiWR9v4FRpKhC/quizzes/jlClWgbiccVolsEakTTA","true","quiz","quiz","rn-mental-health-proctored-exam-practice-questions","rn-mental-health-proctored-exam-practice-questions","RN Mental Health Proctored Exam Practice Questions"
"xvsJq2nNR6vCmsVNCRiK","quiz","health-assessment-nus-140-proctored-exam-central-pennsylvania-community-college-practice-questions","health-assessment-nus-140-proctored-exam-central-pennsylvania-community-college-practice-questions","Health Assessment Nus 140 Proctored Exam (Central Pennsylvania Community College) Practice Questions","nursing-test-bank","SuT1noZoNGEjKGR1vTbi","zMFBI0XMiRsJnnXWhL5S","XQlgh9zsLrRK6vilmJPA","QT4PRzm3DIlGIsveaqPg","pillarPages/nursing-test-bank/subPages/SuT1noZoNGEjKGR1vTbi/nestedSubPages/zMFBI0XMiRsJnnXWhL5S/topics/XQlgh9zsLrRK6vilmJPA/quizzes/QT4PRzm3DIlGIsveaqPg","true","quiz","quiz","health-assessment-nus-140-proctored-exam-central-pennsylvania-community-college-practice-questions","health-assessment-nus-140-proctored-exam-central-pennsylvania-community-college-practice-questions","Health Assessment Nus 140 Proctored Exam (Central Pennsylvania Community College) Practice Questions"
"xxTSkfwqayQC0FYhwUdz","quiz","ati-pn-maternal-newborn-proctored-exam-practice-questions-set-16","ati-pn-maternal-newborn-proctored-exam-practice-questions-set-16","ATI PN Maternal Newborn Proctored Exam Practice Questions - Set 16","nursing-test-bank","z0xzINtS3EohZNaKosBz","lyrHg4RBzN6UafuymMFT","ZwY2vYN2X4tXEKOv2x6h","H9OIb6stuQTogTuCToAY","pillarPages/nursing-test-bank/subPages/z0xzINtS3EohZNaKosBz/nestedSubPages/lyrHg4RBzN6UafuymMFT/topics/ZwY2vYN2X4tXEKOv2x6h/quizzes/H9OIb6stuQTogTuCToAY","true","quiz","quiz","ati-pn-maternal-newborn-proctored-exam-practice-questions-set-16","ati-pn-maternal-newborn-proctored-exam-practice-questions-set-16","ATI PN Maternal Newborn Proctored Exam Practice Questions - Set 16"
"y2wIVBYJuj3dB0AqbFZJ","quiz","fundamentals-proctored-exam-practice-questions-set-9","fundamentals-proctored-exam-practice-questions-set-9","Fundamentals Proctored Exam Practice Questions - Set 9","nursing-test-bank","SuT1noZoNGEjKGR1vTbi","zMFBI0XMiRsJnnXWhL5S","sBc3Ee7TKg33PIbmj4Hb","X96N9IVaTAtpt8yHLzLK","pillarPages/nursing-test-bank/subPages/SuT1noZoNGEjKGR1vTbi/nestedSubPages/zMFBI0XMiRsJnnXWhL5S/topics/sBc3Ee7TKg33PIbmj4Hb/quizzes/X96N9IVaTAtpt8yHLzLK","true","quiz","quiz","fundamentals-proctored-exam-practice-questions-set-9","fundamentals-proctored-exam-practice-questions-set-9","Fundamentals Proctored Exam Practice Questions - Set 9"
"yND8gtpspYcyf7ZvwQFw","quiz","miami-regional-university-ob-maternity-care-of-women-new-born-and-children-proctored-exam-practice-questions","miami-regional-university-ob-maternity-care-of-women-new-born-and-children-proctored-exam-practice-questions","Miami Regional University OB Maternity Care of Women New Born and Children Proctored Exam Practice Questions","nursing-test-bank","SuT1noZoNGEjKGR1vTbi","zMFBI0XMiRsJnnXWhL5S","stnDIFRoA0VwLaoxbGv1","nkKnt4ORGuQNLZr184j4","pillarPages/nursing-test-bank/subPages/SuT1noZoNGEjKGR1vTbi/nestedSubPages/zMFBI0XMiRsJnnXWhL5S/topics/stnDIFRoA0VwLaoxbGv1/quizzes/nkKnt4ORGuQNLZr184j4","true","quiz","quiz","miami-regional-university-ob-maternity-care-of-women-new-born-and-children-proctored-exam-practice-questions","miami-regional-university-ob-maternity-care-of-women-new-born-and-children-proctored-exam-practice-questions","Miami Regional University OB Maternity Care of Women New Born and Children Proctored Exam Practice Questions"
"yNyHjVytryWChRJ3MHJ8","quiz","clinical-nursing-foundations-proctored-exam-university-of-texas-2252-nurs-3632-600-practice-questions","clinical-nursing-foundations-proctored-exam-university-of-texas-2252-nurs-3632-600-practice-questions","Clinical Nursing Foundations Proctored Exam - University of Texas - 2252-NURS-3632-600 Practice Questions","nursing-test-bank","SuT1noZoNGEjKGR1vTbi","zMFBI0XMiRsJnnXWhL5S","sBc3Ee7TKg33PIbmj4Hb","HKONL3IwGDzhbs7FcrHS","pillarPages/nursing-test-bank/subPages/SuT1noZoNGEjKGR1vTbi/nestedSubPages/zMFBI0XMiRsJnnXWhL5S/topics/sBc3Ee7TKg33PIbmj4Hb/quizzes/HKONL3IwGDzhbs7FcrHS","true","quiz","quiz","clinical-nursing-foundations-proctored-exam-university-of-texas-2252-nurs-3632-600-practice-questions","clinical-nursing-foundations-proctored-exam-university-of-texas-2252-nurs-3632-600-practice-questions","Clinical Nursing Foundations Proctored Exam - University of Texas - 2252-NURS-3632-600 Practice Questions"
"yRA0x2NsYkFpO8qriIHu","topic","ati-pn-gerontology-practice-questions","ati-pn-gerontology-practice-questions","ATI PN Gerontology Practice Questions","nursing-test-bank","z0xzINtS3EohZNaKosBz","lyrHg4RBzN6UafuymMFT","dmp305oqVwM00NwUtbbj","","pillarPages/nursing-test-bank/subPages/z0xzINtS3EohZNaKosBz/nestedSubPages/lyrHg4RBzN6UafuymMFT/topics/dmp305oqVwM00NwUtbbj","true","topic","topic","ati-pn-gerontology-practice-questions","ati-pn-gerontology-practice-questions","Gerontology"
"yRjHtdWCw2Py3LQQh6k5","topic","rn-nursing-course-pathophysiology-practice-questions","rn-nursing-course-pathophysiology-practice-questions","Pathophysiology","nursing-test-bank","SuT1noZoNGEjKGR1vTbi","zMFBI0XMiRsJnnXWhL5S","KyUeIK7zxUi2K91H84Bj","","pillarPages/nursing-test-bank/subPages/SuT1noZoNGEjKGR1vTbi/nestedSubPages/zMFBI0XMiRsJnnXWhL5S/topics/KyUeIK7zxUi2K91H84Bj","true","topic","topic","rn-nursing-course-pathophysiology-practice-questions","rn-nursing-course-pathophysiology-practice-questions","Pathophysiology"
"ySfq63RXxuUIYqLi4lpi","quiz","anatomy-and-physiology-proctored-exam-ivy-college-practice-questions","anatomy-and-physiology-proctored-exam-ivy-college-practice-questions","Anatomy and Physiology Proctored Exam (Ivy College) Practice Questions","nursing-test-bank","SuT1noZoNGEjKGR1vTbi","zMFBI0XMiRsJnnXWhL5S","PavJlfHXwXRUhopKAOO9","rQN0p8ogFbi2pV1ghVoG","pillarPages/nursing-test-bank/subPages/SuT1noZoNGEjKGR1vTbi/nestedSubPages/zMFBI0XMiRsJnnXWhL5S/topics/PavJlfHXwXRUhopKAOO9/quizzes/rQN0p8ogFbi2pV1ghVoG","true","quiz","quiz","anatomy-and-physiology-proctored-exam-ivy-college-practice-questions","anatomy-and-physiology-proctored-exam-ivy-college-practice-questions","Anatomy and Physiology Proctored Exam (Ivy College) Practice Questions"
"ya1CixBeSRFOx5KXdCtZ","quiz","ivytech-community-college-nursing-fundamentals-proctored-exam-1-practice-questions","ivytech-community-college-nursing-fundamentals-proctored-exam-1-practice-questions","Ivytech Community College Nursing Fundamentals Proctored Exam 1 Practice Questions","nursing-test-bank","SuT1noZoNGEjKGR1vTbi","zMFBI0XMiRsJnnXWhL5S","sBc3Ee7TKg33PIbmj4Hb","dBkyAq1LlWgPCK2o4G4P","pillarPages/nursing-test-bank/subPages/SuT1noZoNGEjKGR1vTbi/nestedSubPages/zMFBI0XMiRsJnnXWhL5S/topics/sBc3Ee7TKg33PIbmj4Hb/quizzes/dBkyAq1LlWgPCK2o4G4P","true","quiz","quiz","ivytech-community-college-nursing-fundamentals-proctored-exam-1-practice-questions","ivytech-community-college-nursing-fundamentals-proctored-exam-1-practice-questions","Ivytech Community College Nursing Fundamentals Proctored Exam 1 Practice Questions"
"ycVUtmkrcMRj1vHwiQCL","quiz","teas-english-practice-test-set-11","teas-english-practice-test-set-11","","nursing-entrance-exam","yrdSf0KpOcuybL1SLnw7","ykWIONcheFBJ7ooEl7WK","","cPcCbrma7Yg8yhlhPJN6","pillarPages/nursing-entrance-exam/subPages/yrdSf0KpOcuybL1SLnw7/nestedSubPages/ykWIONcheFBJ7ooEl7WK/quizzes/cPcCbrma7Yg8yhlhPJN6","true","quiz","quiz","teas-english-practice-test-set-11","teas-english-practice-test-set-11","TEAS English Practice Test Set 11"
"ykWsgaOYmV76JejBuHoB","quiz","rn-pharmacology-2019-proctored-exam-5-practice-questions","rn-pharmacology-2019-proctored-exam-5-practice-questions","RN Pharmacology 2019 Proctored Exam 5 Practice Questions","nursing-test-bank","SuT1noZoNGEjKGR1vTbi","zMFBI0XMiRsJnnXWhL5S","qjQzp4HMFByeL1UEKGDd","fzQgNjkQqXzA2eUwp9oT","pillarPages/nursing-test-bank/subPages/SuT1noZoNGEjKGR1vTbi/nestedSubPages/zMFBI0XMiRsJnnXWhL5S/topics/qjQzp4HMFByeL1UEKGDd/quizzes/fzQgNjkQqXzA2eUwp9oT","true","quiz","quiz","rn-pharmacology-2019-proctored-exam-5-practice-questions","rn-pharmacology-2019-proctored-exam-5-practice-questions","RN Pharmacology 2019 Proctored Exam 5 Practice Questions"
"ymHvS5bSIYwEM0XnSt4e","quiz","ati-pn-fundamentals-safety-and-mobility-proctored-exam-practice-questions","ati-pn-fundamentals-safety-and-mobility-proctored-exam-practice-questions","ATI PN Fundamentals - Safety and Mobility Proctored Exam Practice Questions","nursing-test-bank","z0xzINtS3EohZNaKosBz","lyrHg4RBzN6UafuymMFT","1Lb0PkKiTEM2wQOIMDtv","uENMZSvrCzflOTfMcY9L","pillarPages/nursing-test-bank/subPages/z0xzINtS3EohZNaKosBz/nestedSubPages/lyrHg4RBzN6UafuymMFT/topics/1Lb0PkKiTEM2wQOIMDtv/quizzes/uENMZSvrCzflOTfMcY9L","true","quiz","quiz","ati-pn-fundamentals-safety-and-mobility-proctored-exam-practice-questions","ati-pn-fundamentals-safety-and-mobility-proctored-exam-practice-questions","ATI PN Fundamentals - Safety and Mobility Proctored Exam Practice Questions"
"ys8Ea0CuhYZ4APl8XpIJ","quiz","foundations-of-nursing-cardiology-proctored-exam-practice-questions","foundations-of-nursing-cardiology-proctored-exam-practice-questions","Foundations of Nursing Cardiology Proctored Exam Practice Questions","nursing-test-bank","SuT1noZoNGEjKGR1vTbi","zMFBI0XMiRsJnnXWhL5S","sBc3Ee7TKg33PIbmj4Hb","U7eGPYKa8EScPVdIVy3W","pillarPages/nursing-test-bank/subPages/SuT1noZoNGEjKGR1vTbi/nestedSubPages/zMFBI0XMiRsJnnXWhL5S/topics/sBc3Ee7TKg33PIbmj4Hb/quizzes/U7eGPYKa8EScPVdIVy3W","true","quiz","quiz","foundations-of-nursing-cardiology-proctored-exam-practice-questions","foundations-of-nursing-cardiology-proctored-exam-practice-questions","Foundations of Nursing Cardiology Proctored Exam Practice Questions"
"ytLmkP6DoqBJRphIj51b","topic","ati-rn-gerontology-practice-questions","ati-rn-gerontology-practice-questions","","nursing-test-bank","SuT1noZoNGEjKGR1vTbi","Fnnd4c6ae0Uiurk2KUSc","dUz9AiqnzT7TVRB0Wjwf","","pillarPages/nursing-test-bank/subPages/SuT1noZoNGEjKGR1vTbi/nestedSubPages/Fnnd4c6ae0Uiurk2KUSc/topics/dUz9AiqnzT7TVRB0Wjwf","true","topic","topic","ati-rn-gerontology-practice-questions","ati-rn-gerontology-practice-questions","Gerontology"
"yvegcu4FUJAcKLXOgNMG","quiz","ati-rn-comprehensive-predictor-2023-updated-proctored-exam","ati-rn-comprehensive-predictor-2023-updated-proctored-exam","ATI RN Comprehensive Predictor 2023 Updated Proctored Exam","nursing-exit-exam","S4vSoa5bxDgZ1L5kLOJe","QsMAv9L9bzYoFjgdfKgH","","Wv2wR23Z1P84F1RVhyDv","pillarPages/nursing-exit-exam/subPages/S4vSoa5bxDgZ1L5kLOJe/nestedSubPages/QsMAv9L9bzYoFjgdfKgH/quizzes/Wv2wR23Z1P84F1RVhyDv","true","quiz","quiz","ati-rn-comprehensive-predictor-2023-updated-proctored-exam","ati-rn-comprehensive-predictor-2023-updated-proctored-exam","ATI RN Comprehensive Predictor 2023 Updated Proctored Exam"
"yvyQx504QKZlNnv7GTWa","topic","rn-nursing-course-pharmacology-practice-questions","rn-nursing-course-pharmacology-practice-questions","Pharmacology","nursing-test-bank","SuT1noZoNGEjKGR1vTbi","zMFBI0XMiRsJnnXWhL5S","qjQzp4HMFByeL1UEKGDd","","pillarPages/nursing-test-bank/subPages/SuT1noZoNGEjKGR1vTbi/nestedSubPages/zMFBI0XMiRsJnnXWhL5S/topics/qjQzp4HMFByeL1UEKGDd","true","topic","topic","rn-nursing-course-pharmacology-practice-questions","rn-nursing-course-pharmacology-practice-questions","Pharmacology"
"z4AD5UrV9jQZCeOHc3QD","quiz","hesi-rn-exit-v-proctored-exam","hesi-rn-exit-v-proctored-exam","HESI RN Exit V Proctored Exam","nursing-exit-exam","S4vSoa5bxDgZ1L5kLOJe","MVHmi7FJbSDlPPz28jh5","","doIKz7Pm54MNqEnHRFhJ","pillarPages/nursing-exit-exam/subPages/S4vSoa5bxDgZ1L5kLOJe/nestedSubPages/MVHmi7FJbSDlPPz28jh5/quizzes/doIKz7Pm54MNqEnHRFhJ","true","quiz","quiz","hesi-rn-exit-v-proctored-exam","hesi-rn-exit-v-proctored-exam","HESI RN Exit V Proctored Exam"
"zFzM8XmNrITLiYQhPxIn","quiz","lpn-fundamentals-nursing-wlpnp1150-n01-exam-6-10-proctored-exam-bucks-county-college-practice-questions","lpn-fundamentals-nursing-wlpnp1150-n01-exam-6-10-proctored-exam-bucks-county-college-practice-questions","LPN Fundamentals Nursing Wlpnp1150.N01 Exam 6-10 Proctored Exam (Bucks County College) Practice Questions","nursing-test-bank","z0xzINtS3EohZNaKosBz","3K3wv7IGcDcXvSNM9Kxm","XKenRdlHMVfdY4Dl99G2","C8FWxmku7SBgAdXOIQo5","pillarPages/nursing-test-bank/subPages/z0xzINtS3EohZNaKosBz/nestedSubPages/3K3wv7IGcDcXvSNM9Kxm/topics/XKenRdlHMVfdY4Dl99G2/quizzes/C8FWxmku7SBgAdXOIQo5","true","quiz","quiz","lpn-fundamentals-nursing-wlpnp1150-n01-exam-6-10-proctored-exam-bucks-county-college-practice-questions","lpn-fundamentals-nursing-wlpnp1150-n01-exam-6-10-proctored-exam-bucks-county-college-practice-questions","LPN Fundamentals Nursing Wlpnp1150.N01 Exam 6-10 Proctored Exam (Bucks County College) Practice Questions"
"zGqvwyEjzKRIK7rNA9c6","quiz","ati-pn-fundamentals-proctored-exam-practice-questions-set-34","ati-pn-fundamentals-proctored-exam-practice-questions-set-34","ATI PN Fundamentals Proctored Exam Practice Questions - Set 34","nursing-test-bank","z0xzINtS3EohZNaKosBz","lyrHg4RBzN6UafuymMFT","1Lb0PkKiTEM2wQOIMDtv","eH6kuY8wgOrznZrLswnu","pillarPages/nursing-test-bank/subPages/z0xzINtS3EohZNaKosBz/nestedSubPages/lyrHg4RBzN6UafuymMFT/topics/1Lb0PkKiTEM2wQOIMDtv/quizzes/eH6kuY8wgOrznZrLswnu","true","quiz","quiz","ati-pn-fundamentals-proctored-exam-practice-questions-set-34","ati-pn-fundamentals-proctored-exam-practice-questions-set-34","ATI PN Fundamentals Proctored Exam Practice Questions - Set 34"
"zL0l76l9yuUgnVE72jjQ","quiz","pharmacology-proctored-exam-regular-practice-questions","pharmacology-proctored-exam-regular-practice-questions","Pharmacology Proctored Exam (Regular) Practice Questions","nursing-test-bank","SuT1noZoNGEjKGR1vTbi","zMFBI0XMiRsJnnXWhL5S","qjQzp4HMFByeL1UEKGDd","HPvm89k5oCTcnITktuX4","pillarPages/nursing-test-bank/subPages/SuT1noZoNGEjKGR1vTbi/nestedSubPages/zMFBI0XMiRsJnnXWhL5S/topics/qjQzp4HMFByeL1UEKGDd/quizzes/HPvm89k5oCTcnITktuX4","true","quiz","quiz","pharmacology-proctored-exam-regular-practice-questions","pharmacology-proctored-exam-regular-practice-questions","Pharmacology Proctored Exam (Regular) Practice Questions"
"zR4XneEyIfDZPMCxLU2m","quiz","postpartum-amd-newborn-care-proctored-exam-practice-questions","postpartum-amd-newborn-care-proctored-exam-practice-questions","Postpartum Amd Newborn Care Proctored Exam Practice Questions","nursing-test-bank","SuT1noZoNGEjKGR1vTbi","zMFBI0XMiRsJnnXWhL5S","stnDIFRoA0VwLaoxbGv1","CsgrJmHMNEmR5GYzw23N","pillarPages/nursing-test-bank/subPages/SuT1noZoNGEjKGR1vTbi/nestedSubPages/zMFBI0XMiRsJnnXWhL5S/topics/stnDIFRoA0VwLaoxbGv1/quizzes/CsgrJmHMNEmR5GYzw23N","true","quiz","quiz","postpartum-amd-newborn-care-proctored-exam-practice-questions","postpartum-amd-newborn-care-proctored-exam-practice-questions","Postpartum Amd Newborn Care Proctored Exam Practice Questions"
"zWOUceuTY0PtxYmNzxgZ","quiz","med-surg-proctored-exam-uta-university-practice-questions","med-surg-proctored-exam-uta-university-practice-questions","Med Surg Proctored Exam (Uta University) Practice Questions","nursing-test-bank","SuT1noZoNGEjKGR1vTbi","zMFBI0XMiRsJnnXWhL5S","4xNDZPMszSkpgRfEsOck","FsrStFU89AAgOdqpGmAI","pillarPages/nursing-test-bank/subPages/SuT1noZoNGEjKGR1vTbi/nestedSubPages/zMFBI0XMiRsJnnXWhL5S/topics/4xNDZPMszSkpgRfEsOck/quizzes/FsrStFU89AAgOdqpGmAI","true","quiz","quiz","med-surg-proctored-exam-uta-university-practice-questions","med-surg-proctored-exam-uta-university-practice-questions","Med Surg Proctored Exam (Uta University) Practice Questions"
"zbFgE4S4SvrVkzucr60c","quiz","ati-pn-pediatrics-ii-proctored-exam-practice-questions","ati-pn-pediatrics-ii-proctored-exam-practice-questions","ATI PN Pediatrics II Proctored Exam Practice Questions","nursing-test-bank","z0xzINtS3EohZNaKosBz","lyrHg4RBzN6UafuymMFT","Y0MhOdG0hGVh8AUsgVrz","Dg6pEAaEt77YaEtxu3rL","pillarPages/nursing-test-bank/subPages/z0xzINtS3EohZNaKosBz/nestedSubPages/lyrHg4RBzN6UafuymMFT/topics/Y0MhOdG0hGVh8AUsgVrz/quizzes/Dg6pEAaEt77YaEtxu3rL","true","quiz","quiz","ati-pn-pediatrics-ii-proctored-exam-practice-questions","ati-pn-pediatrics-ii-proctored-exam-practice-questions","ATI PN Pediatrics II Proctored Exam Practice Questions"
"zfEjprqPeI7VUHsezdMD","quiz","nurs2523-lpn-med-surg-proctored-exam-durham-college-practice-questions","nurs2523-lpn-med-surg-proctored-exam-durham-college-practice-questions","Nurs2523 LPN Med Surg Proctored Exam (Durham College) Practice Questions","nursing-test-bank","z0xzINtS3EohZNaKosBz","3K3wv7IGcDcXvSNM9Kxm","AlR3KvZbCSZXo21jeLnT","zpU6wl4heztM4TCj6U8l","pillarPages/nursing-test-bank/subPages/z0xzINtS3EohZNaKosBz/nestedSubPages/3K3wv7IGcDcXvSNM9Kxm/topics/AlR3KvZbCSZXo21jeLnT/quizzes/zpU6wl4heztM4TCj6U8l","true","quiz","quiz","nurs2523-lpn-med-surg-proctored-exam-durham-college-practice-questions","nurs2523-lpn-med-surg-proctored-exam-durham-college-practice-questions","Nurs2523 LPN Med Surg Proctored Exam (Durham College) Practice Questions"
"zh3P6pLgOwyvAzHgBMEc","quiz","anatomy-and-physiology-ii-proctored-exam-practice-questions","anatomy-and-physiology-ii-proctored-exam-practice-questions","Anatomy and Physiology II Proctored Exam Practice Questions","nursing-test-bank","SuT1noZoNGEjKGR1vTbi","zMFBI0XMiRsJnnXWhL5S","PavJlfHXwXRUhopKAOO9","bVY7ph3k0FivWqvX1orm","pillarPages/nursing-test-bank/subPages/SuT1noZoNGEjKGR1vTbi/nestedSubPages/zMFBI0XMiRsJnnXWhL5S/topics/PavJlfHXwXRUhopKAOO9/quizzes/bVY7ph3k0FivWqvX1orm","true","quiz","quiz","anatomy-and-physiology-ii-proctored-exam-practice-questions","anatomy-and-physiology-ii-proctored-exam-practice-questions","Anatomy and Physiology II Proctored Exam Practice Questions"
"zi3PHxxKNlgj5ZS0GIFE","quiz","med-surg-2-proctored-exam-mdc-college-practice-questions","med-surg-2-proctored-exam-mdc-college-practice-questions","Med Surg 2 Proctored Exam (Mdc College) Practice Questions","nursing-test-bank","SuT1noZoNGEjKGR1vTbi","zMFBI0XMiRsJnnXWhL5S","4xNDZPMszSkpgRfEsOck","jGlaGdH0UfpmLcD5P3jU","pillarPages/nursing-test-bank/subPages/SuT1noZoNGEjKGR1vTbi/nestedSubPages/zMFBI0XMiRsJnnXWhL5S/topics/4xNDZPMszSkpgRfEsOck/quizzes/jGlaGdH0UfpmLcD5P3jU","true","quiz","quiz","med-surg-2-proctored-exam-mdc-college-practice-questions","med-surg-2-proctored-exam-mdc-college-practice-questions","Med Surg 2 Proctored Exam (Mdc College) Practice Questions"
"zjj0TDcZmNpa6StjK8Y9","quiz","ati-pn-pediatrics-nursing-proctored-exam-2023-practice-questions-set-7","ati-pn-pediatrics-nursing-proctored-exam-2023-practice-questions-set-7","ATI PN Pediatrics Nursing Proctored Exam 2023 Practice Questions - Set 7","nursing-test-bank","z0xzINtS3EohZNaKosBz","lyrHg4RBzN6UafuymMFT","Y0MhOdG0hGVh8AUsgVrz","QO5q9l4Q2QMNEaDorVQs","pillarPages/nursing-test-bank/subPages/z0xzINtS3EohZNaKosBz/nestedSubPages/lyrHg4RBzN6UafuymMFT/topics/Y0MhOdG0hGVh8AUsgVrz/quizzes/QO5q9l4Q2QMNEaDorVQs","true","quiz","quiz","ati-pn-pediatrics-nursing-proctored-exam-2023-practice-questions-set-7","ati-pn-pediatrics-nursing-proctored-exam-2023-practice-questions-set-7","ATI PN Pediatrics Nursing Proctored Exam 2023 Practice Questions - Set 7"
"zn3rUYXPzwoyj0PmMra2","quiz","hesi-rn-adult-health-1-proctored-exam-d444-objective-assessment-practice-questions","hesi-rn-adult-health-1-proctored-exam-d444-objective-assessment-practice-questions","HESI RN Adult Health 1 Proctored Exam - D444 Objective Assessment Practice Questions","nursing-test-bank","SuT1noZoNGEjKGR1vTbi","iT55qp9NAFOvZLBAiQzC","n2FK9jdRFYQvHbryoAbl","hCbYi8cL12U9iS9UPteH","pillarPages/nursing-test-bank/subPages/SuT1noZoNGEjKGR1vTbi/nestedSubPages/iT55qp9NAFOvZLBAiQzC/topics/n2FK9jdRFYQvHbryoAbl/quizzes/hCbYi8cL12U9iS9UPteH","true","quiz","quiz","hesi-rn-adult-health-1-proctored-exam-d444-objective-assessment-practice-questions","hesi-rn-adult-health-1-proctored-exam-d444-objective-assessment-practice-questions","HESI RN Adult Health 1 Proctored Exam - D444 Objective Assessment Practice Questions"
"ztls0wwjn8ko0Smf5MWa","quiz","smith-chason-college-son-los-angeles-adn-nurs-146-gero-final-proctored-exam-practice-questions","smith-chason-college-son-los-angeles-adn-nurs-146-gero-final-proctored-exam-practice-questions","Smith Chason College Son Los Angeles Adn NURS 146 Gero Final Proctored Exam Practice Questions","nursing-test-bank","SuT1noZoNGEjKGR1vTbi","zMFBI0XMiRsJnnXWhL5S","L2wWtC9VGd9bcVlQMhD1","wOK2h2CBZpw6zVsAf2cj","pillarPages/nursing-test-bank/subPages/SuT1noZoNGEjKGR1vTbi/nestedSubPages/zMFBI0XMiRsJnnXWhL5S/topics/L2wWtC9VGd9bcVlQMhD1/quizzes/wOK2h2CBZpw6zVsAf2cj","true","quiz","quiz","smith-chason-college-son-los-angeles-adn-nurs-146-gero-final-proctored-exam-practice-questions","smith-chason-college-son-los-angeles-adn-nurs-146-gero-final-proctored-exam-practice-questions","Smith Chason College Son Los Angeles Adn NURS 146 Gero Final Proctored Exam Practice Questions"
"zyTSBaCWh8JqpDgvntF4","quiz","ati-pn-nurse-teaching-proctored-exam-practice-questions","ati-pn-nurse-teaching-proctored-exam-practice-questions","ATI PN Nurse Teaching Proctored Exam Practice Questions","nursing-test-bank","z0xzINtS3EohZNaKosBz","lyrHg4RBzN6UafuymMFT","1Lb0PkKiTEM2wQOIMDtv","ZkRdmAAqHlQhXUxl8YUQ","pillarPages/nursing-test-bank/subPages/z0xzINtS3EohZNaKosBz/nestedSubPages/lyrHg4RBzN6UafuymMFT/topics/1Lb0PkKiTEM2wQOIMDtv/quizzes/ZkRdmAAqHlQhXUxl8YUQ","true","quiz","quiz","ati-pn-nurse-teaching-proctored-exam-practice-questions","ati-pn-nurse-teaching-proctored-exam-practice-questions","ATI PN Nurse Teaching Proctored Exam Practice Questions"
