"routeMappingId","type","slug","targetSlug","refPath","title","description","canonicalUrl","expectedCanonical","schemaPresent","schemaValid","schemaError","issueCount","issues"
"00ovwopQq62aDJK9kiCs","quiz","ati-pn-advanced-med-surg-proctored-exam-practice-questions","ati-pn-advanced-med-surg-proctored-exam-practice-questions","pillarPages/nursing-test-bank/subPages/z0xzINtS3EohZNaKosBz/nestedSubPages/lyrHg4RBzN6UafuymMFT/topics/NywbGW22YNeZSM3kuwKk/quizzes/XHWqHQ2bEOP33PwErUTI","ATI PN Advanced Med Surg Proctored Exam. Practice Questions | NursingMocks","Practice with 45 questions from ATI PN Advanced Med Surg Proctored Exam. Practice Questions.","https://www.nursingmocks.com/ati-pn-advanced-med-surg-proctored-exam-practice-questions","https://www.nursingmocks.com/ati-pn-advanced-med-surg-proctored-exam-practice-questions","false","true","runtime-generated","0",""
"03KMuK7Mh6itZUChVI62","quiz","hesi-a2-biology-practice-test-set-1","hesi-a2-biology-practice-test-set-1","pillarPages/nursing-entrance-exam/subPages/rdYGUZ9DzFvAmo6EsrVe/nestedSubPages/4f2Tydp51lxl4u4OtTlL/quizzes/hesi-a2-biology-practice-test-set-1","HESI A2 Biology Practice Test Set 1","Practice HESI A2 Actual Exam Set 1 - Biology questions for HESI A2 preparation.","https://www.nursingmocks.com/hesi-a2-biology-practice-test-set-1","https://www.nursingmocks.com/hesi-a2-biology-practice-test-set-1","false","true","runtime-generated","0",""
"04YURJ9APUdsYlZfVWj2","quiz","anatomy-and-physiology-proctored-exam-bio-210-practice-questions","anatomy-and-physiology-proctored-exam-bio-210-practice-questions","pillarPages/nursing-test-bank/subPages/SuT1noZoNGEjKGR1vTbi/nestedSubPages/zMFBI0XMiRsJnnXWhL5S/topics/PavJlfHXwXRUhopKAOO9/quizzes/elqQNBhHvKZXqmgvjyJh","Anatomy and Physiology Proctored Exam (Bio 210) Practice Questions | NursingMocks","Practice with 99 questions from Anatomy and Physiology Proctored Exam (Bio 210) Practice Questions.","https://www.nursingmocks.com/anatomy-and-physiology-proctored-exam-bio-210-practice-questions","https://www.nursingmocks.com/anatomy-and-physiology-proctored-exam-bio-210-practice-questions","false","true","runtime-generated","0",""
"0BaCDqobYv3jdkBNuDt2","quiz","hesi-rn-dosage-calculation-proctored-exam-practice-questions-set-6","hesi-rn-dosage-calculation-proctored-exam-practice-questions-set-6","pillarPages/nursing-test-bank/subPages/SuT1noZoNGEjKGR1vTbi/nestedSubPages/iT55qp9NAFOvZLBAiQzC/topics/dfRlrdGOvpDhVVXIqa0H/quizzes/iRh6LiEuUJG9QK0K9GtC","HESI RN Dosage Calculation Proctored Exam Practice Questions - Set 6 | NursingMocks","Practice with 50 questions from HESI RN Dosage Calculation Proctored Exam Practice Questions - Set 6.","https://www.nursingmocks.com/hesi-rn-dosage-calculation-proctored-exam-practice-questions-set-6","https://www.nursingmocks.com/hesi-rn-dosage-calculation-proctored-exam-practice-questions-set-6","false","true","runtime-generated","0",""
"0CAXw55tfsngONhjsj0g","topic","rn-nursing-course-endocrinology-practice-questions","rn-nursing-course-endocrinology-practice-questions","pillarPages/nursing-test-bank/subPages/SuT1noZoNGEjKGR1vTbi/nestedSubPages/zMFBI0XMiRsJnnXWhL5S/topics/A9zXNbSKb0vVjEfyHpKx","RN Endocrinology Course Exam Questions | NursingMocks","Review RN Endocrinology course exam questions for endocrine disorders, diabetes care, hormone regulation, and nursing interventions.","https://www.nursingmocks.com/rn-nursing-course-endocrinology-practice-questions","https://www.nursingmocks.com/rn-nursing-course-endocrinology-practice-questions","true","true","","0",""
"0H7fy4Ce4YxbVt9GmrCs","quiz","ati-pn-pediatrics-nursing-proctored-exam-4-practice-questions","ati-pn-pediatrics-nursing-proctored-exam-4-practice-questions","pillarPages/nursing-test-bank/subPages/z0xzINtS3EohZNaKosBz/nestedSubPages/lyrHg4RBzN6UafuymMFT/topics/Y0MhOdG0hGVh8AUsgVrz/quizzes/NH3gyG5aP7WEF0CLYByB","ATI PN Pediatrics Nursing Proctored Exam 4 Practice Questions | NursingMocks","Practice with 43 questions from ATI PN Pediatrics Nursing Proctored Exam 4 Practice Questions.","https://www.nursingmocks.com/ati-pn-pediatrics-nursing-proctored-exam-4-practice-questions","https://www.nursingmocks.com/ati-pn-pediatrics-nursing-proctored-exam-4-practice-questions","false","true","runtime-generated","0",""
"0N4NqoR5LzJlxNZRqkSd","quiz","ati-pn-fundamentals-proctored-exam-ii-practice-questions","ati-pn-fundamentals-proctored-exam-ii-practice-questions","pillarPages/nursing-test-bank/subPages/z0xzINtS3EohZNaKosBz/nestedSubPages/lyrHg4RBzN6UafuymMFT/topics/1Lb0PkKiTEM2wQOIMDtv/quizzes/735MCl6VWvWceXcBvU3I","ATI PN Fundamentals Proctored Exam II Practice Questions | NursingMocks","Practice with 46 questions from ATI PN Fundamentals Proctored Exam II Practice Questions.","https://www.nursingmocks.com/ati-pn-fundamentals-proctored-exam-ii-practice-questions","https://www.nursingmocks.com/ati-pn-fundamentals-proctored-exam-ii-practice-questions","false","true","runtime-generated","0",""
"0NBX51jWj6yMTOMVJM6f","quiz","ati-rn-comprehensive-predictor-2023-proctored-exam-form-3","ati-rn-comprehensive-predictor-2023-proctored-exam-form-3","pillarPages/nursing-exit-exam/subPages/S4vSoa5bxDgZ1L5kLOJe/nestedSubPages/QsMAv9L9bzYoFjgdfKgH/quizzes/4b9ZGlgK7CqJUZ5UVnDo","ATI RN Comprehensive Predictor 2023 Proctored Exam Form 3 | NursingMocks","ATI RN Comprehensive Predictor 2023 Proctored Exam Form 3 practice questions and answers for Nursing Exit Exam review.","https://www.nursingmocks.com/ati-rn-comprehensive-predictor-2023-proctored-exam-form-3","https://www.nursingmocks.com/ati-rn-comprehensive-predictor-2023-proctored-exam-form-3","false","true","runtime-generated","0",""
"0RKy0bSv6o5NsyVw2CNN","quiz","nu-314-maternal-newborn-proctored-exam-practice-questions-set-6","nu-314-maternal-newborn-proctored-exam-practice-questions-set-6","pillarPages/nursing-test-bank/subPages/SuT1noZoNGEjKGR1vTbi/nestedSubPages/zMFBI0XMiRsJnnXWhL5S/topics/stnDIFRoA0VwLaoxbGv1/quizzes/1as6z7CWehDGH7sSvspp","Nu 314 Maternal Newborn Proctored Exam Practice Questions - Set 6 | NursingMocks","Practice with 30 questions from Nu 314 Maternal Newborn Proctored Exam Practice Questions - Set 6.","https://www.nursingmocks.com/nu-314-maternal-newborn-proctored-exam-practice-questions-set-6","https://www.nursingmocks.com/nu-314-maternal-newborn-proctored-exam-practice-questions-set-6","false","true","runtime-generated","0",""
"0WeVGhbRQ2GqhWpK8vtw","quiz","hesi-rn-dosage-calculation-proctored-exam-practice-questions-set-4","hesi-rn-dosage-calculation-proctored-exam-practice-questions-set-4","pillarPages/nursing-test-bank/subPages/SuT1noZoNGEjKGR1vTbi/nestedSubPages/iT55qp9NAFOvZLBAiQzC/topics/dfRlrdGOvpDhVVXIqa0H/quizzes/KXkIAIdmuvGAhSoQlqS6","HESI RN Dosage Calculation Proctored Exam Practice Questions - Set 4 | NursingMocks","Practice with 57 questions from HESI RN Dosage Calculation Proctored Exam Practice Questions - Set 4.","https://www.nursingmocks.com/hesi-rn-dosage-calculation-proctored-exam-practice-questions-set-4","https://www.nursingmocks.com/hesi-rn-dosage-calculation-proctored-exam-practice-questions-set-4","false","true","runtime-generated","0",""
"0hG6j1ktT6u4UP4VAi4G","quiz","ob-and-pedeatrics-proctored-exam-hcp-bridge-practice-questions","ob-and-pedeatrics-proctored-exam-hcp-bridge-practice-questions","pillarPages/nursing-test-bank/subPages/SuT1noZoNGEjKGR1vTbi/nestedSubPages/zMFBI0XMiRsJnnXWhL5S/topics/Hwspg6smTqrELsoRSNmc/quizzes/vggPwwFcmYZKmuMI8MJL","OB and Pedeatrics Proctored Exam (Hcp Bridge) Practice Questions | NursingMocks","Practice with 65 questions from OB and Pedeatrics Proctored Exam (Hcp Bridge) Practice Questions.","https://www.nursingmocks.com/ob-and-pedeatrics-proctored-exam-hcp-bridge-practice-questions","https://www.nursingmocks.com/ob-and-pedeatrics-proctored-exam-hcp-bridge-practice-questions","false","true","runtime-generated","0",""
"0kehAPtDmQi0F054sznd","topic","ati-nutrition-practice-questions","ati-nutrition-practice-questions","pillarPages/nursing-test-bank/subPages/SuT1noZoNGEjKGR1vTbi/nestedSubPages/Fnnd4c6ae0Uiurk2KUSc/topics/XU1Jo4dwI3E9VPqZX0VT","ATI Nutrition Practice Questions | NursingMocks","Review ATI Nutrition practice questions with rationales covering diet therapy, nutrients, client teaching, enteral nutrition, and nursing care.","https://www.nursingmocks.com/ati-nutrition-practice-questions","https://www.nursingmocks.com/ati-nutrition-practice-questions","true","true","","0",""
"0pYCwkHrFsQitn4P7MWZ","quiz","wgu-hesi-rn-foundation-of-nursing-proctored-exam-practice-questions","wgu-hesi-rn-foundation-of-nursing-proctored-exam-practice-questions","pillarPages/nursing-test-bank/subPages/SuT1noZoNGEjKGR1vTbi/nestedSubPages/iT55qp9NAFOvZLBAiQzC/topics/70YsvvAfpEoWkJ2zO8Vy/quizzes/scUQyNlRvgEmdkevnnJk","WGU HESI RN Foundation of Nursing Proctored Exam Practice Questions | NursingMocks","Practice with 51 questions from WGU HESI RN Foundation of Nursing Proctored Exam Practice Questions.","https://www.nursingmocks.com/wgu-hesi-rn-foundation-of-nursing-proctored-exam-practice-questions","https://www.nursingmocks.com/wgu-hesi-rn-foundation-of-nursing-proctored-exam-practice-questions","false","true","runtime-generated","0",""
"0q5zjihkUfARUgWH8322","kb","free-ati-teas-7-practice-test-2025-full-length-simulation.","free-ati-teas-7-practice-test-2025-full-length-simulation.","knowledgeBase/WC8LD6lj28myPCzXpIpT","Free ATI TEAS 7 Practice Test | 2025 Full-Length Simulation. | Nursing Entrance Exam","KB Article: Free ATI TEAS 7 Practice Test | 2025 Full-Length Simulation. under Nursing Entrance Exam.","https://www.nursingmocks.com/free-ati-teas-7-practice-test-2025-full-length-simulation.","https://www.nursingmocks.com/free-ati-teas-7-practice-test-2025-full-length-simulation.","true","true","","0",""
"0sz4beh1in34GzkwJSkX","quiz","ati-pn-mental-health-pn-ecpi-college-proctored-exam-practice-questions","ati-pn-mental-health-pn-ecpi-college-proctored-exam-practice-questions","pillarPages/nursing-test-bank/subPages/z0xzINtS3EohZNaKosBz/nestedSubPages/lyrHg4RBzN6UafuymMFT/topics/6i5h4wWlOfz4R8huNTkC/quizzes/PFewnOklavlOrbuP1ZTh","ATI PN Mental Health PN(Ecpi College) Proctored Exam Practice Questions | NursingMocks","Practice with 30 questions from ATI PN Mental Health PN(Ecpi College) Proctored Exam Practice Questions.","https://www.nursingmocks.com/ati-pn-mental-health-pn-ecpi-college-proctored-exam-practice-questions","https://www.nursingmocks.com/ati-pn-mental-health-pn-ecpi-college-proctored-exam-practice-questions","false","true","runtime-generated","0",""
"0uIy4YGYBJ0defg2WLh9","quiz","teas-reading-practice-test-set-13","teas-reading-practice-test-set-13","pillarPages/nursing-entrance-exam/subPages/yrdSf0KpOcuybL1SLnw7/nestedSubPages/2JIZgWhm9jUkoNFmkY7R/quizzes/DdOaj7o2STEkWwbqKigF","ATI TEAS Reading Practice Test Set 13 Questions and Answers","Practice ATI TEAS Reading Set 13 questions and answers covering Key Ideas and Details, Craft and Structure, and Integration of Knowledge and Ideas, with focus on purpose, tone, and how details shape meaning in passages.","https://www.nursingmocks.com/teas-reading-practice-test-set-13","https://www.nursingmocks.com/teas-reading-practice-test-set-13","true","true","","0",""
"0wGnbazQicMu1hAgeiqG","sub","hesi-a2-practice-test","hesi-a2-practice-test","pillarPages/nursing-entrance-exam/subPages/rdYGUZ9DzFvAmo6EsrVe","Hesi A2 | Nursing Entrance Exam","Content for Hesi A2 under Nursing Entrance Exam.","https://www.nursingmocks.com/hesi-a2-practice-test","https://www.nursingmocks.com/hesi-a2-practice-test","true","true","","0",""
"0zY0zC9p5QCdBiDbOdYL","quiz","hesi-rn-leadership-proctored-exam-practice-questions","hesi-rn-leadership-proctored-exam-practice-questions","pillarPages/nursing-test-bank/subPages/SuT1noZoNGEjKGR1vTbi/nestedSubPages/iT55qp9NAFOvZLBAiQzC/topics/30nccr09IVuWd4PtZ4XA/quizzes/byegyFwRRkBAxewuKhDm","HESI RN Leadership Proctored Exam Practice Questions | NursingMocks","Practice with 49 questions from HESI RN Leadership Proctored Exam Practice Questions.","https://www.nursingmocks.com/hesi-rn-leadership-proctored-exam-practice-questions","https://www.nursingmocks.com/hesi-rn-leadership-proctored-exam-practice-questions","false","true","runtime-generated","0",""
"11war13uNyuUALcmSmN6","quiz","hesi-rn-medical-surgical-nursing-proctored-exam-practice-questions","hesi-rn-medical-surgical-nursing-proctored-exam-practice-questions","pillarPages/nursing-test-bank/subPages/SuT1noZoNGEjKGR1vTbi/nestedSubPages/iT55qp9NAFOvZLBAiQzC/topics/aS23yuUD7OS39aVVutYn/quizzes/IHAh9XiKapQiPTKQE9vp","HESI RN Medical Surgical Nursing Proctored Exam Practice Questions | NursingMocks","Practice with 58 questions from HESI RN Medical Surgical Nursing Proctored Exam Practice Questions.","https://www.nursingmocks.com/hesi-rn-medical-surgical-nursing-proctored-exam-practice-questions","https://www.nursingmocks.com/hesi-rn-medical-surgical-nursing-proctored-exam-practice-questions","false","true","runtime-generated","0",""
"18yEQ02h9a8Lk01YyCZ4","quiz","med-surg-proctored-exam-herzing-university-nss123-practice-questions","med-surg-proctored-exam-herzing-university-nss123-practice-questions","pillarPages/nursing-test-bank/subPages/SuT1noZoNGEjKGR1vTbi/nestedSubPages/zMFBI0XMiRsJnnXWhL5S/topics/4xNDZPMszSkpgRfEsOck/quizzes/7NcDGMGtPnfkipJ9KIo9","Med Surg Proctored Exam (Herzing University Nss123) Practice Questions | NursingMocks","Practice with 53 questions from Med Surg Proctored Exam (Herzing University Nss123) Practice Questions.","https://www.nursingmocks.com/med-surg-proctored-exam-herzing-university-nss123-practice-questions","https://www.nursingmocks.com/med-surg-proctored-exam-herzing-university-nss123-practice-questions","false","true","runtime-generated","0",""
"1Dl2rVrNJuFNq8g6evTi","quiz","ati-pn-med-surg-pn-proctored-exam-monroe-college-practice-questions","ati-pn-med-surg-pn-proctored-exam-monroe-college-practice-questions","pillarPages/nursing-test-bank/subPages/z0xzINtS3EohZNaKosBz/nestedSubPages/lyrHg4RBzN6UafuymMFT/topics/NywbGW22YNeZSM3kuwKk/quizzes/bkWtAcqfdm9l1NEdIQaT","ATI PN Med Surg PN Proctored Exam (Monroe College) Practice Questions | NursingMocks","Practice with 37 questions from ATI PN Med Surg PN Proctored Exam (Monroe College) Practice Questions.","https://www.nursingmocks.com/ati-pn-med-surg-pn-proctored-exam-monroe-college-practice-questions","https://www.nursingmocks.com/ati-pn-med-surg-pn-proctored-exam-monroe-college-practice-questions","false","true","runtime-generated","0",""
"1Icj9QEHBQUkMizKi082","quiz","ati-pn-med-surg-proctored-exam-practice-questions-set-20","ati-pn-med-surg-proctored-exam-practice-questions-set-20","pillarPages/nursing-test-bank/subPages/z0xzINtS3EohZNaKosBz/nestedSubPages/lyrHg4RBzN6UafuymMFT/topics/NywbGW22YNeZSM3kuwKk/quizzes/UNpA2CM7ebFWBcyGTTh4","ATI PN Med Surg Proctored Exam Practice Questions - Set 20 | NursingMocks","Practice with 49 questions from ATI PN Med Surg Proctored Exam Practice Questions - Set 20.","https://www.nursingmocks.com/ati-pn-med-surg-proctored-exam-practice-questions-set-20","https://www.nursingmocks.com/ati-pn-med-surg-proctored-exam-practice-questions-set-20","false","true","runtime-generated","0",""
"1K5QnWN9oCwltItusboa","quiz","hesi-rn-health-assessment-proctored-exam-practice-questions-set-13","hesi-rn-health-assessment-proctored-exam-practice-questions-set-13","pillarPages/nursing-test-bank/subPages/SuT1noZoNGEjKGR1vTbi/nestedSubPages/iT55qp9NAFOvZLBAiQzC/topics/0zSu4efsFf1RPT4W2Xjn/quizzes/se0AdeGgDu0iVJ4rHbWl","HESI RN Health Assessment Proctored Exam Practice Questions - Set 13 | NursingMocks","Practice with 85 questions from HESI RN Health Assessment Proctored Exam Practice Questions - Set 13.","https://www.nursingmocks.com/hesi-rn-health-assessment-proctored-exam-practice-questions-set-13","https://www.nursingmocks.com/hesi-rn-health-assessment-proctored-exam-practice-questions-set-13","false","true","runtime-generated","0",""
"1L6WroJKnD6zlx30BgKq","kb-article","rn-test-kb-df","rn-test-kb-df","knowledgeBase/pxxCHZxblBsuB7nBLbaK","pxxCHZxblBsuB7nBLbaK | TeasGurus","Study RN TEst KB xzaaxxcv with NursingMocks practice resources.","https://www.nursingmocks.com/rn-test-kb-df","https://www.nursingmocks.com/rn-test-kb-df","true","true","","0",""
"1R2wQ2lS7zDCC8QsVsY6","quiz","foundation-of-nursing-proctored-exam-university-of-texas-practice-questions","foundation-of-nursing-proctored-exam-university-of-texas-practice-questions","pillarPages/nursing-test-bank/subPages/SuT1noZoNGEjKGR1vTbi/nestedSubPages/zMFBI0XMiRsJnnXWhL5S/topics/sBc3Ee7TKg33PIbmj4Hb/quizzes/nB2PPGbPPXQCSPaxMb3O","Foundation of Nursing Proctored Exam (University of Texas) Practice Questions | NursingMocks","Practice with 38 questions from Foundation of Nursing Proctored Exam (University of Texas) Practice Questions.","https://www.nursingmocks.com/foundation-of-nursing-proctored-exam-university-of-texas-practice-questions","https://www.nursingmocks.com/foundation-of-nursing-proctored-exam-university-of-texas-practice-questions","false","true","runtime-generated","0",""
"1T9SithasuWSmaxN0Rex","quiz","pharmacology-proctored-exam-gi-and-diabetes-medication-practice-questions","pharmacology-proctored-exam-gi-and-diabetes-medication-practice-questions","pillarPages/nursing-test-bank/subPages/SuT1noZoNGEjKGR1vTbi/nestedSubPages/zMFBI0XMiRsJnnXWhL5S/topics/qjQzp4HMFByeL1UEKGDd/quizzes/M2EJAHcfvK3txoChuYPF","Pharmacology Proctored Exam (Gi and Diabetes Medication) Practice Questions | NursingMocks","Practice with 38 questions from Pharmacology Proctored Exam (Gi and Diabetes Medication) Practice Questions.","https://www.nursingmocks.com/pharmacology-proctored-exam-gi-and-diabetes-medication-practice-questions","https://www.nursingmocks.com/pharmacology-proctored-exam-gi-and-diabetes-medication-practice-questions","false","true","runtime-generated","0",""
"1TmUiz45QVd31UprCgCb","quiz","managing-adult-care-1-proctored-exam-samuel-merit-university-practice-questions","managing-adult-care-1-proctored-exam-samuel-merit-university-practice-questions","pillarPages/nursing-test-bank/subPages/SuT1noZoNGEjKGR1vTbi/nestedSubPages/zMFBI0XMiRsJnnXWhL5S/topics/L2wWtC9VGd9bcVlQMhD1/quizzes/fR3sOMFY8C10vvSEEDBT","Managing Adult Care 1 Proctored Exam (Samuel Merit University) Practice Questions | NursingMocks","Practice with 40 questions from Managing Adult Care 1 Proctored Exam (Samuel Merit University) Practice Questions.","https://www.nursingmocks.com/managing-adult-care-1-proctored-exam-samuel-merit-university-practice-questions","https://www.nursingmocks.com/managing-adult-care-1-proctored-exam-samuel-merit-university-practice-questions","false","true","runtime-generated","0",""
"1WRfrj4ka7vOVtWROQW0","quiz","pediatrics-proctored-exam-practice-questions-set-2","pediatrics-proctored-exam-practice-questions-set-2","pillarPages/nursing-test-bank/subPages/SuT1noZoNGEjKGR1vTbi/nestedSubPages/zMFBI0XMiRsJnnXWhL5S/topics/Hwspg6smTqrELsoRSNmc/quizzes/yxrXczf6Otuw8eBRYWGb","Pediatrics Proctored Exam Practice Questions - Set 2 | NursingMocks","Practice with 64 questions from Pediatrics Proctored Exam Practice Questions - Set 2.","https://www.nursingmocks.com/pediatrics-proctored-exam-practice-questions-set-2","https://www.nursingmocks.com/pediatrics-proctored-exam-practice-questions-set-2","false","true","runtime-generated","0",""
"1b6lhlUZQDQRVFSpZpg9","quiz","ati-pn-pharmacology-proctored-exam-practice-questions-set-8","ati-pn-pharmacology-proctored-exam-practice-questions-set-8","pillarPages/nursing-test-bank/subPages/z0xzINtS3EohZNaKosBz/nestedSubPages/lyrHg4RBzN6UafuymMFT/topics/13a3GLxldltUqhIxNzkr/quizzes/HvGrrrNlu9HoPb78VndH","ATI PN Pharmacology Proctored Exam Practice Questions - Set 8 | NursingMocks","Practice with 47 questions from ATI PN Pharmacology Proctored Exam Practice Questions - Set 8.","https://www.nursingmocks.com/ati-pn-pharmacology-proctored-exam-practice-questions-set-8","https://www.nursingmocks.com/ati-pn-pharmacology-proctored-exam-practice-questions-set-8","false","true","runtime-generated","0",""
"1bdWlUXtvctLPtJ1ZcJH","quiz","ati-lpn-comprehensive-predictor-2023-proctored-exam","ati-lpn-comprehensive-predictor-2023-proctored-exam","pillarPages/nursing-exit-exam/subPages/nkXaaMfkkbvjmrSRwtVq/nestedSubPages/ShdTxCRHYWbhmGg06Sgw/quizzes/EmymgdDcm9romnoheHBP","2-Ati lpn comprehensive predictor 2023 proctored exam | NursingMocks","Practice nursing exit exam questions and answers for 2-Ati lpn comprehensive predictor 2023 proctored exam.","https://www.nursingmocks.com/ati-lpn-comprehensive-predictor-2023-proctored-exam","https://www.nursingmocks.com/ati-lpn-comprehensive-predictor-2023-proctored-exam","false","true","runtime-generated","0",""
"1cbcnTIDWSit6dBMaphA","quiz","ati-pn-fundamentals-proctored-exam-practice-questions-set-35","ati-pn-fundamentals-proctored-exam-practice-questions-set-35","pillarPages/nursing-test-bank/subPages/z0xzINtS3EohZNaKosBz/nestedSubPages/lyrHg4RBzN6UafuymMFT/topics/1Lb0PkKiTEM2wQOIMDtv/quizzes/whQvOHGTCVmHlLY1avhB","ATI PN Fundamentals Proctored Exam Practice Questions - Set 35 | NursingMocks","Practice with 44 questions from ATI PN Fundamentals Proctored Exam Practice Questions - Set 35.","https://www.nursingmocks.com/ati-pn-fundamentals-proctored-exam-practice-questions-set-35","https://www.nursingmocks.com/ati-pn-fundamentals-proctored-exam-practice-questions-set-35","false","true","runtime-generated","0",""
"1dOWfbpPR3BGjsJeTbqf","quiz","nurs-4th-sem-mce-a-fall-2025-dosage-calculation-proctored-exam-montgomery-college-practice-questions","nurs-4th-sem-mce-a-fall-2025-dosage-calculation-proctored-exam-montgomery-college-practice-questions","pillarPages/nursing-test-bank/subPages/SuT1noZoNGEjKGR1vTbi/nestedSubPages/zMFBI0XMiRsJnnXWhL5S/topics/GXrH3QXIidtKg5Jx0ly4/quizzes/gConpVBsaj0QKhvOtHhT","NURS 4Th Sem Mce A-Fall 2025 Dosage Calculation Proctored Exam (Montgomery College) Practice Questions | NursingMocks","Practice with 25 questions from NURS 4Th Sem Mce A-Fall 2025 Dosage Calculation Proctored Exam (Montgomery College) Practice Questions.","https://www.nursingmocks.com/nurs-4th-sem-mce-a-fall-2025-dosage-calculation-proctored-exam-montgomery-college-practice-questions","https://www.nursingmocks.com/nurs-4th-sem-mce-a-fall-2025-dosage-calculation-proctored-exam-montgomery-college-practice-questions","false","true","runtime-generated","0",""
"1g9eEHh4aHZXv6rtETqX","quiz","multidimensional-module-ii-final-exam-proctored-exam-practice-questions","multidimensional-module-ii-final-exam-proctored-exam-practice-questions","pillarPages/nursing-test-bank/subPages/SuT1noZoNGEjKGR1vTbi/nestedSubPages/zMFBI0XMiRsJnnXWhL5S/topics/5wsEQxaa4oxFg4kMLWiR/quizzes/LIuViyE6abX1LqRbGlzO","Multidimensional Module II Final Exam Proctored Exam Practice Questions | NursingMocks","Practice with 99 questions from Multidimensional Module II Final Exam Proctored Exam Practice Questions.","https://www.nursingmocks.com/multidimensional-module-ii-final-exam-proctored-exam-practice-questions","https://www.nursingmocks.com/multidimensional-module-ii-final-exam-proctored-exam-practice-questions","false","true","runtime-generated","0",""
"1ix7zAiO8H8MBhKp1EPD","quiz","hesi-a2-grammar-practice-test-set-1","hesi-a2-grammar-practice-test-set-1","pillarPages/nursing-entrance-exam/subPages/rdYGUZ9DzFvAmo6EsrVe/nestedSubPages/XYJ11eHtMbIhQnTYPS6j/quizzes/hesi-a2-grammar-practice-test-set-1","HESI A2 Grammar Practice Test Set 1","Practice HESI A2 Actual Exam Set 1 - Grammar questions for HESI A2 preparation.","https://www.nursingmocks.com/hesi-a2-grammar-practice-test-set-1","https://www.nursingmocks.com/hesi-a2-grammar-practice-test-set-1","false","true","runtime-generated","0",""
"1xV5ZNqYwYiE1T0G7c2e","quiz","ivytech-community-college-lawrence-campus-pediatric-proctored-exam-practice-questions","ivytech-community-college-lawrence-campus-pediatric-proctored-exam-practice-questions","pillarPages/nursing-test-bank/subPages/SuT1noZoNGEjKGR1vTbi/nestedSubPages/zMFBI0XMiRsJnnXWhL5S/topics/Hwspg6smTqrELsoRSNmc/quizzes/QIUrkYJp0QqoB7yqKR1s","Ivytech Community College Lawrence Campus Pediatric Proctored Exam Practice Questions | NursingMocks","Practice with 38 questions from Ivytech Community College Lawrence Campus Pediatric Proctored Exam Practice Questions.","https://www.nursingmocks.com/ivytech-community-college-lawrence-campus-pediatric-proctored-exam-practice-questions","https://www.nursingmocks.com/ivytech-community-college-lawrence-campus-pediatric-proctored-exam-practice-questions","false","true","runtime-generated","0",""
"20v31s4B4hWdZ7sQdqik","quiz","hesi-rn-med-surg-proctored-exam-mcphs-university-practice-questions","hesi-rn-med-surg-proctored-exam-mcphs-university-practice-questions","pillarPages/nursing-test-bank/subPages/SuT1noZoNGEjKGR1vTbi/nestedSubPages/iT55qp9NAFOvZLBAiQzC/topics/aS23yuUD7OS39aVVutYn/quizzes/EjMpi4tE8olgaZKvkRBq","HESI RN Med-Surg Proctored Exam (Mcphs University) Practice Questions | NursingMocks","Practice with 59 questions from HESI RN Med-Surg Proctored Exam (Mcphs University) Practice Questions.","https://www.nursingmocks.com/hesi-rn-med-surg-proctored-exam-mcphs-university-practice-questions","https://www.nursingmocks.com/hesi-rn-med-surg-proctored-exam-mcphs-university-practice-questions","false","true","runtime-generated","0",""
"25rVAegb2Js7LBjHrNxn","quiz","hesi-rn-community-and-population-health-final-exam-practice-questions","hesi-rn-community-and-population-health-final-exam-practice-questions","pillarPages/nursing-test-bank/subPages/SuT1noZoNGEjKGR1vTbi/nestedSubPages/iT55qp9NAFOvZLBAiQzC/topics/KMxUPDNscYEZBOVA2kMH/quizzes/tBKxe8jJXbERsEZ6Adox","HESI RN Community and Population Health Final Exam Practice Questions | NursingMocks","Practice with 56 questions from HESI RN Community and Population Health Final Exam Practice Questions.","https://www.nursingmocks.com/hesi-rn-community-and-population-health-final-exam-practice-questions","https://www.nursingmocks.com/hesi-rn-community-and-population-health-final-exam-practice-questions","false","true","runtime-generated","0",""
"2AQBXZN8IyYdqj7GFx7m","topic","ati-dosage-calculation-proctored-exam-practice-questions","ati-dosage-calculation-proctored-exam-practice-questions","pillarPages/nursing-test-bank/subPages/SuT1noZoNGEjKGR1vTbi/nestedSubPages/Fnnd4c6ae0Uiurk2KUSc/topics/OyGsclWkUHyyZy4Qugqq","ATI Dosage Calculation Questions | NursingMocks","Practice ATI Dosage Calculation questions with rationales for medication math, conversions, IV flow rates, safe dose ranges, and accuracy.","https://www.nursingmocks.com/ati-dosage-calculation-proctored-exam-practice-questions","https://www.nursingmocks.com/ati-dosage-calculation-proctored-exam-practice-questions","true","true","","0",""
"2CoTgxjjj5NNtm4mYK9y","quiz","ati-pn-custom-mental-health-proctored-exam-practice-questions","ati-pn-custom-mental-health-proctored-exam-practice-questions","pillarPages/nursing-test-bank/subPages/z0xzINtS3EohZNaKosBz/nestedSubPages/lyrHg4RBzN6UafuymMFT/topics/6i5h4wWlOfz4R8huNTkC/quizzes/kQ0lBDDg6jjxRkrTsdZY","ATI PN Custom Mental Health Proctored Exam Practice Questions | NursingMocks","Practice with 42 questions from ATI PN Custom Mental Health Proctored Exam Practice Questions.","https://www.nursingmocks.com/ati-pn-custom-mental-health-proctored-exam-practice-questions","https://www.nursingmocks.com/ati-pn-custom-mental-health-proctored-exam-practice-questions","false","true","runtime-generated","0",""
"2H8VKlb3splGKrB5wpAk","quiz","nace-care-of-the-child-proctored-exam-practice-questions","nace-care-of-the-child-proctored-exam-practice-questions","pillarPages/nursing-test-bank/subPages/SuT1noZoNGEjKGR1vTbi/nestedSubPages/zMFBI0XMiRsJnnXWhL5S/topics/Hwspg6smTqrELsoRSNmc/quizzes/AYSUZRiGJcX9dYI3h0x6","NACE Care of the Child Proctored Exam Practice Questions | NursingMocks","Practice with 101 questions from NACE Care of the Child Proctored Exam Practice Questions.","https://www.nursingmocks.com/nace-care-of-the-child-proctored-exam-practice-questions","https://www.nursingmocks.com/nace-care-of-the-child-proctored-exam-practice-questions","false","true","runtime-generated","0",""
"2HTjQZnzOJE5BBmXVKo1","quiz","nur-250-med-surg-proctored-exam-care-of-patients-across-life-span-excelsior-university-practice-questions","nur-250-med-surg-proctored-exam-care-of-patients-across-life-span-excelsior-university-practice-questions","pillarPages/nursing-test-bank/subPages/SuT1noZoNGEjKGR1vTbi/nestedSubPages/zMFBI0XMiRsJnnXWhL5S/topics/4xNDZPMszSkpgRfEsOck/quizzes/PuzjCXqc4ybDIGDBAkja","NUR 250 Med Surg Proctored Exam (Care of Patients Across Life Span) (Excelsior University) Practice Questions | NursingMocks","Practice with 53 questions from NUR 250 Med Surg Proctored Exam (Care of Patients Across Life Span) (Excelsior University) Practice Questions.","https://www.nursingmocks.com/nur-250-med-surg-proctored-exam-care-of-patients-across-life-span-excelsior-university-practice-questions","https://www.nursingmocks.com/nur-250-med-surg-proctored-exam-care-of-patients-across-life-span-excelsior-university-practice-questions","false","true","runtime-generated","0",""
"2N2KcVPhd7CPLpoTMpkJ","topic","hesi-lpn-medical-surgical-practice-questions","hesi-lpn-medical-surgical-practice-questions","pillarPages/nursing-test-bank/subPages/z0xzINtS3EohZNaKosBz/nestedSubPages/ToLSmb6DG83NTZWXEJxt/topics/jD7wUAqBY3cn5ZMToJOK","HESI LPN Medical Surgical Questions | NursingMocks","Practice HESI LPN Medical Surgical questions for adult care, disease processes, body systems, prioritization, and clinical judgment.","https://www.nursingmocks.com/hesi-lpn-medical-surgical-practice-questions","https://www.nursingmocks.com/hesi-lpn-medical-surgical-practice-questions","true","true","","0",""
"2OKxYCHXOpsSI4F4Ic0e","quiz","hesi-rn-medical-surgical-proctored-exam-practice-questions-set-20","hesi-rn-medical-surgical-proctored-exam-practice-questions-set-20","pillarPages/nursing-test-bank/subPages/SuT1noZoNGEjKGR1vTbi/nestedSubPages/iT55qp9NAFOvZLBAiQzC/topics/aS23yuUD7OS39aVVutYn/quizzes/EXLiFBVNpmLsBVcIw2Mm","HESI RN Medical Surgical Proctored Exam Practice Questions - Set 20 | NursingMocks","Practice with 44 questions from HESI RN Medical Surgical Proctored Exam Practice Questions - Set 20.","https://www.nursingmocks.com/hesi-rn-medical-surgical-proctored-exam-practice-questions-set-20","https://www.nursingmocks.com/hesi-rn-medical-surgical-proctored-exam-practice-questions-set-20","false","true","runtime-generated","0",""
"2PXjGr9YdSYy8HPFGU2k","quiz","anatomy-and-physiology-proctored-exam-hellen-fuld-college-practice-questions","anatomy-and-physiology-proctored-exam-hellen-fuld-college-practice-questions","pillarPages/nursing-test-bank/subPages/SuT1noZoNGEjKGR1vTbi/nestedSubPages/zMFBI0XMiRsJnnXWhL5S/topics/PavJlfHXwXRUhopKAOO9/quizzes/vbUtWNhWiZSW4oPvmnW0","Anatomy and Physiology Proctored Exam (Hellen Fuld College) Practice Questions | NursingMocks","Practice with 89 questions from Anatomy and Physiology Proctored Exam (Hellen Fuld College) Practice Questions.","https://www.nursingmocks.com/anatomy-and-physiology-proctored-exam-hellen-fuld-college-practice-questions","https://www.nursingmocks.com/anatomy-and-physiology-proctored-exam-hellen-fuld-college-practice-questions","false","true","runtime-generated","0",""
"2ShXskSKMyzfhHzS77YR","quiz","fundamental-proctored-exam-herzing-university-practice-questions","fundamental-proctored-exam-herzing-university-practice-questions","pillarPages/nursing-test-bank/subPages/SuT1noZoNGEjKGR1vTbi/nestedSubPages/zMFBI0XMiRsJnnXWhL5S/topics/sBc3Ee7TKg33PIbmj4Hb/quizzes/yKa8se06WVGL2r9GGUPE","Fundamental Proctored Exam(Herzing University) Practice Questions | NursingMocks","Practice with 37 questions from Fundamental Proctored Exam(Herzing University) Practice Questions.","https://www.nursingmocks.com/fundamental-proctored-exam-herzing-university-practice-questions","https://www.nursingmocks.com/fundamental-proctored-exam-herzing-university-practice-questions","false","true","runtime-generated","0",""
"2cFnfsbvj8fVdppbqVhC","quiz","ati-pn-management-2023-proctored-exam-practice-questions-set-5","ati-pn-management-2023-proctored-exam-practice-questions-set-5","pillarPages/nursing-test-bank/subPages/z0xzINtS3EohZNaKosBz/nestedSubPages/lyrHg4RBzN6UafuymMFT/topics/i0Rf69MPdXLbYTSRdCOW/quizzes/sdqT2VZLyvE4fHe8Mafo","ATI PN Management 2023 Proctored Exam Practice Questions - Set 5 | NursingMocks","Practice with 54 questions from ATI PN Management 2023 Proctored Exam Practice Questions - Set 5.","https://www.nursingmocks.com/ati-pn-management-2023-proctored-exam-practice-questions-set-5","https://www.nursingmocks.com/ati-pn-management-2023-proctored-exam-practice-questions-set-5","false","true","runtime-generated","0",""
"2j5Ts3ECzXb171uhxX2m","quiz","ati-pn-dosage-calculation-pn-adult-medical-surgical-proctored-exam-3-2-practice-questions","ati-pn-dosage-calculation-pn-adult-medical-surgical-proctored-exam-3-2-practice-questions","pillarPages/nursing-test-bank/subPages/z0xzINtS3EohZNaKosBz/nestedSubPages/lyrHg4RBzN6UafuymMFT/topics/NHgx9LFXpsLVcFjsOujF/quizzes/Ub6cab9QGhrIdNfUut3L","ATI PN Dosage Calculation PN Adult Medical Surgical Proctored Exam 3.2 Practice Questions | NursingMocks","Practice with 30 questions from ATI PN Dosage Calculation PN Adult Medical Surgical Proctored Exam 3.2 Practice Questions.","https://www.nursingmocks.com/ati-pn-dosage-calculation-pn-adult-medical-surgical-proctored-exam-3-2-practice-questions","https://www.nursingmocks.com/ati-pn-dosage-calculation-pn-adult-medical-surgical-proctored-exam-3-2-practice-questions","false","true","runtime-generated","0",""
"2kQlim2uFE5wnccp3PI5","quiz","pathophysiology-proctored-exam-3-practice-questions","pathophysiology-proctored-exam-3-practice-questions","pillarPages/nursing-test-bank/subPages/SuT1noZoNGEjKGR1vTbi/nestedSubPages/zMFBI0XMiRsJnnXWhL5S/topics/KyUeIK7zxUi2K91H84Bj/quizzes/LA9wEitpg4QGUCIgITZi","Pathophysiology Proctored Exam 3 Practice Questions | NursingMocks","Practice with 52 questions from Pathophysiology Proctored Exam 3 Practice Questions.","https://www.nursingmocks.com/pathophysiology-proctored-exam-3-practice-questions","https://www.nursingmocks.com/pathophysiology-proctored-exam-3-practice-questions","false","true","runtime-generated","0",""
"2rR88K6iEr1BqqM8KBZB","quiz","hesi-rn-fundamentals-proctored-exam-practice-questions-set-5","hesi-rn-fundamentals-proctored-exam-practice-questions-set-5","pillarPages/nursing-test-bank/subPages/SuT1noZoNGEjKGR1vTbi/nestedSubPages/iT55qp9NAFOvZLBAiQzC/topics/70YsvvAfpEoWkJ2zO8Vy/quizzes/uzZLVqOMNfT2uesP8Ydb","HESI RN Fundamentals Proctored Exam Practice Questions - Set 5 | NursingMocks","Practice with 59 questions from HESI RN Fundamentals Proctored Exam Practice Questions - Set 5.","https://www.nursingmocks.com/hesi-rn-fundamentals-proctored-exam-practice-questions-set-5","https://www.nursingmocks.com/hesi-rn-fundamentals-proctored-exam-practice-questions-set-5","false","true","runtime-generated","0",""
"2tRHqdwriPrsj3Jm8enf","quiz","rn-fundamentals-2019-with-ngn-proctored-exam-3-practice-questions","rn-fundamentals-2019-with-ngn-proctored-exam-3-practice-questions","pillarPages/nursing-test-bank/subPages/SuT1noZoNGEjKGR1vTbi/nestedSubPages/zMFBI0XMiRsJnnXWhL5S/topics/sBc3Ee7TKg33PIbmj4Hb/quizzes/mxA9D5XVpkbbyOkTMKa8","RN Fundamentals 2019 with NGN Proctored Exam 3 Practice Questions | NursingMocks","Practice with 46 questions from RN Fundamentals 2019 with NGN Proctored Exam 3 Practice Questions.","https://www.nursingmocks.com/rn-fundamentals-2019-with-ngn-proctored-exam-3-practice-questions","https://www.nursingmocks.com/rn-fundamentals-2019-with-ngn-proctored-exam-3-practice-questions","false","true","runtime-generated","0",""
"2tr7bVP25s674Ua4zDIa","quiz","lpn-fundamental-proctored-exam-basic-nursing-practice-questions","lpn-fundamental-proctored-exam-basic-nursing-practice-questions","pillarPages/nursing-test-bank/subPages/z0xzINtS3EohZNaKosBz/nestedSubPages/3K3wv7IGcDcXvSNM9Kxm/topics/XKenRdlHMVfdY4Dl99G2/quizzes/OnqsiGkiLhHWBo0ZlTLS","LPN Fundamental Proctored Exam (Basic Nursing) Practice Questions | NursingMocks","Practice with 45 questions from LPN Fundamental Proctored Exam (Basic Nursing) Practice Questions.","https://www.nursingmocks.com/lpn-fundamental-proctored-exam-basic-nursing-practice-questions","https://www.nursingmocks.com/lpn-fundamental-proctored-exam-basic-nursing-practice-questions","false","true","runtime-generated","0",""
"2xpR043kUqgrZWmhO3JM","topic","ati-med-surg-proctored-exam-practice-questions","ati-med-surg-proctored-exam-practice-questions","pillarPages/nursing-test-bank/subPages/SuT1noZoNGEjKGR1vTbi/nestedSubPages/Fnnd4c6ae0Uiurk2KUSc/topics/LXdyDz6vDpwrmXhu7zKv","ATI Med Surg Proctored Exam Questions | NursingMocks","Review ATI Med Surg Proctored Exam questions with rationales for adult care, body systems, chronic conditions, procedures, and safety.","https://www.nursingmocks.com/ati-med-surg-proctored-exam-practice-questions","https://www.nursingmocks.com/ati-med-surg-proctored-exam-practice-questions","true","true","","0",""
"33MkHVpOtXgaEf9mGneJ","quiz","ichs-florida-international-college-of-health-sciences-med-surg-1-proctored-exam-practice-questions","ichs-florida-international-college-of-health-sciences-med-surg-1-proctored-exam-practice-questions","pillarPages/nursing-test-bank/subPages/SuT1noZoNGEjKGR1vTbi/nestedSubPages/zMFBI0XMiRsJnnXWhL5S/topics/4xNDZPMszSkpgRfEsOck/quizzes/hZWNMmInlhzDixtJcnPQ","Ichs (Florida International College of Health Sciences) Med Surg 1 Proctored Exam Practice Questions | NursingMocks","Practice with 53 questions from Ichs (Florida International College of Health Sciences) Med Surg 1 Proctored Exam Practice Questions.","https://www.nursingmocks.com/ichs-florida-international-college-of-health-sciences-med-surg-1-proctored-exam-practice-questions","https://www.nursingmocks.com/ichs-florida-international-college-of-health-sciences-med-surg-1-proctored-exam-practice-questions","false","true","runtime-generated","0",""
"37dxG3x9p5pNpV8dXHQV","quiz","health-assessment-proctored-exam-durham-college-practice-questions","health-assessment-proctored-exam-durham-college-practice-questions","pillarPages/nursing-test-bank/subPages/SuT1noZoNGEjKGR1vTbi/nestedSubPages/zMFBI0XMiRsJnnXWhL5S/topics/XQlgh9zsLrRK6vilmJPA/quizzes/UFyENmVEmmORvTGjBKrm","Health Assessment Proctored Exam (Durham College) Practice Questions | NursingMocks","Practice with 50 questions from Health Assessment Proctored Exam (Durham College) Practice Questions.","https://www.nursingmocks.com/health-assessment-proctored-exam-durham-college-practice-questions","https://www.nursingmocks.com/health-assessment-proctored-exam-durham-college-practice-questions","false","true","runtime-generated","0",""
"3AkcN32z4SAA9n1gsNDk","sub","kaplan-admission-test","kaplan-admission-test","pillarPages/nursing-entrance-exam/subPages/jdJsAeBdy2mJO0kPibeV","Kaplan Admission Test Nursing Entrance | Nursing Entrance Exam","Content for Kaplan Admission Test Nursing Entrance under Nursing Entrance Exam.","https://www.nursingmocks.com/kaplan-admission-test","https://www.nursingmocks.com/kaplan-admission-test","true","true","","0",""
"3ERaddT0iKcZjyXmFNy5","quiz","hesi-rn-health-assessment-proctored-exam-practice-questions-set-10","hesi-rn-health-assessment-proctored-exam-practice-questions-set-10","pillarPages/nursing-test-bank/subPages/SuT1noZoNGEjKGR1vTbi/nestedSubPages/iT55qp9NAFOvZLBAiQzC/topics/0zSu4efsFf1RPT4W2Xjn/quizzes/qEb1Tiv8JYweZrmrHVpe","HESI RN Health Assessment Proctored Exam Practice Questions - Set 10 | NursingMocks","Practice with 56 questions from HESI RN Health Assessment Proctored Exam Practice Questions - Set 10.","https://www.nursingmocks.com/hesi-rn-health-assessment-proctored-exam-practice-questions-set-10","https://www.nursingmocks.com/hesi-rn-health-assessment-proctored-exam-practice-questions-set-10","false","true","runtime-generated","0",""
"3PInJp5nQv6sKINgzxDu","quiz","rn-adult-medical-surgical-2019-with-ngn-proctored-exam-practice-questions","rn-adult-medical-surgical-2019-with-ngn-proctored-exam-practice-questions","pillarPages/nursing-test-bank/subPages/SuT1noZoNGEjKGR1vTbi/nestedSubPages/zMFBI0XMiRsJnnXWhL5S/topics/4xNDZPMszSkpgRfEsOck/quizzes/1t6IJSH8VKZ5ie0oOklo","RN Adult Medical Surgical 2019 with NGN Proctored Exam Practice Questions | NursingMocks","Practice with 66 questions from RN Adult Medical Surgical 2019 with NGN Proctored Exam Practice Questions.","https://www.nursingmocks.com/rn-adult-medical-surgical-2019-with-ngn-proctored-exam-practice-questions","https://www.nursingmocks.com/rn-adult-medical-surgical-2019-with-ngn-proctored-exam-practice-questions","false","true","runtime-generated","0",""
"3PnwoKxtkTCCC7XV41rX","quiz","samuel-merit-pediatric-proctored-exam-practice-questions","samuel-merit-pediatric-proctored-exam-practice-questions","pillarPages/nursing-test-bank/subPages/SuT1noZoNGEjKGR1vTbi/nestedSubPages/zMFBI0XMiRsJnnXWhL5S/topics/Hwspg6smTqrELsoRSNmc/quizzes/CGjvDrAEupG3cFCHcu0G","Samuel Merit Pediatric Proctored Exam Practice Questions | NursingMocks","Practice with 36 questions from Samuel Merit Pediatric Proctored Exam Practice Questions.","https://www.nursingmocks.com/samuel-merit-pediatric-proctored-exam-practice-questions","https://www.nursingmocks.com/samuel-merit-pediatric-proctored-exam-practice-questions","false","true","runtime-generated","0",""
"3UVcSukuFK19C4J5Sx3c","quiz","hesi-rn-mental-health-proctored-exam-practice-questions-set-7","hesi-rn-mental-health-proctored-exam-practice-questions-set-7","pillarPages/nursing-test-bank/subPages/SuT1noZoNGEjKGR1vTbi/nestedSubPages/iT55qp9NAFOvZLBAiQzC/topics/nWHmcLCOYFPkjaWIHcVu/quizzes/6nsPTPAqouKWgBE6AzAA","HESI RN Mental Health Proctored Exam Practice Questions - Set 7 | NursingMocks","Practice with 38 questions from HESI RN Mental Health Proctored Exam Practice Questions - Set 7.","https://www.nursingmocks.com/hesi-rn-mental-health-proctored-exam-practice-questions-set-7","https://www.nursingmocks.com/hesi-rn-mental-health-proctored-exam-practice-questions-set-7","false","true","runtime-generated","0",""
"3VgnX7jiSKADo0Uruz3j","quiz","nursing-of-women-and-childbearing-proctored-exam-practice-questions","nursing-of-women-and-childbearing-proctored-exam-practice-questions","pillarPages/nursing-test-bank/subPages/SuT1noZoNGEjKGR1vTbi/nestedSubPages/zMFBI0XMiRsJnnXWhL5S/topics/stnDIFRoA0VwLaoxbGv1/quizzes/fXYa9jhFKRCK2VVxjOj7","Nursing of Women and Childbearing Proctored Exam Practice Questions | NursingMocks","Practice with 46 questions from Nursing of Women and Childbearing Proctored Exam Practice Questions.","https://www.nursingmocks.com/nursing-of-women-and-childbearing-proctored-exam-practice-questions","https://www.nursingmocks.com/nursing-of-women-and-childbearing-proctored-exam-practice-questions","false","true","runtime-generated","0",""
"3XFZ3uVqY9NSU3agbtVu","quiz","teas-science-practice-test-set-6","teas-science-practice-test-set-6","pillarPages/nursing-entrance-exam/subPages/yrdSf0KpOcuybL1SLnw7/nestedSubPages/uJVUx7wiwgxZ5HPJXNkV/quizzes/XpcEyjkwv0v5BgqypxxZ","ATI TEAS Science Practice Test Set 6 Questions and Answers","Use ATI TEAS Science Set 6 questions and answers covering Human Anatomy and Physiology, Biology, Chemistry, and Scientific Reasoning, with focus on body systems, cell concepts, chemistry basics, and science reasoning.","https://www.nursingmocks.com/teas-science-practice-test-set-6","https://www.nursingmocks.com/teas-science-practice-test-set-6","true","true","","0",""
"3YMBTDFakDKnxFnugta4","quiz","ati-pn-med-surg-proctored-exam-pain-and-shock-practice-questions","ati-pn-med-surg-proctored-exam-pain-and-shock-practice-questions","pillarPages/nursing-test-bank/subPages/z0xzINtS3EohZNaKosBz/nestedSubPages/lyrHg4RBzN6UafuymMFT/topics/NywbGW22YNeZSM3kuwKk/quizzes/G0wKhr2YAQNrzdjFnJFu","ATI PN Med Surg Proctored Exam (Pain and Shock) Practice Questions | NursingMocks","Practice with 50 questions from ATI PN Med Surg Proctored Exam (Pain and Shock) Practice Questions.","https://www.nursingmocks.com/ati-pn-med-surg-proctored-exam-pain-and-shock-practice-questions","https://www.nursingmocks.com/ati-pn-med-surg-proctored-exam-pain-and-shock-practice-questions","false","true","runtime-generated","0",""
"3bRP0uGPQFGrbz7cg1Qa","quiz","rn-community-health-2019-proctored-exam-2-practice-questions","rn-community-health-2019-proctored-exam-2-practice-questions","pillarPages/nursing-test-bank/subPages/SuT1noZoNGEjKGR1vTbi/nestedSubPages/zMFBI0XMiRsJnnXWhL5S/topics/pXf53xDTrL7aSDzdhniW/quizzes/rhYBwMksGnrKVLEIKkjG","RN Community Health 2019 - Proctored Exam 2 Practice Questions | NursingMocks","Practice with 52 questions from RN Community Health 2019 - Proctored Exam 2 Practice Questions.","https://www.nursingmocks.com/rn-community-health-2019-proctored-exam-2-practice-questions","https://www.nursingmocks.com/rn-community-health-2019-proctored-exam-2-practice-questions","false","true","runtime-generated","0",""
"3fra1QNYxGdukxvVTumn","topic","ati-pn-mental-health-practice-questions","ati-pn-mental-health-practice-questions","pillarPages/nursing-test-bank/subPages/z0xzINtS3EohZNaKosBz/nestedSubPages/lyrHg4RBzN6UafuymMFT/topics/6i5h4wWlOfz4R8huNTkC","ATI PN Mental Health Practice Questions | NursingMocks","Study ATI PN Mental Health practice questions on psychiatric nursing, therapeutic communication, psychosocial care, and safety.","https://www.nursingmocks.com/ati-pn-mental-health-practice-questions","https://www.nursingmocks.com/ati-pn-mental-health-practice-questions","true","true","","0",""
"3hoJtpXFHAbqROFc8R3J","quiz","community-health-nursing-final-proctored-exam-examplify-practice-questions","community-health-nursing-final-proctored-exam-examplify-practice-questions","pillarPages/nursing-test-bank/subPages/SuT1noZoNGEjKGR1vTbi/nestedSubPages/zMFBI0XMiRsJnnXWhL5S/topics/pXf53xDTrL7aSDzdhniW/quizzes/tV2l3lu3l89fjaNBjScC","Community Health Nursing Final Proctored Exam(Examplify) Practice Questions | NursingMocks","Practice with 80 questions from Community Health Nursing Final Proctored Exam(Examplify) Practice Questions.","https://www.nursingmocks.com/community-health-nursing-final-proctored-exam-examplify-practice-questions","https://www.nursingmocks.com/community-health-nursing-final-proctored-exam-examplify-practice-questions","false","true","runtime-generated","0",""
"3pWYRnLXfiA2q1ZRI18S","quiz","ati-pn-fundamentals-2023-proctored-exam-practice-questions-set-10","ati-pn-fundamentals-2023-proctored-exam-practice-questions-set-10","pillarPages/nursing-test-bank/subPages/z0xzINtS3EohZNaKosBz/nestedSubPages/lyrHg4RBzN6UafuymMFT/topics/1Lb0PkKiTEM2wQOIMDtv/quizzes/Xk13AzH7xPn0Kuu7Cays","ATI PN Fundamentals 2023 Proctored Exam Practice Questions - Set 10 | NursingMocks","Practice with 69 questions from ATI PN Fundamentals 2023 Proctored Exam Practice Questions - Set 10.","https://www.nursingmocks.com/ati-pn-fundamentals-2023-proctored-exam-practice-questions-set-10","https://www.nursingmocks.com/ati-pn-fundamentals-2023-proctored-exam-practice-questions-set-10","false","true","runtime-generated","0",""
"3rvvTxPFfMmbAfAP9BCs","quiz","med-surg-proctored-exam-regular-practice-questions-set-41","med-surg-proctored-exam-regular-practice-questions-set-41","pillarPages/nursing-test-bank/subPages/SuT1noZoNGEjKGR1vTbi/nestedSubPages/zMFBI0XMiRsJnnXWhL5S/topics/4xNDZPMszSkpgRfEsOck/quizzes/aSx8oeNBNSxMjepsIi7Q","Med Surg Proctored Exam - Regular Practice Questions | NursingMocks","Practice with 51 questions from Med Surg Proctored Exam - Regular Practice Questions.","https://www.nursingmocks.com/med-surg-proctored-exam-regular-practice-questions-set-41","https://www.nursingmocks.com/med-surg-proctored-exam-regular-practice-questions-set-41","false","true","runtime-generated","0",""
"41X6MEwt3DdFANg4WxGK","quiz","med-surg-proctored-exam-1-practice-questions","med-surg-proctored-exam-1-practice-questions","pillarPages/nursing-test-bank/subPages/SuT1noZoNGEjKGR1vTbi/nestedSubPages/zMFBI0XMiRsJnnXWhL5S/topics/4xNDZPMszSkpgRfEsOck/quizzes/DxDHsUII46yEZIORt5SH","Med Surg Proctored Exam 1 Practice Questions | NursingMocks","Practice with 27 questions from Med Surg Proctored Exam 1 Practice Questions.","https://www.nursingmocks.com/med-surg-proctored-exam-1-practice-questions","https://www.nursingmocks.com/med-surg-proctored-exam-1-practice-questions","false","true","runtime-generated","0",""
"421HteJZ2OKDEfF44sw0","quiz","lpn-nursing-leadership-proctored-exam-practice-questions","lpn-nursing-leadership-proctored-exam-practice-questions","pillarPages/nursing-test-bank/subPages/z0xzINtS3EohZNaKosBz/nestedSubPages/3K3wv7IGcDcXvSNM9Kxm/topics/Qs5JkdFNyVs8OJ4DIUvf/quizzes/T5eySpwlYDtcpYaIf3ci","LPN Nursing Leadership Proctored Exam Practice Questions | NursingMocks","Practice with 40 questions from LPN Nursing Leadership Proctored Exam Practice Questions.","https://www.nursingmocks.com/lpn-nursing-leadership-proctored-exam-practice-questions","https://www.nursingmocks.com/lpn-nursing-leadership-proctored-exam-practice-questions","false","true","runtime-generated","0",""
"43hrpUiO7JMg9qXPR3mo","quiz","ati-pn-adult-medical-surgical-2020-with-ngn-proctored-exam-practice-questions-set-65","ati-pn-adult-medical-surgical-2020-with-ngn-proctored-exam-practice-questions-set-65","pillarPages/nursing-test-bank/subPages/z0xzINtS3EohZNaKosBz/nestedSubPages/lyrHg4RBzN6UafuymMFT/topics/NywbGW22YNeZSM3kuwKk/quizzes/CAsfGH2M9jrXKN0gAWeC","ATI PN Adult Medical Surgical 2020 with NGN Proctored Exam Practice Questions - Set 65 | NursingMocks","Practice with 79 questions from ATI PN Adult Medical Surgical 2020 with NGN Proctored Exam Practice Questions - Set 65.","https://www.nursingmocks.com/ati-pn-adult-medical-surgical-2020-with-ngn-proctored-exam-practice-questions-set-65","https://www.nursingmocks.com/ati-pn-adult-medical-surgical-2020-with-ngn-proctored-exam-practice-questions-set-65","false","true","runtime-generated","0",""
"4GlhzB0qdKyE33k34x1F","quiz","hesi-a2-math-practice-test-set-1","hesi-a2-math-practice-test-set-1","pillarPages/nursing-entrance-exam/subPages/rdYGUZ9DzFvAmo6EsrVe/nestedSubPages/WCMWPi3ol4wwpJaHF6DH/quizzes/hesi-a2-math-practice-test-set-1","HESI A2 Math Practice Test Set 1","Practice HESI A2 Actual Exam Set 1 - Mathematics questions for HESI A2 preparation.","https://www.nursingmocks.com/hesi-a2-math-practice-test-set-1","https://www.nursingmocks.com/hesi-a2-math-practice-test-set-1","false","true","runtime-generated","0",""
"4HERGXKpqNis820UD5Zc","quiz","dosage-calculation-proctored-exam-hellen-fuld-college-practice-questions","dosage-calculation-proctored-exam-hellen-fuld-college-practice-questions","pillarPages/nursing-test-bank/subPages/SuT1noZoNGEjKGR1vTbi/nestedSubPages/zMFBI0XMiRsJnnXWhL5S/topics/GXrH3QXIidtKg5Jx0ly4/quizzes/OzprYz9UolhiYdDE0zZg","Dosage Calculation Proctored Exam (Hellen Fuld College) Practice Questions | NursingMocks","Practice with 63 questions from Dosage Calculation Proctored Exam (Hellen Fuld College) Practice Questions.","https://www.nursingmocks.com/dosage-calculation-proctored-exam-hellen-fuld-college-practice-questions","https://www.nursingmocks.com/dosage-calculation-proctored-exam-hellen-fuld-college-practice-questions","false","true","runtime-generated","0",""
"4VdBImrZJrlI0mhSAWkb","quiz","ati-pn-pharmacology-safety-proctored-exam-practice-questions","ati-pn-pharmacology-safety-proctored-exam-practice-questions","pillarPages/nursing-test-bank/subPages/z0xzINtS3EohZNaKosBz/nestedSubPages/lyrHg4RBzN6UafuymMFT/topics/13a3GLxldltUqhIxNzkr/quizzes/Ce3aVhInLUqsIsZCwVrf","ATI PN Pharmacology Safety Proctored Exam Practice Questions | NursingMocks","Practice with 18 questions from ATI PN Pharmacology Safety Proctored Exam Practice Questions.","https://www.nursingmocks.com/ati-pn-pharmacology-safety-proctored-exam-practice-questions","https://www.nursingmocks.com/ati-pn-pharmacology-safety-proctored-exam-practice-questions","false","true","runtime-generated","0",""
"4YFDW24r9a3nHWvM9y3t","quiz","ati-pn-ns117-t-winter-2023-monroe-college-ny-pn-fundamental-of-nursing-proctored-exam-2-practice-questions","ati-pn-ns117-t-winter-2023-monroe-college-ny-pn-fundamental-of-nursing-proctored-exam-2-practice-questions","pillarPages/nursing-test-bank/subPages/z0xzINtS3EohZNaKosBz/nestedSubPages/lyrHg4RBzN6UafuymMFT/topics/1Lb0PkKiTEM2wQOIMDtv/quizzes/tCeCbRaHkqGLU6WTJjMp","ATI PN NS117 T Winter 2023 Monroe College NY PN Fundamental of Nursing Proctored Exam 2 Practice Questions | NursingMocks","Practice with 43 questions from ATI PN NS117 T Winter 2023 Monroe College NY PN Fundamental of Nursing Proctored Exam 2 Practice Questions.","https://www.nursingmocks.com/ati-pn-ns117-t-winter-2023-monroe-college-ny-pn-fundamental-of-nursing-proctored-exam-2-practice-questions","https://www.nursingmocks.com/ati-pn-ns117-t-winter-2023-monroe-college-ny-pn-fundamental-of-nursing-proctored-exam-2-practice-questions","false","true","runtime-generated","0",""
"4bZsLVaRbr9YWreBCgkc","quiz","hesi-rn-nutrition-proctored-exam-practice-questions","hesi-rn-nutrition-proctored-exam-practice-questions","pillarPages/nursing-test-bank/subPages/SuT1noZoNGEjKGR1vTbi/nestedSubPages/iT55qp9NAFOvZLBAiQzC/topics/ZQ9GxGjFzBFm4ei4NL2w/quizzes/FKE3etUpbI0lRz1qCm2Z","HESI RN Nutrition Proctored Exam Practice Questions | NursingMocks","Practice with 49 questions from HESI RN Nutrition Proctored Exam Practice Questions.","https://www.nursingmocks.com/hesi-rn-nutrition-proctored-exam-practice-questions","https://www.nursingmocks.com/hesi-rn-nutrition-proctored-exam-practice-questions","false","true","runtime-generated","0",""
"4fILuulmq8lHAp25QqHk","topic","ati-pn-management-practice-questions","ati-pn-management-practice-questions","pillarPages/nursing-test-bank/subPages/z0xzINtS3EohZNaKosBz/nestedSubPages/lyrHg4RBzN6UafuymMFT/topics/i0Rf69MPdXLbYTSRdCOW","ATI PN Management Practice Questions | NursingMocks","Review ATI PN Management practice questions for delegation, prioritization, care coordination, safety, and nursing leadership decisions.","https://www.nursingmocks.com/ati-pn-management-practice-questions","https://www.nursingmocks.com/ati-pn-management-practice-questions","true","true","","0",""
"4pJblGAdmFvQ9XxX6FYX","quiz","hesi-rn-pharmacology-proctored-exam-practice-questions-set-1","hesi-rn-pharmacology-proctored-exam-practice-questions-set-1","pillarPages/nursing-test-bank/subPages/SuT1noZoNGEjKGR1vTbi/nestedSubPages/iT55qp9NAFOvZLBAiQzC/topics/l1kSgSxIYg2SRUN8aWqE/quizzes/yiA8WSnYtUMq5286yDdo","HESI RN Pharmacology Proctored Exam Practice Questions - Set 1 | NursingMocks","Practice with 80 questions from HESI RN Pharmacology Proctored Exam Practice Questions - Set 1.","https://www.nursingmocks.com/hesi-rn-pharmacology-proctored-exam-practice-questions-set-1","https://www.nursingmocks.com/hesi-rn-pharmacology-proctored-exam-practice-questions-set-1","false","true","runtime-generated","0",""
"4pKekd5X7XkePeOUKthB","quiz","ati-pn-pediatrics-proctored-exam-practice-questions-set-1","ati-pn-pediatrics-proctored-exam-practice-questions-set-1","pillarPages/nursing-test-bank/subPages/z0xzINtS3EohZNaKosBz/nestedSubPages/lyrHg4RBzN6UafuymMFT/topics/Y0MhOdG0hGVh8AUsgVrz/quizzes/2bzXTu66m5FuSSxs8aNz","ATI PN Pediatrics Proctored Exam Practice Questions - Set 1 | NursingMocks","Practice with 51 questions from ATI PN Pediatrics Proctored Exam Practice Questions - Set 1.","https://www.nursingmocks.com/ati-pn-pediatrics-proctored-exam-practice-questions-set-1","https://www.nursingmocks.com/ati-pn-pediatrics-proctored-exam-practice-questions-set-1","false","true","runtime-generated","0",""
"4z4W68fczLUjBvOWH5zp","quiz","ati-pn-fundamentals-proctored-exam-7-practice-questions","ati-pn-fundamentals-proctored-exam-7-practice-questions","pillarPages/nursing-test-bank/subPages/z0xzINtS3EohZNaKosBz/nestedSubPages/lyrHg4RBzN6UafuymMFT/topics/1Lb0PkKiTEM2wQOIMDtv/quizzes/1L3DvGuMj0wSR3XFcWGI","ATI PN Fundamentals Proctored Exam 7 Practice Questions | NursingMocks","Practice with 46 questions from ATI PN Fundamentals Proctored Exam 7 Practice Questions.","https://www.nursingmocks.com/ati-pn-fundamentals-proctored-exam-7-practice-questions","https://www.nursingmocks.com/ati-pn-fundamentals-proctored-exam-7-practice-questions","false","true","runtime-generated","0",""
"55zxOkTqhwPNvaYPgy95","topic","ati-rn-capstone-practice-questions","ati-rn-capstone-practice-questions","pillarPages/nursing-test-bank/subPages/SuT1noZoNGEjKGR1vTbi/nestedSubPages/Fnnd4c6ae0Uiurk2KUSc/topics/2M75T28XN76wXRPv9B8F","ATI RN Capstone Practice Questions | NursingMocks","Prepare with ATI RN Capstone questions for integrated nursing review, clinical judgment, prioritization, and broad readiness practice.","https://www.nursingmocks.com/ati-rn-capstone-practice-questions","https://www.nursingmocks.com/ati-rn-capstone-practice-questions","true","true","","0",""
"56zyIBmore09TpUYWcg6","quiz","nutrition-proctored-exam-final-practice-questions","nutrition-proctored-exam-final-practice-questions","pillarPages/nursing-test-bank/subPages/SuT1noZoNGEjKGR1vTbi/nestedSubPages/zMFBI0XMiRsJnnXWhL5S/topics/8tULxFs8rXbWFtrCCixJ/quizzes/Ft8vCMeCYkNqcjwr6EO5","Nutrition Proctored Exam(Final) Practice Questions | NursingMocks","Practice with 46 questions from Nutrition Proctored Exam(Final) Practice Questions.","https://www.nursingmocks.com/nutrition-proctored-exam-final-practice-questions","https://www.nursingmocks.com/nutrition-proctored-exam-final-practice-questions","false","true","runtime-generated","0",""
"59WqzSdLMZzFy4djohlT","quiz","nurs-612-adult-gerontology-ap1-25-apea-st-thomas-university-proctored-exam-practice-questions","nurs-612-adult-gerontology-ap1-25-apea-st-thomas-university-proctored-exam-practice-questions","pillarPages/nursing-test-bank/subPages/SuT1noZoNGEjKGR1vTbi/nestedSubPages/zMFBI0XMiRsJnnXWhL5S/topics/L2wWtC9VGd9bcVlQMhD1/quizzes/BV2HG7FXkNfG9EjkpdnS","NURS 612 Adult Gerontology Ap1.25 Apea St Thomas University Proctored Exam Practice Questions | NursingMocks","Practice with 25 questions from NURS 612 Adult Gerontology Ap1.25 Apea St Thomas University Proctored Exam Practice Questions.","https://www.nursingmocks.com/nurs-612-adult-gerontology-ap1-25-apea-st-thomas-university-proctored-exam-practice-questions","https://www.nursingmocks.com/nurs-612-adult-gerontology-ap1-25-apea-st-thomas-university-proctored-exam-practice-questions","false","true","runtime-generated","0",""
"5ALevNkECk8DfYEn6BRs","topic","hesi-rn-leadership-practice-questions","hesi-rn-leadership-practice-questions","pillarPages/nursing-test-bank/subPages/SuT1noZoNGEjKGR1vTbi/nestedSubPages/iT55qp9NAFOvZLBAiQzC/topics/30nccr09IVuWd4PtZ4XA","HESI RN Leadership Questions | NursingMocks","Practice HESI RN Leadership questions for delegation, prioritization, collaboration, safety, and nursing leadership decisions.","https://www.nursingmocks.com/hesi-rn-leadership-practice-questions","https://www.nursingmocks.com/hesi-rn-leadership-practice-questions","true","true","","0",""
"5GYF68YrXqeV1bxIkb9x","quiz","ivy-tech-pharmacology-proctored-exam-practice-questions","ivy-tech-pharmacology-proctored-exam-practice-questions","pillarPages/nursing-test-bank/subPages/SuT1noZoNGEjKGR1vTbi/nestedSubPages/zMFBI0XMiRsJnnXWhL5S/topics/qjQzp4HMFByeL1UEKGDd/quizzes/9LPTKofmFDKc4VTqI8fG","Ivy Tech, Pharmacology Proctored Exam Practice Questions | NursingMocks","Practice with 41 questions from Ivy Tech, Pharmacology Proctored Exam Practice Questions.","https://www.nursingmocks.com/ivy-tech-pharmacology-proctored-exam-practice-questions","https://www.nursingmocks.com/ivy-tech-pharmacology-proctored-exam-practice-questions","false","true","runtime-generated","0",""
"5OMAF2w0k2OHpje9BVMQ","quiz","ati-pn-dosage-calculation-pn-mental-health-proctored-assessment-3-1-proctored-exam-practice-questions","ati-pn-dosage-calculation-pn-mental-health-proctored-assessment-3-1-proctored-exam-practice-questions","pillarPages/nursing-test-bank/subPages/z0xzINtS3EohZNaKosBz/nestedSubPages/lyrHg4RBzN6UafuymMFT/topics/NHgx9LFXpsLVcFjsOujF/quizzes/Vfag9Cyx0ZvJ2f0h3LWw","ATI PN Dosage Calculation PN Mental Health Proctored Assessment 3.1 Proctored Exam Practice Questions | NursingMocks","Practice with 35 questions from ATI PN Dosage Calculation PN Mental Health Proctored Assessment 3.1 Proctored Exam Practice Questions.","https://www.nursingmocks.com/ati-pn-dosage-calculation-pn-mental-health-proctored-assessment-3-1-proctored-exam-practice-questions","https://www.nursingmocks.com/ati-pn-dosage-calculation-pn-mental-health-proctored-assessment-3-1-proctored-exam-practice-questions","false","true","runtime-generated","0",""
"5W3NMSkEVlaEc6MPOv4d","quiz","hesi-rn-compass-exit-b-proctored-exam","hesi-rn-compass-exit-b-proctored-exam","pillarPages/nursing-exit-exam/subPages/S4vSoa5bxDgZ1L5kLOJe/nestedSubPages/MVHmi7FJbSDlPPz28jh5/quizzes/BU6VjVfuanoVQ2WBdPlL","3-Hesi Rn compass exit B proctored exam | NursingMocks","Practice nursing exit exam questions and answers for 3-Hesi Rn compass exit B proctored exam.","https://www.nursingmocks.com/hesi-rn-compass-exit-b-proctored-exam","https://www.nursingmocks.com/hesi-rn-compass-exit-b-proctored-exam","false","true","runtime-generated","0",""
"5eBtaBnno1sUtAi4H8oD","quiz","hesi-rn-med-surg-proctored-exam-3-practice-questions","hesi-rn-med-surg-proctored-exam-3-practice-questions","pillarPages/nursing-test-bank/subPages/SuT1noZoNGEjKGR1vTbi/nestedSubPages/iT55qp9NAFOvZLBAiQzC/topics/aS23yuUD7OS39aVVutYn/quizzes/68pkBTmBBTcwFROhjBbQ","HESI RN Med Surg Proctored Exam 3 Practice Questions | NursingMocks","Practice with 80 questions from HESI RN Med Surg Proctored Exam 3 Practice Questions.","https://www.nursingmocks.com/hesi-rn-med-surg-proctored-exam-3-practice-questions","https://www.nursingmocks.com/hesi-rn-med-surg-proctored-exam-3-practice-questions","false","true","runtime-generated","0",""
"5efZfrNutYho0RZCLfGt","quiz","final-exam-ob-community-proctored-exam-practice-questions","final-exam-ob-community-proctored-exam-practice-questions","pillarPages/nursing-test-bank/subPages/SuT1noZoNGEjKGR1vTbi/nestedSubPages/zMFBI0XMiRsJnnXWhL5S/topics/Hwspg6smTqrELsoRSNmc/quizzes/CXN6VOjouNBvymhTcxmX","Final Exam OB + Community Proctored Exam Practice Questions | NursingMocks","Practice with 60 questions from Final Exam OB + Community Proctored Exam Practice Questions.","https://www.nursingmocks.com/final-exam-ob-community-proctored-exam-practice-questions","https://www.nursingmocks.com/final-exam-ob-community-proctored-exam-practice-questions","false","true","runtime-generated","0",""
"5erRkEqcNgvDKsouA5OZ","quiz","nu-215-math-competency-proctored-exam-practice-questions","nu-215-math-competency-proctored-exam-practice-questions","pillarPages/nursing-test-bank/subPages/z0xzINtS3EohZNaKosBz/nestedSubPages/3K3wv7IGcDcXvSNM9Kxm/topics/0HON8THyW0E7BoW1rSm1/quizzes/4TMyauXMPbEVLtpwe9bo","NU 215 Math Competency Proctored Exam Practice Questions | NursingMocks","Practice with 19 questions from NU 215 Math Competency Proctored Exam Practice Questions.","https://www.nursingmocks.com/nu-215-math-competency-proctored-exam-practice-questions","https://www.nursingmocks.com/nu-215-math-competency-proctored-exam-practice-questions","false","true","runtime-generated","0",""
"5kVgAGJr4QxW8ooraG27","quiz","mca-proctored-exam-managing-care-for-adults-samuel-merit-university-practice-questions","mca-proctored-exam-managing-care-for-adults-samuel-merit-university-practice-questions","pillarPages/nursing-test-bank/subPages/SuT1noZoNGEjKGR1vTbi/nestedSubPages/zMFBI0XMiRsJnnXWhL5S/topics/L2wWtC9VGd9bcVlQMhD1/quizzes/8DW1voFSDNXLLY3vtlfw","Mca Proctored Exam (Managing Care for Adults) Samuel Merit University Practice Questions | NursingMocks","Practice with 79 questions from Mca Proctored Exam (Managing Care for Adults) Samuel Merit University Practice Questions.","https://www.nursingmocks.com/mca-proctored-exam-managing-care-for-adults-samuel-merit-university-practice-questions","https://www.nursingmocks.com/mca-proctored-exam-managing-care-for-adults-samuel-merit-university-practice-questions","false","true","runtime-generated","0",""
"5l6aeN3RJgXkvMVlcCRP","quiz","ati-pn-mental-health-pm-2023-proctored-exam-practice-questions","ati-pn-mental-health-pm-2023-proctored-exam-practice-questions","pillarPages/nursing-test-bank/subPages/z0xzINtS3EohZNaKosBz/nestedSubPages/lyrHg4RBzN6UafuymMFT/topics/6i5h4wWlOfz4R8huNTkC/quizzes/DiyiF8v7njjgNDS3fIUy","ATI PN Mental Health Pm 2023 Proctored Exam Practice Questions | NursingMocks","Practice with 95 questions from ATI PN Mental Health Pm 2023 Proctored Exam Practice Questions.","https://www.nursingmocks.com/ati-pn-mental-health-pm-2023-proctored-exam-practice-questions","https://www.nursingmocks.com/ati-pn-mental-health-pm-2023-proctored-exam-practice-questions","false","true","runtime-generated","0",""
"5mOe4vu8xE8k4FpBZdkF","quiz","care-hope-college-rn-hesi-rn-pharmacology-proctored-exam-practice-questions","care-hope-college-rn-hesi-rn-pharmacology-proctored-exam-practice-questions","pillarPages/nursing-test-bank/subPages/SuT1noZoNGEjKGR1vTbi/nestedSubPages/iT55qp9NAFOvZLBAiQzC/topics/l1kSgSxIYg2SRUN8aWqE/quizzes/sKZMeQzmBGcCJOFgI3HK","Care Hope College RN HESI RN Pharmacology Proctored Exam Practice Questions | NursingMocks","Practice with 55 questions from Care Hope College RN HESI RN Pharmacology Proctored Exam Practice Questions.","https://www.nursingmocks.com/care-hope-college-rn-hesi-rn-pharmacology-proctored-exam-practice-questions","https://www.nursingmocks.com/care-hope-college-rn-hesi-rn-pharmacology-proctored-exam-practice-questions","false","true","runtime-generated","0",""
"5tLNbSIxUkHIfLAUgNJE","quiz","hesi-exit-ii-proctored-exam","hesi-exit-ii-proctored-exam","pillarPages/nursing-exit-exam/subPages/S4vSoa5bxDgZ1L5kLOJe/nestedSubPages/MVHmi7FJbSDlPPz28jh5/quizzes/nriuJWbd68nHMlvq86Ko","HESI Exit II Proctored Exam | NursingMocks","HESI Exit II Proctored Exam practice questions and answers for Nursing Exit Exam review.","https://www.nursingmocks.com/hesi-exit-ii-proctored-exam","https://www.nursingmocks.com/hesi-exit-ii-proctored-exam","false","true","runtime-generated","0",""
"5xQTjD5bvMqhZzcaGuZK","topic","ati-pn-dosage-calculations-practice-questions","ati-pn-dosage-calculations-practice-questions","pillarPages/nursing-test-bank/subPages/z0xzINtS3EohZNaKosBz/nestedSubPages/lyrHg4RBzN6UafuymMFT/topics/NHgx9LFXpsLVcFjsOujF","ATI PN Dosage Calculation Questions | NursingMocks","Practice ATI PN dosage calculation questions for medication math, safe administration, conversions, and content-area assessments.","https://www.nursingmocks.com/ati-pn-dosage-calculations-practice-questions","https://www.nursingmocks.com/ati-pn-dosage-calculations-practice-questions","true","true","","0",""
"6081UWybhHConEaHh2DH","kb-article","lpn-kb-article","lpn-kb-article","knowledgeBase/zoSxJO20FZLDobu2KKXf","zoSxJO20FZLDobu2KKXf | TeasGurus","Study LPN KB Articles Test 1234a with NursingMocks practice resources.","https://www.nursingmocks.com/lpn-kb-article","https://www.nursingmocks.com/lpn-kb-article","true","true","","0",""
"62gXo5rtQv6r7e9Lf9ag","quiz","samuel-merrit-university-pediatric-proctored-exam-1-practice-questions","samuel-merrit-university-pediatric-proctored-exam-1-practice-questions","pillarPages/nursing-test-bank/subPages/SuT1noZoNGEjKGR1vTbi/nestedSubPages/zMFBI0XMiRsJnnXWhL5S/topics/Hwspg6smTqrELsoRSNmc/quizzes/arEiuWU2DvbLYigOPRbU","Samuel Merrit University Pediatric Proctored Exam 1 Practice Questions | NursingMocks","Practice with 43 questions from Samuel Merrit University Pediatric Proctored Exam 1 Practice Questions.","https://www.nursingmocks.com/samuel-merrit-university-pediatric-proctored-exam-1-practice-questions","https://www.nursingmocks.com/samuel-merrit-university-pediatric-proctored-exam-1-practice-questions","false","true","runtime-generated","0",""
"63407p0BujQ0ZtQsayOo","topic","hesi-rn-information-technology-in-nursing-practice-questions","hesi-rn-information-technology-in-nursing-practice-questions","pillarPages/nursing-test-bank/subPages/SuT1noZoNGEjKGR1vTbi/nestedSubPages/iT55qp9NAFOvZLBAiQzC/topics/8ys3SWgnclB200ysUQRS","HESI RN Information Technology in Nursing Questions | NursingMocks","Review HESI RN information technology questions for documentation, informatics, electronic health records, and nursing practice.","https://www.nursingmocks.com/hesi-rn-information-technology-in-nursing-practice-questions","https://www.nursingmocks.com/hesi-rn-information-technology-in-nursing-practice-questions","true","true","","0",""
"64wobQibpAq8QCN6P6JL","topic","hesi-rn-pathophysiology-practice-questions","hesi-rn-pathophysiology-practice-questions","pillarPages/nursing-test-bank/subPages/SuT1noZoNGEjKGR1vTbi/nestedSubPages/iT55qp9NAFOvZLBAiQzC/topics/BvVKX25piwII9DcZQJSe","HESI RN Pathophysiology Questions | NursingMocks","Review HESI RN Pathophysiology questions for disease mechanisms, clinical manifestations, complications, and nursing implications.","https://www.nursingmocks.com/hesi-rn-pathophysiology-practice-questions","https://www.nursingmocks.com/hesi-rn-pathophysiology-practice-questions","true","true","","0",""
"68mxIrDLOmIdRCzrVOmM","topic","ati-pn-fundamentals-practice-questions","ati-pn-fundamentals-practice-questions","pillarPages/nursing-test-bank/subPages/z0xzINtS3EohZNaKosBz/nestedSubPages/lyrHg4RBzN6UafuymMFT/topics/1Lb0PkKiTEM2wQOIMDtv","ATI PN Fundamentals Practice Questions | NursingMocks","Practice ATI PN Fundamentals questions for basic nursing care, safety, mobility, infection control, nursing process, and skills review.","https://www.nursingmocks.com/ati-pn-fundamentals-practice-questions","https://www.nursingmocks.com/ati-pn-fundamentals-practice-questions","true","true","","0",""
"6AmWgh9QegzsKDlw2Jys","nested","ati-teas-science-practice-test","ati-teas-science-practice-test","pillarPages/nursing-entrance-exam/subPages/yrdSf0KpOcuybL1SLnw7/nestedSubPages/uJVUx7wiwgxZ5HPJXNkV","ATI TEAS Science Practice Test 2026 | Questions & Answers","Take an ATI TEAS Science practice test with realistic questions, answers, and explanations covering anatomy and physiology, biology, chemistry, and scientific reasoning.","https://www.nursingmocks.com/ati-teas-science-practice-test","https://www.nursingmocks.com/ati-teas-science-practice-test","true","true","","0",""
"6B1uunpFVfQA3RgWIqA7","quiz","hesi-rn-med-surg-proctored-exam-1-practice-questions","hesi-rn-med-surg-proctored-exam-1-practice-questions","pillarPages/nursing-test-bank/subPages/SuT1noZoNGEjKGR1vTbi/nestedSubPages/iT55qp9NAFOvZLBAiQzC/topics/aS23yuUD7OS39aVVutYn/quizzes/7gorf5DAGRgMTLQ2tP79","HESI RN Med Surg Proctored Exam 1 Practice Questions | NursingMocks","Practice with 53 questions from HESI RN Med Surg Proctored Exam 1 Practice Questions.","https://www.nursingmocks.com/hesi-rn-med-surg-proctored-exam-1-practice-questions","https://www.nursingmocks.com/hesi-rn-med-surg-proctored-exam-1-practice-questions","false","true","runtime-generated","0",""
"6BEJQVjIP8aYiQkjdvuK","quiz","ati-pn-med-surg-cardiac-proctored-test-practice-questions","ati-pn-med-surg-cardiac-proctored-test-practice-questions","pillarPages/nursing-test-bank/subPages/z0xzINtS3EohZNaKosBz/nestedSubPages/lyrHg4RBzN6UafuymMFT/topics/NywbGW22YNeZSM3kuwKk/quizzes/CjNS6HfMqCXa9cGFseGD","ATI PN Med Surg Cardiac Proctored Test Practice Questions | NursingMocks","Practice with 48 questions from ATI PN Med Surg Cardiac Proctored Test Practice Questions.","https://www.nursingmocks.com/ati-pn-med-surg-cardiac-proctored-test-practice-questions","https://www.nursingmocks.com/ati-pn-med-surg-cardiac-proctored-test-practice-questions","false","true","runtime-generated","0",""
"6EpoSZ6keDk8MnT7nk3w","quiz","cna-certification-proctored-exam-practice-questions","cna-certification-proctored-exam-practice-questions","pillarPages/nursing-test-bank/subPages/SuT1noZoNGEjKGR1vTbi/nestedSubPages/Xm9CE6gN7AB8T4YZKMNa/topics/mLQLcSPuJFwx9Xk2SZ7f/quizzes/u3cMcVU0OzoeMRTBxGPo","CNA Certification Proctored Exam Practice Questions | NursingMocks","Practice with 171 questions from CNA Certification Proctored Exam Practice Questions.","https://www.nursingmocks.com/cna-certification-proctored-exam-practice-questions","https://www.nursingmocks.com/cna-certification-proctored-exam-practice-questions","false","true","runtime-generated","0",""
"6MNIfvYjj68L1CqgVvgn","quiz","samuel-merrit-university-pediatric-proctored-exam-practice-questions","samuel-merrit-university-pediatric-proctored-exam-practice-questions","pillarPages/nursing-test-bank/subPages/SuT1noZoNGEjKGR1vTbi/nestedSubPages/zMFBI0XMiRsJnnXWhL5S/topics/Hwspg6smTqrELsoRSNmc/quizzes/UVeG8zC3exnSC6sl5oqr","Samuel Merrit University Pediatric Proctored Exam Practice Questions | NursingMocks","Practice with 44 questions from Samuel Merrit University Pediatric Proctored Exam Practice Questions.","https://www.nursingmocks.com/samuel-merrit-university-pediatric-proctored-exam-practice-questions","https://www.nursingmocks.com/samuel-merrit-university-pediatric-proctored-exam-practice-questions","false","true","runtime-generated","0",""
"6MRMfGXzcQ7yjbmkA6Qr","quiz","teas-science-practice-test-set-16","teas-science-practice-test-set-16","pillarPages/nursing-entrance-exam/subPages/yrdSf0KpOcuybL1SLnw7/nestedSubPages/uJVUx7wiwgxZ5HPJXNkV/quizzes/ZbYXynRJRw9OmOPqbrnE","ATI TEAS Science Practice Test Set 16 Questions and Answers","Work through ATI TEAS Science Set 16 questions and answers covering Human Anatomy and Physiology, Biology, Chemistry, and Scientific Reasoning, with focus on organ systems, life science foundations, chemistry, and evidence-based reasoning.","https://www.nursingmocks.com/teas-science-practice-test-set-16","https://www.nursingmocks.com/teas-science-practice-test-set-16","true","true","","0",""
"6NFGLe4y2HrBiFD5eC6V","topic","hesi-rn-adult-health-practice-questions","hesi-rn-adult-health-practice-questions","pillarPages/nursing-test-bank/subPages/SuT1noZoNGEjKGR1vTbi/nestedSubPages/iT55qp9NAFOvZLBAiQzC/topics/n2FK9jdRFYQvHbryoAbl","HESI RN Adult Health Questions | NursingMocks","Practice HESI RN Adult Health questions for adult-care concepts, clinical judgment, chronic illness, and medical-surgical review.","https://www.nursingmocks.com/hesi-rn-adult-health-practice-questions","https://www.nursingmocks.com/hesi-rn-adult-health-practice-questions","true","true","","0",""
"6NKDP3mOzNYC33M9g6JS","quiz","hesi-rn-exit-proctored-exam","hesi-rn-exit-proctored-exam","pillarPages/nursing-exit-exam/subPages/S4vSoa5bxDgZ1L5kLOJe/nestedSubPages/MVHmi7FJbSDlPPz28jh5/quizzes/VLk4lC6xIlgchUT23njY","4-Hesi RN exit proctored exam | NursingMocks","Practice nursing exit exam questions and answers for 4-Hesi RN exit proctored exam.","https://www.nursingmocks.com/hesi-rn-exit-proctored-exam","https://www.nursingmocks.com/hesi-rn-exit-proctored-exam","false","true","runtime-generated","0",""
"6PqaEmsTBbdqYOUDFqSP","quiz","hesi-rn-med-surg-adult-health-proctored-exam-practice-questions","hesi-rn-med-surg-adult-health-proctored-exam-practice-questions","pillarPages/nursing-test-bank/subPages/SuT1noZoNGEjKGR1vTbi/nestedSubPages/iT55qp9NAFOvZLBAiQzC/topics/aS23yuUD7OS39aVVutYn/quizzes/ZKOxLRyPt0GrDrDpGKsl","HESI RN Med Surg Adult Health Proctored Exam Practice Questions | NursingMocks","Practice with 45 questions from HESI RN Med Surg Adult Health Proctored Exam Practice Questions.","https://www.nursingmocks.com/hesi-rn-med-surg-adult-health-proctored-exam-practice-questions","https://www.nursingmocks.com/hesi-rn-med-surg-adult-health-proctored-exam-practice-questions","false","true","runtime-generated","0",""
"6QXsNdVg2tAe1iyFUJ7c","quiz","ati-pn-mental-health-proctored-exam-2023-practice-questions-set-10","ati-pn-mental-health-proctored-exam-2023-practice-questions-set-10","pillarPages/nursing-test-bank/subPages/z0xzINtS3EohZNaKosBz/nestedSubPages/lyrHg4RBzN6UafuymMFT/topics/6i5h4wWlOfz4R8huNTkC/quizzes/2fG2uGhn6fyk67ZYFnah","ATI PN Mental Health Proctored Exam 2023 Practice Questions - Set 10 | NursingMocks","Practice with 35 questions from ATI PN Mental Health Proctored Exam 2023 Practice Questions - Set 10.","https://www.nursingmocks.com/ati-pn-mental-health-proctored-exam-2023-practice-questions-set-10","https://www.nursingmocks.com/ati-pn-mental-health-proctored-exam-2023-practice-questions-set-10","false","true","runtime-generated","0",""
"6bXcPEYpUtDZo1ywpnQd","quiz","ati-pn-medical-calculations-proctored-exam-practice-questions","ati-pn-medical-calculations-proctored-exam-practice-questions","pillarPages/nursing-test-bank/subPages/z0xzINtS3EohZNaKosBz/nestedSubPages/lyrHg4RBzN6UafuymMFT/topics/NHgx9LFXpsLVcFjsOujF/quizzes/CR34Oa80rRgPbBv2kxzk","ATI PN Medical Calculations Proctored Exam Practice Questions | NursingMocks","Practice with 23 questions from ATI PN Medical Calculations Proctored Exam Practice Questions.","https://www.nursingmocks.com/ati-pn-medical-calculations-proctored-exam-practice-questions","https://www.nursingmocks.com/ati-pn-medical-calculations-proctored-exam-practice-questions","false","true","runtime-generated","0",""
"6bebyUETGbjjDn4fxEBQ","quiz","dosage-calculation-proctored-exam-practice-questions-set-18","dosage-calculation-proctored-exam-practice-questions-set-18","pillarPages/nursing-test-bank/subPages/SuT1noZoNGEjKGR1vTbi/nestedSubPages/zMFBI0XMiRsJnnXWhL5S/topics/GXrH3QXIidtKg5Jx0ly4/quizzes/GMx2hPFXjBhHG8Fz9fav","Dosage Calculation Proctored Exam Practice Questions - Set 18 | NursingMocks","Practice with 56 questions from Dosage Calculation Proctored Exam Practice Questions - Set 18.","https://www.nursingmocks.com/dosage-calculation-proctored-exam-practice-questions-set-18","https://www.nursingmocks.com/dosage-calculation-proctored-exam-practice-questions-set-18","false","true","runtime-generated","0",""
"6gEAWf7ozg4dRxNRZALb","quiz","ati-pn-pharmacology-proctored-exam-2023-retake-1-practice-questions","ati-pn-pharmacology-proctored-exam-2023-retake-1-practice-questions","pillarPages/nursing-test-bank/subPages/z0xzINtS3EohZNaKosBz/nestedSubPages/lyrHg4RBzN6UafuymMFT/topics/13a3GLxldltUqhIxNzkr/quizzes/JcnIXKivUqqfkcnXmTLG","ATI PN Pharmacology Proctored Exam 2023 Retake 1 Practice Questions | NursingMocks","Practice with 57 questions from ATI PN Pharmacology Proctored Exam 2023 Retake 1 Practice Questions.","https://www.nursingmocks.com/ati-pn-pharmacology-proctored-exam-2023-retake-1-practice-questions","https://www.nursingmocks.com/ati-pn-pharmacology-proctored-exam-2023-retake-1-practice-questions","false","true","runtime-generated","0",""
"6nF4s9L37Qg8UayePyYV","quiz","mental-health-proctored-exam-practice-questions-set-11","mental-health-proctored-exam-practice-questions-set-11","pillarPages/nursing-test-bank/subPages/SuT1noZoNGEjKGR1vTbi/nestedSubPages/zMFBI0XMiRsJnnXWhL5S/topics/dwj41dVBiWR9v4FRpKhC/quizzes/exC4UgNA0gzVj4dO98Uy","Mental Health Proctored Exam Practice Questions - Set 11 | NursingMocks","Practice with 51 questions from Mental Health Proctored Exam Practice Questions - Set 11.","https://www.nursingmocks.com/mental-health-proctored-exam-practice-questions-set-11","https://www.nursingmocks.com/mental-health-proctored-exam-practice-questions-set-11","false","true","runtime-generated","0",""
"6rOTDV1SEmwsHfCwSb5B","quiz","pharmacology-proctored-exam-pain-seizure-practice-questions","pharmacology-proctored-exam-pain-seizure-practice-questions","pillarPages/nursing-test-bank/subPages/SuT1noZoNGEjKGR1vTbi/nestedSubPages/zMFBI0XMiRsJnnXWhL5S/topics/qjQzp4HMFByeL1UEKGDd/quizzes/QbnA9VzvYk7s4tgqHo7J","Pharmacology Proctored Exam - Pain Seizure Practice Questions | NursingMocks","Practice with 34 questions from Pharmacology Proctored Exam - Pain Seizure Practice Questions.","https://www.nursingmocks.com/pharmacology-proctored-exam-pain-seizure-practice-questions","https://www.nursingmocks.com/pharmacology-proctored-exam-pain-seizure-practice-questions","false","true","runtime-generated","0",""
"6ubdEmdtYQsdqmb9Sq4f","quiz","hesi-a2-reading-comprehension-practice-test-set-3","hesi-a2-reading-comprehension-practice-test-set-3","pillarPages/nursing-entrance-exam/subPages/rdYGUZ9DzFvAmo6EsrVe/nestedSubPages/gGyVK8Up2mhnWjvQONJo/quizzes/hesi-a2-reading-comprehension-practice-test-set-3","HESI A2 Reading Comprehension Practice Test Set 3","Practice HESI A2 Actual Exam Set 3 - Reading Comprehension questions for HESI A2 preparation.","https://www.nursingmocks.com/hesi-a2-reading-comprehension-practice-test-set-3","https://www.nursingmocks.com/hesi-a2-reading-comprehension-practice-test-set-3","false","true","runtime-generated","0",""
"70D7gKcTfagNMo06IywP","quiz","ati-pn-pediatrics-proctored-exam-practice-questions-set-2","ati-pn-pediatrics-proctored-exam-practice-questions-set-2","pillarPages/nursing-test-bank/subPages/z0xzINtS3EohZNaKosBz/nestedSubPages/lyrHg4RBzN6UafuymMFT/topics/Y0MhOdG0hGVh8AUsgVrz/quizzes/10ZgDbiTDhy5fMIIDhip","ATI PN Pediatrics Proctored Exam Practice Questions - Set 2 | NursingMocks","Practice with 50 questions from ATI PN Pediatrics Proctored Exam Practice Questions - Set 2.","https://www.nursingmocks.com/ati-pn-pediatrics-proctored-exam-practice-questions-set-2","https://www.nursingmocks.com/ati-pn-pediatrics-proctored-exam-practice-questions-set-2","false","true","runtime-generated","0",""
"7Eb5iSbLkDWfzJyZTFKy","quiz","ati-pn-mental-health-25-28-proctored-exam-practice-questions","ati-pn-mental-health-25-28-proctored-exam-practice-questions","pillarPages/nursing-test-bank/subPages/z0xzINtS3EohZNaKosBz/nestedSubPages/lyrHg4RBzN6UafuymMFT/topics/6i5h4wWlOfz4R8huNTkC/quizzes/uR0IE0Mlu0IHuHnw5mGR","ATI PN Mental Health 25-28 Proctored Exam Practice Questions | NursingMocks","Practice with 25 questions from ATI PN Mental Health 25-28 Proctored Exam Practice Questions.","https://www.nursingmocks.com/ati-pn-mental-health-25-28-proctored-exam-practice-questions","https://www.nursingmocks.com/ati-pn-mental-health-25-28-proctored-exam-practice-questions","false","true","runtime-generated","0",""
"7EkVwRa8UtnBoliN6Wvu","quiz","hesi-rn-health-assessment-proctored-exam-practice-questions-set-3","hesi-rn-health-assessment-proctored-exam-practice-questions-set-3","pillarPages/nursing-test-bank/subPages/SuT1noZoNGEjKGR1vTbi/nestedSubPages/iT55qp9NAFOvZLBAiQzC/topics/0zSu4efsFf1RPT4W2Xjn/quizzes/AjyirqBc8UZigcalHOr3","HESI RN Health Assessment Proctored Exam Practice Questions - Set 3 | NursingMocks","Practice with 65 questions from HESI RN Health Assessment Proctored Exam Practice Questions - Set 3.","https://www.nursingmocks.com/hesi-rn-health-assessment-proctored-exam-practice-questions-set-3","https://www.nursingmocks.com/hesi-rn-health-assessment-proctored-exam-practice-questions-set-3","false","true","runtime-generated","0",""
"7FjFPflMGnaHUXFDu0zP","quiz","ati-pn-adult-medical-surgical-2020-with-ngn-proctored-exam-practice-questions-set-68","ati-pn-adult-medical-surgical-2020-with-ngn-proctored-exam-practice-questions-set-68","pillarPages/nursing-test-bank/subPages/z0xzINtS3EohZNaKosBz/nestedSubPages/lyrHg4RBzN6UafuymMFT/topics/NywbGW22YNeZSM3kuwKk/quizzes/kNWiO8VMKh6BQe38Ix3P","ATI PN Adult Medical Surgical 2020 with NGN Proctored Exam Practice Questions - Set 68 | NursingMocks","Practice with 78 questions from ATI PN Adult Medical Surgical 2020 with NGN Proctored Exam Practice Questions - Set 68.","https://www.nursingmocks.com/ati-pn-adult-medical-surgical-2020-with-ngn-proctored-exam-practice-questions-set-68","https://www.nursingmocks.com/ati-pn-adult-medical-surgical-2020-with-ngn-proctored-exam-practice-questions-set-68","false","true","runtime-generated","0",""
"7UZtrrMEzrBWAvXtFD35","topic","ati-rn-nursing-informatics-practice-questions","ati-rn-nursing-informatics-practice-questions","pillarPages/nursing-test-bank/subPages/SuT1noZoNGEjKGR1vTbi/nestedSubPages/Fnnd4c6ae0Uiurk2KUSc/topics/YmHDDTEtsQrwFK6TfIxM","ATI Nursing Informatics Questions | NursingMocks","Practice ATI Nursing Informatics questions covering electronic documentation, health information systems, privacy, data safety, and technology.","https://www.nursingmocks.com/ati-rn-nursing-informatics-practice-questions","https://www.nursingmocks.com/ati-rn-nursing-informatics-practice-questions","true","true","","0",""
"7VtdxLegR6kODBrOiZot","quiz","ati-pn-fundamentals-2023-proctored-exam-practice-questions-set-37","ati-pn-fundamentals-2023-proctored-exam-practice-questions-set-37","pillarPages/nursing-test-bank/subPages/z0xzINtS3EohZNaKosBz/nestedSubPages/lyrHg4RBzN6UafuymMFT/topics/1Lb0PkKiTEM2wQOIMDtv/quizzes/A2f9bV7LOePqEHlSWK16","ATI PN Fundamentals 2023 Proctored Exam Practice Questions - Set 37 | NursingMocks","Practice with 54 questions from ATI PN Fundamentals 2023 Proctored Exam Practice Questions - Set 37.","https://www.nursingmocks.com/ati-pn-fundamentals-2023-proctored-exam-practice-questions-set-37","https://www.nursingmocks.com/ati-pn-fundamentals-2023-proctored-exam-practice-questions-set-37","false","true","runtime-generated","0",""
"7Z2EpCRv3rPYNjGcJf2x","quiz","phlebotomy-certification-proctored-exam-practice-questions","phlebotomy-certification-proctored-exam-practice-questions","pillarPages/nursing-test-bank/subPages/SuT1noZoNGEjKGR1vTbi/nestedSubPages/Xm9CE6gN7AB8T4YZKMNa/topics/S3CdPETwhcGfYKwqrEFO/quizzes/qXpFpzqp3xJiLBUO2Ugd","Phlebotomy Certification Proctored Exam Practice Questions | NursingMocks","Practice with 116 questions from Phlebotomy Certification Proctored Exam Practice Questions.","https://www.nursingmocks.com/phlebotomy-certification-proctored-exam-practice-questions","https://www.nursingmocks.com/phlebotomy-certification-proctored-exam-practice-questions","false","true","runtime-generated","0",""
"7fwvIHpNOZj58PyMjRbI","quiz","proctored-exam-4-chapter-30-practice-questions","proctored-exam-4-chapter-30-practice-questions","pillarPages/nursing-test-bank/subPages/SuT1noZoNGEjKGR1vTbi/nestedSubPages/zMFBI0XMiRsJnnXWhL5S/topics/Qw9ACv9iC3lU621RemRS/quizzes/2Zs44B6nY29wQpraqQo0","Proctored Exam#4 Chapter 30 Practice Questions | NursingMocks","Practice with 21 questions from Proctored Exam#4 Chapter 30 Practice Questions.","https://www.nursingmocks.com/proctored-exam-4-chapter-30-practice-questions","https://www.nursingmocks.com/proctored-exam-4-chapter-30-practice-questions","false","true","runtime-generated","0",""
"7h70wGvoBc2zKz5nPXGl","quiz","ati-pn-mental-health-proctored-exam-practice-questions-set-3","ati-pn-mental-health-proctored-exam-practice-questions-set-3","pillarPages/nursing-test-bank/subPages/z0xzINtS3EohZNaKosBz/nestedSubPages/lyrHg4RBzN6UafuymMFT/topics/6i5h4wWlOfz4R8huNTkC/quizzes/NmyWvm446Bgz09F1MCl2","ATI PN Mental Health Proctored Exam Practice Questions - Set 3 | NursingMocks","Practice with 50 questions from ATI PN Mental Health Proctored Exam Practice Questions - Set 3.","https://www.nursingmocks.com/ati-pn-mental-health-proctored-exam-practice-questions-set-3","https://www.nursingmocks.com/ati-pn-mental-health-proctored-exam-practice-questions-set-3","false","true","runtime-generated","0",""
"7kCOXfLnXRzBhlbpV6MS","quiz","nur-215-mental-health-proctored-exam-practice-questions","nur-215-mental-health-proctored-exam-practice-questions","pillarPages/nursing-test-bank/subPages/SuT1noZoNGEjKGR1vTbi/nestedSubPages/zMFBI0XMiRsJnnXWhL5S/topics/4xNDZPMszSkpgRfEsOck/quizzes/6m3hgRF07WrIW2gtqrOf","NUR 215 Mental Health Proctored Exam Practice Questions | NursingMocks","Practice with 46 questions from NUR 215 Mental Health Proctored Exam Practice Questions.","https://www.nursingmocks.com/nur-215-mental-health-proctored-exam-practice-questions","https://www.nursingmocks.com/nur-215-mental-health-proctored-exam-practice-questions","false","true","runtime-generated","0",""
"7ko4ykboYLSP1z8UWyCu","nested","kaplan-admission-practice-test-writing","kaplan-admission-practice-test-writing","pillarPages/nursing-entrance-exam/subPages/jdJsAeBdy2mJO0kPibeV/nestedSubPages/Iz4T9Aq3e9r72hKG0kUG","Kaplan Admission Practice Test Writing | NursingMocks","Content for Kaplan Admission Practice Test Writing under Kaplan Admission Test.","https://www.nursingmocks.com/kaplan-admission-practice-test-writing","https://www.nursingmocks.com/kaplan-admission-practice-test-writing","true","true","","0",""
"7lLAF4QsSQQ7VfvcxccW","quiz","hesi-rn-exit-1-proctored-exam","hesi-rn-exit-1-proctored-exam","pillarPages/nursing-exit-exam/subPages/S4vSoa5bxDgZ1L5kLOJe/nestedSubPages/MVHmi7FJbSDlPPz28jh5/quizzes/H3nkE3A7rwhckNQRsYCn","HESI RN Exit 1 Proctored Exam | NursingMocks","HESI RN Exit 1 Proctored Exam practice questions and answers for Nursing Exit Exam review.","https://www.nursingmocks.com/hesi-rn-exit-1-proctored-exam","https://www.nursingmocks.com/hesi-rn-exit-1-proctored-exam","false","true","runtime-generated","0",""
"7qHmUTIvxhK32FRCOkSS","quiz","teas-reading-practice-test-set-3","teas-reading-practice-test-set-3","pillarPages/nursing-entrance-exam/subPages/yrdSf0KpOcuybL1SLnw7/nestedSubPages/2JIZgWhm9jUkoNFmkY7R/quizzes/kD4oQPOQqrEb3IzASVS1","ATI TEAS Reading Practice Test Set 3 Questions and Answers","Review ATI TEAS Reading Set 3 questions and answers covering Key Ideas and Details, Craft and Structure, and Integration of Knowledge and Ideas, with focus on comparing details, identifying conclusions, and following passage logic.","https://www.nursingmocks.com/teas-reading-practice-test-set-3","https://www.nursingmocks.com/teas-reading-practice-test-set-3","true","true","","0",""
"7sgSrZ2y6ugOE6Itb1NP","quiz","hesi-rn-exit-proctored-exam-form-5","hesi-rn-exit-proctored-exam-form-5","pillarPages/nursing-exit-exam/subPages/S4vSoa5bxDgZ1L5kLOJe/nestedSubPages/MVHmi7FJbSDlPPz28jh5/quizzes/rIMvao2LkGHw478Nwydf","HESI RN Exit Proctored Exam Form 5 | NursingMocks","HESI RN Exit Proctored Exam Form 5 practice questions and answers for Nursing Exit Exam review.","https://www.nursingmocks.com/hesi-rn-exit-proctored-exam-form-5","https://www.nursingmocks.com/hesi-rn-exit-proctored-exam-form-5","false","true","runtime-generated","0",""
"7tZ0OhwQjCcQZbvfAIf8","quiz","ati-pn-anatomy-and-physiology-proctored-exam-practice-questions-set-4","ati-pn-anatomy-and-physiology-proctored-exam-practice-questions-set-4","pillarPages/nursing-test-bank/subPages/z0xzINtS3EohZNaKosBz/nestedSubPages/lyrHg4RBzN6UafuymMFT/topics/j5H2Ra9IgckkioC7vNSj/quizzes/SPRE7aJa8YoN3Rvy1hGn","ATI PN Anatomy and Physiology Proctored Exam Practice Questions - Set 4 | NursingMocks","Practice with 47 questions from ATI PN Anatomy and Physiology Proctored Exam Practice Questions - Set 4.","https://www.nursingmocks.com/ati-pn-anatomy-and-physiology-proctored-exam-practice-questions-set-4","https://www.nursingmocks.com/ati-pn-anatomy-and-physiology-proctored-exam-practice-questions-set-4","false","true","runtime-generated","0",""
"80LBLYs0etbqRhKlG6ri","quiz","pediatrics-and-maternity-proctored-exam-examplify-practice-questions-set-13","pediatrics-and-maternity-proctored-exam-examplify-practice-questions-set-13","pillarPages/nursing-test-bank/subPages/SuT1noZoNGEjKGR1vTbi/nestedSubPages/zMFBI0XMiRsJnnXWhL5S/topics/Hwspg6smTqrELsoRSNmc/quizzes/kNGXr91yzlg5ckDeAsPY","Pediatrics & Maternity Proctored Exam (Examplify) Practice Questions | NursingMocks","Practice with 51 questions from Pediatrics & Maternity Proctored Exam (Examplify) Practice Questions.","https://www.nursingmocks.com/pediatrics-and-maternity-proctored-exam-examplify-practice-questions-set-13","https://www.nursingmocks.com/pediatrics-and-maternity-proctored-exam-examplify-practice-questions-set-13","false","true","runtime-generated","0",""
"80d5qQO1179FDiMpvRtj","quiz","nurs-113-nursing-concepts-1-proctored-exam-fundamentals-exam-practice-questions","nurs-113-nursing-concepts-1-proctored-exam-fundamentals-exam-practice-questions","pillarPages/nursing-test-bank/subPages/SuT1noZoNGEjKGR1vTbi/nestedSubPages/zMFBI0XMiRsJnnXWhL5S/topics/sBc3Ee7TKg33PIbmj4Hb/quizzes/e9EWeYWJnV3u20ReVfdH","NURS 113 Nursing Concepts 1 Proctored Exam (Fundamentals Exam) Practice Questions | NursingMocks","Practice with 47 questions from NURS 113 Nursing Concepts 1 Proctored Exam (Fundamentals Exam) Practice Questions.","https://www.nursingmocks.com/nurs-113-nursing-concepts-1-proctored-exam-fundamentals-exam-practice-questions","https://www.nursingmocks.com/nurs-113-nursing-concepts-1-proctored-exam-fundamentals-exam-practice-questions","false","true","runtime-generated","0",""
"81QO73jw8zs7OZq6OR8l","quiz","peds-proctored-exam-1-practice-questions","peds-proctored-exam-1-practice-questions","pillarPages/nursing-test-bank/subPages/SuT1noZoNGEjKGR1vTbi/nestedSubPages/zMFBI0XMiRsJnnXWhL5S/topics/Hwspg6smTqrELsoRSNmc/quizzes/An1NdVK56pvL5Kd3iv5I","Peds Proctored Exam 1 Practice Questions | NursingMocks","Practice with 63 questions from Peds Proctored Exam 1 Practice Questions.","https://www.nursingmocks.com/peds-proctored-exam-1-practice-questions","https://www.nursingmocks.com/peds-proctored-exam-1-practice-questions","false","true","runtime-generated","0",""
"85YgX3yxqFaI3z7q6BaI","quiz","hesi-rn-d446-adult-ii-proctored-exam-practice-questions","hesi-rn-d446-adult-ii-proctored-exam-practice-questions","pillarPages/nursing-test-bank/subPages/SuT1noZoNGEjKGR1vTbi/nestedSubPages/iT55qp9NAFOvZLBAiQzC/topics/n2FK9jdRFYQvHbryoAbl/quizzes/47fzvg6qv6wls1MhsFnZ","HESI RN D446 Adult II Proctored Exam Practice Questions | NursingMocks","Practice with 56 questions from HESI RN D446 Adult II Proctored Exam Practice Questions.","https://www.nursingmocks.com/hesi-rn-d446-adult-ii-proctored-exam-practice-questions","https://www.nursingmocks.com/hesi-rn-d446-adult-ii-proctored-exam-practice-questions","false","true","runtime-generated","0",""
"86k4JNQJKSbTq8Kn3a5v","quiz","mental-health-proctored-exam-viterbo-university-practice-questions","mental-health-proctored-exam-viterbo-university-practice-questions","pillarPages/nursing-test-bank/subPages/SuT1noZoNGEjKGR1vTbi/nestedSubPages/zMFBI0XMiRsJnnXWhL5S/topics/dwj41dVBiWR9v4FRpKhC/quizzes/lgR8jsFzZ1bYx2IUANgc","Mental Health Proctored Exam (Viterbo University) Practice Questions | NursingMocks","Practice with 43 questions from Mental Health Proctored Exam (Viterbo University) Practice Questions.","https://www.nursingmocks.com/mental-health-proctored-exam-viterbo-university-practice-questions","https://www.nursingmocks.com/mental-health-proctored-exam-viterbo-university-practice-questions","false","true","runtime-generated","0",""
"8ArT93cZf9cNhcT9wEJf","topic","hesi-rn-nursing-research-practice-questions","hesi-rn-nursing-research-practice-questions","pillarPages/nursing-test-bank/subPages/SuT1noZoNGEjKGR1vTbi/nestedSubPages/iT55qp9NAFOvZLBAiQzC/topics/2CSFdI3p8inciBpSPkZI","HESI RN Nursing Research Questions | NursingMocks","Practice HESI RN Nursing Research questions for evidence-based practice, study design, data interpretation, and research concepts.","https://www.nursingmocks.com/hesi-rn-nursing-research-practice-questions","https://www.nursingmocks.com/hesi-rn-nursing-research-practice-questions","true","true","","0",""
"8EuiSh7NwX4JfLdcEVTp","quiz","hesi-rn-pharmacology-106a-proctored-exam-practice-questions","hesi-rn-pharmacology-106a-proctored-exam-practice-questions","pillarPages/nursing-test-bank/subPages/SuT1noZoNGEjKGR1vTbi/nestedSubPages/iT55qp9NAFOvZLBAiQzC/topics/l1kSgSxIYg2SRUN8aWqE/quizzes/cmhDZTYTAG3xRNneHLef","HESI RN Pharmacology 106A Proctored Exam Practice Questions | NursingMocks","Practice with 36 questions from HESI RN Pharmacology 106A Proctored Exam Practice Questions.","https://www.nursingmocks.com/hesi-rn-pharmacology-106a-proctored-exam-practice-questions","https://www.nursingmocks.com/hesi-rn-pharmacology-106a-proctored-exam-practice-questions","false","true","runtime-generated","0",""
"8HDx9RN67rg4V6xRLdR7","quiz","hesi-rn-pediatric-n158-proctored-exam-practice-questions","hesi-rn-pediatric-n158-proctored-exam-practice-questions","pillarPages/nursing-test-bank/subPages/SuT1noZoNGEjKGR1vTbi/nestedSubPages/iT55qp9NAFOvZLBAiQzC/topics/uXtCZ4Y6aeLjwMLtC1sD/quizzes/uJTwYodwdygEyCDOcir6","HESI RN Pediatric N158 Proctored Exam Practice Questions | NursingMocks","Practice with 54 questions from HESI RN Pediatric N158 Proctored Exam Practice Questions.","https://www.nursingmocks.com/hesi-rn-pediatric-n158-proctored-exam-practice-questions","https://www.nursingmocks.com/hesi-rn-pediatric-n158-proctored-exam-practice-questions","false","true","runtime-generated","0",""
"8JIJ8aNoD8jmnCUNR6kk","quiz","ati-pn-nursing-process-proctored-exam-practice-questions","ati-pn-nursing-process-proctored-exam-practice-questions","pillarPages/nursing-test-bank/subPages/z0xzINtS3EohZNaKosBz/nestedSubPages/lyrHg4RBzN6UafuymMFT/topics/1Lb0PkKiTEM2wQOIMDtv/quizzes/Uc4nhMTbtjxwQqXAb7lf","ATI PN Nursing Process Proctored Exam Practice Questions | NursingMocks","Practice with 59 questions from ATI PN Nursing Process Proctored Exam Practice Questions.","https://www.nursingmocks.com/ati-pn-nursing-process-proctored-exam-practice-questions","https://www.nursingmocks.com/ati-pn-nursing-process-proctored-exam-practice-questions","false","true","runtime-generated","0",""
"8Ql52YlUYspis8cxudjd","quiz","ati-pn-pharmacology-2023-proctored-exam-practice-questions-set-16","ati-pn-pharmacology-2023-proctored-exam-practice-questions-set-16","pillarPages/nursing-test-bank/subPages/z0xzINtS3EohZNaKosBz/nestedSubPages/lyrHg4RBzN6UafuymMFT/topics/13a3GLxldltUqhIxNzkr/quizzes/9oQjSd3IsbjMwPyNGnIN","ATI PN Pharmacology 2023 Proctored Exam Practice Questions - Set 16 | NursingMocks","Practice with 45 questions from ATI PN Pharmacology 2023 Proctored Exam Practice Questions - Set 16.","https://www.nursingmocks.com/ati-pn-pharmacology-2023-proctored-exam-practice-questions-set-16","https://www.nursingmocks.com/ati-pn-pharmacology-2023-proctored-exam-practice-questions-set-16","false","true","runtime-generated","0",""
"8U0netTPDs4j3u4PcrY5","quiz","ati-pn-anatomy-and-physiology-proctored-exam-practice-questions-set-6","ati-pn-anatomy-and-physiology-proctored-exam-practice-questions-set-6","pillarPages/nursing-test-bank/subPages/z0xzINtS3EohZNaKosBz/nestedSubPages/lyrHg4RBzN6UafuymMFT/topics/j5H2Ra9IgckkioC7vNSj/quizzes/wnLgyB05a8GIdCTdb6rd","ATI PN Anatomy and Physiology Proctored Exam Practice Questions - Set 6 | NursingMocks","Practice with 49 questions from ATI PN Anatomy and Physiology Proctored Exam Practice Questions - Set 6.","https://www.nursingmocks.com/ati-pn-anatomy-and-physiology-proctored-exam-practice-questions-set-6","https://www.nursingmocks.com/ati-pn-anatomy-and-physiology-proctored-exam-practice-questions-set-6","false","true","runtime-generated","0",""
"8WoxpJZAhURQPSMezbgv","quiz","ivy-tech-medical-surgical-nrsg-102-proctored-exam-practice-questions","ivy-tech-medical-surgical-nrsg-102-proctored-exam-practice-questions","pillarPages/nursing-test-bank/subPages/SuT1noZoNGEjKGR1vTbi/nestedSubPages/zMFBI0XMiRsJnnXWhL5S/topics/4xNDZPMszSkpgRfEsOck/quizzes/bUBeItWYTuHExeTbXhLV","Ivy Tech Medical Surgical NRSG 102 Proctored Exam Practice Questions | NursingMocks","Practice with 43 questions from Ivy Tech Medical Surgical NRSG 102 Proctored Exam Practice Questions.","https://www.nursingmocks.com/ivy-tech-medical-surgical-nrsg-102-proctored-exam-practice-questions","https://www.nursingmocks.com/ivy-tech-medical-surgical-nrsg-102-proctored-exam-practice-questions","false","true","runtime-generated","0",""
"8e1Yzict0L1WkDIqgHJe","quiz","ivytech-fundamental-proctored-exam-2-practice-questions","ivytech-fundamental-proctored-exam-2-practice-questions","pillarPages/nursing-test-bank/subPages/SuT1noZoNGEjKGR1vTbi/nestedSubPages/zMFBI0XMiRsJnnXWhL5S/topics/sBc3Ee7TKg33PIbmj4Hb/quizzes/9dMNLKfdjm5zJ4nEGEG9","Ivytech Fundamental Proctored Exam 2 Practice Questions | NursingMocks","Practice with 39 questions from Ivytech Fundamental Proctored Exam 2 Practice Questions.","https://www.nursingmocks.com/ivytech-fundamental-proctored-exam-2-practice-questions","https://www.nursingmocks.com/ivytech-fundamental-proctored-exam-2-practice-questions","false","true","runtime-generated","0",""
"8erwWtkPTTGGAMiZ7Sua","quiz","ati-pn-proctored-exam-practice-questions","ati-pn-proctored-exam-practice-questions","pillarPages/nursing-test-bank/subPages/z0xzINtS3EohZNaKosBz/nestedSubPages/lyrHg4RBzN6UafuymMFT/topics/AIrzHbC5yDHk6TUjdEeM/quizzes/dmrqMJw1k586QRAb8cJh","ATI PN Proctored Exam Practice Questions | NursingMocks","Practice with 47 questions from ATI PN Proctored Exam Practice Questions.","https://www.nursingmocks.com/ati-pn-proctored-exam-practice-questions","https://www.nursingmocks.com/ati-pn-proctored-exam-practice-questions","false","true","runtime-generated","0",""
"8hNSa0iP0TaGzphRNO2L","quiz","mental-health-northern-kentucky-university-proctored-exam-6-practice-questions","mental-health-northern-kentucky-university-proctored-exam-6-practice-questions","pillarPages/nursing-test-bank/subPages/SuT1noZoNGEjKGR1vTbi/nestedSubPages/zMFBI0XMiRsJnnXWhL5S/topics/dwj41dVBiWR9v4FRpKhC/quizzes/ZNSB5dnD5paUoNApNFuN","Mental Health Northern Kentucky University Proctored Exam 6 Practice Questions | NursingMocks","Practice with 92 questions from Mental Health Northern Kentucky University Proctored Exam 6 Practice Questions.","https://www.nursingmocks.com/mental-health-northern-kentucky-university-proctored-exam-6-practice-questions","https://www.nursingmocks.com/mental-health-northern-kentucky-university-proctored-exam-6-practice-questions","false","true","runtime-generated","0",""
"8hr1QqXFVim58kV9td5C","quiz","nur-422-exam-3-worcester-fall-2025-mental-health-proctored-exam-massachusetts-mcphs-practice-questions","nur-422-exam-3-worcester-fall-2025-mental-health-proctored-exam-massachusetts-mcphs-practice-questions","pillarPages/nursing-test-bank/subPages/SuT1noZoNGEjKGR1vTbi/nestedSubPages/zMFBI0XMiRsJnnXWhL5S/topics/dwj41dVBiWR9v4FRpKhC/quizzes/3mBbjovJzDl6QzHn3yIx","NUR 422 Exam#3 Worcester Fall 2025 Mental Health Proctored Exam - (Massachusetts Mcphs) Practice Questions | NursingMocks","Practice with 46 questions from NUR 422 Exam#3 Worcester Fall 2025 Mental Health Proctored Exam - (Massachusetts Mcphs) Practice Questions.","https://www.nursingmocks.com/nur-422-exam-3-worcester-fall-2025-mental-health-proctored-exam-massachusetts-mcphs-practice-questions","https://www.nursingmocks.com/nur-422-exam-3-worcester-fall-2025-mental-health-proctored-exam-massachusetts-mcphs-practice-questions","false","true","runtime-generated","0",""
"8kDUTXxvqdubdqAjNTYs","quiz","rn-maternal-newborn-2023-proctored-exam-practice-questions","rn-maternal-newborn-2023-proctored-exam-practice-questions","pillarPages/nursing-test-bank/subPages/SuT1noZoNGEjKGR1vTbi/nestedSubPages/zMFBI0XMiRsJnnXWhL5S/topics/stnDIFRoA0VwLaoxbGv1/quizzes/NCqTrM2MmGHFbaJ0NM2N","RN Maternal Newborn 2023 Proctored Exam Practice Questions | NursingMocks","Practice with 63 questions from RN Maternal Newborn 2023 Proctored Exam Practice Questions.","https://www.nursingmocks.com/rn-maternal-newborn-2023-proctored-exam-practice-questions","https://www.nursingmocks.com/rn-maternal-newborn-2023-proctored-exam-practice-questions","false","true","runtime-generated","0",""
"8mGgWf8uJWyk0vEt0aoP","quiz","hesi-rn-care-hope-mental-health-proctored-exam-practice-questions","hesi-rn-care-hope-mental-health-proctored-exam-practice-questions","pillarPages/nursing-test-bank/subPages/SuT1noZoNGEjKGR1vTbi/nestedSubPages/iT55qp9NAFOvZLBAiQzC/topics/nWHmcLCOYFPkjaWIHcVu/quizzes/Kq2XIDwVJGMlgQ5nleMy","HESI RN Care Hope Mental Health Proctored Exam Practice Questions | NursingMocks","Practice with 49 questions from HESI RN Care Hope Mental Health Proctored Exam Practice Questions.","https://www.nursingmocks.com/hesi-rn-care-hope-mental-health-proctored-exam-practice-questions","https://www.nursingmocks.com/hesi-rn-care-hope-mental-health-proctored-exam-practice-questions","false","true","runtime-generated","0",""
"8nnfFhLMbcxk6Uf9e8Uu","quiz","samuel-merrit-university-pediatric-proctored-exam-2-practice-questions","samuel-merrit-university-pediatric-proctored-exam-2-practice-questions","pillarPages/nursing-test-bank/subPages/SuT1noZoNGEjKGR1vTbi/nestedSubPages/zMFBI0XMiRsJnnXWhL5S/topics/Hwspg6smTqrELsoRSNmc/quizzes/XOGg3fjv6MKSGg4njCLT","Samuel Merrit University Pediatric Proctored Exam 2 Practice Questions | NursingMocks","Practice with 39 questions from Samuel Merrit University Pediatric Proctored Exam 2 Practice Questions.","https://www.nursingmocks.com/samuel-merrit-university-pediatric-proctored-exam-2-practice-questions","https://www.nursingmocks.com/samuel-merrit-university-pediatric-proctored-exam-2-practice-questions","false","true","runtime-generated","0",""
"8rJdNhI9bZCdiZsm6vaa","quiz","ati-pn-med-surg-geriatrics-proctored-exam-practice-questions","ati-pn-med-surg-geriatrics-proctored-exam-practice-questions","pillarPages/nursing-test-bank/subPages/z0xzINtS3EohZNaKosBz/nestedSubPages/lyrHg4RBzN6UafuymMFT/topics/dmp305oqVwM00NwUtbbj/quizzes/w7QNZdj07Z6Ru3GoXaz0","ATI PN Med Surg(Geriatrics) Proctored Exam Practice Questions | NursingMocks","Practice with 50 questions from ATI PN Med Surg(Geriatrics) Proctored Exam Practice Questions.","https://www.nursingmocks.com/ati-pn-med-surg-geriatrics-proctored-exam-practice-questions","https://www.nursingmocks.com/ati-pn-med-surg-geriatrics-proctored-exam-practice-questions","false","true","runtime-generated","0",""
"8u87BSofa8vdFt3dkZbO","quiz","hesi-lpn-capstone-proctored-exam-practice-questions","hesi-lpn-capstone-proctored-exam-practice-questions","pillarPages/nursing-test-bank/subPages/z0xzINtS3EohZNaKosBz/nestedSubPages/ToLSmb6DG83NTZWXEJxt/topics/XsTO5lZeaMwktqDEY8yE/quizzes/rFACBqHWRv2c6Axg0FbC","HESI LPN Capstone Proctored Exam Practice Questions | NursingMocks","Practice with 40 questions from HESI LPN Capstone Proctored Exam Practice Questions.","https://www.nursingmocks.com/hesi-lpn-capstone-proctored-exam-practice-questions","https://www.nursingmocks.com/hesi-lpn-capstone-proctored-exam-practice-questions","false","true","runtime-generated","0",""
"8v7bnk8J3APyi6SrjtVO","quiz","pathopharmacology-proctored-exam-examplify-exam-practice-questions","pathopharmacology-proctored-exam-examplify-exam-practice-questions","pillarPages/nursing-test-bank/subPages/SuT1noZoNGEjKGR1vTbi/nestedSubPages/zMFBI0XMiRsJnnXWhL5S/topics/qjQzp4HMFByeL1UEKGDd/quizzes/jfSKIXCSjsoiKlaxcYAY","Pathopharmacology Proctored Exam (Examplify Exam) Practice Questions | NursingMocks","Practice with 47 questions from Pathopharmacology Proctored Exam (Examplify Exam) Practice Questions.","https://www.nursingmocks.com/pathopharmacology-proctored-exam-examplify-exam-practice-questions","https://www.nursingmocks.com/pathopharmacology-proctored-exam-examplify-exam-practice-questions","false","true","runtime-generated","0",""
"8vIz8JHXlLTxBEGrhguB","quiz","nursing-fundamentals-proctored-exam-carolinas-college-practice-questions","nursing-fundamentals-proctored-exam-carolinas-college-practice-questions","pillarPages/nursing-test-bank/subPages/SuT1noZoNGEjKGR1vTbi/nestedSubPages/zMFBI0XMiRsJnnXWhL5S/topics/sBc3Ee7TKg33PIbmj4Hb/quizzes/i2pXNEjsSTb1CGN2PR7g","Nursing Fundamentals Proctored Exam (Carolinas College) Practice Questions | NursingMocks","Practice with 69 questions from Nursing Fundamentals Proctored Exam (Carolinas College) Practice Questions.","https://www.nursingmocks.com/nursing-fundamentals-proctored-exam-carolinas-college-practice-questions","https://www.nursingmocks.com/nursing-fundamentals-proctored-exam-carolinas-college-practice-questions","false","true","runtime-generated","0",""
"8vwQraODEt24Vj2YNP9x","quiz","ati-pn-fundamentals-2020-ngn-proctored-exam-1-practice-questions-set-48","ati-pn-fundamentals-2020-ngn-proctored-exam-1-practice-questions-set-48","pillarPages/nursing-test-bank/subPages/z0xzINtS3EohZNaKosBz/nestedSubPages/lyrHg4RBzN6UafuymMFT/topics/1Lb0PkKiTEM2wQOIMDtv/quizzes/YlGl3WgyzCp7iLZSXQC3","ATI PN Fundamentals 2020 NGN Proctored Exam 1 Practice Questions - Set 48 | NursingMocks","Practice with 51 questions from ATI PN Fundamentals 2020 NGN Proctored Exam 1 Practice Questions - Set 48.","https://www.nursingmocks.com/ati-pn-fundamentals-2020-ngn-proctored-exam-1-practice-questions-set-48","https://www.nursingmocks.com/ati-pn-fundamentals-2020-ngn-proctored-exam-1-practice-questions-set-48","false","true","runtime-generated","0",""
"92HvcAWYTse8tF4L27aa","quiz","nur-404-maternal-newborn-proctored-exam-examsoft-exam-practice-questions","nur-404-maternal-newborn-proctored-exam-examsoft-exam-practice-questions","pillarPages/nursing-test-bank/subPages/SuT1noZoNGEjKGR1vTbi/nestedSubPages/zMFBI0XMiRsJnnXWhL5S/topics/stnDIFRoA0VwLaoxbGv1/quizzes/WiwIS1KnP4IJ4IEVpgzq","NUR 404 Maternal Newborn Proctored Exam (Examsoft Exam) Practice Questions | NursingMocks","Practice with 54 questions from NUR 404 Maternal Newborn Proctored Exam (Examsoft Exam) Practice Questions.","https://www.nursingmocks.com/nur-404-maternal-newborn-proctored-exam-examsoft-exam-practice-questions","https://www.nursingmocks.com/nur-404-maternal-newborn-proctored-exam-examsoft-exam-practice-questions","false","true","runtime-generated","0",""
"92q42imtlEKUICwPRkIf","quiz","med-surg-proctored-exam-examplify-practice-questions-set-12","med-surg-proctored-exam-examplify-practice-questions-set-12","pillarPages/nursing-test-bank/subPages/SuT1noZoNGEjKGR1vTbi/nestedSubPages/zMFBI0XMiRsJnnXWhL5S/topics/4xNDZPMszSkpgRfEsOck/quizzes/nOMgvEhh0gzm3HEADaL9","Med Surg Proctored Exam (Examplify) Practice Questions - Set 12 | NursingMocks","Practice with 44 questions from Med Surg Proctored Exam (Examplify) Practice Questions - Set 12.","https://www.nursingmocks.com/med-surg-proctored-exam-examplify-practice-questions-set-12","https://www.nursingmocks.com/med-surg-proctored-exam-examplify-practice-questions-set-12","false","true","runtime-generated","0",""
"9L0cGrnxeiJhWfEDo570","quiz","ati-pn-boceastern-suffolk-boces-adult-education-center-geriatric-proctored-exam-pn111-practice-questions","ati-pn-boceastern-suffolk-boces-adult-education-center-geriatric-proctored-exam-pn111-practice-questions","pillarPages/nursing-test-bank/subPages/z0xzINtS3EohZNaKosBz/nestedSubPages/lyrHg4RBzN6UafuymMFT/topics/dmp305oqVwM00NwUtbbj/quizzes/JVKNgWPoVOe4D7euMzz1","ATI PN Boceastern Suffolk Boces Adult Education Center Geriatric Proctored Exam Pn111 Practice Questions | NursingMocks","Practice with 49 questions from ATI PN Boceastern Suffolk Boces Adult Education Center Geriatric Proctored Exam Pn111 Practice Questions.","https://www.nursingmocks.com/ati-pn-boceastern-suffolk-boces-adult-education-center-geriatric-proctored-exam-pn111-practice-questions","https://www.nursingmocks.com/ati-pn-boceastern-suffolk-boces-adult-education-center-geriatric-proctored-exam-pn111-practice-questions","false","true","runtime-generated","0",""
"9QStij0n3n8WuBHzegeF","quiz","hesi-rn-med-surg-3-proctored-exam-practice-questions","hesi-rn-med-surg-3-proctored-exam-practice-questions","pillarPages/nursing-test-bank/subPages/SuT1noZoNGEjKGR1vTbi/nestedSubPages/iT55qp9NAFOvZLBAiQzC/topics/aS23yuUD7OS39aVVutYn/quizzes/izTMfmhoYZaRo4TSvWpf","HESI RN Med-Surg 3 Proctored Exam Practice Questions | NursingMocks","Practice with 51 questions from HESI RN Med-Surg 3 Proctored Exam Practice Questions.","https://www.nursingmocks.com/hesi-rn-med-surg-3-proctored-exam-practice-questions","https://www.nursingmocks.com/hesi-rn-med-surg-3-proctored-exam-practice-questions","false","true","runtime-generated","0",""
"9XTqvV6eBgBQYjtPfSiq","quiz","samuel-merrit-university-hesi-rn-med-surg-proctored-exam-practice-questions","samuel-merrit-university-hesi-rn-med-surg-proctored-exam-practice-questions","pillarPages/nursing-test-bank/subPages/SuT1noZoNGEjKGR1vTbi/nestedSubPages/iT55qp9NAFOvZLBAiQzC/topics/aS23yuUD7OS39aVVutYn/quizzes/Y1TMyYWNr4trzAuIbWtu","Samuel Merrit University, HESI RN Med Surg Proctored Exam Practice Questions | NursingMocks","Practice with 45 questions from Samuel Merrit University, HESI RN Med Surg Proctored Exam Practice Questions.","https://www.nursingmocks.com/samuel-merrit-university-hesi-rn-med-surg-proctored-exam-practice-questions","https://www.nursingmocks.com/samuel-merrit-university-hesi-rn-med-surg-proctored-exam-practice-questions","false","true","runtime-generated","0",""
"9cMaLrgCXNAlqQutYiCH","topic","hesi-rn-capstone-practice-questions","hesi-rn-capstone-practice-questions","pillarPages/nursing-test-bank/subPages/SuT1noZoNGEjKGR1vTbi/nestedSubPages/iT55qp9NAFOvZLBAiQzC/topics/lvqRire0T0tV9yFAb26O","HESI RN Capstone Questions | NursingMocks","Prepare with HESI RN Capstone questions for mixed nursing review, readiness checks, and cumulative clinical judgment practice.","https://www.nursingmocks.com/hesi-rn-capstone-practice-questions","https://www.nursingmocks.com/hesi-rn-capstone-practice-questions","true","true","","0",""
"9jyEKiAKJOHgu0VrYyYF","topic","ati-pn-maternal-newborn-practice-questions","ati-pn-maternal-newborn-practice-questions","pillarPages/nursing-test-bank/subPages/z0xzINtS3EohZNaKosBz/nestedSubPages/lyrHg4RBzN6UafuymMFT/topics/ZwY2vYN2X4tXEKOv2x6h","ATI PN Maternal Newborn Questions | NursingMocks","Practice ATI PN Maternal Newborn questions for maternity, OB, postpartum care, newborn care, and practical nursing exam review.","https://www.nursingmocks.com/ati-pn-maternal-newborn-practice-questions","https://www.nursingmocks.com/ati-pn-maternal-newborn-practice-questions","true","true","","0",""
"9l8GtaIsG3Alp5EsaXn2","quiz","rn-fundamental-2019-proctored-exam-2-practice-questions","rn-fundamental-2019-proctored-exam-2-practice-questions","pillarPages/nursing-test-bank/subPages/SuT1noZoNGEjKGR1vTbi/nestedSubPages/zMFBI0XMiRsJnnXWhL5S/topics/sBc3Ee7TKg33PIbmj4Hb/quizzes/HBKEsLgax8Ba9LDGM18g","RN Fundamental 2019 Proctored Exam 2 Practice Questions | NursingMocks","Practice with 59 questions from RN Fundamental 2019 Proctored Exam 2 Practice Questions.","https://www.nursingmocks.com/rn-fundamental-2019-proctored-exam-2-practice-questions","https://www.nursingmocks.com/rn-fundamental-2019-proctored-exam-2-practice-questions","false","true","runtime-generated","0",""
"9obsWr1agPavXs87Tfu3","topic","lpn-nursing-course-health-assessment-practice-questions","lpn-nursing-course-health-assessment-practice-questions","pillarPages/nursing-test-bank/subPages/z0xzINtS3EohZNaKosBz/nestedSubPages/3K3wv7IGcDcXvSNM9Kxm/topics/ZZkcjv41bafusCBaLafv","LPN Health Assessment Course Exam Questions | NursingMocks","Practice LPN Health Assessment course exam questions on focused assessment, physical findings, documentation, and practical nursing observations.","https://www.nursingmocks.com/lpn-nursing-course-health-assessment-practice-questions","https://www.nursingmocks.com/lpn-nursing-course-health-assessment-practice-questions","true","true","","0",""
"9pMsFmtQj3fK1AAeWHeX","quiz","ati-pn-med-surg-proctored-exam-8-practice-questions","ati-pn-med-surg-proctored-exam-8-practice-questions","pillarPages/nursing-test-bank/subPages/z0xzINtS3EohZNaKosBz/nestedSubPages/lyrHg4RBzN6UafuymMFT/topics/NywbGW22YNeZSM3kuwKk/quizzes/F8Hud0UNaB278iz5RCeM","ATI PN Med Surg Proctored Exam 8 Practice Questions | NursingMocks","Practice with 48 questions from ATI PN Med Surg Proctored Exam 8 Practice Questions.","https://www.nursingmocks.com/ati-pn-med-surg-proctored-exam-8-practice-questions","https://www.nursingmocks.com/ati-pn-med-surg-proctored-exam-8-practice-questions","false","true","runtime-generated","0",""
"9tWRxLA5ATPAAOJuMEhR","quiz","ati-lpn-comprehensive-predictor-2023-retake-proctored-exam","ati-lpn-comprehensive-predictor-2023-retake-proctored-exam","pillarPages/nursing-exit-exam/subPages/nkXaaMfkkbvjmrSRwtVq/nestedSubPages/ShdTxCRHYWbhmGg06Sgw/quizzes/PsZ63j7LR3i3XlccIO9q","ATI LPN Comprehensive Predictor 2023 Retake Proctored Exam | NursingMocks","ATI LPN Comprehensive Predictor 2023 Retake Proctored Exam practice questions and answers for Nursing Exit Exam review.","https://www.nursingmocks.com/ati-lpn-comprehensive-predictor-2023-retake-proctored-exam","https://www.nursingmocks.com/ati-lpn-comprehensive-predictor-2023-retake-proctored-exam","false","true","runtime-generated","0",""
"9vl0P5akG5ki5viC5VcV","quiz","pediatrics-proctored-exam-practice-questions-set-6","pediatrics-proctored-exam-practice-questions-set-6","pillarPages/nursing-test-bank/subPages/SuT1noZoNGEjKGR1vTbi/nestedSubPages/zMFBI0XMiRsJnnXWhL5S/topics/Hwspg6smTqrELsoRSNmc/quizzes/wPwMBunD2J1EZQaY0TBA","Pediatrics Proctored Exam Practice Questions - Set 6 | NursingMocks","Practice with 44 questions from Pediatrics Proctored Exam Practice Questions - Set 6.","https://www.nursingmocks.com/pediatrics-proctored-exam-practice-questions-set-6","https://www.nursingmocks.com/pediatrics-proctored-exam-practice-questions-set-6","false","true","runtime-generated","0",""
"A2p0Qai9vYnUpleLZ0Mx","quiz","ati-pn-fundamentals-proctored-exam-practice-questions-set-36","ati-pn-fundamentals-proctored-exam-practice-questions-set-36","pillarPages/nursing-test-bank/subPages/z0xzINtS3EohZNaKosBz/nestedSubPages/lyrHg4RBzN6UafuymMFT/topics/1Lb0PkKiTEM2wQOIMDtv/quizzes/3KaKOwVk7QtaAffXUy7q","ATI PN Fundamentals Proctored Exam Practice Questions - Set 36 | NursingMocks","Practice with 42 questions from ATI PN Fundamentals Proctored Exam Practice Questions - Set 36.","https://www.nursingmocks.com/ati-pn-fundamentals-proctored-exam-practice-questions-set-36","https://www.nursingmocks.com/ati-pn-fundamentals-proctored-exam-practice-questions-set-36","false","true","runtime-generated","0",""
"A2zAkoLj2M5khc5CsR0e","quiz","pn-comprehensive-predictor-2023-proctored-exam-form-2","pn-comprehensive-predictor-2023-proctored-exam-form-2","pillarPages/nursing-exit-exam/subPages/nkXaaMfkkbvjmrSRwtVq/nestedSubPages/ShdTxCRHYWbhmGg06Sgw/quizzes/1dBbdop6CG5ZUaAR5Ojk","PN Comprehensive Predictor 2023 Proctored Exam Form 2 | NursingMocks","PN Comprehensive Predictor 2023 Proctored Exam Form 2 practice questions and answers for Nursing Exit Exam review.","https://www.nursingmocks.com/pn-comprehensive-predictor-2023-proctored-exam-form-2","https://www.nursingmocks.com/pn-comprehensive-predictor-2023-proctored-exam-form-2","false","true","runtime-generated","0",""
"A73IKmBAPhc9z49QDQoL","quiz","hesi-rn-pediatric-and-women-s-health-proctored-exam-practice-questions","hesi-rn-pediatric-and-women-s-health-proctored-exam-practice-questions","pillarPages/nursing-test-bank/subPages/SuT1noZoNGEjKGR1vTbi/nestedSubPages/iT55qp9NAFOvZLBAiQzC/topics/uXtCZ4Y6aeLjwMLtC1sD/quizzes/cTd8xtEFSTlmJjm2nvRJ","HESI RN Pediatric and Women's Health Proctored Exam Practice Questions | NursingMocks","Practice with 27 questions from HESI RN Pediatric and Women's Health Proctored Exam Practice Questions.","https://www.nursingmocks.com/hesi-rn-pediatric-and-women-s-health-proctored-exam-practice-questions","https://www.nursingmocks.com/hesi-rn-pediatric-and-women-s-health-proctored-exam-practice-questions","false","true","runtime-generated","0",""
"A7XDnnMKY4XXVHduq20l","quiz","rn-comprehensive-predictor-2023-proctored-exam-form-2","rn-comprehensive-predictor-2023-proctored-exam-form-2","pillarPages/nursing-exit-exam/subPages/S4vSoa5bxDgZ1L5kLOJe/nestedSubPages/QsMAv9L9bzYoFjgdfKgH/quizzes/QeWx2CpcfM7Rcr6HSi6o","RN Comprehensive Predictor 2023 Proctored Exam Form 2 | NursingMocks","RN Comprehensive Predictor 2023 Proctored Exam Form 2 practice questions and answers for Nursing Exit Exam review.","https://www.nursingmocks.com/rn-comprehensive-predictor-2023-proctored-exam-form-2","https://www.nursingmocks.com/rn-comprehensive-predictor-2023-proctored-exam-form-2","false","true","runtime-generated","0",""
"A8PAsiPYWqGKaTLApAVX","quiz","hesi-rn-management-ngn-proctored-exam-practice-questions","hesi-rn-management-ngn-proctored-exam-practice-questions","pillarPages/nursing-test-bank/subPages/SuT1noZoNGEjKGR1vTbi/nestedSubPages/iT55qp9NAFOvZLBAiQzC/topics/nrL3cZ4iiUEsGvXHsmfO/quizzes/XNwhzaBqJbqbGZGboYx6","HESI RN Management NGN Proctored Exam Practice Questions | NursingMocks","Practice with 48 questions from HESI RN Management NGN Proctored Exam Practice Questions.","https://www.nursingmocks.com/hesi-rn-management-ngn-proctored-exam-practice-questions","https://www.nursingmocks.com/hesi-rn-management-ngn-proctored-exam-practice-questions","false","true","runtime-generated","0",""
"AE19zUKMSs1o94REK6dL","quiz","teas-science-practice-test-set-3","teas-science-practice-test-set-3","pillarPages/nursing-entrance-exam/subPages/yrdSf0KpOcuybL1SLnw7/nestedSubPages/uJVUx7wiwgxZ5HPJXNkV/quizzes/PZcRFfW9egi6tu4on6wi","ATI TEAS Science Practice Test Set 3 Questions and Answers","Study with ATI TEAS Science Set 3 questions and answers covering Human Anatomy and Physiology, Biology, Chemistry, and Scientific Reasoning, with focus on physiology, cellular biology, chemistry concepts, and experimental thinking.","https://www.nursingmocks.com/teas-science-practice-test-set-3","https://www.nursingmocks.com/teas-science-practice-test-set-3","true","true","","0",""
"AEycWZtQK08qJzZnH441","quiz","mental-and-behavioural-nursing-proctored-exam-practice-questions","mental-and-behavioural-nursing-proctored-exam-practice-questions","pillarPages/nursing-test-bank/subPages/SuT1noZoNGEjKGR1vTbi/nestedSubPages/zMFBI0XMiRsJnnXWhL5S/topics/dwj41dVBiWR9v4FRpKhC/quizzes/FE2lBzxcGATkOay2vKnF","Mental and Behavioural Nursing Proctored Exam Practice Questions | NursingMocks","Practice with 55 questions from Mental and Behavioural Nursing Proctored Exam Practice Questions.","https://www.nursingmocks.com/mental-and-behavioural-nursing-proctored-exam-practice-questions","https://www.nursingmocks.com/mental-and-behavioural-nursing-proctored-exam-practice-questions","false","true","runtime-generated","0",""
"AJd8fJFh5FyIpRzUeXLu","topic","rn-nursing-course-pediatrics-practice-questions","rn-nursing-course-pediatrics-practice-questions","pillarPages/nursing-test-bank/subPages/SuT1noZoNGEjKGR1vTbi/nestedSubPages/zMFBI0XMiRsJnnXWhL5S/topics/Hwspg6smTqrELsoRSNmc","RN Pediatrics Course Exam Questions | NursingMocks","Practice RN Pediatrics course exam questions for child health, development, family teaching, safety, and pediatric care.","https://www.nursingmocks.com/rn-nursing-course-pediatrics-practice-questions","https://www.nursingmocks.com/rn-nursing-course-pediatrics-practice-questions","true","true","","0",""
"ARqsyCKgKcHWZa8cXLNd","quiz","rn-leadership-2023-proctored-exam-practice-questions","rn-leadership-2023-proctored-exam-practice-questions","pillarPages/nursing-test-bank/subPages/SuT1noZoNGEjKGR1vTbi/nestedSubPages/zMFBI0XMiRsJnnXWhL5S/topics/sWcrKSZa84sgLyaVr5Sm/quizzes/YHKnpyuDBs5zPmM89WfG","RN Leadership 2023 Proctored Exam Practice Questions | NursingMocks","Practice with 49 questions from RN Leadership 2023 Proctored Exam Practice Questions.","https://www.nursingmocks.com/rn-leadership-2023-proctored-exam-practice-questions","https://www.nursingmocks.com/rn-leadership-2023-proctored-exam-practice-questions","false","true","runtime-generated","0",""
"ASYAfRGJbWK6BMIri2pe","quiz","ati-pn-med-surg-pharm-competence-proctored-exam-practice-questions","ati-pn-med-surg-pharm-competence-proctored-exam-practice-questions","pillarPages/nursing-test-bank/subPages/z0xzINtS3EohZNaKosBz/nestedSubPages/lyrHg4RBzN6UafuymMFT/topics/13a3GLxldltUqhIxNzkr/quizzes/nLOUV5dIAekG9wQ9xDlG","ATI PN Med Surg Pharm Competence Proctored Exam Practice Questions | NursingMocks","Practice with 48 questions from ATI PN Med Surg Pharm Competence Proctored Exam Practice Questions.","https://www.nursingmocks.com/ati-pn-med-surg-pharm-competence-proctored-exam-practice-questions","https://www.nursingmocks.com/ati-pn-med-surg-pharm-competence-proctored-exam-practice-questions","false","true","runtime-generated","0",""
"Aa9Mt8Ce9x6kcYz04Y0O","quiz","ati-pn-management-proctored-exam-2023-iii-practice-questions","ati-pn-management-proctored-exam-2023-iii-practice-questions","pillarPages/nursing-test-bank/subPages/z0xzINtS3EohZNaKosBz/nestedSubPages/lyrHg4RBzN6UafuymMFT/topics/i0Rf69MPdXLbYTSRdCOW/quizzes/lbQrMsRrBcM8YKezEfjU","ATI PN Management Proctored Exam 2023 III Practice Questions | NursingMocks","Practice with 58 questions from ATI PN Management Proctored Exam 2023 III Practice Questions.","https://www.nursingmocks.com/ati-pn-management-proctored-exam-2023-iii-practice-questions","https://www.nursingmocks.com/ati-pn-management-proctored-exam-2023-iii-practice-questions","false","true","runtime-generated","0",""
"AccZ2Pfa3dfnziwy5zGp","quiz","ati-pn-level-3-med-surg-proctored-exam-practice-questions","ati-pn-level-3-med-surg-proctored-exam-practice-questions","pillarPages/nursing-test-bank/subPages/z0xzINtS3EohZNaKosBz/nestedSubPages/lyrHg4RBzN6UafuymMFT/topics/NywbGW22YNeZSM3kuwKk/quizzes/G5FmV84i5QyTN65AJMCM","ATI PN Level 3 Med Surg Proctored Exam Practice Questions | NursingMocks","Practice with 31 questions from ATI PN Level 3 Med Surg Proctored Exam Practice Questions.","https://www.nursingmocks.com/ati-pn-level-3-med-surg-proctored-exam-practice-questions","https://www.nursingmocks.com/ati-pn-level-3-med-surg-proctored-exam-practice-questions","false","true","runtime-generated","0",""
"Af2Nby4sPr7NlsNKNMnL","quiz","pathophisiology-proctored-exam-chamberin-university-practice-questions","pathophisiology-proctored-exam-chamberin-university-practice-questions","pillarPages/nursing-test-bank/subPages/SuT1noZoNGEjKGR1vTbi/nestedSubPages/zMFBI0XMiRsJnnXWhL5S/topics/KyUeIK7zxUi2K91H84Bj/quizzes/tXpaLPEEcPPI6ZykMyrZ","Pathophisiology Proctored Exam (Chamberin University) Practice Questions | NursingMocks","Practice with 73 questions from Pathophisiology Proctored Exam (Chamberin University) Practice Questions.","https://www.nursingmocks.com/pathophisiology-proctored-exam-chamberin-university-practice-questions","https://www.nursingmocks.com/pathophisiology-proctored-exam-chamberin-university-practice-questions","false","true","runtime-generated","0",""
"AhcQq5Wg5JcVEC61zc5X","quiz","pathophysiology-proctored-exam-practice-questions-set-8","pathophysiology-proctored-exam-practice-questions-set-8","pillarPages/nursing-test-bank/subPages/SuT1noZoNGEjKGR1vTbi/nestedSubPages/zMFBI0XMiRsJnnXWhL5S/topics/KyUeIK7zxUi2K91H84Bj/quizzes/RQz8L07RKwcfFBR6EYIE","Pathophysiology Proctored Exam Practice Questions - Set 8 | NursingMocks","Practice with 40 questions from Pathophysiology Proctored Exam Practice Questions - Set 8.","https://www.nursingmocks.com/pathophysiology-proctored-exam-practice-questions-set-8","https://www.nursingmocks.com/pathophysiology-proctored-exam-practice-questions-set-8","false","true","runtime-generated","0",""
"AnAJdGmz8XV9v6e0freO","quiz","teas-english-practice-test-set-7","teas-english-practice-test-set-7","pillarPages/nursing-entrance-exam/subPages/yrdSf0KpOcuybL1SLnw7/nestedSubPages/ykWIONcheFBJ7ooEl7WK/quizzes/OPjejH7bkdIPUK2eHcm9","ATI TEAS English Practice Test Set 7 Questions and Answers","Practice ATI TEAS English and Language Usage Set 7 questions and answers covering Conventions of Standard English, Knowledge of Language, and Using Language and Vocabulary to Express Ideas in Writing, with focus on standard English conventions, language precision, and writing clarity.","https://www.nursingmocks.com/teas-english-practice-test-set-7","https://www.nursingmocks.com/teas-english-practice-test-set-7","true","true","","0",""
"AofPNxQvqgzw1KaAGoGN","quiz","teas-reading-practice-test-set-8","teas-reading-practice-test-set-8","pillarPages/nursing-entrance-exam/subPages/yrdSf0KpOcuybL1SLnw7/nestedSubPages/2JIZgWhm9jUkoNFmkY7R/quizzes/KE4W8od6saoSm7hkp00V","ATI TEAS Reading Practice Test Set 8 Questions and Answers","Use ATI TEAS Reading Set 8 questions and answers covering Key Ideas and Details, Craft and Structure, and Integration of Knowledge and Ideas, with focus on inference, argument evaluation, and information integration.","https://www.nursingmocks.com/teas-reading-practice-test-set-8","https://www.nursingmocks.com/teas-reading-practice-test-set-8","true","true","","0",""
"AqT4cJdLMlpsm2S3cRwD","quiz","ati-pn-mental-health-eastern-suffolk-college-2-pn2-2023-proctored-exam-practice-questions","ati-pn-mental-health-eastern-suffolk-college-2-pn2-2023-proctored-exam-practice-questions","pillarPages/nursing-test-bank/subPages/z0xzINtS3EohZNaKosBz/nestedSubPages/lyrHg4RBzN6UafuymMFT/topics/6i5h4wWlOfz4R8huNTkC/quizzes/3ToqhBNk6pkxlJ24XZp2","ATI PN Mental Health Eastern Suffolk College 2 Pn2 2023 Proctored Exam Practice Questions | NursingMocks","Practice with 44 questions from ATI PN Mental Health Eastern Suffolk College 2 Pn2 2023 Proctored Exam Practice Questions.","https://www.nursingmocks.com/ati-pn-mental-health-eastern-suffolk-college-2-pn2-2023-proctored-exam-practice-questions","https://www.nursingmocks.com/ati-pn-mental-health-eastern-suffolk-college-2-pn2-2023-proctored-exam-practice-questions","false","true","runtime-generated","0",""
"AuwjIV7tFB1wHMhJLOsN","quiz","ati-rn-comprehensive-2023-with-ngn-proctored-exam","ati-rn-comprehensive-2023-with-ngn-proctored-exam","pillarPages/nursing-exit-exam/subPages/S4vSoa5bxDgZ1L5kLOJe/nestedSubPages/QsMAv9L9bzYoFjgdfKgH/quizzes/t6tQe9ZGrjJtYXfuUvzC","ATI RN Comprehensive 2023 With NGN Proctored Exam | NursingMocks","ATI RN Comprehensive 2023 With NGN Proctored Exam practice questions and answers for Nursing Exit Exam review.","https://www.nursingmocks.com/ati-rn-comprehensive-2023-with-ngn-proctored-exam","https://www.nursingmocks.com/ati-rn-comprehensive-2023-with-ngn-proctored-exam","false","true","runtime-generated","0",""
"Aw1dE6tAQWrs3pAfA7bW","topic","ati-leadership-proctored-exam-practice-questions","ati-leadership-proctored-exam-practice-questions","pillarPages/nursing-test-bank/subPages/SuT1noZoNGEjKGR1vTbi/nestedSubPages/Fnnd4c6ae0Uiurk2KUSc/topics/JYr6vwAqhmqOedJ05prB","ATI Leadership Proctored Questions | NursingMocks","Practice ATI Leadership Proctored Exam questions with rationales on delegation, prioritization, ethics, quality improvement, and coordination.","https://www.nursingmocks.com/ati-leadership-proctored-exam-practice-questions","https://www.nursingmocks.com/ati-leadership-proctored-exam-practice-questions","true","true","","0",""
"AwDf4xnJ7NSivq88Fi32","quiz","ati-pn-mental-health-proctored-exam-practice-questions-set-6","ati-pn-mental-health-proctored-exam-practice-questions-set-6","pillarPages/nursing-test-bank/subPages/z0xzINtS3EohZNaKosBz/nestedSubPages/lyrHg4RBzN6UafuymMFT/topics/6i5h4wWlOfz4R8huNTkC/quizzes/D7Gmvl2j5bTkFaVU4erQ","ATI PN Mental Health Proctored Exam Practice Questions - Set 6 | NursingMocks","Practice with 47 questions from ATI PN Mental Health Proctored Exam Practice Questions - Set 6.","https://www.nursingmocks.com/ati-pn-mental-health-proctored-exam-practice-questions-set-6","https://www.nursingmocks.com/ati-pn-mental-health-proctored-exam-practice-questions-set-6","false","true","runtime-generated","0",""
"AxNqIQ8tXFLlpZ6bQDAV","quiz","teas-reading-practice-test-set-10","teas-reading-practice-test-set-10","pillarPages/nursing-entrance-exam/subPages/yrdSf0KpOcuybL1SLnw7/nestedSubPages/2JIZgWhm9jUkoNFmkY7R/quizzes/1Q1BfIfJvBSGTfEswUs6","ATI TEAS Reading Practice Test Set 10 Questions and Answers","Work through ATI TEAS Reading Set 10 questions and answers covering Key Ideas and Details, Craft and Structure, and Integration of Knowledge and Ideas, with focus on vocabulary in context, passage organization, and interpreting claims.","https://www.nursingmocks.com/teas-reading-practice-test-set-10","https://www.nursingmocks.com/teas-reading-practice-test-set-10","true","true","","0",""
"B0PCMvGHCmpfsDU2bGI9","quiz","anatomy-and-physiology-proctored-exam-practice-questions-set-13","anatomy-and-physiology-proctored-exam-practice-questions-set-13","pillarPages/nursing-test-bank/subPages/SuT1noZoNGEjKGR1vTbi/nestedSubPages/zMFBI0XMiRsJnnXWhL5S/topics/PavJlfHXwXRUhopKAOO9/quizzes/KwnwfkaWsIjiJvvIGfci","Anatomy and Physiology Proctored Exam Practice Questions - Set 13 | NursingMocks","Practice with 48 questions from Anatomy and Physiology Proctored Exam Practice Questions - Set 13.","https://www.nursingmocks.com/anatomy-and-physiology-proctored-exam-practice-questions-set-13","https://www.nursingmocks.com/anatomy-and-physiology-proctored-exam-practice-questions-set-13","false","true","runtime-generated","0",""
"B5w4gdrCjNAjBHq2aX6m","quiz","ati-pn-pharmacology-quiz-proctored-exam-practice-questions-set-15","ati-pn-pharmacology-quiz-proctored-exam-practice-questions-set-15","pillarPages/nursing-test-bank/subPages/z0xzINtS3EohZNaKosBz/nestedSubPages/lyrHg4RBzN6UafuymMFT/topics/13a3GLxldltUqhIxNzkr/quizzes/z6xisZWREuOGsceZ8fjN","ATI PN Pharmacology Quiz Proctored Exam Practice Questions - Set 15 | NursingMocks","Practice with 45 questions from ATI PN Pharmacology Quiz Proctored Exam Practice Questions - Set 15.","https://www.nursingmocks.com/ati-pn-pharmacology-quiz-proctored-exam-practice-questions-set-15","https://www.nursingmocks.com/ati-pn-pharmacology-quiz-proctored-exam-practice-questions-set-15","false","true","runtime-generated","0",""
"B6EcQqrLkkaSh0EF4vgd","quiz","hesi-rn-ob-maternity-proctored-exam-practice-questions","hesi-rn-ob-maternity-proctored-exam-practice-questions","pillarPages/nursing-test-bank/subPages/SuT1noZoNGEjKGR1vTbi/nestedSubPages/iT55qp9NAFOvZLBAiQzC/topics/uXtCZ4Y6aeLjwMLtC1sD/quizzes/hvoSALWcTHUf7nr41g8g","HESI RN OB Maternity Proctored Exam Practice Questions | NursingMocks","Practice with 60 questions from HESI RN OB Maternity Proctored Exam Practice Questions.","https://www.nursingmocks.com/hesi-rn-ob-maternity-proctored-exam-practice-questions","https://www.nursingmocks.com/hesi-rn-ob-maternity-proctored-exam-practice-questions","false","true","runtime-generated","0",""
"BAk8zqynO6rS7FpDnzoG","quiz","hesi-rn-d446-adult-care-0a1-med-surg-proctored-exam-wgu-practice-questions","hesi-rn-d446-adult-care-0a1-med-surg-proctored-exam-wgu-practice-questions","pillarPages/nursing-test-bank/subPages/SuT1noZoNGEjKGR1vTbi/nestedSubPages/iT55qp9NAFOvZLBAiQzC/topics/aS23yuUD7OS39aVVutYn/quizzes/Q5FCjnksF9yfL4lifO5Y","HESI RN D446 Adult Care 0A1 Med Surg Proctored Exam (WGU) Practice Questions | NursingMocks","Practice with 59 questions from HESI RN D446 Adult Care 0A1 Med Surg Proctored Exam (WGU) Practice Questions.","https://www.nursingmocks.com/hesi-rn-d446-adult-care-0a1-med-surg-proctored-exam-wgu-practice-questions","https://www.nursingmocks.com/hesi-rn-d446-adult-care-0a1-med-surg-proctored-exam-wgu-practice-questions","false","true","runtime-generated","0",""
"BDIDPrFF8lz71ch5XnAM","quiz","ati-pn-nurs-113-med-surg-perfusion-proctored-exam-practice-questions","ati-pn-nurs-113-med-surg-perfusion-proctored-exam-practice-questions","pillarPages/nursing-test-bank/subPages/z0xzINtS3EohZNaKosBz/nestedSubPages/lyrHg4RBzN6UafuymMFT/topics/NywbGW22YNeZSM3kuwKk/quizzes/SqHmbJvCdd1YE2cnpRVd","ATI PN NURS 113 Med Surg Perfusion Proctored Exam Practice Questions | NursingMocks","Practice with 60 questions from ATI PN NURS 113 Med Surg Perfusion Proctored Exam Practice Questions.","https://www.nursingmocks.com/ati-pn-nurs-113-med-surg-perfusion-proctored-exam-practice-questions","https://www.nursingmocks.com/ati-pn-nurs-113-med-surg-perfusion-proctored-exam-practice-questions","false","true","runtime-generated","0",""
"BO9bfc29urzCF0pspcXN","sub","ati-teas-practice-test","ati-teas-practice-test","pillarPages/nursing-entrance-exam/subPages/yrdSf0KpOcuybL1SLnw7","ATI TEAS Practice Test | NursingMocks","Practice ATI TEAS 7 subjects with exam-style questions, free preview access, answers, and explanations for Reading, Mathematics, Science, and English and Language Usage.","https://www.nursingmocks.com/ati-teas-practice-test","https://www.nursingmocks.com/ati-teas-practice-test","true","true","","0",""
"BTU2JgJvnnRHOFOQfg09","quiz","ati-pn-mental-health-proctored-exam-practice-questions-set-21","ati-pn-mental-health-proctored-exam-practice-questions-set-21","pillarPages/nursing-test-bank/subPages/z0xzINtS3EohZNaKosBz/nestedSubPages/lyrHg4RBzN6UafuymMFT/topics/6i5h4wWlOfz4R8huNTkC/quizzes/Q2fS8PmQ5wik85qwHuxw","ATI PN Mental Health Proctored Exam Practice Questions - Set 21 | NursingMocks","Practice with 38 questions from ATI PN Mental Health Proctored Exam Practice Questions - Set 21.","https://www.nursingmocks.com/ati-pn-mental-health-proctored-exam-practice-questions-set-21","https://www.nursingmocks.com/ati-pn-mental-health-proctored-exam-practice-questions-set-21","false","true","runtime-generated","0",""
"BYasgsCWsOvBGhDuPt5H","quiz","ati-pn-fundamentals-of-nursing-2020-with-ngn-proctored-exam-2-practice-questions","ati-pn-fundamentals-of-nursing-2020-with-ngn-proctored-exam-2-practice-questions","pillarPages/nursing-test-bank/subPages/z0xzINtS3EohZNaKosBz/nestedSubPages/lyrHg4RBzN6UafuymMFT/topics/1Lb0PkKiTEM2wQOIMDtv/quizzes/G8kKvSJ7k0sM5KLN6ahp","ATI PN Fundamentals of Nursing 2020 with NGN Proctored Exam 2 Practice Questions | NursingMocks","Practice with 49 questions from ATI PN Fundamentals of Nursing 2020 with NGN Proctored Exam 2 Practice Questions.","https://www.nursingmocks.com/ati-pn-fundamentals-of-nursing-2020-with-ngn-proctored-exam-2-practice-questions","https://www.nursingmocks.com/ati-pn-fundamentals-of-nursing-2020-with-ngn-proctored-exam-2-practice-questions","false","true","runtime-generated","0",""
"BZUqQ8usgYdTW22dbU4b","quiz","ati-pn-medical-math-proctored-test-practice-questions","ati-pn-medical-math-proctored-test-practice-questions","pillarPages/nursing-test-bank/subPages/z0xzINtS3EohZNaKosBz/nestedSubPages/lyrHg4RBzN6UafuymMFT/topics/NHgx9LFXpsLVcFjsOujF/quizzes/5msBsGYJ21lwLU2hwl4h","ATI PN Medical Math Proctored Test Practice Questions | NursingMocks","Practice with 49 questions from ATI PN Medical Math Proctored Test Practice Questions.","https://www.nursingmocks.com/ati-pn-medical-math-proctored-test-practice-questions","https://www.nursingmocks.com/ati-pn-medical-math-proctored-test-practice-questions","false","true","runtime-generated","0",""
"BaGqrFNjszuJdqHVqbHW","quiz","hesi-a2-vocabulary-practice-test-set-1","hesi-a2-vocabulary-practice-test-set-1","pillarPages/nursing-entrance-exam/subPages/rdYGUZ9DzFvAmo6EsrVe/nestedSubPages/i7Rzaozenx3Czccmf5HD/quizzes/hesi-a2-vocabulary-practice-test-set-1","HESI A2 Vocabulary Practice Test Set 1","Practice HESI A2 Actual Exam Set 1 - Vocabulary questions for HESI A2 preparation.","https://www.nursingmocks.com/hesi-a2-vocabulary-practice-test-set-1","https://www.nursingmocks.com/hesi-a2-vocabulary-practice-test-set-1","false","true","runtime-generated","0",""
"Bb5EDMN6YJmMySFIzMZu","quiz","teas-reading-practice-test-set-16","teas-reading-practice-test-set-16","pillarPages/nursing-entrance-exam/subPages/yrdSf0KpOcuybL1SLnw7/nestedSubPages/2JIZgWhm9jUkoNFmkY7R/quizzes/qdPBG0cUyM12WznCL1yH","ATI TEAS Reading Practice Test Set 16 Questions and Answers","Work through ATI TEAS Reading Set 16 questions and answers covering Key Ideas and Details, Craft and Structure, and Integration of Knowledge and Ideas, with focus on inference, argument evaluation, and information integration.","https://www.nursingmocks.com/teas-reading-practice-test-set-16","https://www.nursingmocks.com/teas-reading-practice-test-set-16","true","true","","0",""
"BhAIr9d40oKecVY7cor6","quiz","ati-pn-maternity-proctored-exam-practice-questions-set-26","ati-pn-maternity-proctored-exam-practice-questions-set-26","pillarPages/nursing-test-bank/subPages/z0xzINtS3EohZNaKosBz/nestedSubPages/lyrHg4RBzN6UafuymMFT/topics/ZwY2vYN2X4tXEKOv2x6h/quizzes/sZQUx4PsdcmMMvzytexc","ATI PN Maternity Proctored Exam Practice Questions - Set 26 | NursingMocks","Practice with 62 questions from ATI PN Maternity Proctored Exam Practice Questions - Set 26.","https://www.nursingmocks.com/ati-pn-maternity-proctored-exam-practice-questions-set-26","https://www.nursingmocks.com/ati-pn-maternity-proctored-exam-practice-questions-set-26","false","true","runtime-generated","0",""
"BkinJA1lkfSFpiSnTDOt","quiz","physiology-and-pharmacology-n215-proctored-exam-iv-mcqs-practice-questions","physiology-and-pharmacology-n215-proctored-exam-iv-mcqs-practice-questions","pillarPages/nursing-test-bank/subPages/SuT1noZoNGEjKGR1vTbi/nestedSubPages/zMFBI0XMiRsJnnXWhL5S/topics/qjQzp4HMFByeL1UEKGDd/quizzes/CbCByxWIF8wqaFgKpKyt","Physiology and Pharmacology N215 Proctored Exam IV Mcqs Practice Questions | NursingMocks","Practice with 21 questions from Physiology and Pharmacology N215 Proctored Exam IV Mcqs Practice Questions.","https://www.nursingmocks.com/physiology-and-pharmacology-n215-proctored-exam-iv-mcqs-practice-questions","https://www.nursingmocks.com/physiology-and-pharmacology-n215-proctored-exam-iv-mcqs-practice-questions","false","true","runtime-generated","0",""
"Braem3ZRexBMbQWJpFOK","quiz","ati-pn-pediatrics-nursing-2023-proctored-exam-practice-questions-set-3","ati-pn-pediatrics-nursing-2023-proctored-exam-practice-questions-set-3","pillarPages/nursing-test-bank/subPages/z0xzINtS3EohZNaKosBz/nestedSubPages/lyrHg4RBzN6UafuymMFT/topics/Y0MhOdG0hGVh8AUsgVrz/quizzes/HBf353u0gzOcqxxU3qJJ","ATI PN Pediatrics Nursing 2023 Proctored Exam Practice Questions - Set 3 | NursingMocks","Practice with 61 questions from ATI PN Pediatrics Nursing 2023 Proctored Exam Practice Questions - Set 3.","https://www.nursingmocks.com/ati-pn-pediatrics-nursing-2023-proctored-exam-practice-questions-set-3","https://www.nursingmocks.com/ati-pn-pediatrics-nursing-2023-proctored-exam-practice-questions-set-3","false","true","runtime-generated","0",""
"Bt14biwARBEt3A5SeX0V","quiz","ob-pediatric-cumulative-exam-test-4-v-1-2023-proctored-exam-practice-questions","ob-pediatric-cumulative-exam-test-4-v-1-2023-proctored-exam-practice-questions","pillarPages/nursing-test-bank/subPages/SuT1noZoNGEjKGR1vTbi/nestedSubPages/zMFBI0XMiRsJnnXWhL5S/topics/Hwspg6smTqrELsoRSNmc/quizzes/1O07SFA6aAKFjjIgFpaH","OB Pediatric Cumulative Exam Test 4 V 1 2023 Proctored Exam Practice Questions | NursingMocks","Practice with 46 questions from OB Pediatric Cumulative Exam Test 4 V 1 2023 Proctored Exam Practice Questions.","https://www.nursingmocks.com/ob-pediatric-cumulative-exam-test-4-v-1-2023-proctored-exam-practice-questions","https://www.nursingmocks.com/ob-pediatric-cumulative-exam-test-4-v-1-2023-proctored-exam-practice-questions","false","true","runtime-generated","0",""
"BxrgzleGt4zzy1s99Dph","quiz","mental-health-kentucky-university-proctored-exam-3-practice-questions","mental-health-kentucky-university-proctored-exam-3-practice-questions","pillarPages/nursing-test-bank/subPages/SuT1noZoNGEjKGR1vTbi/nestedSubPages/zMFBI0XMiRsJnnXWhL5S/topics/dwj41dVBiWR9v4FRpKhC/quizzes/k6gX1LvDPttyNR1E6UnJ","Mental Health Kentucky University Proctored Exam 3 Practice Questions | NursingMocks","Practice with 108 questions from Mental Health Kentucky University Proctored Exam 3 Practice Questions.","https://www.nursingmocks.com/mental-health-kentucky-university-proctored-exam-3-practice-questions","https://www.nursingmocks.com/mental-health-kentucky-university-proctored-exam-3-practice-questions","false","true","runtime-generated","0",""
"C0L5vvP85cB2ql88XOEU","quiz","med-surg-rn-proctored-exam-lippincott-practice-questions","med-surg-rn-proctored-exam-lippincott-practice-questions","pillarPages/nursing-test-bank/subPages/SuT1noZoNGEjKGR1vTbi/nestedSubPages/zMFBI0XMiRsJnnXWhL5S/topics/4xNDZPMszSkpgRfEsOck/quizzes/QhN9e2GqAQjjHEo3JXvi","Med Surg RN Proctored Exam (Lippincott) Practice Questions | NursingMocks","Practice with 93 questions from Med Surg RN Proctored Exam (Lippincott) Practice Questions.","https://www.nursingmocks.com/med-surg-rn-proctored-exam-lippincott-practice-questions","https://www.nursingmocks.com/med-surg-rn-proctored-exam-lippincott-practice-questions","false","true","runtime-generated","0",""
"C5E1uDprYgQiyOIJfdGl","quiz","hesi-rn-pediatrics-and-care-of-woman-proctored-exam-practice-questions","hesi-rn-pediatrics-and-care-of-woman-proctored-exam-practice-questions","pillarPages/nursing-test-bank/subPages/SuT1noZoNGEjKGR1vTbi/nestedSubPages/iT55qp9NAFOvZLBAiQzC/topics/uXtCZ4Y6aeLjwMLtC1sD/quizzes/YglGoXJXVyOpWJ4czKYx","HESI RN Pediatrics & Care of Woman Proctored Exam Practice Questions | NursingMocks","Practice with 43 questions from HESI RN Pediatrics & Care of Woman Proctored Exam Practice Questions.","https://www.nursingmocks.com/hesi-rn-pediatrics-and-care-of-woman-proctored-exam-practice-questions","https://www.nursingmocks.com/hesi-rn-pediatrics-and-care-of-woman-proctored-exam-practice-questions","false","true","runtime-generated","0",""
"CKJELOneo4HMxKbqo0MN","quiz","hesi-rn-mental-health-proctored-exam-practice-questions-set-5","hesi-rn-mental-health-proctored-exam-practice-questions-set-5","pillarPages/nursing-test-bank/subPages/SuT1noZoNGEjKGR1vTbi/nestedSubPages/iT55qp9NAFOvZLBAiQzC/topics/nWHmcLCOYFPkjaWIHcVu/quizzes/5m4GPD0E75Fkn6fr0m9J","HESI RN Mental Health Proctored Exam Practice Questions - Set 5 | NursingMocks","Practice with 42 questions from HESI RN Mental Health Proctored Exam Practice Questions - Set 5.","https://www.nursingmocks.com/hesi-rn-mental-health-proctored-exam-practice-questions-set-5","https://www.nursingmocks.com/hesi-rn-mental-health-proctored-exam-practice-questions-set-5","false","true","runtime-generated","0",""
"CM76gnvZt5b96HSQBYNY","quiz","hesi-rn-pharmacology-proctored-exam-practice-questions-set-11","hesi-rn-pharmacology-proctored-exam-practice-questions-set-11","pillarPages/nursing-test-bank/subPages/SuT1noZoNGEjKGR1vTbi/nestedSubPages/iT55qp9NAFOvZLBAiQzC/topics/l1kSgSxIYg2SRUN8aWqE/quizzes/saAtWUrXJQCUdorkzwea","HESI RN Pharmacology Proctored Exam Practice Questions - Set 11 | NursingMocks","Practice with 54 questions from HESI RN Pharmacology Proctored Exam Practice Questions - Set 11.","https://www.nursingmocks.com/hesi-rn-pharmacology-proctored-exam-practice-questions-set-11","https://www.nursingmocks.com/hesi-rn-pharmacology-proctored-exam-practice-questions-set-11","false","true","runtime-generated","0",""
"CRDH5rsC9HPHgOpePJvD","quiz","pn-comprehensive-predictor-pn-2020-proctored-exam","pn-comprehensive-predictor-pn-2020-proctored-exam","pillarPages/nursing-exit-exam/subPages/nkXaaMfkkbvjmrSRwtVq/nestedSubPages/ShdTxCRHYWbhmGg06Sgw/quizzes/LDLjU0O0XVhoyQn0qtEm","PN Comprehensive Predictor PN 2020 Proctored Exam | NursingMocks","PN Comprehensive Predictor PN 2020 Proctored Exam practice questions and answers for Nursing Exit Exam review.","https://www.nursingmocks.com/pn-comprehensive-predictor-pn-2020-proctored-exam","https://www.nursingmocks.com/pn-comprehensive-predictor-pn-2020-proctored-exam","false","true","runtime-generated","0",""
"CjdNBfLZIZMqOiAHYbmu","quiz","med-surg-proctored-exam-practice-questions-set-15","med-surg-proctored-exam-practice-questions-set-15","pillarPages/nursing-test-bank/subPages/SuT1noZoNGEjKGR1vTbi/nestedSubPages/zMFBI0XMiRsJnnXWhL5S/topics/4xNDZPMszSkpgRfEsOck/quizzes/iNBMfTiCFqE5vLMAXKYk","Med Surg Proctored Exam Practice Questions - Set 15 | NursingMocks","Practice with 98 questions from Med Surg Proctored Exam Practice Questions - Set 15.","https://www.nursingmocks.com/med-surg-proctored-exam-practice-questions-set-15","https://www.nursingmocks.com/med-surg-proctored-exam-practice-questions-set-15","false","true","runtime-generated","0",""
"CjfvtEEQClmMLhf3LQMw","quiz","ati-pn-med-surg-neuro-test-2024-proctored-exam-practice-questions","ati-pn-med-surg-neuro-test-2024-proctored-exam-practice-questions","pillarPages/nursing-test-bank/subPages/z0xzINtS3EohZNaKosBz/nestedSubPages/lyrHg4RBzN6UafuymMFT/topics/NywbGW22YNeZSM3kuwKk/quizzes/P6ZdAWwRY4UQJ3kBkxSX","ATI PN Med Surg Neuro Test 2024 Proctored Exam Practice Questions | NursingMocks","Practice with 44 questions from ATI PN Med Surg Neuro Test 2024 Proctored Exam Practice Questions.","https://www.nursingmocks.com/ati-pn-med-surg-neuro-test-2024-proctored-exam-practice-questions","https://www.nursingmocks.com/ati-pn-med-surg-neuro-test-2024-proctored-exam-practice-questions","false","true","runtime-generated","0",""
"Ck2u3fd7XSw2axsjcc62","topic","ati-pn-pharmacology-practice-questions","ati-pn-pharmacology-practice-questions","pillarPages/nursing-test-bank/subPages/z0xzINtS3EohZNaKosBz/nestedSubPages/lyrHg4RBzN6UafuymMFT/topics/13a3GLxldltUqhIxNzkr","ATI PN Pharmacology Practice Questions | NursingMocks","Review ATI PN Pharmacology practice questions on medication safety, drug classes, adverse effects, administration, and client teaching.","https://www.nursingmocks.com/ati-pn-pharmacology-practice-questions","https://www.nursingmocks.com/ati-pn-pharmacology-practice-questions","true","true","","0",""
"CqNOQgcJLDkysMiyJJIQ","quiz","teas-math-practice-test-set-10","teas-math-practice-test-set-10","pillarPages/nursing-entrance-exam/subPages/yrdSf0KpOcuybL1SLnw7/nestedSubPages/e9EcRCWTbyKVpyLXUKzd/quizzes/z92YY14uxYfs8h9YvNXq","ATI TEAS Math Practice Test Set 10 Questions and Answers","Build accuracy with ATI TEAS Mathematics Set 10 questions and answers covering Numbers and Algebra and Measurement and Data, with focus on algebra basics, quantitative comparisons, and practical data tasks.","https://www.nursingmocks.com/teas-math-practice-test-set-10","https://www.nursingmocks.com/teas-math-practice-test-set-10","true","true","","0",""
"Cy4qVEI7wfP27CAR4N3Z","quiz","wgu-hesi-rn-information-technology-in-nursing-practice-proctored-exam-practice-questions","wgu-hesi-rn-information-technology-in-nursing-practice-proctored-exam-practice-questions","pillarPages/nursing-test-bank/subPages/SuT1noZoNGEjKGR1vTbi/nestedSubPages/iT55qp9NAFOvZLBAiQzC/topics/8ys3SWgnclB200ysUQRS/quizzes/7qRRaOJJhfpuiRBuxPrv","WGU HESI RN Information Technology in Nursing Practice Proctored Exam Practice Questions | NursingMocks","Practice with 60 questions from WGU HESI RN Information Technology in Nursing Practice Proctored Exam Practice Questions.","https://www.nursingmocks.com/wgu-hesi-rn-information-technology-in-nursing-practice-proctored-exam-practice-questions","https://www.nursingmocks.com/wgu-hesi-rn-information-technology-in-nursing-practice-proctored-exam-practice-questions","false","true","runtime-generated","0",""
"Cyd1RrKTMHton21TMGyE","topic","rn-nursing-course-multidimensional-care-practice-questions","rn-nursing-course-multidimensional-care-practice-questions","pillarPages/nursing-test-bank/subPages/SuT1noZoNGEjKGR1vTbi/nestedSubPages/zMFBI0XMiRsJnnXWhL5S/topics/5wsEQxaa4oxFg4kMLWiR","RN Multidimensional Care Course Exam Questions | NursingMocks","Practice RN Multidimensional Care course exam questions for integrated client care, clinical judgment, safety, and prioritization.","https://www.nursingmocks.com/rn-nursing-course-multidimensional-care-practice-questions","https://www.nursingmocks.com/rn-nursing-course-multidimensional-care-practice-questions","true","true","","0",""
"D4OSFGZ9mBqcGR8lQQ9P","topic","rn-nursing-course-gastrointestinal-system-practice-questions","rn-nursing-course-gastrointestinal-system-practice-questions","pillarPages/nursing-test-bank/subPages/SuT1noZoNGEjKGR1vTbi/nestedSubPages/zMFBI0XMiRsJnnXWhL5S/topics/Qw9ACv9iC3lU621RemRS","RN Gastrointestinal System Course Exam Questions | NursingMocks","Practice RN Gastrointestinal System course exam questions for GI disorders, assessment findings, procedures, and nursing care.","https://www.nursingmocks.com/rn-nursing-course-gastrointestinal-system-practice-questions","https://www.nursingmocks.com/rn-nursing-course-gastrointestinal-system-practice-questions","true","true","","0",""
"DBVdjl2SaYdImTGWDAeB","quiz","hesi-lpn-exit-test-11-proctored-exam","hesi-lpn-exit-test-11-proctored-exam","pillarPages/nursing-exit-exam/subPages/nkXaaMfkkbvjmrSRwtVq/nestedSubPages/BH31o1XVf6CrhNvQvfOO/quizzes/KBpvcT4BvKOwKowcCVIk","4-HESI LPN EXIT TEST 11 PROCTORED EXAM | NursingMocks","Practice nursing exit exam questions and answers for 4-HESI LPN EXIT TEST 11 PROCTORED EXAM.","https://www.nursingmocks.com/hesi-lpn-exit-test-11-proctored-exam","https://www.nursingmocks.com/hesi-lpn-exit-test-11-proctored-exam","false","true","runtime-generated","0",""
"DEbLmq8aB8pNPc8qxByc","quiz","teas-math-practice-test-set-16","teas-math-practice-test-set-16","pillarPages/nursing-entrance-exam/subPages/yrdSf0KpOcuybL1SLnw7/nestedSubPages/e9EcRCWTbyKVpyLXUKzd/quizzes/IftpKs2gUa9OxXtMRbh3","ATI TEAS Math Practice Test Set 16 Questions and Answers","Build accuracy with ATI TEAS Mathematics Set 16 questions and answers covering Numbers and Algebra and Measurement and Data, with focus on percentages, proportions, unit conversions, and chart-based questions.","https://www.nursingmocks.com/teas-math-practice-test-set-16","https://www.nursingmocks.com/teas-math-practice-test-set-16","true","true","","0",""
"DFDXSLE4QiWj3f4sv6H2","quiz","kaplan-admission-practice-test-science-quiz-1","kaplan-admission-practice-test-science-quiz-1","pillarPages/nursing-entrance-exam/subPages/jdJsAeBdy2mJO0kPibeV/nestedSubPages/ZUuIYDcFNZSPDZk9g1I3/quizzes/rNAYxvzQIex3I3Ypm1kB","Kaplan Admission Practice Test Science | NursingMocks","Content for Kaplan Admission Practice Test Science under Kaplan Admission Practice Test Science.","https://www.nursingmocks.com/kaplan-admission-practice-test-science-quiz-1","https://www.nursingmocks.com/kaplan-admission-practice-test-science-quiz-1","true","true","","0",""
"DIe7HFuwuW8yWib3N8dw","quiz","hesi-rn-med-surg-dosage-calculations-proctored-exam-practice-questions","hesi-rn-med-surg-dosage-calculations-proctored-exam-practice-questions","pillarPages/nursing-test-bank/subPages/SuT1noZoNGEjKGR1vTbi/nestedSubPages/iT55qp9NAFOvZLBAiQzC/topics/dfRlrdGOvpDhVVXIqa0H/quizzes/TRipbezAYlsDVRHfiEeK","HESI RN Med Surg Dosage Calculations Proctored Exam Practice Questions | NursingMocks","Practice with 55 questions from HESI RN Med Surg Dosage Calculations Proctored Exam Practice Questions.","https://www.nursingmocks.com/hesi-rn-med-surg-dosage-calculations-proctored-exam-practice-questions","https://www.nursingmocks.com/hesi-rn-med-surg-dosage-calculations-proctored-exam-practice-questions","false","true","runtime-generated","0",""
"DLlIVraUMp5Hp623CzcY","quiz","ati-pn-custom-anatomy-quiz-proctored-exam-6-days-24-practice-questions","ati-pn-custom-anatomy-quiz-proctored-exam-6-days-24-practice-questions","pillarPages/nursing-test-bank/subPages/z0xzINtS3EohZNaKosBz/nestedSubPages/lyrHg4RBzN6UafuymMFT/topics/j5H2Ra9IgckkioC7vNSj/quizzes/b3unauiHoqea3YC139EW","ATI PN Custom Anatomy Quiz Proctored Exam#6 Days 24 Practice Questions | NursingMocks","Practice with 60 questions from ATI PN Custom Anatomy Quiz Proctored Exam#6 Days 24 Practice Questions.","https://www.nursingmocks.com/ati-pn-custom-anatomy-quiz-proctored-exam-6-days-24-practice-questions","https://www.nursingmocks.com/ati-pn-custom-anatomy-quiz-proctored-exam-6-days-24-practice-questions","false","true","runtime-generated","0",""
"DUJXDTyGV7PfTLU4e21F","quiz","nur-612-med-surg-proctored-exam-st-thomas-university-practice-questions","nur-612-med-surg-proctored-exam-st-thomas-university-practice-questions","pillarPages/nursing-test-bank/subPages/SuT1noZoNGEjKGR1vTbi/nestedSubPages/zMFBI0XMiRsJnnXWhL5S/topics/4xNDZPMszSkpgRfEsOck/quizzes/OcjRXBPzCD8rWuHM9Qch","NUR 612 Med Surg Proctored Exam (St Thomas University) Practice Questions | NursingMocks","Practice with 10 questions from NUR 612 Med Surg Proctored Exam (St Thomas University) Practice Questions.","https://www.nursingmocks.com/nur-612-med-surg-proctored-exam-st-thomas-university-practice-questions","https://www.nursingmocks.com/nur-612-med-surg-proctored-exam-st-thomas-university-practice-questions","false","true","runtime-generated","0",""
"DURbBqRuydhDDOJj7f4K","quiz","nur-301-pharmacology-proctored-exam-examplify-practice-questions","nur-301-pharmacology-proctored-exam-examplify-practice-questions","pillarPages/nursing-test-bank/subPages/SuT1noZoNGEjKGR1vTbi/nestedSubPages/zMFBI0XMiRsJnnXWhL5S/topics/qjQzp4HMFByeL1UEKGDd/quizzes/rexwQcZvEY2IjK3m7kdK","NUR 301 Pharmacology Proctored Exam (Examplify) Practice Questions | NursingMocks","Practice with 25 questions from NUR 301 Pharmacology Proctored Exam (Examplify) Practice Questions.","https://www.nursingmocks.com/nur-301-pharmacology-proctored-exam-examplify-practice-questions","https://www.nursingmocks.com/nur-301-pharmacology-proctored-exam-examplify-practice-questions","false","true","runtime-generated","0",""
"DZqdgkRSDn1yf5aqh2VC","quiz","anatomy-and-physiology-skeletal-tissue-the-skeleton-joints-proctored-exam-practice-questions","anatomy-and-physiology-skeletal-tissue-the-skeleton-joints-proctored-exam-practice-questions","pillarPages/nursing-test-bank/subPages/SuT1noZoNGEjKGR1vTbi/nestedSubPages/zMFBI0XMiRsJnnXWhL5S/topics/PavJlfHXwXRUhopKAOO9/quizzes/CGw9cOSlpPGmWYNQAite","Anatomy and Physiology. Skeletal Tissue, the Skeleton, Joints Proctored Exam Practice Questions | NursingMocks","Practice with 44 questions from Anatomy and Physiology. Skeletal Tissue, the Skeleton, Joints Proctored Exam Practice Questions.","https://www.nursingmocks.com/anatomy-and-physiology-skeletal-tissue-the-skeleton-joints-proctored-exam-practice-questions","https://www.nursingmocks.com/anatomy-and-physiology-skeletal-tissue-the-skeleton-joints-proctored-exam-practice-questions","false","true","runtime-generated","0",""
"Deakt8LNGYPg57r36kk8","quiz","med-surg-proctored-exam-montgomery-college-practice-questions","med-surg-proctored-exam-montgomery-college-practice-questions","pillarPages/nursing-test-bank/subPages/SuT1noZoNGEjKGR1vTbi/nestedSubPages/zMFBI0XMiRsJnnXWhL5S/topics/4xNDZPMszSkpgRfEsOck/quizzes/3xxwb2QPpoETFPdcY1Tv","Med Surg Proctored Exam (Montgomery College) Practice Questions | NursingMocks","Practice with 38 questions from Med Surg Proctored Exam (Montgomery College) Practice Questions.","https://www.nursingmocks.com/med-surg-proctored-exam-montgomery-college-practice-questions","https://www.nursingmocks.com/med-surg-proctored-exam-montgomery-college-practice-questions","false","true","runtime-generated","0",""
"Dl74E8nOyZnP9CIdTNDv","quiz","hesi-rn-capstone-proctored-exam-practice-questions","hesi-rn-capstone-proctored-exam-practice-questions","pillarPages/nursing-test-bank/subPages/SuT1noZoNGEjKGR1vTbi/nestedSubPages/iT55qp9NAFOvZLBAiQzC/topics/lvqRire0T0tV9yFAb26O/quizzes/0YjvcFhmPmhn39UaVsQp","HESI RN Capstone Proctored Exam Practice Questions | NursingMocks","Practice with 124 questions from HESI RN Capstone Proctored Exam Practice Questions.","https://www.nursingmocks.com/hesi-rn-capstone-proctored-exam-practice-questions","https://www.nursingmocks.com/hesi-rn-capstone-proctored-exam-practice-questions","false","true","runtime-generated","0",""
"Dl8uWSue7pkmNkVl5uLJ","quiz","teas-math-practice-test-set-14","teas-math-practice-test-set-14","pillarPages/nursing-entrance-exam/subPages/yrdSf0KpOcuybL1SLnw7/nestedSubPages/e9EcRCWTbyKVpyLXUKzd/quizzes/LIi0LBEmXKLcLv0e8m3I","ATI TEAS Math Practice Test Set 14 Questions and Answers","Review ATI TEAS Mathematics Set 14 questions and answers covering Numbers and Algebra and Measurement and Data, with focus on fractions, ratios, equations, and data interpretation.","https://www.nursingmocks.com/teas-math-practice-test-set-14","https://www.nursingmocks.com/teas-math-practice-test-set-14","true","true","","0",""
"DoNG14N83BpLsv3bPlZq","quiz","hesi-rn-fundamentals-proctored-exam-practice-questions-set-6","hesi-rn-fundamentals-proctored-exam-practice-questions-set-6","pillarPages/nursing-test-bank/subPages/SuT1noZoNGEjKGR1vTbi/nestedSubPages/iT55qp9NAFOvZLBAiQzC/topics/70YsvvAfpEoWkJ2zO8Vy/quizzes/n6qNafptcceqRrMFXAA1","HESI RN Fundamentals Proctored Exam Practice Questions - Set 6 | NursingMocks","Practice with 57 questions from HESI RN Fundamentals Proctored Exam Practice Questions - Set 6.","https://www.nursingmocks.com/hesi-rn-fundamentals-proctored-exam-practice-questions-set-6","https://www.nursingmocks.com/hesi-rn-fundamentals-proctored-exam-practice-questions-set-6","false","true","runtime-generated","0",""
"DouZh9vozDaQ5pmVSuQY","quiz","maternity-proctored-exam-samuel-merit-university-2-practice-questions","maternity-proctored-exam-samuel-merit-university-2-practice-questions","pillarPages/nursing-test-bank/subPages/SuT1noZoNGEjKGR1vTbi/nestedSubPages/zMFBI0XMiRsJnnXWhL5S/topics/stnDIFRoA0VwLaoxbGv1/quizzes/mpbVVmMFgwa6SE9EPUDO","Maternity Proctored Exam (Samuel Merit University) 2 Practice Questions | NursingMocks","Practice with 48 questions from Maternity Proctored Exam (Samuel Merit University) 2 Practice Questions.","https://www.nursingmocks.com/maternity-proctored-exam-samuel-merit-university-2-practice-questions","https://www.nursingmocks.com/maternity-proctored-exam-samuel-merit-university-2-practice-questions","false","true","runtime-generated","0",""
"DuOO8xl90h7xvivhcQOT","quiz","teas-math-practice-test-set-1","teas-math-practice-test-set-1","pillarPages/nursing-entrance-exam/subPages/yrdSf0KpOcuybL1SLnw7/nestedSubPages/e9EcRCWTbyKVpyLXUKzd/quizzes/3KVRmArpLdurDdIdi3S0","ATI TEAS Math Practice Test Set 1 Questions and Answers","Practice ATI TEAS Mathematics Set 1 questions and answers covering Numbers and Algebra and Measurement and Data, with focus on number sense, formula use, and measurement problem solving.","https://www.nursingmocks.com/teas-math-practice-test-set-1","https://www.nursingmocks.com/teas-math-practice-test-set-1","true","true","","0",""
"Dw5EvUYvgxRO5G1PlwPe","quiz","ati-pn-fundamentals-iii-proctored-exam-practice-questions","ati-pn-fundamentals-iii-proctored-exam-practice-questions","pillarPages/nursing-test-bank/subPages/z0xzINtS3EohZNaKosBz/nestedSubPages/lyrHg4RBzN6UafuymMFT/topics/1Lb0PkKiTEM2wQOIMDtv/quizzes/DbhayhY7uht7de0iSn6I","ATI PN Fundamentals III Proctored Exam Practice Questions | NursingMocks","Practice with 43 questions from ATI PN Fundamentals III Proctored Exam Practice Questions.","https://www.nursingmocks.com/ati-pn-fundamentals-iii-proctored-exam-practice-questions","https://www.nursingmocks.com/ati-pn-fundamentals-iii-proctored-exam-practice-questions","false","true","runtime-generated","0",""
"E5O4cWr7BPE9YPUcU3Xz","quiz","ati-pn-nsp-130-psychosocial-proctored-exam-practice-questions","ati-pn-nsp-130-psychosocial-proctored-exam-practice-questions","pillarPages/nursing-test-bank/subPages/z0xzINtS3EohZNaKosBz/nestedSubPages/lyrHg4RBzN6UafuymMFT/topics/6i5h4wWlOfz4R8huNTkC/quizzes/NRbKa2G8JDomfoYc32tb","ATI PN Nsp 130 Psychosocial Proctored Exam Practice Questions | NursingMocks","Practice with 67 questions from ATI PN Nsp 130 Psychosocial Proctored Exam Practice Questions.","https://www.nursingmocks.com/ati-pn-nsp-130-psychosocial-proctored-exam-practice-questions","https://www.nursingmocks.com/ati-pn-nsp-130-psychosocial-proctored-exam-practice-questions","false","true","runtime-generated","0",""
"E7QUPgIRf7JWt0fLKEge","topic","rn-nursing-course-dimensions-of-nursing-practice-practice-questions","rn-nursing-course-dimensions-of-nursing-practice-practice-questions","pillarPages/nursing-test-bank/subPages/SuT1noZoNGEjKGR1vTbi/nestedSubPages/zMFBI0XMiRsJnnXWhL5S/topics/DN3QPHblwrFWRn1uoplD","RN Dimensions of Nursing Practice Questions | NursingMocks","Practice RN Dimensions of Nursing Practice questions for professional nursing roles, clinical judgment, ethics, and care delivery.","https://www.nursingmocks.com/rn-nursing-course-dimensions-of-nursing-practice-practice-questions","https://www.nursingmocks.com/rn-nursing-course-dimensions-of-nursing-practice-practice-questions","true","true","","0",""
"ECajvaBHq7TDsDENn48Q","quiz","ati-pn-nurs-113-pharmocology-proctored-exam-practice-questions","ati-pn-nurs-113-pharmocology-proctored-exam-practice-questions","pillarPages/nursing-test-bank/subPages/z0xzINtS3EohZNaKosBz/nestedSubPages/lyrHg4RBzN6UafuymMFT/topics/13a3GLxldltUqhIxNzkr/quizzes/AKF75cOCQIDXU5cHyKbT","ATI PN NURS 113 Pharmocology Proctored Exam Practice Questions | NursingMocks","Practice with 76 questions from ATI PN NURS 113 Pharmocology Proctored Exam Practice Questions.","https://www.nursingmocks.com/ati-pn-nurs-113-pharmocology-proctored-exam-practice-questions","https://www.nursingmocks.com/ati-pn-nurs-113-pharmocology-proctored-exam-practice-questions","false","true","runtime-generated","0",""
"EEZdFazcXGmrb8t0viof","quiz","ati-pn-med-surg-proctored-exam-1-practice-questions","ati-pn-med-surg-proctored-exam-1-practice-questions","pillarPages/nursing-test-bank/subPages/z0xzINtS3EohZNaKosBz/nestedSubPages/lyrHg4RBzN6UafuymMFT/topics/NywbGW22YNeZSM3kuwKk/quizzes/OVd57ylNVkKiGk0fVGnc","ATI PN Med Surg Proctored Exam 1 Practice Questions | NursingMocks","Practice with 59 questions from ATI PN Med Surg Proctored Exam 1 Practice Questions.","https://www.nursingmocks.com/ati-pn-med-surg-proctored-exam-1-practice-questions","https://www.nursingmocks.com/ati-pn-med-surg-proctored-exam-1-practice-questions","false","true","runtime-generated","0",""
"EEukDoPwlCE2D0WLeHIC","quiz","ati-pn-mental-health-level-4-proctored-exam-practice-questions-set-11","ati-pn-mental-health-level-4-proctored-exam-practice-questions-set-11","pillarPages/nursing-test-bank/subPages/z0xzINtS3EohZNaKosBz/nestedSubPages/lyrHg4RBzN6UafuymMFT/topics/6i5h4wWlOfz4R8huNTkC/quizzes/yH9BCMdQCuEK9lej1NxM","ATI PN Mental Health Level 4 Proctored Exam Practice Questions - Set 11 | NursingMocks","Practice with 33 questions from ATI PN Mental Health Level 4 Proctored Exam Practice Questions - Set 11.","https://www.nursingmocks.com/ati-pn-mental-health-level-4-proctored-exam-practice-questions-set-11","https://www.nursingmocks.com/ati-pn-mental-health-level-4-proctored-exam-practice-questions-set-11","false","true","runtime-generated","0",""
"EGfpYJMMKx2KO7c72eyH","nested","lpn-nursing-course-exams","lpn-nursing-course-exams","pillarPages/nursing-test-bank/subPages/z0xzINtS3EohZNaKosBz/nestedSubPages/3K3wv7IGcDcXvSNM9Kxm","LPN Nursing Course Exams | NursingMocks","Practice LPN nursing course exams covering fundamentals, medical-surgical nursing, dosage calculations, health assessment, leadership, and other practical nursing course topics.","https://www.nursingmocks.com/lpn-nursing-course-exams","https://www.nursingmocks.com/lpn-nursing-course-exams","true","true","","0",""
"EHQfLPJXhKi5FY6Owi97","quiz","ati-pn-fundamentals-of-nursing-proctored-exam-practice-questions","ati-pn-fundamentals-of-nursing-proctored-exam-practice-questions","pillarPages/nursing-test-bank/subPages/z0xzINtS3EohZNaKosBz/nestedSubPages/lyrHg4RBzN6UafuymMFT/topics/1Lb0PkKiTEM2wQOIMDtv/quizzes/VFt5wT4m1CJIifuxcPWC","ATI PN Fundamentals of Nursing Proctored Exam Practice Questions | NursingMocks","Practice with 46 questions from ATI PN Fundamentals of Nursing Proctored Exam Practice Questions.","https://www.nursingmocks.com/ati-pn-fundamentals-of-nursing-proctored-exam-practice-questions","https://www.nursingmocks.com/ati-pn-fundamentals-of-nursing-proctored-exam-practice-questions","false","true","runtime-generated","0",""
"EKxo7wPbADvvh85Rsqyz","quiz","pn-fundamentals-proctored-exam-practice-questions","pn-fundamentals-proctored-exam-practice-questions","pillarPages/nursing-test-bank/subPages/z0xzINtS3EohZNaKosBz/nestedSubPages/3K3wv7IGcDcXvSNM9Kxm/topics/XKenRdlHMVfdY4Dl99G2/quizzes/OKsL4ido5KXv17aAeHvQ","PN Fundamentals Proctored Exam Practice Questions | NursingMocks","Practice with 53 questions from PN Fundamentals Proctored Exam Practice Questions.","https://www.nursingmocks.com/pn-fundamentals-proctored-exam-practice-questions","https://www.nursingmocks.com/pn-fundamentals-proctored-exam-practice-questions","false","true","runtime-generated","0",""
"EOoEwciCqQtkxMiwsCkz","quiz","hesi-rn-foundation-of-nursing-proctored-exam-practice-questions-set-2","hesi-rn-foundation-of-nursing-proctored-exam-practice-questions-set-2","pillarPages/nursing-test-bank/subPages/SuT1noZoNGEjKGR1vTbi/nestedSubPages/iT55qp9NAFOvZLBAiQzC/topics/70YsvvAfpEoWkJ2zO8Vy/quizzes/X1eaDnp3sJTf7o7Sb1sI","HESI RN Foundation of Nursing Proctored Exam Practice Questions - Set 2 | NursingMocks","Practice with 54 questions from HESI RN Foundation of Nursing Proctored Exam Practice Questions - Set 2.","https://www.nursingmocks.com/hesi-rn-foundation-of-nursing-proctored-exam-practice-questions-set-2","https://www.nursingmocks.com/hesi-rn-foundation-of-nursing-proctored-exam-practice-questions-set-2","false","true","runtime-generated","0",""
"ETeanPNoU86NmkMo9Hlo","kb","ati-teas","ati-teas","knowledgeBase/ItrvamPHl4v0qYDMW8rW","ATI TEAS Exam Overview","ATI TEAS is a nursing entrance exam used for nursing school admission. Learn the exam structure, sections, scoring approach, and how to prepare before starting practice tests.","https://www.nursingmocks.com/ati-teas","https://www.nursingmocks.com/ati-teas","true","true","","0",""
"EWpBvpoSKv8Vv3Obmlay","quiz","fundamentals-of-nursing-proctored-exam-university-of-texas-practice-questions","fundamentals-of-nursing-proctored-exam-university-of-texas-practice-questions","pillarPages/nursing-test-bank/subPages/SuT1noZoNGEjKGR1vTbi/nestedSubPages/zMFBI0XMiRsJnnXWhL5S/topics/sBc3Ee7TKg33PIbmj4Hb/quizzes/rhsSySAKjBSutzqgzRaG","Fundamentals of Nursing Proctored Exam (University of Texas) Practice Questions | NursingMocks","Practice with 51 questions from Fundamentals of Nursing Proctored Exam (University of Texas) Practice Questions.","https://www.nursingmocks.com/fundamentals-of-nursing-proctored-exam-university-of-texas-practice-questions","https://www.nursingmocks.com/fundamentals-of-nursing-proctored-exam-university-of-texas-practice-questions","false","true","runtime-generated","0",""
"EaqpMEHKdxClWSGF8O3b","quiz","hesi-rn-pediatrics-proctored-exam-practice-questions","hesi-rn-pediatrics-proctored-exam-practice-questions","pillarPages/nursing-test-bank/subPages/SuT1noZoNGEjKGR1vTbi/nestedSubPages/iT55qp9NAFOvZLBAiQzC/topics/uXtCZ4Y6aeLjwMLtC1sD/quizzes/yGsP77irr4N9kMS9DAxq","HESI RN Pediatrics Proctored Exam Practice Questions | NursingMocks","Practice with 52 questions from HESI RN Pediatrics Proctored Exam Practice Questions.","https://www.nursingmocks.com/hesi-rn-pediatrics-proctored-exam-practice-questions","https://www.nursingmocks.com/hesi-rn-pediatrics-proctored-exam-practice-questions","false","true","runtime-generated","0",""
"Efoqn2ZY8sCK6u7jCw0x","quiz","ati-pn-leadership-proctored-exam-practice-questions-set-1","ati-pn-leadership-proctored-exam-practice-questions-set-1","pillarPages/nursing-test-bank/subPages/z0xzINtS3EohZNaKosBz/nestedSubPages/lyrHg4RBzN6UafuymMFT/topics/i0Rf69MPdXLbYTSRdCOW/quizzes/u8GRZBURJHORiY5xkOWB","ATI PN Leadership Proctored Exam Practice Questions - Set 1 | NursingMocks","Practice with 32 questions from ATI PN Leadership Proctored Exam Practice Questions - Set 1.","https://www.nursingmocks.com/ati-pn-leadership-proctored-exam-practice-questions-set-1","https://www.nursingmocks.com/ati-pn-leadership-proctored-exam-practice-questions-set-1","false","true","runtime-generated","0",""
"Ehr91U2JfhDzRsGLW5mf","quiz","hesi-rn-exit-3-proctored-exam","hesi-rn-exit-3-proctored-exam","pillarPages/nursing-exit-exam/subPages/S4vSoa5bxDgZ1L5kLOJe/nestedSubPages/MVHmi7FJbSDlPPz28jh5/quizzes/60rC5j9a7U8D2lBXeoVT","HESI RN Exit 3 Proctored Exam | NursingMocks","HESI RN Exit 3 Proctored Exam practice questions and answers for Nursing Exit Exam review.","https://www.nursingmocks.com/hesi-rn-exit-3-proctored-exam","https://www.nursingmocks.com/hesi-rn-exit-3-proctored-exam","false","true","runtime-generated","0",""
"ElRgFY2YxB8ixnhsfcun","quiz","teas-reading-practice-test-set-6","teas-reading-practice-test-set-6","pillarPages/nursing-entrance-exam/subPages/yrdSf0KpOcuybL1SLnw7/nestedSubPages/2JIZgWhm9jUkoNFmkY7R/quizzes/8xmVvFmwDEEo4qyUN4PB","ATI TEAS Reading Practice Test Set 6 Questions and Answers","Build confidence with ATI TEAS Reading Set 6 questions and answers covering Key Ideas and Details, Craft and Structure, and Integration of Knowledge and Ideas, with focus on main ideas, supporting details, and passage evidence.","https://www.nursingmocks.com/teas-reading-practice-test-set-6","https://www.nursingmocks.com/teas-reading-practice-test-set-6","true","true","","0",""
"EnbjHZyAE903vg6pp2y7","quiz","hesi-rn-pediatric-and-women-health-proctored-exam-practice-questions","hesi-rn-pediatric-and-women-health-proctored-exam-practice-questions","pillarPages/nursing-test-bank/subPages/SuT1noZoNGEjKGR1vTbi/nestedSubPages/iT55qp9NAFOvZLBAiQzC/topics/uXtCZ4Y6aeLjwMLtC1sD/quizzes/s4Zo3OYJORFwlHrABnEy","HESI RN Pediatric and Women Health Proctored Exam Practice Questions | NursingMocks","Practice with 59 questions from HESI RN Pediatric and Women Health Proctored Exam Practice Questions.","https://www.nursingmocks.com/hesi-rn-pediatric-and-women-health-proctored-exam-practice-questions","https://www.nursingmocks.com/hesi-rn-pediatric-and-women-health-proctored-exam-practice-questions","false","true","runtime-generated","0",""
"EppxEnTmIrw1fJVLredT","quiz","teas-reading-practice-test-set-2","teas-reading-practice-test-set-2","pillarPages/nursing-entrance-exam/subPages/yrdSf0KpOcuybL1SLnw7/nestedSubPages/2JIZgWhm9jUkoNFmkY7R/quizzes/15BJZ9M7ZzW0shv3jcPl","ATI TEAS Reading Practice Test Set 2 Questions and Answers","Use ATI TEAS Reading Set 2 questions and answers covering Key Ideas and Details, Craft and Structure, and Integration of Knowledge and Ideas, with focus on vocabulary in context, passage organization, and interpreting claims.","https://www.nursingmocks.com/teas-reading-practice-test-set-2","https://www.nursingmocks.com/teas-reading-practice-test-set-2","true","true","","0",""
"Eq2odnUCrtpTjv1m7lHI","quiz","ati-pn-monroe-college-ny-pn-23ns-sp-126-proctored-exam-3-practice-questions","ati-pn-monroe-college-ny-pn-23ns-sp-126-proctored-exam-3-practice-questions","pillarPages/nursing-test-bank/subPages/z0xzINtS3EohZNaKosBz/nestedSubPages/lyrHg4RBzN6UafuymMFT/topics/ZwY2vYN2X4tXEKOv2x6h/quizzes/LXRpVVptYc2wunHteKva","ATI PN Monroe College NY PN 23NS SP 126 Proctored Exam 3 Practice Questions | NursingMocks","Practice with 25 questions from ATI PN Monroe College NY PN 23NS SP 126 Proctored Exam 3 Practice Questions.","https://www.nursingmocks.com/ati-pn-monroe-college-ny-pn-23ns-sp-126-proctored-exam-3-practice-questions","https://www.nursingmocks.com/ati-pn-monroe-college-ny-pn-23ns-sp-126-proctored-exam-3-practice-questions","false","true","runtime-generated","0",""
"Es7TMiASSu7Z5MbOpDQK","quiz","nurs-4500-examplify-thomas-edison-state-university-proctored-exam-practice-questions","nurs-4500-examplify-thomas-edison-state-university-proctored-exam-practice-questions","pillarPages/nursing-test-bank/subPages/SuT1noZoNGEjKGR1vTbi/nestedSubPages/zMFBI0XMiRsJnnXWhL5S/topics/sWcrKSZa84sgLyaVr5Sm/quizzes/1H5XmuoAQQYMH76YRHPU","NURS 4500 Examplify Thomas Edison State University Proctored Exam Practice Questions | NursingMocks","Practice with 68 questions from NURS 4500 Examplify Thomas Edison State University Proctored Exam Practice Questions.","https://www.nursingmocks.com/nurs-4500-examplify-thomas-edison-state-university-proctored-exam-practice-questions","https://www.nursingmocks.com/nurs-4500-examplify-thomas-edison-state-university-proctored-exam-practice-questions","false","true","runtime-generated","0",""
"EsZ0csKa5ppBFfzBVuTP","quiz","hesi-a2-chemistry-practice-test-set-4","hesi-a2-chemistry-practice-test-set-4","pillarPages/nursing-entrance-exam/subPages/rdYGUZ9DzFvAmo6EsrVe/nestedSubPages/lOJHdJ4lr3plcJkz2yfp/quizzes/hesi-a2-chemistry-practice-test-set-4","HESI A2 Chemistry Practice Test Set 4","Practice HESI A2 Actual Exam Set 4 - Chemistry questions for HESI A2 preparation.","https://www.nursingmocks.com/hesi-a2-chemistry-practice-test-set-4","https://www.nursingmocks.com/hesi-a2-chemistry-practice-test-set-4","false","true","runtime-generated","0",""
"EuK9AetPQf8VUcRshyII","quiz","fundamentals-quiz-proctored-exam-ichs-practice-questions","fundamentals-quiz-proctored-exam-ichs-practice-questions","pillarPages/nursing-test-bank/subPages/SuT1noZoNGEjKGR1vTbi/nestedSubPages/zMFBI0XMiRsJnnXWhL5S/topics/sBc3Ee7TKg33PIbmj4Hb/quizzes/U2L5E3E4n02DF1JPylBE","Fundamentals Quiz Proctored Exam (Ichs) Practice Questions | NursingMocks","Practice with 25 questions from Fundamentals Quiz Proctored Exam (Ichs) Practice Questions.","https://www.nursingmocks.com/fundamentals-quiz-proctored-exam-ichs-practice-questions","https://www.nursingmocks.com/fundamentals-quiz-proctored-exam-ichs-practice-questions","false","true","runtime-generated","0",""
"F2XWtVjG6TbZAuKEiOX0","quiz","med-surg-proctored-exam-montgomery-college-practice-questions-set-58","med-surg-proctored-exam-montgomery-college-practice-questions-set-58","pillarPages/nursing-test-bank/subPages/SuT1noZoNGEjKGR1vTbi/nestedSubPages/zMFBI0XMiRsJnnXWhL5S/topics/4xNDZPMszSkpgRfEsOck/quizzes/ATqbB6626W4L0bvp4zed","Med Surg Proctored Exam Montgomery College Practice Questions | NursingMocks","Practice with 45 questions from Med Surg Proctored Exam Montgomery College Practice Questions.","https://www.nursingmocks.com/med-surg-proctored-exam-montgomery-college-practice-questions-set-58","https://www.nursingmocks.com/med-surg-proctored-exam-montgomery-college-practice-questions-set-58","false","true","runtime-generated","0",""
"F6hpngqoddYgP30pklx3","quiz","hesi-pn-exit-2023-proctored-exam","hesi-pn-exit-2023-proctored-exam","pillarPages/nursing-exit-exam/subPages/nkXaaMfkkbvjmrSRwtVq/nestedSubPages/BH31o1XVf6CrhNvQvfOO/quizzes/g5dEyFi8r6Q8RdNlklGT","HESI PN Exit 2023 Proctored Exam | NursingMocks","HESI PN Exit 2023 Proctored Exam practice questions and answers for Nursing Exit Exam review.","https://www.nursingmocks.com/hesi-pn-exit-2023-proctored-exam","https://www.nursingmocks.com/hesi-pn-exit-2023-proctored-exam","false","true","runtime-generated","0",""
"FA720Ekr1Mr1onoIyBRQ","quiz","ati-pn-ns122-pediatrics-monroe-college-ny-pn-proctored-exam-practice-questions","ati-pn-ns122-pediatrics-monroe-college-ny-pn-proctored-exam-practice-questions","pillarPages/nursing-test-bank/subPages/z0xzINtS3EohZNaKosBz/nestedSubPages/lyrHg4RBzN6UafuymMFT/topics/Y0MhOdG0hGVh8AUsgVrz/quizzes/i8ciR10yF37bLxkFAL0q","ATI PN NS122 Pediatrics Monroe College NY PN Proctored Exam Practice Questions | NursingMocks","Practice with 45 questions from ATI PN NS122 Pediatrics Monroe College NY PN Proctored Exam Practice Questions.","https://www.nursingmocks.com/ati-pn-ns122-pediatrics-monroe-college-ny-pn-proctored-exam-practice-questions","https://www.nursingmocks.com/ati-pn-ns122-pediatrics-monroe-college-ny-pn-proctored-exam-practice-questions","false","true","runtime-generated","0",""
"FBeMmb1WpvBq1TViLJ2t","sub","rn-exit-exams","rn-exit-exams","pillarPages/nursing-exit-exam/subPages/S4vSoa5bxDgZ1L5kLOJe","RN Exam | Nursing Exit Exam","Content for RN Exam under Nursing Exit Exam.","https://www.nursingmocks.com/rn-exit-exams","https://www.nursingmocks.com/rn-exit-exams","true","true","","0",""
"FI8bndG8iXcWzZ0N76Oi","quiz","med-surg-proctored-exam-broward-college-practice-questions","med-surg-proctored-exam-broward-college-practice-questions","pillarPages/nursing-test-bank/subPages/SuT1noZoNGEjKGR1vTbi/nestedSubPages/zMFBI0XMiRsJnnXWhL5S/topics/4xNDZPMszSkpgRfEsOck/quizzes/pRBrxJgu969oO9A6Wttm","Med Surg Proctored Exam (Broward College) Practice Questions | NursingMocks","Practice with 45 questions from Med Surg Proctored Exam (Broward College) Practice Questions.","https://www.nursingmocks.com/med-surg-proctored-exam-broward-college-practice-questions","https://www.nursingmocks.com/med-surg-proctored-exam-broward-college-practice-questions","false","true","runtime-generated","0",""
"FLqZHYWJ2qSVJCp4iQtY","quiz","rn-comprehensive-predictor-2023-proctored-exam-st-joseph","rn-comprehensive-predictor-2023-proctored-exam-st-joseph","pillarPages/nursing-exit-exam/subPages/S4vSoa5bxDgZ1L5kLOJe/nestedSubPages/QsMAv9L9bzYoFjgdfKgH/quizzes/yClJPYFC3IGZqbTdB3ub","1-Rn Comprehensive Predictor 2023 Proctored Exam - St. Joseph | NursingMocks","Practice nursing exit exam questions and answers for 1-Rn Comprehensive Predictor 2023 Proctored Exam - St. Joseph.","https://www.nursingmocks.com/rn-comprehensive-predictor-2023-proctored-exam-st-joseph","https://www.nursingmocks.com/rn-comprehensive-predictor-2023-proctored-exam-st-joseph","false","true","runtime-generated","0",""
"FQBUUCJrkkFRT5Tui8QL","quiz","teas-english-practice-test-set-2","teas-english-practice-test-set-2","pillarPages/nursing-entrance-exam/subPages/yrdSf0KpOcuybL1SLnw7/nestedSubPages/ykWIONcheFBJ7ooEl7WK/quizzes/7rIYkvuZpCUq0uBF6lSX","ATI TEAS English Practice Test Set 2 Questions and Answers","Review ATI TEAS English and Language Usage Set 2 questions and answers covering Conventions of Standard English, Knowledge of Language, and Using Language and Vocabulary to Express Ideas in Writing, with focus on punctuation, agreement, transitions, and effective expression.","https://www.nursingmocks.com/teas-english-practice-test-set-2","https://www.nursingmocks.com/teas-english-practice-test-set-2","true","true","","0",""
"FSy8PErcymrfga6ICwh6","quiz","ati-pn-fundamentals-proctored-exam-practice-questions-set-9","ati-pn-fundamentals-proctored-exam-practice-questions-set-9","pillarPages/nursing-test-bank/subPages/z0xzINtS3EohZNaKosBz/nestedSubPages/lyrHg4RBzN6UafuymMFT/topics/1Lb0PkKiTEM2wQOIMDtv/quizzes/Sm4h5j6AulICJ2bJ3Nfg","ATI PN Fundamentals Proctored Exam Practice Questions - Set 9 | NursingMocks","Practice with 40 questions from ATI PN Fundamentals Proctored Exam Practice Questions - Set 9.","https://www.nursingmocks.com/ati-pn-fundamentals-proctored-exam-practice-questions-set-9","https://www.nursingmocks.com/ati-pn-fundamentals-proctored-exam-practice-questions-set-9","false","true","runtime-generated","0",""
"FVqnp80TfFrMom1MLwbQ","quiz","ati-pn-fundamentals-proctored-exam-practice-questions-set-12","ati-pn-fundamentals-proctored-exam-practice-questions-set-12","pillarPages/nursing-test-bank/subPages/z0xzINtS3EohZNaKosBz/nestedSubPages/lyrHg4RBzN6UafuymMFT/topics/1Lb0PkKiTEM2wQOIMDtv/quizzes/XCQ7ZCd8IEL8KiBKCe32","ATI PN Fundamentals Proctored Exam Practice Questions - Set 12 | NursingMocks","Practice with 45 questions from ATI PN Fundamentals Proctored Exam Practice Questions - Set 12.","https://www.nursingmocks.com/ati-pn-fundamentals-proctored-exam-practice-questions-set-12","https://www.nursingmocks.com/ati-pn-fundamentals-proctored-exam-practice-questions-set-12","false","true","runtime-generated","0",""
"FWzcRWoRT2ILLeyfVQjp","quiz","nur3380-applying-the-nursing-process-to-alterations-in-health-exam-1-practice-questions","nur3380-applying-the-nursing-process-to-alterations-in-health-exam-1-practice-questions","pillarPages/nursing-test-bank/subPages/SuT1noZoNGEjKGR1vTbi/nestedSubPages/zMFBI0XMiRsJnnXWhL5S/topics/4xNDZPMszSkpgRfEsOck/quizzes/3u3P05qoktaouu85tPUu","Nur3380 Applying the Nursing Process to Alterations in Health Exam 1 Practice Questions | NursingMocks","Practice with 75 questions from Nur3380 Applying the Nursing Process to Alterations in Health Exam 1 Practice Questions.","https://www.nursingmocks.com/nur3380-applying-the-nursing-process-to-alterations-in-health-exam-1-practice-questions","https://www.nursingmocks.com/nur3380-applying-the-nursing-process-to-alterations-in-health-exam-1-practice-questions","false","true","runtime-generated","0",""
"FXS2PTIoVve8LLPmOjEx","quiz","teas-math-practice-test-set-11","teas-math-practice-test-set-11","pillarPages/nursing-entrance-exam/subPages/yrdSf0KpOcuybL1SLnw7/nestedSubPages/e9EcRCWTbyKVpyLXUKzd/quizzes/wm20wssdsah839RR1SLn","ATI TEAS Math Practice Test Set 11 Questions and Answers","Use ATI TEAS Mathematics Set 11 questions and answers covering Numbers and Algebra and Measurement and Data, with focus on decimal operations, word problems, and interpreting tables or graphs.","https://www.nursingmocks.com/teas-math-practice-test-set-11","https://www.nursingmocks.com/teas-math-practice-test-set-11","true","true","","0",""
"FYgQPmxjcrVoGnelWToZ","quiz","ati-pn-adult-medical-surgical-2020-with-ngn-proctored-exam-3-practice-questions","ati-pn-adult-medical-surgical-2020-with-ngn-proctored-exam-3-practice-questions","pillarPages/nursing-test-bank/subPages/z0xzINtS3EohZNaKosBz/nestedSubPages/lyrHg4RBzN6UafuymMFT/topics/NywbGW22YNeZSM3kuwKk/quizzes/4JlbZin863XAZQXq3kbl","ATI PN Adult Medical Surgical 2020 with NGN Proctored Exam 3 Practice Questions | NursingMocks","Practice with 93 questions from ATI PN Adult Medical Surgical 2020 with NGN Proctored Exam 3 Practice Questions.","https://www.nursingmocks.com/ati-pn-adult-medical-surgical-2020-with-ngn-proctored-exam-3-practice-questions","https://www.nursingmocks.com/ati-pn-adult-medical-surgical-2020-with-ngn-proctored-exam-3-practice-questions","false","true","runtime-generated","0",""
"FjiEHYbHFQEUc40AngqZ","quiz","ivytech-community-college-obstetrics-and-pediatrics-proctored-exam-practice-questions","ivytech-community-college-obstetrics-and-pediatrics-proctored-exam-practice-questions","pillarPages/nursing-test-bank/subPages/SuT1noZoNGEjKGR1vTbi/nestedSubPages/zMFBI0XMiRsJnnXWhL5S/topics/Hwspg6smTqrELsoRSNmc/quizzes/brVt9AMvFGCbruCMYR5b","Ivytech Community College Obstetrics and Pediatrics Proctored Exam Practice Questions | NursingMocks","Practice with 37 questions from Ivytech Community College Obstetrics and Pediatrics Proctored Exam Practice Questions.","https://www.nursingmocks.com/ivytech-community-college-obstetrics-and-pediatrics-proctored-exam-practice-questions","https://www.nursingmocks.com/ivytech-community-college-obstetrics-and-pediatrics-proctored-exam-practice-questions","false","true","runtime-generated","0",""
"FlCKHwDv8ehKgS9k04vS","quiz","hesi-rn-med-surg-hematological-system-proctored-exam-practice-questions","hesi-rn-med-surg-hematological-system-proctored-exam-practice-questions","pillarPages/nursing-test-bank/subPages/SuT1noZoNGEjKGR1vTbi/nestedSubPages/iT55qp9NAFOvZLBAiQzC/topics/aS23yuUD7OS39aVVutYn/quizzes/pIPw4U2UewaFkWcJngl0","HESI RN Med Surg Hematological System Proctored Exam Practice Questions | NursingMocks","Practice with 54 questions from HESI RN Med Surg Hematological System Proctored Exam Practice Questions.","https://www.nursingmocks.com/hesi-rn-med-surg-hematological-system-proctored-exam-practice-questions","https://www.nursingmocks.com/hesi-rn-med-surg-hematological-system-proctored-exam-practice-questions","false","true","runtime-generated","0",""
"Fpfz516EKm6f1rQmfuVF","topic","hesi-rn-biology-practice-questions","hesi-rn-biology-practice-questions","pillarPages/nursing-test-bank/subPages/SuT1noZoNGEjKGR1vTbi/nestedSubPages/iT55qp9NAFOvZLBAiQzC/topics/hQ9i2jdugpRUC2Nk733R","HESI RN Biology Questions | NursingMocks","Review HESI RN Biology questions for core science concepts, cells, body systems, and nursing entrance or support science review.","https://www.nursingmocks.com/hesi-rn-biology-practice-questions","https://www.nursingmocks.com/hesi-rn-biology-practice-questions","true","true","","0",""
"FvRuqFWmEp5tT7k0AQFW","quiz","care-hope-college-rn-hesi-rn-maternity-proctored-exam-practice-questions","care-hope-college-rn-hesi-rn-maternity-proctored-exam-practice-questions","pillarPages/nursing-test-bank/subPages/SuT1noZoNGEjKGR1vTbi/nestedSubPages/iT55qp9NAFOvZLBAiQzC/topics/ULDy5qJrNGEhyYIuXZvp/quizzes/XpnHDdWeOIlVpr35ojRH","Care Hope College RN HESI RN Maternity Proctored Exam Practice Questions | NursingMocks","Practice with 55 questions from Care Hope College RN HESI RN Maternity Proctored Exam Practice Questions.","https://www.nursingmocks.com/care-hope-college-rn-hesi-rn-maternity-proctored-exam-practice-questions","https://www.nursingmocks.com/care-hope-college-rn-hesi-rn-maternity-proctored-exam-practice-questions","false","true","runtime-generated","0",""
"FziONrTdZo8Qeq6yFogx","quiz","kaplan-admission-practice-test-writing-quiz-1","kaplan-admission-practice-test-writing-quiz-1","pillarPages/nursing-entrance-exam/subPages/jdJsAeBdy2mJO0kPibeV/nestedSubPages/Iz4T9Aq3e9r72hKG0kUG/quizzes/6EtQMYnu9wvDlC0Yo4I1","Kaplan Admission Practice Test Writing | NursingMocks","Content for Kaplan Admission Practice Test Writing under Kaplan Admission Practice Test Writing.","https://www.nursingmocks.com/kaplan-admission-practice-test-writing-quiz-1","https://www.nursingmocks.com/kaplan-admission-practice-test-writing-quiz-1","true","true","","0",""
"G6a7vNyrREppYwrfR30h","quiz","hesi-a2-math-practice-test-set-2","hesi-a2-math-practice-test-set-2","pillarPages/nursing-entrance-exam/subPages/rdYGUZ9DzFvAmo6EsrVe/nestedSubPages/WCMWPi3ol4wwpJaHF6DH/quizzes/hesi-a2-math-practice-test-set-2","HESI A2 Math Practice Test Set 2","Practice HESI A2 Actual Exam Set 2 - Mathematics questions for HESI A2 preparation.","https://www.nursingmocks.com/hesi-a2-math-practice-test-set-2","https://www.nursingmocks.com/hesi-a2-math-practice-test-set-2","false","true","runtime-generated","0",""
"GAnf9VksKpS2Nz0f5Fne","quiz","foundation-of-nursing-proctored-exam-examplify-copp-state-university-practice-questions","foundation-of-nursing-proctored-exam-examplify-copp-state-university-practice-questions","pillarPages/nursing-test-bank/subPages/SuT1noZoNGEjKGR1vTbi/nestedSubPages/zMFBI0XMiRsJnnXWhL5S/topics/sBc3Ee7TKg33PIbmj4Hb/quizzes/VVOpwqfBj3ZDJKdZV1Pu","Foundation of Nursing Proctored Exam (Examplify Copp State University) Practice Questions | NursingMocks","Practice with 70 questions from Foundation of Nursing Proctored Exam (Examplify Copp State University) Practice Questions.","https://www.nursingmocks.com/foundation-of-nursing-proctored-exam-examplify-copp-state-university-practice-questions","https://www.nursingmocks.com/foundation-of-nursing-proctored-exam-examplify-copp-state-university-practice-questions","false","true","runtime-generated","0",""
"GBH5ToRXhxmgR1iE2BfI","topic","ati-pn-nutrition-practice-questions","ati-pn-nutrition-practice-questions","pillarPages/nursing-test-bank/subPages/z0xzINtS3EohZNaKosBz/nestedSubPages/lyrHg4RBzN6UafuymMFT/topics/ilQ0n4O4zSgd6exoMQfi","ATI PN Nutrition Practice Questions | NursingMocks","Practice ATI PN Nutrition questions covering diet therapy, nutrients, client teaching, enteral support, and nursing care planning.","https://www.nursingmocks.com/ati-pn-nutrition-practice-questions","https://www.nursingmocks.com/ati-pn-nutrition-practice-questions","true","true","","0",""
"GC0IxR20QG9JPoPG58vL","topic","hesi-lpn-fundamentals-practice-questions","hesi-lpn-fundamentals-practice-questions","pillarPages/nursing-test-bank/subPages/z0xzINtS3EohZNaKosBz/nestedSubPages/ToLSmb6DG83NTZWXEJxt/topics/HQnTsUWAQtikNnY47O7a","HESI LPN Fundamentals Questions | NursingMocks","Practice HESI LPN Fundamentals questions for basic nursing care, safety, infection control, nursing process, skills, and client care review.","https://www.nursingmocks.com/hesi-lpn-fundamentals-practice-questions","https://www.nursingmocks.com/hesi-lpn-fundamentals-practice-questions","true","true","","0",""
"GDV43fEChhkX6vFhVIar","quiz","hesi-a2-vocabulary-practice-test-set-4","hesi-a2-vocabulary-practice-test-set-4","pillarPages/nursing-entrance-exam/subPages/rdYGUZ9DzFvAmo6EsrVe/nestedSubPages/i7Rzaozenx3Czccmf5HD/quizzes/hesi-a2-vocabulary-practice-test-set-4","HESI A2 Vocabulary Practice Test Set 4","Practice HESI A2 Actual Exam Set 4 - Vocabulary questions for HESI A2 preparation.","https://www.nursingmocks.com/hesi-a2-vocabulary-practice-test-set-4","https://www.nursingmocks.com/hesi-a2-vocabulary-practice-test-set-4","false","true","runtime-generated","0",""
"GJJnvmcHagvu07ZUUZTS","quiz","nur390-med-surg-390-proctored-exam-practice-questions","nur390-med-surg-390-proctored-exam-practice-questions","pillarPages/nursing-test-bank/subPages/SuT1noZoNGEjKGR1vTbi/nestedSubPages/zMFBI0XMiRsJnnXWhL5S/topics/4xNDZPMszSkpgRfEsOck/quizzes/rEOXVnTB1XC8xh0974yk","Nur390 Med Surg 390 Proctored Exam Practice Questions | NursingMocks","Practice with 32 questions from Nur390 Med Surg 390 Proctored Exam Practice Questions.","https://www.nursingmocks.com/nur390-med-surg-390-proctored-exam-practice-questions","https://www.nursingmocks.com/nur390-med-surg-390-proctored-exam-practice-questions","false","true","runtime-generated","0",""
"GJlk36AmswCZErK9u3Fm","topic","ati-fundamentals-proctored-exam-practice-questions","ati-fundamentals-proctored-exam-practice-questions","pillarPages/nursing-test-bank/subPages/SuT1noZoNGEjKGR1vTbi/nestedSubPages/Fnnd4c6ae0Uiurk2KUSc/topics/wNz3qfQfLYqN3tsf1DTk","ATI Fundamentals Proctored Questions | NursingMocks","Study ATI Fundamentals Proctored Exam questions with rationales on nursing basics, safety, infection control, mobility, and documentation.","https://www.nursingmocks.com/ati-fundamentals-proctored-exam-practice-questions","https://www.nursingmocks.com/ati-fundamentals-proctored-exam-practice-questions","true","true","","0",""
"GLnd4TXCLsMCAOk64nms","quiz","ati-pn-fundamentals-proctored-exam-mobility-practice-questions","ati-pn-fundamentals-proctored-exam-mobility-practice-questions","pillarPages/nursing-test-bank/subPages/z0xzINtS3EohZNaKosBz/nestedSubPages/lyrHg4RBzN6UafuymMFT/topics/1Lb0PkKiTEM2wQOIMDtv/quizzes/p2D1OzqUdT41JKmOtad2","ATI PN Fundamentals Proctored Exam(Mobility) Practice Questions | NursingMocks","Practice with 40 questions from ATI PN Fundamentals Proctored Exam(Mobility) Practice Questions.","https://www.nursingmocks.com/ati-pn-fundamentals-proctored-exam-mobility-practice-questions","https://www.nursingmocks.com/ati-pn-fundamentals-proctored-exam-mobility-practice-questions","false","true","runtime-generated","0",""
"GPrvNhF8IYDTd2Pug4f4","nested","hesi-a2-math-practice-test","hesi-a2-math-practice-test","pillarPages/nursing-entrance-exam/subPages/rdYGUZ9DzFvAmo6EsrVe/nestedSubPages/WCMWPi3ol4wwpJaHF6DH","Hesi A2 Math Practice Test | TeasGurus","Content for Hesi A2 Math Practice Test under Hesi A2.","https://www.nursingmocks.com/hesi-a2-math-practice-test","https://www.nursingmocks.com/hesi-a2-math-practice-test","true","true","","0",""
"GTGXJN3SrMStbgwt69EK","quiz","ati-pn-fundamentals-proctored-exam-practice-questions-set-23","ati-pn-fundamentals-proctored-exam-practice-questions-set-23","pillarPages/nursing-test-bank/subPages/z0xzINtS3EohZNaKosBz/nestedSubPages/lyrHg4RBzN6UafuymMFT/topics/1Lb0PkKiTEM2wQOIMDtv/quizzes/oh5GUsT6JWnYtB2lQieB","ATI PN Fundamentals Proctored Exam Practice Questions - Set 23 | NursingMocks","Practice with 49 questions from ATI PN Fundamentals Proctored Exam Practice Questions - Set 23.","https://www.nursingmocks.com/ati-pn-fundamentals-proctored-exam-practice-questions-set-23","https://www.nursingmocks.com/ati-pn-fundamentals-proctored-exam-practice-questions-set-23","false","true","runtime-generated","0",""
"GU78rWVMa3gGW7XOe9dl","quiz","pathophisiology-proctored-exam-practice-questions","pathophisiology-proctored-exam-practice-questions","pillarPages/nursing-test-bank/subPages/SuT1noZoNGEjKGR1vTbi/nestedSubPages/zMFBI0XMiRsJnnXWhL5S/topics/KyUeIK7zxUi2K91H84Bj/quizzes/erb1BNm74DzBIORwnNPe","Pathophisiology Proctored Exam Practice Questions | NursingMocks","Practice with 40 questions from Pathophisiology Proctored Exam Practice Questions.","https://www.nursingmocks.com/pathophisiology-proctored-exam-practice-questions","https://www.nursingmocks.com/pathophisiology-proctored-exam-practice-questions","false","true","runtime-generated","0",""
"GXcUQAvh1aOOlfLexjWT","quiz","med-surg-urinary-fluid-and-electrolytes-proctored-exam-practice-questions","med-surg-urinary-fluid-and-electrolytes-proctored-exam-practice-questions","pillarPages/nursing-test-bank/subPages/SuT1noZoNGEjKGR1vTbi/nestedSubPages/zMFBI0XMiRsJnnXWhL5S/topics/4xNDZPMszSkpgRfEsOck/quizzes/LKFAjcjPKi7cfgtIX6fH","Med Surg, Urinary, Fluid and Electrolytes Proctored Exam Practice Questions | NursingMocks","Practice with 40 questions from Med Surg, Urinary, Fluid and Electrolytes Proctored Exam Practice Questions.","https://www.nursingmocks.com/med-surg-urinary-fluid-and-electrolytes-proctored-exam-practice-questions","https://www.nursingmocks.com/med-surg-urinary-fluid-and-electrolytes-proctored-exam-practice-questions","false","true","runtime-generated","0",""
"GYpc8O7mdjVCfYfxp5Jx","quiz","nursing-care-of-women-maternity-regular-proctored-exam-practice-questions","nursing-care-of-women-maternity-regular-proctored-exam-practice-questions","pillarPages/nursing-test-bank/subPages/SuT1noZoNGEjKGR1vTbi/nestedSubPages/zMFBI0XMiRsJnnXWhL5S/topics/stnDIFRoA0VwLaoxbGv1/quizzes/Hh5GpCM2UzRuz2y1irUg","Nursing Care of Women, Maternity Regular Proctored Exam Practice Questions | NursingMocks","Practice with 38 questions from Nursing Care of Women, Maternity Regular Proctored Exam Practice Questions.","https://www.nursingmocks.com/nursing-care-of-women-maternity-regular-proctored-exam-practice-questions","https://www.nursingmocks.com/nursing-care-of-women-maternity-regular-proctored-exam-practice-questions","false","true","runtime-generated","0",""
"GhGElkEB0hmuQCYESpWL","quiz","hesi-rn-medical-surgical-proctored-exam-practice-questions-set-15","hesi-rn-medical-surgical-proctored-exam-practice-questions-set-15","pillarPages/nursing-test-bank/subPages/SuT1noZoNGEjKGR1vTbi/nestedSubPages/iT55qp9NAFOvZLBAiQzC/topics/aS23yuUD7OS39aVVutYn/quizzes/q8N98jdIKb3bG4hRJMZB","HESI RN Medical Surgical Proctored Exam Practice Questions - Set 15 | NursingMocks","Practice with 52 questions from HESI RN Medical Surgical Proctored Exam Practice Questions - Set 15.","https://www.nursingmocks.com/hesi-rn-medical-surgical-proctored-exam-practice-questions-set-15","https://www.nursingmocks.com/hesi-rn-medical-surgical-proctored-exam-practice-questions-set-15","false","true","runtime-generated","0",""
"GuD9SaikJ0HoJtrTMgLH","quiz","ati-pn-nutrition-proctored-exam-practice-questions-set-3","ati-pn-nutrition-proctored-exam-practice-questions-set-3","pillarPages/nursing-test-bank/subPages/z0xzINtS3EohZNaKosBz/nestedSubPages/lyrHg4RBzN6UafuymMFT/topics/ilQ0n4O4zSgd6exoMQfi/quizzes/bCjURiN2y4X6jv6ANRuJ","ATI PN Nutrition Proctored Exam Practice Questions - Set 3 | NursingMocks","Practice with 37 questions from ATI PN Nutrition Proctored Exam Practice Questions - Set 3.","https://www.nursingmocks.com/ati-pn-nutrition-proctored-exam-practice-questions-set-3","https://www.nursingmocks.com/ati-pn-nutrition-proctored-exam-practice-questions-set-3","false","true","runtime-generated","0",""
"GvImP8XzWnZSlfSHbO0g","quiz","hesi-rn-maternity-proctored-exam-7n-practice-questions","hesi-rn-maternity-proctored-exam-7n-practice-questions","pillarPages/nursing-test-bank/subPages/SuT1noZoNGEjKGR1vTbi/nestedSubPages/iT55qp9NAFOvZLBAiQzC/topics/ULDy5qJrNGEhyYIuXZvp/quizzes/DjNkEod6ghwiBqH4gG6k","HESI RN Maternity Proctored Exam 7N Practice Questions | NursingMocks","Practice with 48 questions from HESI RN Maternity Proctored Exam 7N Practice Questions.","https://www.nursingmocks.com/hesi-rn-maternity-proctored-exam-7n-practice-questions","https://www.nursingmocks.com/hesi-rn-maternity-proctored-exam-7n-practice-questions","false","true","runtime-generated","0",""
"GyFMAGEajmtdnqXV2NOx","quiz","hesi-rn-cat-proctored-exam-practice-questions","hesi-rn-cat-proctored-exam-practice-questions","pillarPages/nursing-test-bank/subPages/SuT1noZoNGEjKGR1vTbi/nestedSubPages/iT55qp9NAFOvZLBAiQzC/topics/CMoNbGuvq6grfTjWoBDO/quizzes/PHAZwI4NzpaacH1ALO8k","HESI RN Cat Proctored Exam Practice Questions | NursingMocks","Practice with 79 questions from HESI RN Cat Proctored Exam Practice Questions.","https://www.nursingmocks.com/hesi-rn-cat-proctored-exam-practice-questions","https://www.nursingmocks.com/hesi-rn-cat-proctored-exam-practice-questions","false","true","runtime-generated","0",""
"GyM7OhjHMDwYuuO3q32S","quiz","samuel-merrit-university-oaklands-hesi-rn-maternity-labor-and-delivery-proctored-exam-practice-questions","samuel-merrit-university-oaklands-hesi-rn-maternity-labor-and-delivery-proctored-exam-practice-questions","pillarPages/nursing-test-bank/subPages/SuT1noZoNGEjKGR1vTbi/nestedSubPages/iT55qp9NAFOvZLBAiQzC/topics/ULDy5qJrNGEhyYIuXZvp/quizzes/XV6W7KKmWvctobe9Vf9C","Samuel Merrit University Oaklands HESI RN Maternity (Labor and Delivery) Proctored Exam Practice Questions | NursingMocks","Practice with 44 questions from Samuel Merrit University Oaklands HESI RN Maternity (Labor and Delivery) Proctored Exam Practice Questions.","https://www.nursingmocks.com/samuel-merrit-university-oaklands-hesi-rn-maternity-labor-and-delivery-proctored-exam-practice-questions","https://www.nursingmocks.com/samuel-merrit-university-oaklands-hesi-rn-maternity-labor-and-delivery-proctored-exam-practice-questions","false","true","runtime-generated","0",""
"Gzly9BmORonLNhHh6t7B","quiz","ati-pn-medsurg-resp-test-proctored-exam-practice-questions","ati-pn-medsurg-resp-test-proctored-exam-practice-questions","pillarPages/nursing-test-bank/subPages/z0xzINtS3EohZNaKosBz/nestedSubPages/lyrHg4RBzN6UafuymMFT/topics/NywbGW22YNeZSM3kuwKk/quizzes/lg6xloPqzNxMV7WL3UVF","ATI PN Medsurg Resp Test Proctored Exam Practice Questions | NursingMocks","Practice with 41 questions from ATI PN Medsurg Resp Test Proctored Exam Practice Questions.","https://www.nursingmocks.com/ati-pn-medsurg-resp-test-proctored-exam-practice-questions","https://www.nursingmocks.com/ati-pn-medsurg-resp-test-proctored-exam-practice-questions","false","true","runtime-generated","0",""
"H3FrtGsxyGp0DpQf1skb","nested","hesi-a2-chemistry-practice-test","hesi-a2-chemistry-practice-test","pillarPages/nursing-entrance-exam/subPages/rdYGUZ9DzFvAmo6EsrVe/nestedSubPages/lOJHdJ4lr3plcJkz2yfp","Hesi A2 Chemistry Practice Test | TeasGurus","Content for Hesi A2 Chemistry Practice Test under Hesi A2.","https://www.nursingmocks.com/hesi-a2-chemistry-practice-test","https://www.nursingmocks.com/hesi-a2-chemistry-practice-test","true","true","","0",""
"H3bDkeQn8CjeDHPR7zG7","quiz","peds-proctored-exam-week-3-exam-practice-questions","peds-proctored-exam-week-3-exam-practice-questions","pillarPages/nursing-test-bank/subPages/SuT1noZoNGEjKGR1vTbi/nestedSubPages/zMFBI0XMiRsJnnXWhL5S/topics/Hwspg6smTqrELsoRSNmc/quizzes/pZK8StNc4oCW6ESbMUqb","Peds Proctored Exam (Week 3 Exam) Practice Questions | NursingMocks","Practice with 49 questions from Peds Proctored Exam (Week 3 Exam) Practice Questions.","https://www.nursingmocks.com/peds-proctored-exam-week-3-exam-practice-questions","https://www.nursingmocks.com/peds-proctored-exam-week-3-exam-practice-questions","false","true","runtime-generated","0",""
"H61Bt6d3FDQCwBqLHqQb","nested","ati-rn-exams","ati-rn-exams","pillarPages/nursing-test-bank/subPages/SuT1noZoNGEjKGR1vTbi/nestedSubPages/Fnnd4c6ae0Uiurk2KUSc","ATI RN Exams | NursingMocks","Content for ATI RN Exams under RN Exams.","https://www.nursingmocks.com/ati-rn-exams","https://www.nursingmocks.com/ati-rn-exams","true","true","","0",""
"HASMRM56Snyb6EpjsXTi","quiz","n3661-med-surg-proctored-exam-care-of-adults-uta-university-practice-questions","n3661-med-surg-proctored-exam-care-of-adults-uta-university-practice-questions","pillarPages/nursing-test-bank/subPages/SuT1noZoNGEjKGR1vTbi/nestedSubPages/zMFBI0XMiRsJnnXWhL5S/topics/4xNDZPMszSkpgRfEsOck/quizzes/FfQKKAwaswizFp6NIBg6","N3661 Med Surg Proctored Exam (Care of Adults) Uta University Practice Questions | NursingMocks","Practice with 60 questions from N3661 Med Surg Proctored Exam (Care of Adults) Uta University Practice Questions.","https://www.nursingmocks.com/n3661-med-surg-proctored-exam-care-of-adults-uta-university-practice-questions","https://www.nursingmocks.com/n3661-med-surg-proctored-exam-care-of-adults-uta-university-practice-questions","false","true","runtime-generated","0",""
"HBGpWUltmAfbLNsKk4O5","quiz","pathophysiology-proctored-exam-practice-questions-set-1","pathophysiology-proctored-exam-practice-questions-set-1","pillarPages/nursing-test-bank/subPages/SuT1noZoNGEjKGR1vTbi/nestedSubPages/zMFBI0XMiRsJnnXWhL5S/topics/KyUeIK7zxUi2K91H84Bj/quizzes/zyFDr6cqupKNbh5pXjRM","Pathophysiology Proctored Exam Practice Questions - Set 1 | NursingMocks","Practice with 60 questions from Pathophysiology Proctored Exam Practice Questions - Set 1.","https://www.nursingmocks.com/pathophysiology-proctored-exam-practice-questions-set-1","https://www.nursingmocks.com/pathophysiology-proctored-exam-practice-questions-set-1","false","true","runtime-generated","0",""
"HBmz40Ssn7yOmDgHFRsg","quiz","ob-maternal-newborn-exam-east-los-ngeles-college-proctored-exam-practice-questions","ob-maternal-newborn-exam-east-los-ngeles-college-proctored-exam-practice-questions","pillarPages/nursing-test-bank/subPages/SuT1noZoNGEjKGR1vTbi/nestedSubPages/zMFBI0XMiRsJnnXWhL5S/topics/stnDIFRoA0VwLaoxbGv1/quizzes/V0kpLfYY5zeI4YcdHOkm","OB Maternal Newborn Exam East Los Ángeles College Proctored Exam Practice Questions | NursingMocks","Practice with 56 questions from OB Maternal Newborn Exam East Los Ángeles College Proctored Exam Practice Questions.","https://www.nursingmocks.com/ob-maternal-newborn-exam-east-los-ngeles-college-proctored-exam-practice-questions","https://www.nursingmocks.com/ob-maternal-newborn-exam-east-los-ngeles-college-proctored-exam-practice-questions","false","true","runtime-generated","0",""
"HP7lRrOAEn3y3x6QxRzn","quiz","ati-comprehensive-predictor-2023-exit-proctored-exam-a-form-2","ati-comprehensive-predictor-2023-exit-proctored-exam-a-form-2","pillarPages/nursing-exit-exam/subPages/S4vSoa5bxDgZ1L5kLOJe/nestedSubPages/QsMAv9L9bzYoFjgdfKgH/quizzes/qlGZcedKkSagCWPKLsTZ","ATI Comprehensive Predictor 2023 Exit Proctored Exam A Form 2 | NursingMocks","ATI Comprehensive Predictor 2023 Exit Proctored Exam A Form 2 practice questions and answers for Nursing Exit Exam review.","https://www.nursingmocks.com/ati-comprehensive-predictor-2023-exit-proctored-exam-a-form-2","https://www.nursingmocks.com/ati-comprehensive-predictor-2023-exit-proctored-exam-a-form-2","false","true","runtime-generated","0",""
"HSDufBipOgNtbxsBfeVz","quiz","ati-pn-med-surg-respiratory-proctored-exam-practice-questions-set-19","ati-pn-med-surg-respiratory-proctored-exam-practice-questions-set-19","pillarPages/nursing-test-bank/subPages/z0xzINtS3EohZNaKosBz/nestedSubPages/lyrHg4RBzN6UafuymMFT/topics/NywbGW22YNeZSM3kuwKk/quizzes/8XHFE7onnG2jheIvCKe7","ATI PN Med Surg Respiratory Proctored Exam Practice Questions - Set 19 | NursingMocks","Practice with 40 questions from ATI PN Med Surg Respiratory Proctored Exam Practice Questions - Set 19.","https://www.nursingmocks.com/ati-pn-med-surg-respiratory-proctored-exam-practice-questions-set-19","https://www.nursingmocks.com/ati-pn-med-surg-respiratory-proctored-exam-practice-questions-set-19","false","true","runtime-generated","0",""
"HXN3QVCLkryozOnL3ERn","quiz","leadership-exam-mary-mount-university-proctored-exam-practice-questions","leadership-exam-mary-mount-university-proctored-exam-practice-questions","pillarPages/nursing-test-bank/subPages/SuT1noZoNGEjKGR1vTbi/nestedSubPages/zMFBI0XMiRsJnnXWhL5S/topics/sWcrKSZa84sgLyaVr5Sm/quizzes/FDKENgKIBnmzrzwE22Rw","Leadership Exam Mary Mount University Proctored Exam Practice Questions | NursingMocks","Practice with 58 questions from Leadership Exam Mary Mount University Proctored Exam Practice Questions.","https://www.nursingmocks.com/leadership-exam-mary-mount-university-proctored-exam-practice-questions","https://www.nursingmocks.com/leadership-exam-mary-mount-university-proctored-exam-practice-questions","false","true","runtime-generated","0",""
"HZCcCCsxKhtJMAdCVEag","quiz","ati-pn-adult-medical-surgical-2023-proctored-exam-practice-questions-set-63","ati-pn-adult-medical-surgical-2023-proctored-exam-practice-questions-set-63","pillarPages/nursing-test-bank/subPages/z0xzINtS3EohZNaKosBz/nestedSubPages/lyrHg4RBzN6UafuymMFT/topics/NywbGW22YNeZSM3kuwKk/quizzes/NIonK5tehhM21SSztUCD","ATI PN Adult Medical Surgical 2023 Proctored Exam Practice Questions - Set 63 | NursingMocks","Practice with 78 questions from ATI PN Adult Medical Surgical 2023 Proctored Exam Practice Questions - Set 63.","https://www.nursingmocks.com/ati-pn-adult-medical-surgical-2023-proctored-exam-practice-questions-set-63","https://www.nursingmocks.com/ati-pn-adult-medical-surgical-2023-proctored-exam-practice-questions-set-63","false","true","runtime-generated","0",""
"Hb4FSNAzuBDNIfqUd4XQ","quiz","hesi-rn-pediatrics-proctored-exam-2-practice-questions-set-9","hesi-rn-pediatrics-proctored-exam-2-practice-questions-set-9","pillarPages/nursing-test-bank/subPages/SuT1noZoNGEjKGR1vTbi/nestedSubPages/iT55qp9NAFOvZLBAiQzC/topics/uXtCZ4Y6aeLjwMLtC1sD/quizzes/PTYmm8TVoT2XIkzfURws","HESI RN Pediatrics Proctored Exam 2 Practice Questions - Set 9 | NursingMocks","Practice with 48 questions from HESI RN Pediatrics Proctored Exam 2 Practice Questions - Set 9.","https://www.nursingmocks.com/hesi-rn-pediatrics-proctored-exam-2-practice-questions-set-9","https://www.nursingmocks.com/hesi-rn-pediatrics-proctored-exam-2-practice-questions-set-9","false","true","runtime-generated","0",""
"Hfr9fAIjvudNFZI9BFj7","quiz","community-health-nursing-examplify-proctored-exam-practice-questions","community-health-nursing-examplify-proctored-exam-practice-questions","pillarPages/nursing-test-bank/subPages/SuT1noZoNGEjKGR1vTbi/nestedSubPages/zMFBI0XMiRsJnnXWhL5S/topics/pXf53xDTrL7aSDzdhniW/quizzes/ep7N0E1h7XGLMpOIIYZI","Community Health Nursing Examplify Proctored Exam Practice Questions | NursingMocks","Practice with 77 questions from Community Health Nursing Examplify Proctored Exam Practice Questions.","https://www.nursingmocks.com/community-health-nursing-examplify-proctored-exam-practice-questions","https://www.nursingmocks.com/community-health-nursing-examplify-proctored-exam-practice-questions","false","true","runtime-generated","0",""
"HiI1FA2O0G0QocCstugz","quiz","ati-pn-critical-thinking-proctored-exam-practice-questions-set-20","ati-pn-critical-thinking-proctored-exam-practice-questions-set-20","pillarPages/nursing-test-bank/subPages/z0xzINtS3EohZNaKosBz/nestedSubPages/lyrHg4RBzN6UafuymMFT/topics/1Lb0PkKiTEM2wQOIMDtv/quizzes/A29askX7kpjZw2xiiloN","ATI PN Critical Thinking Proctored Exam Practice Questions - Set 20 | NursingMocks","Practice with 42 questions from ATI PN Critical Thinking Proctored Exam Practice Questions - Set 20.","https://www.nursingmocks.com/ati-pn-critical-thinking-proctored-exam-practice-questions-set-20","https://www.nursingmocks.com/ati-pn-critical-thinking-proctored-exam-practice-questions-set-20","false","true","runtime-generated","0",""
"HjRXwip3oIoCs8EsVtxG","nested","ati-lpn-exams","ati-lpn-exams","pillarPages/nursing-test-bank/subPages/z0xzINtS3EohZNaKosBz/nestedSubPages/lyrHg4RBzN6UafuymMFT","ATI LPN EXAMS | NursingMocks","Content for ATI LPN EXAMS under LPN Exams.","https://www.nursingmocks.com/ati-lpn-exams","https://www.nursingmocks.com/ati-lpn-exams","true","true","","0",""
"HkVPUoc4yACAaQvU3toK","quiz","pathophysiology-proctored-exam-wgu-practice-questions","pathophysiology-proctored-exam-wgu-practice-questions","pillarPages/nursing-test-bank/subPages/SuT1noZoNGEjKGR1vTbi/nestedSubPages/zMFBI0XMiRsJnnXWhL5S/topics/KyUeIK7zxUi2K91H84Bj/quizzes/P67aOvmDV4XpnfhM7w6j","Pathophysiology Proctored Exam (WGU) Practice Questions | NursingMocks","Practice with 49 questions from Pathophysiology Proctored Exam (WGU) Practice Questions.","https://www.nursingmocks.com/pathophysiology-proctored-exam-wgu-practice-questions","https://www.nursingmocks.com/pathophysiology-proctored-exam-wgu-practice-questions","false","true","runtime-generated","0",""
"Hl0c8gCVNO3nGUW2hBgQ","quiz","anatomy-and-physiology-proctored-exam-practice-questions-set-5","anatomy-and-physiology-proctored-exam-practice-questions-set-5","pillarPages/nursing-test-bank/subPages/SuT1noZoNGEjKGR1vTbi/nestedSubPages/zMFBI0XMiRsJnnXWhL5S/topics/PavJlfHXwXRUhopKAOO9/quizzes/shHudszIJhQYLSh7McFo","Anatomy and Physiology Proctored Exam Practice Questions - Set 5 | NursingMocks","Practice with 43 questions from Anatomy and Physiology Proctored Exam Practice Questions - Set 5.","https://www.nursingmocks.com/anatomy-and-physiology-proctored-exam-practice-questions-set-5","https://www.nursingmocks.com/anatomy-and-physiology-proctored-exam-practice-questions-set-5","false","true","runtime-generated","0",""
"Hsk8It8HngI53kRpBsAH","quiz","ati-pn-fundamentals-proctored-exam-1-practice-questions-set-44","ati-pn-fundamentals-proctored-exam-1-practice-questions-set-44","pillarPages/nursing-test-bank/subPages/z0xzINtS3EohZNaKosBz/nestedSubPages/lyrHg4RBzN6UafuymMFT/topics/1Lb0PkKiTEM2wQOIMDtv/quizzes/9RcANbQcqCRyd1l38hNz","ATI PN Fundamentals Proctored Exam 1 Practice Questions - Set 44 | NursingMocks","Practice with 59 questions from ATI PN Fundamentals Proctored Exam 1 Practice Questions - Set 44.","https://www.nursingmocks.com/ati-pn-fundamentals-proctored-exam-1-practice-questions-set-44","https://www.nursingmocks.com/ati-pn-fundamentals-proctored-exam-1-practice-questions-set-44","false","true","runtime-generated","0",""
"HwVaU9MDifWzISDrGf8J","quiz","ati-pn-ns-122-maternity-proctored-exam-practice-questions","ati-pn-ns-122-maternity-proctored-exam-practice-questions","pillarPages/nursing-test-bank/subPages/z0xzINtS3EohZNaKosBz/nestedSubPages/lyrHg4RBzN6UafuymMFT/topics/ZwY2vYN2X4tXEKOv2x6h/quizzes/EC4wRGtRvMZiy9FwC40D","ATI PN Ns 122 Maternity Proctored Exam Practice Questions | NursingMocks","Practice with 61 questions from ATI PN Ns 122 Maternity Proctored Exam Practice Questions.","https://www.nursingmocks.com/ati-pn-ns-122-maternity-proctored-exam-practice-questions","https://www.nursingmocks.com/ati-pn-ns-122-maternity-proctored-exam-practice-questions","false","true","runtime-generated","0",""
"I0gxN0paaFFp37UawIEJ","quiz","ati-pn-pediatrics-proctored-exam-cohort-65-practice-questions","ati-pn-pediatrics-proctored-exam-cohort-65-practice-questions","pillarPages/nursing-test-bank/subPages/z0xzINtS3EohZNaKosBz/nestedSubPages/lyrHg4RBzN6UafuymMFT/topics/Y0MhOdG0hGVh8AUsgVrz/quizzes/MwkYcvCob0bLUAi6xe3j","ATI PN Pediatrics Proctored Exam Cohort 65 Practice Questions | NursingMocks","Practice with 41 questions from ATI PN Pediatrics Proctored Exam Cohort 65 Practice Questions.","https://www.nursingmocks.com/ati-pn-pediatrics-proctored-exam-cohort-65-practice-questions","https://www.nursingmocks.com/ati-pn-pediatrics-proctored-exam-cohort-65-practice-questions","false","true","runtime-generated","0",""
"I8eZkxLZp0kVG9Js1Cjs","quiz","nurs-2212-2225-med-surg-3-final-proctored-exam-practice-questions","nurs-2212-2225-med-surg-3-final-proctored-exam-practice-questions","pillarPages/nursing-test-bank/subPages/SuT1noZoNGEjKGR1vTbi/nestedSubPages/zMFBI0XMiRsJnnXWhL5S/topics/4xNDZPMszSkpgRfEsOck/quizzes/fxfVtxN6G5PBSVe3En8l","NURS 2212-2225 Med Surg 3 Final Proctored Exam Practice Questions | NursingMocks","Practice with 93 questions from NURS 2212-2225 Med Surg 3 Final Proctored Exam Practice Questions.","https://www.nursingmocks.com/nurs-2212-2225-med-surg-3-final-proctored-exam-practice-questions","https://www.nursingmocks.com/nurs-2212-2225-med-surg-3-final-proctored-exam-practice-questions","false","true","runtime-generated","0",""
"I9QAAWiSjuulhYn3lNrC","quiz","hesi-rn-milestones-proctored-exam-practice-questions-set-1","hesi-rn-milestones-proctored-exam-practice-questions-set-1","pillarPages/nursing-test-bank/subPages/SuT1noZoNGEjKGR1vTbi/nestedSubPages/iT55qp9NAFOvZLBAiQzC/topics/uB91yHbugrkUWJTjsoS7/quizzes/sjiX2XcH4e91twKAKlaO","HESI RN Milestones Proctored Exam Practice Questions - Set 1 | NursingMocks","Practice with 84 questions from HESI RN Milestones Proctored Exam Practice Questions - Set 1.","https://www.nursingmocks.com/hesi-rn-milestones-proctored-exam-practice-questions-set-1","https://www.nursingmocks.com/hesi-rn-milestones-proctored-exam-practice-questions-set-1","false","true","runtime-generated","0",""
"I9cKL7uCruSt3eJoqnyn","quiz","ati-pn-fundamentals-proctored-exam-practice-questions-set-24","ati-pn-fundamentals-proctored-exam-practice-questions-set-24","pillarPages/nursing-test-bank/subPages/z0xzINtS3EohZNaKosBz/nestedSubPages/lyrHg4RBzN6UafuymMFT/topics/1Lb0PkKiTEM2wQOIMDtv/quizzes/G7jPHQXTTSLetFk9erPy","ATI PN Fundamentals Proctored Exam Practice Questions - Set 24 | NursingMocks","Practice with 48 questions from ATI PN Fundamentals Proctored Exam Practice Questions - Set 24.","https://www.nursingmocks.com/ati-pn-fundamentals-proctored-exam-practice-questions-set-24","https://www.nursingmocks.com/ati-pn-fundamentals-proctored-exam-practice-questions-set-24","false","true","runtime-generated","0",""
"IBn4icmga83P5ES6sJEa","quiz","hesi-rn-pharmacology-proctored-exam-practice-questions-set-21","hesi-rn-pharmacology-proctored-exam-practice-questions-set-21","pillarPages/nursing-test-bank/subPages/SuT1noZoNGEjKGR1vTbi/nestedSubPages/iT55qp9NAFOvZLBAiQzC/topics/l1kSgSxIYg2SRUN8aWqE/quizzes/qbEPM58bDTbW2voS8Exo","HESI RN Pharmacology Proctored Exam Practice Questions - Set 21 | NursingMocks","Practice with 46 questions from HESI RN Pharmacology Proctored Exam Practice Questions - Set 21.","https://www.nursingmocks.com/hesi-rn-pharmacology-proctored-exam-practice-questions-set-21","https://www.nursingmocks.com/hesi-rn-pharmacology-proctored-exam-practice-questions-set-21","false","true","runtime-generated","0",""
"IKythCoNkaignOGtdVPd","quiz","ati-pn-maternal-newborn-2023-proctored-exam-practice-questions-set-15","ati-pn-maternal-newborn-2023-proctored-exam-practice-questions-set-15","pillarPages/nursing-test-bank/subPages/z0xzINtS3EohZNaKosBz/nestedSubPages/lyrHg4RBzN6UafuymMFT/topics/ZwY2vYN2X4tXEKOv2x6h/quizzes/JT2c69EWULbYPJQrU4Nb","ATI PN Maternal Newborn 2023 Proctored Exam Practice Questions - Set 15 | NursingMocks","Practice with 40 questions from ATI PN Maternal Newborn 2023 Proctored Exam Practice Questions - Set 15.","https://www.nursingmocks.com/ati-pn-maternal-newborn-2023-proctored-exam-practice-questions-set-15","https://www.nursingmocks.com/ati-pn-maternal-newborn-2023-proctored-exam-practice-questions-set-15","false","true","runtime-generated","0",""
"ISHlUC7u7T7D8g3IIcSD","quiz","dosage-calculation-pn-mental-health-proctored-assessment-3-2-practice-questions","dosage-calculation-pn-mental-health-proctored-assessment-3-2-practice-questions","pillarPages/nursing-test-bank/subPages/z0xzINtS3EohZNaKosBz/nestedSubPages/3K3wv7IGcDcXvSNM9Kxm/topics/0HON8THyW0E7BoW1rSm1/quizzes/CgTWczku10ghIkHGBPjO","Dosage Calculation PN Mental Health Proctored Assessment 3.2 Practice Questions | NursingMocks","Practice with 35 questions from Dosage Calculation PN Mental Health Proctored Assessment 3.2 Practice Questions.","https://www.nursingmocks.com/dosage-calculation-pn-mental-health-proctored-assessment-3-2-practice-questions","https://www.nursingmocks.com/dosage-calculation-pn-mental-health-proctored-assessment-3-2-practice-questions","false","true","runtime-generated","0",""
"IYP5NwW2uL5wGSFGefdJ","quiz","medical-surgical-nursing-2-nursa-225-01c-university-of-charleton-proctored-exam-practice-questions","medical-surgical-nursing-2-nursa-225-01c-university-of-charleton-proctored-exam-practice-questions","pillarPages/nursing-test-bank/subPages/SuT1noZoNGEjKGR1vTbi/nestedSubPages/zMFBI0XMiRsJnnXWhL5S/topics/4xNDZPMszSkpgRfEsOck/quizzes/N7nkIxbX3ZUT6Iuhr6RS","Medical-Surgical Nursing 2 (Nursa 225 01C) - University of Charleton Proctored Exam Practice Questions | NursingMocks","Practice with 51 questions from Medical-Surgical Nursing 2 (Nursa 225 01C) - University of Charleton Proctored Exam Practice Questions.","https://www.nursingmocks.com/medical-surgical-nursing-2-nursa-225-01c-university-of-charleton-proctored-exam-practice-questions","https://www.nursingmocks.com/medical-surgical-nursing-2-nursa-225-01c-university-of-charleton-proctored-exam-practice-questions","false","true","runtime-generated","0",""
"Idc3IBvqWcvfQGJNPOGJ","quiz","hill-college-pharmacology-all-proctored-exam-practice-questions","hill-college-pharmacology-all-proctored-exam-practice-questions","pillarPages/nursing-test-bank/subPages/SuT1noZoNGEjKGR1vTbi/nestedSubPages/zMFBI0XMiRsJnnXWhL5S/topics/qjQzp4HMFByeL1UEKGDd/quizzes/t9wPcGES1kaxhD2QNfP9","Hill College Pharmacology All Proctored Exam Practice Questions | NursingMocks","Practice with 74 questions from Hill College Pharmacology All Proctored Exam Practice Questions.","https://www.nursingmocks.com/hill-college-pharmacology-all-proctored-exam-practice-questions","https://www.nursingmocks.com/hill-college-pharmacology-all-proctored-exam-practice-questions","false","true","runtime-generated","0",""
"Iea0ej87D96RKQGI0lDc","quiz","hesi-rn-medsurg-proctored-exam-practice-questions","hesi-rn-medsurg-proctored-exam-practice-questions","pillarPages/nursing-test-bank/subPages/SuT1noZoNGEjKGR1vTbi/nestedSubPages/iT55qp9NAFOvZLBAiQzC/topics/aS23yuUD7OS39aVVutYn/quizzes/ScdcrKn67q8pfBDNi2s2","HESI RN Medsurg Proctored Exam Practice Questions | NursingMocks","Practice with 48 questions from HESI RN Medsurg Proctored Exam Practice Questions.","https://www.nursingmocks.com/hesi-rn-medsurg-proctored-exam-practice-questions","https://www.nursingmocks.com/hesi-rn-medsurg-proctored-exam-practice-questions","false","true","runtime-generated","0",""
"IgCMegzNDRxI9XWE7HrE","quiz","examplify-nur111-cape-fear-community-college-proctored-exam-practice-questions","examplify-nur111-cape-fear-community-college-proctored-exam-practice-questions","pillarPages/nursing-test-bank/subPages/SuT1noZoNGEjKGR1vTbi/nestedSubPages/zMFBI0XMiRsJnnXWhL5S/topics/sBc3Ee7TKg33PIbmj4Hb/quizzes/aR9OnniUUxi7aogeGMwj","Examplify Nur111 Cape Fear Community College Proctored Exam Practice Questions | NursingMocks","Practice with 50 questions from Examplify Nur111 Cape Fear Community College Proctored Exam Practice Questions.","https://www.nursingmocks.com/examplify-nur111-cape-fear-community-college-proctored-exam-practice-questions","https://www.nursingmocks.com/examplify-nur111-cape-fear-community-college-proctored-exam-practice-questions","false","true","runtime-generated","0",""
"IhPzXoRuNJ3xo85tvgjc","quiz","ati-pn-med-surg-midterm-proctored-exam-practice-questions","ati-pn-med-surg-midterm-proctored-exam-practice-questions","pillarPages/nursing-test-bank/subPages/z0xzINtS3EohZNaKosBz/nestedSubPages/lyrHg4RBzN6UafuymMFT/topics/NywbGW22YNeZSM3kuwKk/quizzes/UuJNdvb1joEdHnZnkpt5","ATI PN Med Surg Midterm Proctored Exam Practice Questions | NursingMocks","Practice with 100 questions from ATI PN Med Surg Midterm Proctored Exam Practice Questions.","https://www.nursingmocks.com/ati-pn-med-surg-midterm-proctored-exam-practice-questions","https://www.nursingmocks.com/ati-pn-med-surg-midterm-proctored-exam-practice-questions","false","true","runtime-generated","0",""
"IjFiHwvWmkT6JkZkbteV","quiz","wgu-pathophysiology-proctored-exam-practice-questions-set-18","wgu-pathophysiology-proctored-exam-practice-questions-set-18","pillarPages/nursing-test-bank/subPages/SuT1noZoNGEjKGR1vTbi/nestedSubPages/zMFBI0XMiRsJnnXWhL5S/topics/KyUeIK7zxUi2K91H84Bj/quizzes/eoxvBnBQI6hdzIrkCEbo","WGU Pathophysiology Proctored Exam Practice Questions - Set 18 | NursingMocks","Practice with 52 questions from WGU Pathophysiology Proctored Exam Practice Questions - Set 18.","https://www.nursingmocks.com/wgu-pathophysiology-proctored-exam-practice-questions-set-18","https://www.nursingmocks.com/wgu-pathophysiology-proctored-exam-practice-questions-set-18","false","true","runtime-generated","0",""
"IkXJGC7q7f3dAr4bkOXW","quiz","ati-pn-mental-health-2023-proctored-exam-practice-questions-set-16","ati-pn-mental-health-2023-proctored-exam-practice-questions-set-16","pillarPages/nursing-test-bank/subPages/z0xzINtS3EohZNaKosBz/nestedSubPages/lyrHg4RBzN6UafuymMFT/topics/6i5h4wWlOfz4R8huNTkC/quizzes/Fd4CUWFrC0EHRcUrIpx4","ATI PN Mental Health 2023 Proctored Exam Practice Questions - Set 16 | NursingMocks","Practice with 50 questions from ATI PN Mental Health 2023 Proctored Exam Practice Questions - Set 16.","https://www.nursingmocks.com/ati-pn-mental-health-2023-proctored-exam-practice-questions-set-16","https://www.nursingmocks.com/ati-pn-mental-health-2023-proctored-exam-practice-questions-set-16","false","true","runtime-generated","0",""
"ImeDtQoQsG3pxqsZGC8C","quiz","ati-pn-learning-system-medical-surgical-final-quiz-proctored-exam-practice-questions","ati-pn-learning-system-medical-surgical-final-quiz-proctored-exam-practice-questions","pillarPages/nursing-test-bank/subPages/z0xzINtS3EohZNaKosBz/nestedSubPages/lyrHg4RBzN6UafuymMFT/topics/NywbGW22YNeZSM3kuwKk/quizzes/zp6EGH2XYriKKxoEku0B","ATI PN Learning System Medical Surgical Final Quiz Proctored Exam Practice Questions | NursingMocks","Practice with 51 questions from ATI PN Learning System Medical Surgical Final Quiz Proctored Exam Practice Questions.","https://www.nursingmocks.com/ati-pn-learning-system-medical-surgical-final-quiz-proctored-exam-practice-questions","https://www.nursingmocks.com/ati-pn-learning-system-medical-surgical-final-quiz-proctored-exam-practice-questions","false","true","runtime-generated","0",""
"Irh64IzA5YuQkYf7tXHx","quiz","ati-pn-adult-med-surg-dosage-calculation-quiz-proctored-exam-practice-questions","ati-pn-adult-med-surg-dosage-calculation-quiz-proctored-exam-practice-questions","pillarPages/nursing-test-bank/subPages/z0xzINtS3EohZNaKosBz/nestedSubPages/lyrHg4RBzN6UafuymMFT/topics/NHgx9LFXpsLVcFjsOujF/quizzes/ydw1eEmLCnUO12yljiff","ATI PN Adult Med Surg Dosage Calculation Quiz Proctored Exam Practice Questions | NursingMocks","Practice with 20 questions from ATI PN Adult Med Surg Dosage Calculation Quiz Proctored Exam Practice Questions.","https://www.nursingmocks.com/ati-pn-adult-med-surg-dosage-calculation-quiz-proctored-exam-practice-questions","https://www.nursingmocks.com/ati-pn-adult-med-surg-dosage-calculation-quiz-proctored-exam-practice-questions","false","true","runtime-generated","0",""
"J5AgefQPLWrruYXxesZE","quiz","ati-pn-ut1-med-surg-proctored-exam-practice-questions","ati-pn-ut1-med-surg-proctored-exam-practice-questions","pillarPages/nursing-test-bank/subPages/z0xzINtS3EohZNaKosBz/nestedSubPages/lyrHg4RBzN6UafuymMFT/topics/NywbGW22YNeZSM3kuwKk/quizzes/JlGHjcN8y87U1MGlrikW","ATI PN Ut1 Med Surg Proctored Exam Practice Questions | NursingMocks","Practice with 52 questions from ATI PN Ut1 Med Surg Proctored Exam Practice Questions.","https://www.nursingmocks.com/ati-pn-ut1-med-surg-proctored-exam-practice-questions","https://www.nursingmocks.com/ati-pn-ut1-med-surg-proctored-exam-practice-questions","false","true","runtime-generated","0",""
"J78PyEQ12uFAbERi87i9","quiz","ati-pn-maternal-newborn-proctored-exam-2023-practice-questions-set-7","ati-pn-maternal-newborn-proctored-exam-2023-practice-questions-set-7","pillarPages/nursing-test-bank/subPages/z0xzINtS3EohZNaKosBz/nestedSubPages/lyrHg4RBzN6UafuymMFT/topics/ZwY2vYN2X4tXEKOv2x6h/quizzes/mJlcPfoVYt4thUpKn4xi","ATI PN Maternal Newborn Proctored Exam 2023 Practice Questions - Set 7 | NursingMocks","Practice with 58 questions from ATI PN Maternal Newborn Proctored Exam 2023 Practice Questions - Set 7.","https://www.nursingmocks.com/ati-pn-maternal-newborn-proctored-exam-2023-practice-questions-set-7","https://www.nursingmocks.com/ati-pn-maternal-newborn-proctored-exam-2023-practice-questions-set-7","false","true","runtime-generated","0",""
"JDLH49G6B4GA9mezahig","quiz","ati-lpn-comprehensive-predictor-2023-proctored-exam-3","ati-lpn-comprehensive-predictor-2023-proctored-exam-3","pillarPages/nursing-exit-exam/subPages/nkXaaMfkkbvjmrSRwtVq/nestedSubPages/ShdTxCRHYWbhmGg06Sgw/quizzes/DNyJSFoInPSiHbasG8jO","ATI LPN Comprehensive Predictor 2023 Proctored Exam 3 | NursingMocks","ATI LPN Comprehensive Predictor 2023 Proctored Exam 3 practice questions and answers for Nursing Exit Exam review.","https://www.nursingmocks.com/ati-lpn-comprehensive-predictor-2023-proctored-exam-3","https://www.nursingmocks.com/ati-lpn-comprehensive-predictor-2023-proctored-exam-3","false","true","runtime-generated","0",""
"JGgfR9asMAZfBfpjLuJt","topic","ati-pn-anatomy-and-physiology-practice-questions","ati-pn-anatomy-and-physiology-practice-questions","pillarPages/nursing-test-bank/subPages/z0xzINtS3EohZNaKosBz/nestedSubPages/lyrHg4RBzN6UafuymMFT/topics/j5H2Ra9IgckkioC7vNSj","ATI PN Anatomy and Physiology Questions | NursingMocks","Review ATI PN anatomy and physiology questions for body systems, normal function, terminology, and nursing science foundations.","https://www.nursingmocks.com/ati-pn-anatomy-and-physiology-practice-questions","https://www.nursingmocks.com/ati-pn-anatomy-and-physiology-practice-questions","true","true","","0",""
"JHyg9XkUi5QnVHEAtfcO","quiz","gastrointestinal-disorders-proctored-exam-4-practice-questions","gastrointestinal-disorders-proctored-exam-4-practice-questions","pillarPages/nursing-test-bank/subPages/SuT1noZoNGEjKGR1vTbi/nestedSubPages/zMFBI0XMiRsJnnXWhL5S/topics/Qw9ACv9iC3lU621RemRS/quizzes/0mj6Kmji24hySqNiAzmt","Gastrointestinal Disorders Proctored Exam 4 Practice Questions | NursingMocks","Practice with 40 questions from Gastrointestinal Disorders Proctored Exam 4 Practice Questions.","https://www.nursingmocks.com/gastrointestinal-disorders-proctored-exam-4-practice-questions","https://www.nursingmocks.com/gastrointestinal-disorders-proctored-exam-4-practice-questions","false","true","runtime-generated","0",""
"JHzgvQvVDAGW9T2kJ72z","quiz","anatomy-and-physiology-proctored-exam-1-practice-questions","anatomy-and-physiology-proctored-exam-1-practice-questions","pillarPages/nursing-test-bank/subPages/SuT1noZoNGEjKGR1vTbi/nestedSubPages/zMFBI0XMiRsJnnXWhL5S/topics/PavJlfHXwXRUhopKAOO9/quizzes/Mlxfx6PNVErtTTuusAuc","Anatomy and Physiology Proctored Exam 1 Practice Questions | NursingMocks","Practice with 48 questions from Anatomy and Physiology Proctored Exam 1 Practice Questions.","https://www.nursingmocks.com/anatomy-and-physiology-proctored-exam-1-practice-questions","https://www.nursingmocks.com/anatomy-and-physiology-proctored-exam-1-practice-questions","false","true","runtime-generated","0",""
"JNJdTGA5KTmj6myztn37","quiz","fa25-biol-microbiology-hennepin-technical-college-proctored-exam-practice-questions","fa25-biol-microbiology-hennepin-technical-college-proctored-exam-practice-questions","pillarPages/nursing-test-bank/subPages/SuT1noZoNGEjKGR1vTbi/nestedSubPages/zMFBI0XMiRsJnnXWhL5S/topics/9DamWJdFDUGMGLjGeQbF/quizzes/sMiqWY1MXy35WUzoAALE","Fa25 Biol Microbiology (Hennepin Technical College) Proctored Exam Practice Questions | NursingMocks","Practice with 48 questions from Fa25 Biol Microbiology (Hennepin Technical College) Proctored Exam Practice Questions.","https://www.nursingmocks.com/fa25-biol-microbiology-hennepin-technical-college-proctored-exam-practice-questions","https://www.nursingmocks.com/fa25-biol-microbiology-hennepin-technical-college-proctored-exam-practice-questions","false","true","runtime-generated","0",""
"JRwoWeJoHpLCZsrVO744","quiz","teas-reading-practice-test-set-7","teas-reading-practice-test-set-7","pillarPages/nursing-entrance-exam/subPages/yrdSf0KpOcuybL1SLnw7/nestedSubPages/2JIZgWhm9jUkoNFmkY7R/quizzes/SXUhU5ldn3Tw8AaS1tri","ATI TEAS Reading Practice Test Set 7 Questions and Answers","Practice ATI TEAS Reading Set 7 questions and answers covering Key Ideas and Details, Craft and Structure, and Integration of Knowledge and Ideas, with focus on author purpose, text structure, and meaning in context.","https://www.nursingmocks.com/teas-reading-practice-test-set-7","https://www.nursingmocks.com/teas-reading-practice-test-set-7","true","true","","0",""
"JVIU2jFteoA88AcXd5R2","topic","hesi-lpn-capstone-practice-questions","hesi-lpn-capstone-practice-questions","pillarPages/nursing-test-bank/subPages/z0xzINtS3EohZNaKosBz/nestedSubPages/ToLSmb6DG83NTZWXEJxt/topics/XsTO5lZeaMwktqDEY8yE","HESI LPN Capstone Questions | NursingMocks","Prepare with HESI LPN Capstone questions for cumulative practical nursing review, readiness checks, and clinical judgment practice.","https://www.nursingmocks.com/hesi-lpn-capstone-practice-questions","https://www.nursingmocks.com/hesi-lpn-capstone-practice-questions","true","true","","0",""
"JVJ42SjHklG9TICBUrRr","quiz","dosage-calculation-proctored-exam-practice-questions-set-6","dosage-calculation-proctored-exam-practice-questions-set-6","pillarPages/nursing-test-bank/subPages/SuT1noZoNGEjKGR1vTbi/nestedSubPages/zMFBI0XMiRsJnnXWhL5S/topics/GXrH3QXIidtKg5Jx0ly4/quizzes/cWWMYoOYm0HtySXPjVBi","Dosage Calculation Proctored Exam Practice Questions - Set 6 | NursingMocks","Practice with 49 questions from Dosage Calculation Proctored Exam Practice Questions - Set 6.","https://www.nursingmocks.com/dosage-calculation-proctored-exam-practice-questions-set-6","https://www.nursingmocks.com/dosage-calculation-proctored-exam-practice-questions-set-6","false","true","runtime-generated","0",""
"JVSKLVNPgFRf7OJmpYmK","quiz","med-surg-proctored-exam-practice-questions-set-5","med-surg-proctored-exam-practice-questions-set-5","pillarPages/nursing-test-bank/subPages/SuT1noZoNGEjKGR1vTbi/nestedSubPages/zMFBI0XMiRsJnnXWhL5S/topics/4xNDZPMszSkpgRfEsOck/quizzes/9H8PUyPX9NWQsASETPT0","Med Surg Proctored Exam Practice Questions - Set 5 | NursingMocks","Practice with 98 questions from Med Surg Proctored Exam Practice Questions - Set 5.","https://www.nursingmocks.com/med-surg-proctored-exam-practice-questions-set-5","https://www.nursingmocks.com/med-surg-proctored-exam-practice-questions-set-5","false","true","runtime-generated","0",""
"JXOZhWMJFl3qYUK6vvly","quiz","ati-pn-dosage-calculation-pn-pediatrics-nursing-proctored-assessment-3-2-practice-questions","ati-pn-dosage-calculation-pn-pediatrics-nursing-proctored-assessment-3-2-practice-questions","pillarPages/nursing-test-bank/subPages/z0xzINtS3EohZNaKosBz/nestedSubPages/lyrHg4RBzN6UafuymMFT/topics/NHgx9LFXpsLVcFjsOujF/quizzes/QF4vYEhbcow3WzNOeZJv","ATI PN Dosage Calculation PN Pediatrics Nursing Proctored Assessment 3.2 Practice Questions | NursingMocks","Practice with 35 questions from ATI PN Dosage Calculation PN Pediatrics Nursing Proctored Assessment 3.2 Practice Questions.","https://www.nursingmocks.com/ati-pn-dosage-calculation-pn-pediatrics-nursing-proctored-assessment-3-2-practice-questions","https://www.nursingmocks.com/ati-pn-dosage-calculation-pn-pediatrics-nursing-proctored-assessment-3-2-practice-questions","false","true","runtime-generated","0",""
"JY6H2YaXM3Wo5me6UQyw","quiz","hesi-lpn-exit-proctored-exam-form-2","hesi-lpn-exit-proctored-exam-form-2","pillarPages/nursing-exit-exam/subPages/nkXaaMfkkbvjmrSRwtVq/nestedSubPages/BH31o1XVf6CrhNvQvfOO/quizzes/OhiCydCR6nyBRLEbewMi","1-Hesi lpn exit proctored exam | NursingMocks","Practice nursing exit exam questions and answers for 1-Hesi lpn exit proctored exam.","https://www.nursingmocks.com/hesi-lpn-exit-proctored-exam-form-2","https://www.nursingmocks.com/hesi-lpn-exit-proctored-exam-form-2","false","true","runtime-generated","0",""
"JYytc7OhXMUYjrrq2A1k","quiz","hesi-rn-mental-health-proctored-exam-1-practice-questions","hesi-rn-mental-health-proctored-exam-1-practice-questions","pillarPages/nursing-test-bank/subPages/SuT1noZoNGEjKGR1vTbi/nestedSubPages/iT55qp9NAFOvZLBAiQzC/topics/nWHmcLCOYFPkjaWIHcVu/quizzes/94bLRI8bY1LvIIhxqXRt","HESI RN Mental Health Proctored Exam 1 Practice Questions | NursingMocks","Practice with 53 questions from HESI RN Mental Health Proctored Exam 1 Practice Questions.","https://www.nursingmocks.com/hesi-rn-mental-health-proctored-exam-1-practice-questions","https://www.nursingmocks.com/hesi-rn-mental-health-proctored-exam-1-practice-questions","false","true","runtime-generated","0",""
"JaJMj3Low2OLEnq2NyDx","quiz","med-surg-proctored-exam-respiratory-practice-questions","med-surg-proctored-exam-respiratory-practice-questions","pillarPages/nursing-test-bank/subPages/SuT1noZoNGEjKGR1vTbi/nestedSubPages/zMFBI0XMiRsJnnXWhL5S/topics/4xNDZPMszSkpgRfEsOck/quizzes/I8esNA76I7cPQqu0Fbf8","Med Surg Proctored Exam (Respiratory) Practice Questions | NursingMocks","Practice with 46 questions from Med Surg Proctored Exam (Respiratory) Practice Questions.","https://www.nursingmocks.com/med-surg-proctored-exam-respiratory-practice-questions","https://www.nursingmocks.com/med-surg-proctored-exam-respiratory-practice-questions","false","true","runtime-generated","0",""
"JdIahYfk5mrRiSMQpxCb","quiz","ati-pn-level-3-med-surg-endocrine-proctored-exam-practice-questions","ati-pn-level-3-med-surg-endocrine-proctored-exam-practice-questions","pillarPages/nursing-test-bank/subPages/z0xzINtS3EohZNaKosBz/nestedSubPages/lyrHg4RBzN6UafuymMFT/topics/NywbGW22YNeZSM3kuwKk/quizzes/kGy2HHgRANF993BAkwpt","ATI PN Level 3 Med Surg Endocrine Proctored Exam Practice Questions | NursingMocks","Practice with 37 questions from ATI PN Level 3 Med Surg Endocrine Proctored Exam Practice Questions.","https://www.nursingmocks.com/ati-pn-level-3-med-surg-endocrine-proctored-exam-practice-questions","https://www.nursingmocks.com/ati-pn-level-3-med-surg-endocrine-proctored-exam-practice-questions","false","true","runtime-generated","0",""
"JhUdMmos1JBiwbUotNs7","topic","rn-nursing-course-perfusion-practice-questions","rn-nursing-course-perfusion-practice-questions","pillarPages/nursing-test-bank/subPages/SuT1noZoNGEjKGR1vTbi/nestedSubPages/zMFBI0XMiRsJnnXWhL5S/topics/LhvXpmVrfANaLnZ3NZXG","RN Perfusion Course Exam Questions | NursingMocks","Practice RN Perfusion course exam questions for circulation, oxygenation, cardiovascular conditions, and priority nursing care.","https://www.nursingmocks.com/rn-nursing-course-perfusion-practice-questions","https://www.nursingmocks.com/rn-nursing-course-perfusion-practice-questions","true","true","","0",""
"Jm7nZV5Ivt16Ik4VBpTt","quiz","ati-pn-level-3-med-surg-resp-proctored-exam-practice-questions","ati-pn-level-3-med-surg-resp-proctored-exam-practice-questions","pillarPages/nursing-test-bank/subPages/z0xzINtS3EohZNaKosBz/nestedSubPages/lyrHg4RBzN6UafuymMFT/topics/NywbGW22YNeZSM3kuwKk/quizzes/NGMwDAKIpUPyL2GKuA7F","ATI PN Level 3 Med Surg Resp Proctored Exam Practice Questions | NursingMocks","Practice with 17 questions from ATI PN Level 3 Med Surg Resp Proctored Exam Practice Questions.","https://www.nursingmocks.com/ati-pn-level-3-med-surg-resp-proctored-exam-practice-questions","https://www.nursingmocks.com/ati-pn-level-3-med-surg-resp-proctored-exam-practice-questions","false","true","runtime-generated","0",""
"JrxggHJGC7FAOyHQFBUH","quiz","medication-dosage-ct01-proctored-exam-practice-questions","medication-dosage-ct01-proctored-exam-practice-questions","pillarPages/nursing-test-bank/subPages/SuT1noZoNGEjKGR1vTbi/nestedSubPages/zMFBI0XMiRsJnnXWhL5S/topics/GXrH3QXIidtKg5Jx0ly4/quizzes/GGouT7drOTTIz6SAisPU","Medication Dosage Ct01 Proctored Exam Practice Questions | NursingMocks","Practice with 39 questions from Medication Dosage Ct01 Proctored Exam Practice Questions.","https://www.nursingmocks.com/medication-dosage-ct01-proctored-exam-practice-questions","https://www.nursingmocks.com/medication-dosage-ct01-proctored-exam-practice-questions","false","true","runtime-generated","0",""
"JshC6ccQNjJRC7VWDL54","quiz","kaplan-admission-practice-test-reading-quiz-1","kaplan-admission-practice-test-reading-quiz-1","pillarPages/nursing-entrance-exam/subPages/jdJsAeBdy2mJO0kPibeV/nestedSubPages/BT8THcHxTeoM71ANVzUH/quizzes/grPbKJvqj8MaSZbVzK0E","Kaplan Admission Practice Test Reading | NursingMocks","Content for Kaplan Admission Practice Test Reading under Kaplan Admission Practice Test Reading.","https://www.nursingmocks.com/kaplan-admission-practice-test-reading-quiz-1","https://www.nursingmocks.com/kaplan-admission-practice-test-reading-quiz-1","true","true","","0",""
"Jue7alaMSo5r7hHTkuBy","topic","hesi-rn-fundamentals-practice-questions","hesi-rn-fundamentals-practice-questions","pillarPages/nursing-test-bank/subPages/SuT1noZoNGEjKGR1vTbi/nestedSubPages/iT55qp9NAFOvZLBAiQzC/topics/70YsvvAfpEoWkJ2zO8Vy","HESI RN Fundamentals Questions | NursingMocks","Practice HESI RN Fundamentals questions for safety, infection control, nursing process, skills, and foundational care.","https://www.nursingmocks.com/hesi-rn-fundamentals-practice-questions","https://www.nursingmocks.com/hesi-rn-fundamentals-practice-questions","true","true","","0",""
"JzLhsLSuEvl8U1U9ZEse","quiz","n112-pathopharmocology-proctored-exam-practice-questions","n112-pathopharmocology-proctored-exam-practice-questions","pillarPages/nursing-test-bank/subPages/SuT1noZoNGEjKGR1vTbi/nestedSubPages/zMFBI0XMiRsJnnXWhL5S/topics/qjQzp4HMFByeL1UEKGDd/quizzes/eEkh1JamQduVSh1JDiIL","N112 Pathopharmocology Proctored Exam Practice Questions | NursingMocks","Practice with 44 questions from N112 Pathopharmocology Proctored Exam Practice Questions.","https://www.nursingmocks.com/n112-pathopharmocology-proctored-exam-practice-questions","https://www.nursingmocks.com/n112-pathopharmocology-proctored-exam-practice-questions","false","true","runtime-generated","0",""
"K06VCBOdFRnMR6BhEVhQ","quiz","fundamental-of-nursing-176-proctored-exam-practice-questions","fundamental-of-nursing-176-proctored-exam-practice-questions","pillarPages/nursing-test-bank/subPages/SuT1noZoNGEjKGR1vTbi/nestedSubPages/zMFBI0XMiRsJnnXWhL5S/topics/sBc3Ee7TKg33PIbmj4Hb/quizzes/Qtnu6431V5AfN9n7SISO","Fundamental of Nursing 176 Proctored Exam Practice Questions | NursingMocks","Practice with 44 questions from Fundamental of Nursing 176 Proctored Exam Practice Questions.","https://www.nursingmocks.com/fundamental-of-nursing-176-proctored-exam-practice-questions","https://www.nursingmocks.com/fundamental-of-nursing-176-proctored-exam-practice-questions","false","true","runtime-generated","0",""
"K57nAhwGC68VwcUm1PGA","quiz","ati-pn-pharmacology-proctored-exam-2023-practice-questions-set-9","ati-pn-pharmacology-proctored-exam-2023-practice-questions-set-9","pillarPages/nursing-test-bank/subPages/z0xzINtS3EohZNaKosBz/nestedSubPages/lyrHg4RBzN6UafuymMFT/topics/13a3GLxldltUqhIxNzkr/quizzes/6DxoRy5DR9i1lbGFQJw2","ATI PN Pharmacology Proctored Exam 2023 Practice Questions - Set 9 | NursingMocks","Practice with 59 questions from ATI PN Pharmacology Proctored Exam 2023 Practice Questions - Set 9.","https://www.nursingmocks.com/ati-pn-pharmacology-proctored-exam-2023-practice-questions-set-9","https://www.nursingmocks.com/ati-pn-pharmacology-proctored-exam-2023-practice-questions-set-9","false","true","runtime-generated","0",""
"K5A4ZyuXMnvjYPVEfZza","quiz","mental-proctored-exam-samuel-merit-university-practice-questions","mental-proctored-exam-samuel-merit-university-practice-questions","pillarPages/nursing-test-bank/subPages/SuT1noZoNGEjKGR1vTbi/nestedSubPages/zMFBI0XMiRsJnnXWhL5S/topics/dwj41dVBiWR9v4FRpKhC/quizzes/Mc0wDquDHzoerfONC92g","Mental Proctored Exam(Samuel Merit University) Practice Questions | NursingMocks","Practice with 18 questions from Mental Proctored Exam(Samuel Merit University) Practice Questions.","https://www.nursingmocks.com/mental-proctored-exam-samuel-merit-university-practice-questions","https://www.nursingmocks.com/mental-proctored-exam-samuel-merit-university-practice-questions","false","true","runtime-generated","0",""
"K69n6yxlFfOeobUTZtXG","quiz","south-tampa-university-proctored-exam-3-pharmacology-practice-questions","south-tampa-university-proctored-exam-3-pharmacology-practice-questions","pillarPages/nursing-test-bank/subPages/SuT1noZoNGEjKGR1vTbi/nestedSubPages/zMFBI0XMiRsJnnXWhL5S/topics/qjQzp4HMFByeL1UEKGDd/quizzes/rXi2JtRG1FIUDjeEbZRp","South Tampa University, Proctored Exam 3 Pharmacology Practice Questions | NursingMocks","Practice with 48 questions from South Tampa University, Proctored Exam 3 Pharmacology Practice Questions.","https://www.nursingmocks.com/south-tampa-university-proctored-exam-3-pharmacology-practice-questions","https://www.nursingmocks.com/south-tampa-university-proctored-exam-3-pharmacology-practice-questions","false","true","runtime-generated","0",""
"K6RRgwsXEf6Euaz39QCU","quiz","hesi-rn-health-assessment-proctored-exam-practice-questions-set-4","hesi-rn-health-assessment-proctored-exam-practice-questions-set-4","pillarPages/nursing-test-bank/subPages/SuT1noZoNGEjKGR1vTbi/nestedSubPages/iT55qp9NAFOvZLBAiQzC/topics/0zSu4efsFf1RPT4W2Xjn/quizzes/RIcEqUYAbza4ncsEF3oW","HESI RN Health Assessment Proctored Exam Practice Questions - Set 4 | NursingMocks","Practice with 50 questions from HESI RN Health Assessment Proctored Exam Practice Questions - Set 4.","https://www.nursingmocks.com/hesi-rn-health-assessment-proctored-exam-practice-questions-set-4","https://www.nursingmocks.com/hesi-rn-health-assessment-proctored-exam-practice-questions-set-4","false","true","runtime-generated","0",""
"K8Vm4VJ4aFM3ye6l2LXC","quiz","wright-nrsg-110-proctored-exam-2-practice-questions","wright-nrsg-110-proctored-exam-2-practice-questions","pillarPages/nursing-test-bank/subPages/SuT1noZoNGEjKGR1vTbi/nestedSubPages/zMFBI0XMiRsJnnXWhL5S/topics/p4ym32tSh4yvL8X18NJ6/quizzes/rzCN3Uk9GBAjMZDMLHj1","Wright NRSG 110 Proctored Exam 2 Practice Questions | NursingMocks","Practice with 49 questions from Wright NRSG 110 Proctored Exam 2 Practice Questions.","https://www.nursingmocks.com/wright-nrsg-110-proctored-exam-2-practice-questions","https://www.nursingmocks.com/wright-nrsg-110-proctored-exam-2-practice-questions","false","true","runtime-generated","0",""
"K9o8abHqIeQzmmc7NJqI","quiz","ati-pn-pediatrics-nursing-care-of-newborn-proctored-exam-practice-questions","ati-pn-pediatrics-nursing-care-of-newborn-proctored-exam-practice-questions","pillarPages/nursing-test-bank/subPages/z0xzINtS3EohZNaKosBz/nestedSubPages/lyrHg4RBzN6UafuymMFT/topics/Y0MhOdG0hGVh8AUsgVrz/quizzes/dV84tzG44i4SskdzhxC7","ATI PN Pediatrics (Nursing Care of Newborn) Proctored Exam Practice Questions | NursingMocks","Practice with 57 questions from ATI PN Pediatrics (Nursing Care of Newborn) Proctored Exam Practice Questions.","https://www.nursingmocks.com/ati-pn-pediatrics-nursing-care-of-newborn-proctored-exam-practice-questions","https://www.nursingmocks.com/ati-pn-pediatrics-nursing-care-of-newborn-proctored-exam-practice-questions","false","true","runtime-generated","0",""
"K9q54HiOnoEEsIre9CTM","quiz","hesi-rn-dosage-calculations-care-proctored-exam-practice-questions","hesi-rn-dosage-calculations-care-proctored-exam-practice-questions","pillarPages/nursing-test-bank/subPages/SuT1noZoNGEjKGR1vTbi/nestedSubPages/iT55qp9NAFOvZLBAiQzC/topics/dfRlrdGOvpDhVVXIqa0H/quizzes/DWWkDQoSqCmgK6qjsHK1","HESI RN Dosage Calculations Care Proctored Exam Practice Questions | NursingMocks","Practice with 41 questions from HESI RN Dosage Calculations Care Proctored Exam Practice Questions.","https://www.nursingmocks.com/hesi-rn-dosage-calculations-care-proctored-exam-practice-questions","https://www.nursingmocks.com/hesi-rn-dosage-calculations-care-proctored-exam-practice-questions","false","true","runtime-generated","0",""
"KAEOk0wVKsFgEfuvZUTl","quiz","ati-pn-microbiology-proctored-exam-practice-questions","ati-pn-microbiology-proctored-exam-practice-questions","pillarPages/nursing-test-bank/subPages/z0xzINtS3EohZNaKosBz/nestedSubPages/lyrHg4RBzN6UafuymMFT/topics/WbwHB0Gt3hYPqBVYZyUt/quizzes/aBunnjKp4sn92LrTT5mn","ATI PN Microbiology Proctored Exam Practice Questions | NursingMocks","Practice with 50 questions from ATI PN Microbiology Proctored Exam Practice Questions.","https://www.nursingmocks.com/ati-pn-microbiology-proctored-exam-practice-questions","https://www.nursingmocks.com/ati-pn-microbiology-proctored-exam-practice-questions","false","true","runtime-generated","0",""
"KGOWFfTYjCNFFKJIboX8","nested","hesi-rn-exit-exam","hesi-rn-exit-exam","pillarPages/nursing-exit-exam/subPages/S4vSoa5bxDgZ1L5kLOJe/nestedSubPages/MVHmi7FJbSDlPPz28jh5","HESI | TeasGurus","Content for HESI under RN Exams.","https://www.nursingmocks.com/hesi-rn-exit-exam","https://www.nursingmocks.com/hesi-rn-exit-exam","true","true","","0",""
"KKew7JtpqgkKMaFVIxmQ","quiz","wgu-anatomy-and-physiology-with-lab-proctored-exam-practice-questions","wgu-anatomy-and-physiology-with-lab-proctored-exam-practice-questions","pillarPages/nursing-test-bank/subPages/SuT1noZoNGEjKGR1vTbi/nestedSubPages/zMFBI0XMiRsJnnXWhL5S/topics/PavJlfHXwXRUhopKAOO9/quizzes/JiTRK53o9XOgEIuYKher","WGU Anatomy and Physiology with Lab Proctored Exam Practice Questions | NursingMocks","Practice with 75 questions from WGU Anatomy and Physiology with Lab Proctored Exam Practice Questions.","https://www.nursingmocks.com/wgu-anatomy-and-physiology-with-lab-proctored-exam-practice-questions","https://www.nursingmocks.com/wgu-anatomy-and-physiology-with-lab-proctored-exam-practice-questions","false","true","runtime-generated","0",""
"KSD8e3BrEaFi9JcR3Xvx","topic","lpn-nursing-course-dosage-calculations-practice-questions","lpn-nursing-course-dosage-calculations-practice-questions","pillarPages/nursing-test-bank/subPages/z0xzINtS3EohZNaKosBz/nestedSubPages/3K3wv7IGcDcXvSNM9Kxm/topics/0HON8THyW0E7BoW1rSm1","LPN Dosage Calculation Course Exam Questions | NursingMocks","Practice LPN dosage calculation course exam questions for medication math, conversions, safe administration, and calculation accuracy.","https://www.nursingmocks.com/lpn-nursing-course-dosage-calculations-practice-questions","https://www.nursingmocks.com/lpn-nursing-course-dosage-calculations-practice-questions","true","true","","0",""
"KVAry2qFSCIJECORtI6s","quiz","hesi-rn-medical-surgical-proctored-exam-cardiac-practice-questions","hesi-rn-medical-surgical-proctored-exam-cardiac-practice-questions","pillarPages/nursing-test-bank/subPages/SuT1noZoNGEjKGR1vTbi/nestedSubPages/iT55qp9NAFOvZLBAiQzC/topics/aS23yuUD7OS39aVVutYn/quizzes/ViaAMSUcu2drUbAf9EBK","HESI RN Medical Surgical Proctored Exam (Cardiac) Practice Questions | NursingMocks","Practice with 58 questions from HESI RN Medical Surgical Proctored Exam (Cardiac) Practice Questions.","https://www.nursingmocks.com/hesi-rn-medical-surgical-proctored-exam-cardiac-practice-questions","https://www.nursingmocks.com/hesi-rn-medical-surgical-proctored-exam-cardiac-practice-questions","false","true","runtime-generated","0",""
"KVeVRiPCdHIchgi9cZK5","quiz","n3381-mental-health-proctored-exam-uta-university-practice-questions","n3381-mental-health-proctored-exam-uta-university-practice-questions","pillarPages/nursing-test-bank/subPages/SuT1noZoNGEjKGR1vTbi/nestedSubPages/zMFBI0XMiRsJnnXWhL5S/topics/dwj41dVBiWR9v4FRpKhC/quizzes/fIgQnwfdiZyCshBYplpF","N3381 Mental Health Proctored Exam (Uta University) Practice Questions | NursingMocks","Practice with 54 questions from N3381 Mental Health Proctored Exam (Uta University) Practice Questions.","https://www.nursingmocks.com/n3381-mental-health-proctored-exam-uta-university-practice-questions","https://www.nursingmocks.com/n3381-mental-health-proctored-exam-uta-university-practice-questions","false","true","runtime-generated","0",""
"KVjUFCMlXP3gVV6gw54g","quiz","wgu-dosage-calculations-proctored-exam-practice-questions","wgu-dosage-calculations-proctored-exam-practice-questions","pillarPages/nursing-test-bank/subPages/SuT1noZoNGEjKGR1vTbi/nestedSubPages/zMFBI0XMiRsJnnXWhL5S/topics/GXrH3QXIidtKg5Jx0ly4/quizzes/n4eQ8kSBfebqJBO1X0hg","WGU Dosage Calculations Proctored Exam Practice Questions | NursingMocks","Practice with 53 questions from WGU Dosage Calculations Proctored Exam Practice Questions.","https://www.nursingmocks.com/wgu-dosage-calculations-proctored-exam-practice-questions","https://www.nursingmocks.com/wgu-dosage-calculations-proctored-exam-practice-questions","false","true","runtime-generated","0",""
"KVulNb16vBgwGs2ZnFeq","quiz","mental-health-proctored-exam-east-los-ngeles-college-practice-questions","mental-health-proctored-exam-east-los-ngeles-college-practice-questions","pillarPages/nursing-test-bank/subPages/SuT1noZoNGEjKGR1vTbi/nestedSubPages/zMFBI0XMiRsJnnXWhL5S/topics/dwj41dVBiWR9v4FRpKhC/quizzes/okNvkBeUArGOHRs1NMN0","Mental Health Proctored Exam (East Los Ángeles College) Practice Questions | NursingMocks","Practice with 106 questions from Mental Health Proctored Exam (East Los Ángeles College) Practice Questions.","https://www.nursingmocks.com/mental-health-proctored-exam-east-los-ngeles-college-practice-questions","https://www.nursingmocks.com/mental-health-proctored-exam-east-los-ngeles-college-practice-questions","false","true","runtime-generated","0",""
"KW9zyrO0ZgSBRU9uyOMs","quiz","ati-pn-pharmacology-proctored-exam-practice-questions-set-1","ati-pn-pharmacology-proctored-exam-practice-questions-set-1","pillarPages/nursing-test-bank/subPages/z0xzINtS3EohZNaKosBz/nestedSubPages/lyrHg4RBzN6UafuymMFT/topics/13a3GLxldltUqhIxNzkr/quizzes/E2OK8DPFH7Y5gVVSGWYV","ATI PN Pharmacology Proctored Exam Practice Questions - Set 1 | NursingMocks","Practice with 42 questions from ATI PN Pharmacology Proctored Exam Practice Questions - Set 1.","https://www.nursingmocks.com/ati-pn-pharmacology-proctored-exam-practice-questions-set-1","https://www.nursingmocks.com/ati-pn-pharmacology-proctored-exam-practice-questions-set-1","false","true","runtime-generated","0",""
"KWwT2bZskSoJkyghQoCT","topic","rn-nursing-course-medical-surgical-practice-questions","rn-nursing-course-medical-surgical-practice-questions","pillarPages/nursing-test-bank/subPages/SuT1noZoNGEjKGR1vTbi/nestedSubPages/zMFBI0XMiRsJnnXWhL5S/topics/4xNDZPMszSkpgRfEsOck","RN Medical Surgical Course Exam Questions | NursingMocks","Practice RN Medical Surgical course exam questions for adult health, disease processes, body systems, and clinical judgment.","https://www.nursingmocks.com/rn-nursing-course-medical-surgical-practice-questions","https://www.nursingmocks.com/rn-nursing-course-medical-surgical-practice-questions","true","true","","0",""
"KXHfnsOHNwQ6saCurynk","quiz","teas-math-practice-test-set-15","teas-math-practice-test-set-15","pillarPages/nursing-entrance-exam/subPages/yrdSf0KpOcuybL1SLnw7/nestedSubPages/e9EcRCWTbyKVpyLXUKzd/quizzes/ci7XXrNZpyPVT4uksNue","ATI TEAS Math Practice Test Set 15 Questions and Answers","Work through ATI TEAS Mathematics Set 15 questions and answers covering Numbers and Algebra and Measurement and Data, with focus on multi-step calculations, measurements, and algebraic reasoning.","https://www.nursingmocks.com/teas-math-practice-test-set-15","https://www.nursingmocks.com/teas-math-practice-test-set-15","true","true","","0",""
"Kf2roU0otdSlISLu0Hcc","quiz","ati-pn-mental-health-proctored-exam-2023-practice-questions-set-12","ati-pn-mental-health-proctored-exam-2023-practice-questions-set-12","pillarPages/nursing-test-bank/subPages/z0xzINtS3EohZNaKosBz/nestedSubPages/lyrHg4RBzN6UafuymMFT/topics/6i5h4wWlOfz4R8huNTkC/quizzes/87iwgbc9j81OVcednIg7","ATI PN Mental Health Proctored Exam 2023 Practice Questions - Set 12 | NursingMocks","Practice with 54 questions from ATI PN Mental Health Proctored Exam 2023 Practice Questions - Set 12.","https://www.nursingmocks.com/ati-pn-mental-health-proctored-exam-2023-practice-questions-set-12","https://www.nursingmocks.com/ati-pn-mental-health-proctored-exam-2023-practice-questions-set-12","false","true","runtime-generated","0",""
"KgC4kcB7bRNeeBP4vgpC","topic","ati-rn-health-assessment-practice-questions","ati-rn-health-assessment-practice-questions","pillarPages/nursing-test-bank/subPages/SuT1noZoNGEjKGR1vTbi/nestedSubPages/Fnnd4c6ae0Uiurk2KUSc/topics/EXFqn2URK89MHP2mrQzC","ATI RN Health Assessment Questions | NursingMocks","Review ATI Health Assessment questions with rationales on physical assessment, focused assessments, normal findings, and documentation.","https://www.nursingmocks.com/ati-rn-health-assessment-practice-questions","https://www.nursingmocks.com/ati-rn-health-assessment-practice-questions","true","true","","0",""
"KkwinLQocnOIsYHFpRdJ","quiz","mental-and-behavioral-health-nursing-exam-practice-questions","mental-and-behavioral-health-nursing-exam-practice-questions","pillarPages/nursing-test-bank/subPages/SuT1noZoNGEjKGR1vTbi/nestedSubPages/zMFBI0XMiRsJnnXWhL5S/topics/dwj41dVBiWR9v4FRpKhC/quizzes/xClIxqPsOMrFF8rG2Luc","Mental and Behavioral Health Nursing Exam Practice Questions | NursingMocks","Practice with 78 questions from Mental and Behavioral Health Nursing Exam Practice Questions.","https://www.nursingmocks.com/mental-and-behavioral-health-nursing-exam-practice-questions","https://www.nursingmocks.com/mental-and-behavioral-health-nursing-exam-practice-questions","false","true","runtime-generated","0",""
"KooazkLXkR7kI99AQdCy","quiz","med-surg-proctored-exam-ecpi-college-practice-questions-set-28","med-surg-proctored-exam-ecpi-college-practice-questions-set-28","pillarPages/nursing-test-bank/subPages/SuT1noZoNGEjKGR1vTbi/nestedSubPages/zMFBI0XMiRsJnnXWhL5S/topics/4xNDZPMszSkpgRfEsOck/quizzes/ldAqaYXxdwfwF8YsqPN2","Med Surg Proctored Exam (Ecpi College) Practice Questions - Set 28 | NursingMocks","Practice with 43 questions from Med Surg Proctored Exam (Ecpi College) Practice Questions - Set 28.","https://www.nursingmocks.com/med-surg-proctored-exam-ecpi-college-practice-questions-set-28","https://www.nursingmocks.com/med-surg-proctored-exam-ecpi-college-practice-questions-set-28","false","true","runtime-generated","0",""
"Kpq5nlNwsWfPJC3HNrZV","quiz","anatomy-and-physiology-proctored-exam-practice-questions-set-2","anatomy-and-physiology-proctored-exam-practice-questions-set-2","pillarPages/nursing-test-bank/subPages/SuT1noZoNGEjKGR1vTbi/nestedSubPages/zMFBI0XMiRsJnnXWhL5S/topics/PavJlfHXwXRUhopKAOO9/quizzes/SO2IjWgQx9QmtSofyYfP","Anatomy and Physiology Proctored Exam Practice Questions - Set 2 | NursingMocks","Practice with 101 questions from Anatomy and Physiology Proctored Exam Practice Questions - Set 2.","https://www.nursingmocks.com/anatomy-and-physiology-proctored-exam-practice-questions-set-2","https://www.nursingmocks.com/anatomy-and-physiology-proctored-exam-practice-questions-set-2","false","true","runtime-generated","0",""
"KqnEYZffa6olw2pfjkAH","quiz","hesi-a2-grammar-practice-test-set-4","hesi-a2-grammar-practice-test-set-4","pillarPages/nursing-entrance-exam/subPages/rdYGUZ9DzFvAmo6EsrVe/nestedSubPages/XYJ11eHtMbIhQnTYPS6j/quizzes/hesi-a2-grammar-practice-test-set-4","HESI A2 Grammar Practice Test Set 4","Practice HESI A2 Actual Exam Set 4 - Grammar questions for HESI A2 preparation.","https://www.nursingmocks.com/hesi-a2-grammar-practice-test-set-4","https://www.nursingmocks.com/hesi-a2-grammar-practice-test-set-4","false","true","runtime-generated","0",""
"KrM8nGCkEz2k081fj2TD","quiz","med-surg-proctored-exam-ecpi-college-practice-questions-set-34","med-surg-proctored-exam-ecpi-college-practice-questions-set-34","pillarPages/nursing-test-bank/subPages/SuT1noZoNGEjKGR1vTbi/nestedSubPages/zMFBI0XMiRsJnnXWhL5S/topics/4xNDZPMszSkpgRfEsOck/quizzes/HqocejCljqCPsNcjTnp0","Med Surg Proctored Exam (Ecpi College) Practice Questions - Set 34 | NursingMocks","Practice with 36 questions from Med Surg Proctored Exam (Ecpi College) Practice Questions - Set 34.","https://www.nursingmocks.com/med-surg-proctored-exam-ecpi-college-practice-questions-set-34","https://www.nursingmocks.com/med-surg-proctored-exam-ecpi-college-practice-questions-set-34","false","true","runtime-generated","0",""
"KsFXtpXjKz3rPysFOzdM","quiz","ati-pn-obstetrics-nursing-proctored-exam-practice-questions-set-3","ati-pn-obstetrics-nursing-proctored-exam-practice-questions-set-3","pillarPages/nursing-test-bank/subPages/z0xzINtS3EohZNaKosBz/nestedSubPages/lyrHg4RBzN6UafuymMFT/topics/ZwY2vYN2X4tXEKOv2x6h/quizzes/6g11YoqpjY1niS06Ut3U","ATI PN Obstetrics Nursing Proctored Exam Practice Questions - Set 3 | NursingMocks","Practice with 43 questions from ATI PN Obstetrics Nursing Proctored Exam Practice Questions - Set 3.","https://www.nursingmocks.com/ati-pn-obstetrics-nursing-proctored-exam-practice-questions-set-3","https://www.nursingmocks.com/ati-pn-obstetrics-nursing-proctored-exam-practice-questions-set-3","false","true","runtime-generated","0",""
"L1keJVcLPuc5RUAEHtIA","quiz","ati-pn-fundamentals-proctored-exam-i-practice-questions","ati-pn-fundamentals-proctored-exam-i-practice-questions","pillarPages/nursing-test-bank/subPages/z0xzINtS3EohZNaKosBz/nestedSubPages/lyrHg4RBzN6UafuymMFT/topics/1Lb0PkKiTEM2wQOIMDtv/quizzes/v8M8Ba1KJl6YTun0oJCI","ATI PN Fundamentals Proctored Exam I Practice Questions | NursingMocks","Practice with 39 questions from ATI PN Fundamentals Proctored Exam I Practice Questions.","https://www.nursingmocks.com/ati-pn-fundamentals-proctored-exam-i-practice-questions","https://www.nursingmocks.com/ati-pn-fundamentals-proctored-exam-i-practice-questions","false","true","runtime-generated","0",""
"L8WI58o2stDf3oNUz4Np","quiz","ati-pn-nur-213-lifespan-proctored-final-exam-practice-questions","ati-pn-nur-213-lifespan-proctored-final-exam-practice-questions","pillarPages/nursing-test-bank/subPages/z0xzINtS3EohZNaKosBz/nestedSubPages/lyrHg4RBzN6UafuymMFT/topics/1Lb0PkKiTEM2wQOIMDtv/quizzes/SijPzAdye4UzENP8oVje","ATI PN NUR 213 Lifespan Proctored Final Exam Practice Questions | NursingMocks","Practice with 52 questions from ATI PN NUR 213 Lifespan Proctored Final Exam Practice Questions.","https://www.nursingmocks.com/ati-pn-nur-213-lifespan-proctored-final-exam-practice-questions","https://www.nursingmocks.com/ati-pn-nur-213-lifespan-proctored-final-exam-practice-questions","false","true","runtime-generated","0",""
"LEjOG7tOLQb0YnFpHdRW","quiz","ati-pn-fundamentals-proctored-exam-practice-questions-set-3","ati-pn-fundamentals-proctored-exam-practice-questions-set-3","pillarPages/nursing-test-bank/subPages/z0xzINtS3EohZNaKosBz/nestedSubPages/lyrHg4RBzN6UafuymMFT/topics/1Lb0PkKiTEM2wQOIMDtv/quizzes/PaeqgsNJglJvjEtTWC56","ATI PN Fundamentals Proctored Exam Practice Questions - Set 3 | NursingMocks","Practice with 45 questions from ATI PN Fundamentals Proctored Exam Practice Questions - Set 3.","https://www.nursingmocks.com/ati-pn-fundamentals-proctored-exam-practice-questions-set-3","https://www.nursingmocks.com/ati-pn-fundamentals-proctored-exam-practice-questions-set-3","false","true","runtime-generated","0",""
"LJaLBVZD12mPnsRaOwbQ","quiz","ati-pn-mental-health-proctored-exam-practice-questions-set-18","ati-pn-mental-health-proctored-exam-practice-questions-set-18","pillarPages/nursing-test-bank/subPages/z0xzINtS3EohZNaKosBz/nestedSubPages/lyrHg4RBzN6UafuymMFT/topics/6i5h4wWlOfz4R8huNTkC/quizzes/0XWKxkayJ6Z3kVf3raA0","ATI PN Mental Health Proctored Exam Practice Questions - Set 18 | NursingMocks","Practice with 25 questions from ATI PN Mental Health Proctored Exam Practice Questions - Set 18.","https://www.nursingmocks.com/ati-pn-mental-health-proctored-exam-practice-questions-set-18","https://www.nursingmocks.com/ati-pn-mental-health-proctored-exam-practice-questions-set-18","false","true","runtime-generated","0",""
"LM5pHXzKRcaQEAFjf9D6","quiz","human-growth-and-development-proctored-exam-spring-2025-practice-questions","human-growth-and-development-proctored-exam-spring-2025-practice-questions","pillarPages/nursing-test-bank/subPages/SuT1noZoNGEjKGR1vTbi/nestedSubPages/zMFBI0XMiRsJnnXWhL5S/topics/YM8tzC0du9CIecKaOGWM/quizzes/vHduObqopRKj7K4Jh0Gm","Human Growth and Development Proctored Exam (Spring 2025) Practice Questions | NursingMocks","Practice with 55 questions from Human Growth and Development Proctored Exam (Spring 2025) Practice Questions.","https://www.nursingmocks.com/human-growth-and-development-proctored-exam-spring-2025-practice-questions","https://www.nursingmocks.com/human-growth-and-development-proctored-exam-spring-2025-practice-questions","false","true","runtime-generated","0",""
"LNua0pmedyDvuwxodKhG","quiz","hesi-rn-adult-health-1-proctored-exam-wgu-practice-questions","hesi-rn-adult-health-1-proctored-exam-wgu-practice-questions","pillarPages/nursing-test-bank/subPages/SuT1noZoNGEjKGR1vTbi/nestedSubPages/iT55qp9NAFOvZLBAiQzC/topics/n2FK9jdRFYQvHbryoAbl/quizzes/CgCMAHmWpn9lnuNpdWMY","HESI RN Adult Health 1 Proctored Exam (WGU) Practice Questions | NursingMocks","Practice with 59 questions from HESI RN Adult Health 1 Proctored Exam (WGU) Practice Questions.","https://www.nursingmocks.com/hesi-rn-adult-health-1-proctored-exam-wgu-practice-questions","https://www.nursingmocks.com/hesi-rn-adult-health-1-proctored-exam-wgu-practice-questions","false","true","runtime-generated","0",""
"LPQwB6hf92aG1LHHZZLA","quiz","rn-pediatrics-nursing-marymount-university-proctored-exam-practice-questions","rn-pediatrics-nursing-marymount-university-proctored-exam-practice-questions","pillarPages/nursing-test-bank/subPages/SuT1noZoNGEjKGR1vTbi/nestedSubPages/zMFBI0XMiRsJnnXWhL5S/topics/Hwspg6smTqrELsoRSNmc/quizzes/YoVrSeoi4mQGWVdBbThY","RN Pediatrics Nursing (Marymount University) Proctored Exam Practice Questions | NursingMocks","Practice with 66 questions from RN Pediatrics Nursing (Marymount University) Proctored Exam Practice Questions.","https://www.nursingmocks.com/rn-pediatrics-nursing-marymount-university-proctored-exam-practice-questions","https://www.nursingmocks.com/rn-pediatrics-nursing-marymount-university-proctored-exam-practice-questions","false","true","runtime-generated","0",""
"LQU67sUejnuHng0jAQWh","quiz","ati-pn-medical-surgical-proctored-exam-practice-questions-set-45","ati-pn-medical-surgical-proctored-exam-practice-questions-set-45","pillarPages/nursing-test-bank/subPages/z0xzINtS3EohZNaKosBz/nestedSubPages/lyrHg4RBzN6UafuymMFT/topics/NywbGW22YNeZSM3kuwKk/quizzes/RD3Pi9dVMoVsNQzEa0WN","ATI PN Medical Surgical Proctored Exam Practice Questions - Set 45 | NursingMocks","Practice with 39 questions from ATI PN Medical Surgical Proctored Exam Practice Questions - Set 45.","https://www.nursingmocks.com/ati-pn-medical-surgical-proctored-exam-practice-questions-set-45","https://www.nursingmocks.com/ati-pn-medical-surgical-proctored-exam-practice-questions-set-45","false","true","runtime-generated","0",""
"LV10WrHwCLBqA48a2uPu","topic","rn-nursing-course-community-health-practice-questions","rn-nursing-course-community-health-practice-questions","pillarPages/nursing-test-bank/subPages/SuT1noZoNGEjKGR1vTbi/nestedSubPages/zMFBI0XMiRsJnnXWhL5S/topics/pXf53xDTrL7aSDzdhniW","RN Community Health Course Exam Questions | NursingMocks","Review RN Community Health course exam questions for public health, epidemiology, prevention, health promotion, and community nursing.","https://www.nursingmocks.com/rn-nursing-course-community-health-practice-questions","https://www.nursingmocks.com/rn-nursing-course-community-health-practice-questions","true","true","","0",""
"LVnM5n4FZVMv3WSQEzir","quiz","teas-math-practice-test-set-8","teas-math-practice-test-set-8","pillarPages/nursing-entrance-exam/subPages/yrdSf0KpOcuybL1SLnw7/nestedSubPages/e9EcRCWTbyKVpyLXUKzd/quizzes/m9bPVWGpPk85VtHCz0yX","ATI TEAS Math Practice Test Set 8 Questions and Answers","Review ATI TEAS Mathematics Set 8 questions and answers covering Numbers and Algebra and Measurement and Data, with focus on percentages, proportions, unit conversions, and chart-based questions.","https://www.nursingmocks.com/teas-math-practice-test-set-8","https://www.nursingmocks.com/teas-math-practice-test-set-8","true","true","","0",""
"LXobqhiO4AZZb0uqAytO","quiz","ati-pn-n113-pharmacology-proctored-exam-practice-questions","ati-pn-n113-pharmacology-proctored-exam-practice-questions","pillarPages/nursing-test-bank/subPages/z0xzINtS3EohZNaKosBz/nestedSubPages/lyrHg4RBzN6UafuymMFT/topics/13a3GLxldltUqhIxNzkr/quizzes/4a4yRaf5JCOew6DwKlmk","ATI PN N113 Pharmacology Proctored Exam Practice Questions | NursingMocks","Practice with 75 questions from ATI PN N113 Pharmacology Proctored Exam Practice Questions.","https://www.nursingmocks.com/ati-pn-n113-pharmacology-proctored-exam-practice-questions","https://www.nursingmocks.com/ati-pn-n113-pharmacology-proctored-exam-practice-questions","false","true","runtime-generated","0",""
"LZ1Ag8UkF7W49DtgauWB","quiz","med-surg-proctored-exam-practice-questions-set-22","med-surg-proctored-exam-practice-questions-set-22","pillarPages/nursing-test-bank/subPages/SuT1noZoNGEjKGR1vTbi/nestedSubPages/zMFBI0XMiRsJnnXWhL5S/topics/4xNDZPMszSkpgRfEsOck/quizzes/17x5zcpTW7i6gPd4EPa0","Med Surg Proctored Exam Practice Questions - Set 22 | NursingMocks","Practice with 60 questions from Med Surg Proctored Exam Practice Questions - Set 22.","https://www.nursingmocks.com/med-surg-proctored-exam-practice-questions-set-22","https://www.nursingmocks.com/med-surg-proctored-exam-practice-questions-set-22","false","true","runtime-generated","0",""
"LbM6XPRN1nQ9UtQBa1qh","quiz","ati-pn-comprehensive-predictor-2023-proctored-exam","ati-pn-comprehensive-predictor-2023-proctored-exam","pillarPages/nursing-exit-exam/subPages/nkXaaMfkkbvjmrSRwtVq/nestedSubPages/ShdTxCRHYWbhmGg06Sgw/quizzes/7yOPBQK1AMK0cztnZmrv","3-Ati pn comprehensive predictor 2023 proctored exam | NursingMocks","Practice nursing exit exam questions and answers for 3-Ati pn comprehensive predictor 2023 proctored exam.","https://www.nursingmocks.com/ati-pn-comprehensive-predictor-2023-proctored-exam","https://www.nursingmocks.com/ati-pn-comprehensive-predictor-2023-proctored-exam","false","true","runtime-generated","0",""
"Lg2g91NWpQSY9fD776Tr","quiz","ati-pn-adult-medical-surgical-2020-ii-proctored-exam-practice-questions","ati-pn-adult-medical-surgical-2020-ii-proctored-exam-practice-questions","pillarPages/nursing-test-bank/subPages/z0xzINtS3EohZNaKosBz/nestedSubPages/lyrHg4RBzN6UafuymMFT/topics/NywbGW22YNeZSM3kuwKk/quizzes/MsECeydcH92us1EBaEYN","ATI PN Adult Medical Surgical 2020 II Proctored Exam Practice Questions | NursingMocks","Practice with 0 questions from ATI PN Adult Medical Surgical 2020 II Proctored Exam Practice Questions.","https://www.nursingmocks.com/ati-pn-adult-medical-surgical-2020-ii-proctored-exam-practice-questions","https://www.nursingmocks.com/ati-pn-adult-medical-surgical-2020-ii-proctored-exam-practice-questions","false","true","runtime-generated","0",""
"LpDXTiwJJCqgxvhl0Qyy","quiz","med-surg-proctored-exam-cni-college-practice-questions-set-52","med-surg-proctored-exam-cni-college-practice-questions-set-52","pillarPages/nursing-test-bank/subPages/SuT1noZoNGEjKGR1vTbi/nestedSubPages/zMFBI0XMiRsJnnXWhL5S/topics/4xNDZPMszSkpgRfEsOck/quizzes/4DyZxWg19FyERcuhR5kX","Med Surg Proctored Exam (Cni College) Practice Questions - Set 52 | NursingMocks","Practice with 50 questions from Med Surg Proctored Exam (Cni College) Practice Questions - Set 52.","https://www.nursingmocks.com/med-surg-proctored-exam-cni-college-practice-questions-set-52","https://www.nursingmocks.com/med-surg-proctored-exam-cni-college-practice-questions-set-52","false","true","runtime-generated","0",""
"LqWBoBuOsWKIo5YJxdob","quiz","hesi-a2-chemistry-practice-test-set-1","hesi-a2-chemistry-practice-test-set-1","pillarPages/nursing-entrance-exam/subPages/rdYGUZ9DzFvAmo6EsrVe/nestedSubPages/lOJHdJ4lr3plcJkz2yfp/quizzes/hesi-a2-chemistry-practice-test-set-1","HESI A2 Chemistry Practice Test Set 1","Practice HESI A2 Actual Exam Set 1 - Chemistry questions for HESI A2 preparation.","https://www.nursingmocks.com/hesi-a2-chemistry-practice-test-set-1","https://www.nursingmocks.com/hesi-a2-chemistry-practice-test-set-1","false","true","runtime-generated","0",""
"LsVj4bZJ8WuUpqzqxR96","quiz","massbay-community-college-med-surg-proctored-exam-2-practice-questions","massbay-community-college-med-surg-proctored-exam-2-practice-questions","pillarPages/nursing-test-bank/subPages/SuT1noZoNGEjKGR1vTbi/nestedSubPages/zMFBI0XMiRsJnnXWhL5S/topics/4xNDZPMszSkpgRfEsOck/quizzes/CsAVBmMHwhix5tS2VbHr","Massbay Community College Med Surg Proctored Exam 2 Practice Questions | NursingMocks","Practice with 44 questions from Massbay Community College Med Surg Proctored Exam 2 Practice Questions.","https://www.nursingmocks.com/massbay-community-college-med-surg-proctored-exam-2-practice-questions","https://www.nursingmocks.com/massbay-community-college-med-surg-proctored-exam-2-practice-questions","false","true","runtime-generated","0",""
"LumTN5cbZHRvliDOTQyU","quiz","ati-pn-fundamentals-proctored-exam2-practice-questions","ati-pn-fundamentals-proctored-exam2-practice-questions","pillarPages/nursing-test-bank/subPages/z0xzINtS3EohZNaKosBz/nestedSubPages/lyrHg4RBzN6UafuymMFT/topics/1Lb0PkKiTEM2wQOIMDtv/quizzes/wa5Jp6ujDvXA9ZegqCY3","ATI PN Fundamentals Proctored Exam2 Practice Questions | NursingMocks","Practice with 46 questions from ATI PN Fundamentals Proctored Exam2 Practice Questions.","https://www.nursingmocks.com/ati-pn-fundamentals-proctored-exam2-practice-questions","https://www.nursingmocks.com/ati-pn-fundamentals-proctored-exam2-practice-questions","false","true","runtime-generated","0",""
"M0mgEFV6iinDaJ0TEOyr","quiz","wgu-hesi-rn-dosage-calculation-proctored-exam-practice-questions","wgu-hesi-rn-dosage-calculation-proctored-exam-practice-questions","pillarPages/nursing-test-bank/subPages/SuT1noZoNGEjKGR1vTbi/nestedSubPages/iT55qp9NAFOvZLBAiQzC/topics/dfRlrdGOvpDhVVXIqa0H/quizzes/17Z1HkCyEz2VncRiHgJt","WGU HESI RN Dosage Calculation Proctored Exam Practice Questions | NursingMocks","Practice with 52 questions from WGU HESI RN Dosage Calculation Proctored Exam Practice Questions.","https://www.nursingmocks.com/wgu-hesi-rn-dosage-calculation-proctored-exam-practice-questions","https://www.nursingmocks.com/wgu-hesi-rn-dosage-calculation-proctored-exam-practice-questions","false","true","runtime-generated","0",""
"M3iiYaI5aFBmHYtiY3VW","quiz","n127-managing-care-of-adults-i-ii-proctored-exam-3-samuel-merit-university-practice-questions","n127-managing-care-of-adults-i-ii-proctored-exam-3-samuel-merit-university-practice-questions","pillarPages/nursing-test-bank/subPages/SuT1noZoNGEjKGR1vTbi/nestedSubPages/zMFBI0XMiRsJnnXWhL5S/topics/L2wWtC9VGd9bcVlQMhD1/quizzes/jvI1lTNQIwRVIf6HUsnn","N127 Managing Care of Adults I-II Proctored Exam 3 Samuel Merit University Practice Questions | NursingMocks","Practice with 45 questions from N127 Managing Care of Adults I-II Proctored Exam 3 Samuel Merit University Practice Questions.","https://www.nursingmocks.com/n127-managing-care-of-adults-i-ii-proctored-exam-3-samuel-merit-university-practice-questions","https://www.nursingmocks.com/n127-managing-care-of-adults-i-ii-proctored-exam-3-samuel-merit-university-practice-questions","false","true","runtime-generated","0",""
"M88HzXKj0Q7cRt6SzH9s","quiz","ati-pn-pharm-quiz-final-proctored-exam-practice-questions","ati-pn-pharm-quiz-final-proctored-exam-practice-questions","pillarPages/nursing-test-bank/subPages/z0xzINtS3EohZNaKosBz/nestedSubPages/lyrHg4RBzN6UafuymMFT/topics/13a3GLxldltUqhIxNzkr/quizzes/Vj8OEp1n7vpz17kScr67","ATI PN Pharm Quiz Final Proctored Exam Practice Questions | NursingMocks","Practice with 28 questions from ATI PN Pharm Quiz Final Proctored Exam Practice Questions.","https://www.nursingmocks.com/ati-pn-pharm-quiz-final-proctored-exam-practice-questions","https://www.nursingmocks.com/ati-pn-pharm-quiz-final-proctored-exam-practice-questions","false","true","runtime-generated","0",""
"MC2cMIye09SS290YwjbM","quiz","ati-pn-pediatrics-nursing-2023-proctored-exam-practice-questions-set-4","ati-pn-pediatrics-nursing-2023-proctored-exam-practice-questions-set-4","pillarPages/nursing-test-bank/subPages/z0xzINtS3EohZNaKosBz/nestedSubPages/lyrHg4RBzN6UafuymMFT/topics/Y0MhOdG0hGVh8AUsgVrz/quizzes/QquC6i4qTI8qNSQgKSlP","ATI PN Pediatrics Nursing 2023 Proctored Exam Practice Questions - Set 4 | NursingMocks","Practice with 69 questions from ATI PN Pediatrics Nursing 2023 Proctored Exam Practice Questions - Set 4.","https://www.nursingmocks.com/ati-pn-pediatrics-nursing-2023-proctored-exam-practice-questions-set-4","https://www.nursingmocks.com/ati-pn-pediatrics-nursing-2023-proctored-exam-practice-questions-set-4","false","true","runtime-generated","0",""
"MDidWmyh5YLylAhHA8iM","quiz","rn-fundamentals-2019-proctored-exam-practice-questions","rn-fundamentals-2019-proctored-exam-practice-questions","pillarPages/nursing-test-bank/subPages/SuT1noZoNGEjKGR1vTbi/nestedSubPages/zMFBI0XMiRsJnnXWhL5S/topics/sBc3Ee7TKg33PIbmj4Hb/quizzes/lqsu0uD1njqBu8oRkU2p","RN Fundamentals 2019 Proctored Exam Practice Questions | NursingMocks","Practice with 65 questions from RN Fundamentals 2019 Proctored Exam Practice Questions.","https://www.nursingmocks.com/rn-fundamentals-2019-proctored-exam-practice-questions","https://www.nursingmocks.com/rn-fundamentals-2019-proctored-exam-practice-questions","false","true","runtime-generated","0",""
"MFCbQHQbwN4W6zFgXAeK","quiz","ati-pn-fundamentals-proctored-exam-practice-questions-set-25","ati-pn-fundamentals-proctored-exam-practice-questions-set-25","pillarPages/nursing-test-bank/subPages/z0xzINtS3EohZNaKosBz/nestedSubPages/lyrHg4RBzN6UafuymMFT/topics/1Lb0PkKiTEM2wQOIMDtv/quizzes/BJ7s3mpeENRUSHEYVxgI","ATI PN Fundamentals Proctored Exam Practice Questions - Set 25 | NursingMocks","Practice with 55 questions from ATI PN Fundamentals Proctored Exam Practice Questions - Set 25.","https://www.nursingmocks.com/ati-pn-fundamentals-proctored-exam-practice-questions-set-25","https://www.nursingmocks.com/ati-pn-fundamentals-proctored-exam-practice-questions-set-25","false","true","runtime-generated","0",""
"MIukZKjTbHdB5ewsUezM","quiz","rn-medical-surgical-midterm-form-a-proctored-exam-practice-questions","rn-medical-surgical-midterm-form-a-proctored-exam-practice-questions","pillarPages/nursing-test-bank/subPages/SuT1noZoNGEjKGR1vTbi/nestedSubPages/zMFBI0XMiRsJnnXWhL5S/topics/4xNDZPMszSkpgRfEsOck/quizzes/d8yH9B1PD714x6VVQCTn","RN Medical Surgical Midterm Form a Proctored Exam Practice Questions | NursingMocks","Practice with 89 questions from RN Medical Surgical Midterm Form a Proctored Exam Practice Questions.","https://www.nursingmocks.com/rn-medical-surgical-midterm-form-a-proctored-exam-practice-questions","https://www.nursingmocks.com/rn-medical-surgical-midterm-form-a-proctored-exam-practice-questions","false","true","runtime-generated","0",""
"MMpAHInImdLizdl8oHiJ","quiz","ati-pn-nurs-120-pn-mobility-proctored-exam-3-practice-questions","ati-pn-nurs-120-pn-mobility-proctored-exam-3-practice-questions","pillarPages/nursing-test-bank/subPages/z0xzINtS3EohZNaKosBz/nestedSubPages/lyrHg4RBzN6UafuymMFT/topics/1Lb0PkKiTEM2wQOIMDtv/quizzes/DM9U1uXK0Y3U3OVt00rz","ATI PN NURS 120 PN Mobility Proctored Exam 3 Practice Questions | NursingMocks","Practice with 38 questions from ATI PN NURS 120 PN Mobility Proctored Exam 3 Practice Questions.","https://www.nursingmocks.com/ati-pn-nurs-120-pn-mobility-proctored-exam-3-practice-questions","https://www.nursingmocks.com/ati-pn-nurs-120-pn-mobility-proctored-exam-3-practice-questions","false","true","runtime-generated","0",""
"MNS7f3QS7ii4ZPg8u5wX","quiz","ati-pn-n117-fundamentals-proctored-exam-practice-questions","ati-pn-n117-fundamentals-proctored-exam-practice-questions","pillarPages/nursing-test-bank/subPages/z0xzINtS3EohZNaKosBz/nestedSubPages/lyrHg4RBzN6UafuymMFT/topics/1Lb0PkKiTEM2wQOIMDtv/quizzes/EUAZmJeBUGcSvTqpiqlx","ATI PN N117 Fundamentals Proctored Exam Practice Questions | NursingMocks","Practice with 46 questions from ATI PN N117 Fundamentals Proctored Exam Practice Questions.","https://www.nursingmocks.com/ati-pn-n117-fundamentals-proctored-exam-practice-questions","https://www.nursingmocks.com/ati-pn-n117-fundamentals-proctored-exam-practice-questions","false","true","runtime-generated","0",""
"MQgYQKf7H0YytjbQ2D1b","quiz","health-assessment-proctored-exam-practice-questions-set-4","health-assessment-proctored-exam-practice-questions-set-4","pillarPages/nursing-test-bank/subPages/SuT1noZoNGEjKGR1vTbi/nestedSubPages/zMFBI0XMiRsJnnXWhL5S/topics/XQlgh9zsLrRK6vilmJPA/quizzes/vJDnpdwTIyEsfitripeZ","Health Assessment Proctored Exam Practice Questions - Set 4 | NursingMocks","Practice with 46 questions from Health Assessment Proctored Exam Practice Questions - Set 4.","https://www.nursingmocks.com/health-assessment-proctored-exam-practice-questions-set-4","https://www.nursingmocks.com/health-assessment-proctored-exam-practice-questions-set-4","false","true","runtime-generated","0",""
"MV9ZbL6tkbCGAgZVcKoZ","quiz","ati-pn-custom-pharmacology-cohert-6-mid-term-remidiation-cloned-assessment-1-proctored-exam-practice-questions","ati-pn-custom-pharmacology-cohert-6-mid-term-remidiation-cloned-assessment-1-proctored-exam-practice-questions","pillarPages/nursing-test-bank/subPages/z0xzINtS3EohZNaKosBz/nestedSubPages/lyrHg4RBzN6UafuymMFT/topics/13a3GLxldltUqhIxNzkr/quizzes/OksLvbuSLMu8JFlyef3r","ATI PN Custom Pharmacology Cohert 6 Mid Term Remidiation Cloned Assessment 1 Proctored Exam Practice Questions | NursingMocks","Practice with 45 questions from ATI PN Custom Pharmacology Cohert 6 Mid Term Remidiation Cloned Assessment 1 Proctored Exam Practice Questions.","https://www.nursingmocks.com/ati-pn-custom-pharmacology-cohert-6-mid-term-remidiation-cloned-assessment-1-proctored-exam-practice-questions","https://www.nursingmocks.com/ati-pn-custom-pharmacology-cohert-6-mid-term-remidiation-cloned-assessment-1-proctored-exam-practice-questions","false","true","runtime-generated","0",""
"MWzJllLwse4VmmeyWXzs","quiz","med-surg-regular-proctored-exam-practice-questions","med-surg-regular-proctored-exam-practice-questions","pillarPages/nursing-test-bank/subPages/SuT1noZoNGEjKGR1vTbi/nestedSubPages/zMFBI0XMiRsJnnXWhL5S/topics/4xNDZPMszSkpgRfEsOck/quizzes/4se4MhGFbIyvCbnznX8G","Med Surg Regular Proctored Exam Practice Questions | NursingMocks","Practice with 60 questions from Med Surg Regular Proctored Exam Practice Questions.","https://www.nursingmocks.com/med-surg-regular-proctored-exam-practice-questions","https://www.nursingmocks.com/med-surg-regular-proctored-exam-practice-questions","false","true","runtime-generated","0",""
"MY3RSAbMTrpA9nwG6ptj","quiz","maternity-pediatrics-nursing-proctored-exam-viterbo-university-practice-questions","maternity-pediatrics-nursing-proctored-exam-viterbo-university-practice-questions","pillarPages/nursing-test-bank/subPages/SuT1noZoNGEjKGR1vTbi/nestedSubPages/zMFBI0XMiRsJnnXWhL5S/topics/Hwspg6smTqrELsoRSNmc/quizzes/OhtUUM7qldLmWTgTA9nA","Maternity Pediatrics Nursing Proctored Exam (Viterbo University) Practice Questions | NursingMocks","Practice with 72 questions from Maternity Pediatrics Nursing Proctored Exam (Viterbo University) Practice Questions.","https://www.nursingmocks.com/maternity-pediatrics-nursing-proctored-exam-viterbo-university-practice-questions","https://www.nursingmocks.com/maternity-pediatrics-nursing-proctored-exam-viterbo-university-practice-questions","false","true","runtime-generated","0",""
"MYu133frT924dwqQLqqS","quiz","non-parental-safe-medication-quiz-proctored-exam-practice-questions","non-parental-safe-medication-quiz-proctored-exam-practice-questions","pillarPages/nursing-test-bank/subPages/SuT1noZoNGEjKGR1vTbi/nestedSubPages/zMFBI0XMiRsJnnXWhL5S/topics/stnDIFRoA0VwLaoxbGv1/quizzes/SDlLy8g0kE7PeH8ePPUF","Non Parental Safe Medication Quiz Proctored Exam Practice Questions | NursingMocks","Practice with 15 questions from Non Parental Safe Medication Quiz Proctored Exam Practice Questions.","https://www.nursingmocks.com/non-parental-safe-medication-quiz-proctored-exam-practice-questions","https://www.nursingmocks.com/non-parental-safe-medication-quiz-proctored-exam-practice-questions","false","true","runtime-generated","0",""
"MbA5LenvcR1vdiy4lP9A","quiz","hesi-rn-dosage-calculation-wgu-proctored-exam-practice-questions","hesi-rn-dosage-calculation-wgu-proctored-exam-practice-questions","pillarPages/nursing-test-bank/subPages/SuT1noZoNGEjKGR1vTbi/nestedSubPages/iT55qp9NAFOvZLBAiQzC/topics/dfRlrdGOvpDhVVXIqa0H/quizzes/41W9jpEeZxMQyMGRZ9Lg","HESI RN Dosage Calculation WGU Proctored Exam Practice Questions | NursingMocks","Practice with 56 questions from HESI RN Dosage Calculation WGU Proctored Exam Practice Questions.","https://www.nursingmocks.com/hesi-rn-dosage-calculation-wgu-proctored-exam-practice-questions","https://www.nursingmocks.com/hesi-rn-dosage-calculation-wgu-proctored-exam-practice-questions","false","true","runtime-generated","0",""
"MbaYxE0jaoPiRHYIk8cH","quiz","pathopharmocology-proctored-exam-samuel-merit-university-practice-questions","pathopharmocology-proctored-exam-samuel-merit-university-practice-questions","pillarPages/nursing-test-bank/subPages/SuT1noZoNGEjKGR1vTbi/nestedSubPages/zMFBI0XMiRsJnnXWhL5S/topics/qjQzp4HMFByeL1UEKGDd/quizzes/1RggR0iE2n1PtMp0imBW","Pathopharmocology Proctored Exam (Samuel Merit University) Practice Questions | NursingMocks","Practice with 52 questions from Pathopharmocology Proctored Exam (Samuel Merit University) Practice Questions.","https://www.nursingmocks.com/pathopharmocology-proctored-exam-samuel-merit-university-practice-questions","https://www.nursingmocks.com/pathopharmocology-proctored-exam-samuel-merit-university-practice-questions","false","true","runtime-generated","0",""
"MdkAOCJ8SdOwgUKnHWBG","quiz","ati-pn-adult-medical-surgical-2023-iii-proctored-exam-practice-questions","ati-pn-adult-medical-surgical-2023-iii-proctored-exam-practice-questions","pillarPages/nursing-test-bank/subPages/z0xzINtS3EohZNaKosBz/nestedSubPages/lyrHg4RBzN6UafuymMFT/topics/NywbGW22YNeZSM3kuwKk/quizzes/7xrGrX1lADoYQIUzjYaE","ATI PN Adult Medical Surgical 2023 III Proctored Exam Practice Questions | NursingMocks","Practice with 83 questions from ATI PN Adult Medical Surgical 2023 III Proctored Exam Practice Questions.","https://www.nursingmocks.com/ati-pn-adult-medical-surgical-2023-iii-proctored-exam-practice-questions","https://www.nursingmocks.com/ati-pn-adult-medical-surgical-2023-iii-proctored-exam-practice-questions","false","true","runtime-generated","0",""
"Menw6v9qpXI93Nitirot","quiz","hesi-rn-health-assessment-proctored-exam-retest-practice-questions","hesi-rn-health-assessment-proctored-exam-retest-practice-questions","pillarPages/nursing-test-bank/subPages/SuT1noZoNGEjKGR1vTbi/nestedSubPages/iT55qp9NAFOvZLBAiQzC/topics/0zSu4efsFf1RPT4W2Xjn/quizzes/ISjx1BUuiOZcQStLDUUT","HESI RN Health Assessment Proctored Exam (Retest) Practice Questions | NursingMocks","Practice with 58 questions from HESI RN Health Assessment Proctored Exam (Retest) Practice Questions.","https://www.nursingmocks.com/hesi-rn-health-assessment-proctored-exam-retest-practice-questions","https://www.nursingmocks.com/hesi-rn-health-assessment-proctored-exam-retest-practice-questions","false","true","runtime-generated","0",""
"MfyJvdwNBPAmRsaqUT2a","quiz","fundamentals-proctored-exam-practice-questions-set-3","fundamentals-proctored-exam-practice-questions-set-3","pillarPages/nursing-test-bank/subPages/SuT1noZoNGEjKGR1vTbi/nestedSubPages/zMFBI0XMiRsJnnXWhL5S/topics/sBc3Ee7TKg33PIbmj4Hb/quizzes/I0dIn2G9k4KeiLujT9U9","Fundamentals Proctored Exam Practice Questions - Set 3 | NursingMocks","Practice with 49 questions from Fundamentals Proctored Exam Practice Questions - Set 3.","https://www.nursingmocks.com/fundamentals-proctored-exam-practice-questions-set-3","https://www.nursingmocks.com/fundamentals-proctored-exam-practice-questions-set-3","false","true","runtime-generated","0",""
"Mj2wUi2r4EhoqLPQLqcQ","quiz","ati-pn-fundamentals-proctored-exam-practice-questions-set-30","ati-pn-fundamentals-proctored-exam-practice-questions-set-30","pillarPages/nursing-test-bank/subPages/z0xzINtS3EohZNaKosBz/nestedSubPages/lyrHg4RBzN6UafuymMFT/topics/1Lb0PkKiTEM2wQOIMDtv/quizzes/1BzcBPnKcELBeHI4oKg8","ATI PN Fundamentals Proctored Exam Practice Questions - Set 30 | NursingMocks","Practice with 68 questions from ATI PN Fundamentals Proctored Exam Practice Questions - Set 30.","https://www.nursingmocks.com/ati-pn-fundamentals-proctored-exam-practice-questions-set-30","https://www.nursingmocks.com/ati-pn-fundamentals-proctored-exam-practice-questions-set-30","false","true","runtime-generated","0",""
"MlIbIHRz1lieOBSXtimq","quiz","ati-pn-fundamentals-test-ch-789-caole-proctored-exam-practice-questions","ati-pn-fundamentals-test-ch-789-caole-proctored-exam-practice-questions","pillarPages/nursing-test-bank/subPages/z0xzINtS3EohZNaKosBz/nestedSubPages/lyrHg4RBzN6UafuymMFT/topics/1Lb0PkKiTEM2wQOIMDtv/quizzes/GI7EbXV8njb58zKwjCHn","ATI PN Fundamentals Test Ch 789 Caole Proctored Exam Practice Questions | NursingMocks","Practice with 50 questions from ATI PN Fundamentals Test Ch 789 Caole Proctored Exam Practice Questions.","https://www.nursingmocks.com/ati-pn-fundamentals-test-ch-789-caole-proctored-exam-practice-questions","https://www.nursingmocks.com/ati-pn-fundamentals-test-ch-789-caole-proctored-exam-practice-questions","false","true","runtime-generated","0",""
"MpQtG3IQLUUZhng5OIcY","quiz","maternity-proctored-exam-samuel-merit-university-practice-questions-set-11","maternity-proctored-exam-samuel-merit-university-practice-questions-set-11","pillarPages/nursing-test-bank/subPages/SuT1noZoNGEjKGR1vTbi/nestedSubPages/zMFBI0XMiRsJnnXWhL5S/topics/stnDIFRoA0VwLaoxbGv1/quizzes/kAX4ONhMe5LDHGFpvQXe","Maternity Proctored Exam (Samuel Merit University) Practice Questions - Set 11 | NursingMocks","Practice with 49 questions from Maternity Proctored Exam (Samuel Merit University) Practice Questions - Set 11.","https://www.nursingmocks.com/maternity-proctored-exam-samuel-merit-university-practice-questions-set-11","https://www.nursingmocks.com/maternity-proctored-exam-samuel-merit-university-practice-questions-set-11","false","true","runtime-generated","0",""
"MtgHTxwzILtGHMozcOy1","quiz","nur-114-dosage-calculation-proctored-exam-practice-questions","nur-114-dosage-calculation-proctored-exam-practice-questions","pillarPages/nursing-test-bank/subPages/SuT1noZoNGEjKGR1vTbi/nestedSubPages/zMFBI0XMiRsJnnXWhL5S/topics/GXrH3QXIidtKg5Jx0ly4/quizzes/uBM2uRBtxFXMDz6WTfVB","NUR 114 Dosage Calculation Proctored Exam Practice Questions | NursingMocks","Practice with 30 questions from NUR 114 Dosage Calculation Proctored Exam Practice Questions.","https://www.nursingmocks.com/nur-114-dosage-calculation-proctored-exam-practice-questions","https://www.nursingmocks.com/nur-114-dosage-calculation-proctored-exam-practice-questions","false","true","runtime-generated","0",""
"Mx47EyAEg3Y8Nbg3NntK","quiz","rn-comprehensive-predictor-2023-proctored-exam-form-4","rn-comprehensive-predictor-2023-proctored-exam-form-4","pillarPages/nursing-exit-exam/subPages/S4vSoa5bxDgZ1L5kLOJe/nestedSubPages/QsMAv9L9bzYoFjgdfKgH/quizzes/u0ku2YOVWhMXMxFL3BCd","RN Comprehensive Predictor 2023 Proctored Exam Form 4 | NursingMocks","RN Comprehensive Predictor 2023 Proctored Exam Form 4 practice questions and answers for Nursing Exit Exam review.","https://www.nursingmocks.com/rn-comprehensive-predictor-2023-proctored-exam-form-4","https://www.nursingmocks.com/rn-comprehensive-predictor-2023-proctored-exam-form-4","false","true","runtime-generated","0",""
"Mz9Ut5ZHj6ADPHqWjFGE","quiz","hesi-rn-pathophisiology-proctored-exam-practice-questions","hesi-rn-pathophisiology-proctored-exam-practice-questions","pillarPages/nursing-test-bank/subPages/SuT1noZoNGEjKGR1vTbi/nestedSubPages/iT55qp9NAFOvZLBAiQzC/topics/BvVKX25piwII9DcZQJSe/quizzes/CNJR8igW64Gic3dPhZ11","HESI RN Pathophisiology Proctored Exam Practice Questions | NursingMocks","Practice with 49 questions from HESI RN Pathophisiology Proctored Exam Practice Questions.","https://www.nursingmocks.com/hesi-rn-pathophisiology-proctored-exam-practice-questions","https://www.nursingmocks.com/hesi-rn-pathophisiology-proctored-exam-practice-questions","false","true","runtime-generated","0",""
"Mzh9o6VmdVnWvFa1jTjY","quiz","hesi-exit-rn-with-ngn-proctored-exam","hesi-exit-rn-with-ngn-proctored-exam","pillarPages/nursing-exit-exam/subPages/S4vSoa5bxDgZ1L5kLOJe/nestedSubPages/MVHmi7FJbSDlPPz28jh5/quizzes/dXziIZr6Za4QgQUBkAQi","HESI Exit RN With NGN Proctored Exam | NursingMocks","HESI Exit RN With NGN Proctored Exam practice questions and answers for Nursing Exit Exam review.","https://www.nursingmocks.com/hesi-exit-rn-with-ngn-proctored-exam","https://www.nursingmocks.com/hesi-exit-rn-with-ngn-proctored-exam","false","true","runtime-generated","0",""
"N0TowQyz2f1vI3ouSRoN","quiz","ati-pn-anatomy-and-physiology-proctored-exam-practice-questions-set-2","ati-pn-anatomy-and-physiology-proctored-exam-practice-questions-set-2","pillarPages/nursing-test-bank/subPages/z0xzINtS3EohZNaKosBz/nestedSubPages/lyrHg4RBzN6UafuymMFT/topics/j5H2Ra9IgckkioC7vNSj/quizzes/BQt862kmRN23DCkh3PyI","ATI PN Anatomy and Physiology Proctored Exam Practice Questions - Set 2 | NursingMocks","Practice with 46 questions from ATI PN Anatomy and Physiology Proctored Exam Practice Questions - Set 2.","https://www.nursingmocks.com/ati-pn-anatomy-and-physiology-proctored-exam-practice-questions-set-2","https://www.nursingmocks.com/ati-pn-anatomy-and-physiology-proctored-exam-practice-questions-set-2","false","true","runtime-generated","0",""
"N3mqmVT9hEawJLizeCi3","quiz","hesi-rn-maternal-newborn-proctored-exam-practice-questions-set-3","hesi-rn-maternal-newborn-proctored-exam-practice-questions-set-3","pillarPages/nursing-test-bank/subPages/SuT1noZoNGEjKGR1vTbi/nestedSubPages/iT55qp9NAFOvZLBAiQzC/topics/ULDy5qJrNGEhyYIuXZvp/quizzes/VfX9wDChJqGovTWIuR3f","HESI RN Maternal Newborn Proctored Exam Practice Questions - Set 3 | NursingMocks","Practice with 44 questions from HESI RN Maternal Newborn Proctored Exam Practice Questions - Set 3.","https://www.nursingmocks.com/hesi-rn-maternal-newborn-proctored-exam-practice-questions-set-3","https://www.nursingmocks.com/hesi-rn-maternal-newborn-proctored-exam-practice-questions-set-3","false","true","runtime-generated","0",""
"N6Rk2DgW0NLL4XPsgbbS","quiz","maternal-newborn-proctored-exam-practice-questions","maternal-newborn-proctored-exam-practice-questions","pillarPages/nursing-test-bank/subPages/SuT1noZoNGEjKGR1vTbi/nestedSubPages/zMFBI0XMiRsJnnXWhL5S/topics/stnDIFRoA0VwLaoxbGv1/quizzes/iCXgtYgRNK2zgPHiEt04","Maternal Newborn Proctored Exam Practice Questions | NursingMocks","Practice with 30 questions from Maternal Newborn Proctored Exam Practice Questions.","https://www.nursingmocks.com/maternal-newborn-proctored-exam-practice-questions","https://www.nursingmocks.com/maternal-newborn-proctored-exam-practice-questions","false","true","runtime-generated","0",""
"NBGnNSvVOn8dtJMs8P6T","nested","hesi-a2-anatomy-and-physiology-practice-test","hesi-a2-anatomy-and-physiology-practice-test","pillarPages/nursing-entrance-exam/subPages/rdYGUZ9DzFvAmo6EsrVe/nestedSubPages/qwOa8KIVJed4vQNWENTI","Hesi A2 Anatomy and Physiology Practice Test | TeasGurus","Content for Hesi A2 Anatomy and Physiology Practice Test under HESI A2.","https://www.nursingmocks.com/hesi-a2-anatomy-and-physiology-practice-test","https://www.nursingmocks.com/hesi-a2-anatomy-and-physiology-practice-test","true","true","","0",""
"NEmJxyM34vFu2HLoeLp9","quiz","ati-pn-maternal-newborn-2023-proctored-exam-practice-questions-set-9","ati-pn-maternal-newborn-2023-proctored-exam-practice-questions-set-9","pillarPages/nursing-test-bank/subPages/z0xzINtS3EohZNaKosBz/nestedSubPages/lyrHg4RBzN6UafuymMFT/topics/ZwY2vYN2X4tXEKOv2x6h/quizzes/dMHTlzyIuyJX7CAqVPko","ATI PN Maternal Newborn 2023 Proctored Exam Practice Questions - Set 9 | NursingMocks","Practice with 62 questions from ATI PN Maternal Newborn 2023 Proctored Exam Practice Questions - Set 9.","https://www.nursingmocks.com/ati-pn-maternal-newborn-2023-proctored-exam-practice-questions-set-9","https://www.nursingmocks.com/ati-pn-maternal-newborn-2023-proctored-exam-practice-questions-set-9","false","true","runtime-generated","0",""
"NIsM8L8Y9hUcuqpCYMUT","quiz","nurs-100-fundamentals-swami-test-14-18-23-proctored-exam-practice-questions","nurs-100-fundamentals-swami-test-14-18-23-proctored-exam-practice-questions","pillarPages/nursing-test-bank/subPages/SuT1noZoNGEjKGR1vTbi/nestedSubPages/zMFBI0XMiRsJnnXWhL5S/topics/sBc3Ee7TKg33PIbmj4Hb/quizzes/IbfAMcbnmXUnHs5Q7lDR","NURS 100 Fundamentals Swami Test 14.18.23 Proctored Exam Practice Questions | NursingMocks","Practice with 40 questions from NURS 100 Fundamentals Swami Test 14.18.23 Proctored Exam Practice Questions.","https://www.nursingmocks.com/nurs-100-fundamentals-swami-test-14-18-23-proctored-exam-practice-questions","https://www.nursingmocks.com/nurs-100-fundamentals-swami-test-14-18-23-proctored-exam-practice-questions","false","true","runtime-generated","0",""
"NLrutfHuXfaYLinr60DT","quiz","indiana-university-medical-surgical-nursing-proctored-exam-1-practice-questions","indiana-university-medical-surgical-nursing-proctored-exam-1-practice-questions","pillarPages/nursing-test-bank/subPages/SuT1noZoNGEjKGR1vTbi/nestedSubPages/zMFBI0XMiRsJnnXWhL5S/topics/4xNDZPMszSkpgRfEsOck/quizzes/1HrnnXqjQx5wTl9DHKcB","Indiana University Medical Surgical Nursing Proctored Exam 1 Practice Questions | NursingMocks","Practice with 41 questions from Indiana University Medical Surgical Nursing Proctored Exam 1 Practice Questions.","https://www.nursingmocks.com/indiana-university-medical-surgical-nursing-proctored-exam-1-practice-questions","https://www.nursingmocks.com/indiana-university-medical-surgical-nursing-proctored-exam-1-practice-questions","false","true","runtime-generated","0",""
"NYf6VHQLUxnXT0Bts83Z","topic","rn-nursing-course-leadership-practice-questions","rn-nursing-course-leadership-practice-questions","pillarPages/nursing-test-bank/subPages/SuT1noZoNGEjKGR1vTbi/nestedSubPages/zMFBI0XMiRsJnnXWhL5S/topics/sWcrKSZa84sgLyaVr5Sm","RN Leadership Course Exam Questions | NursingMocks","Practice RN Leadership course exam questions for delegation, prioritization, collaboration, safety, and nursing leadership decisions.","https://www.nursingmocks.com/rn-nursing-course-leadership-practice-questions","https://www.nursingmocks.com/rn-nursing-course-leadership-practice-questions","true","true","","0",""
"NcYdheB325WpOsmpX30W","quiz","ati-pn-med-surg-proctored-exam-perfusion-mobility-practice-questions","ati-pn-med-surg-proctored-exam-perfusion-mobility-practice-questions","pillarPages/nursing-test-bank/subPages/z0xzINtS3EohZNaKosBz/nestedSubPages/lyrHg4RBzN6UafuymMFT/topics/NywbGW22YNeZSM3kuwKk/quizzes/JJNz1h4U624zPaGWYZQ1","ATI PN Med Surg Proctored Exam (Perfusion, Mobility) Practice Questions | NursingMocks","Practice with 40 questions from ATI PN Med Surg Proctored Exam (Perfusion, Mobility) Practice Questions.","https://www.nursingmocks.com/ati-pn-med-surg-proctored-exam-perfusion-mobility-practice-questions","https://www.nursingmocks.com/ati-pn-med-surg-proctored-exam-perfusion-mobility-practice-questions","false","true","runtime-generated","0",""
"NgMvWiO2BEPZFaIXqkvu","quiz","hesi-lpn-exit-exam-iv-proctored-exam","hesi-lpn-exit-exam-iv-proctored-exam","pillarPages/nursing-exit-exam/subPages/nkXaaMfkkbvjmrSRwtVq/nestedSubPages/BH31o1XVf6CrhNvQvfOO/quizzes/loM9ZGTe9mAST7p6WrHc","3-HESI LPN Exit Exam IV Proctored Exam | NursingMocks","Practice nursing exit exam questions and answers for 3-HESI LPN Exit Exam IV Proctored Exam.","https://www.nursingmocks.com/hesi-lpn-exit-exam-iv-proctored-exam","https://www.nursingmocks.com/hesi-lpn-exit-exam-iv-proctored-exam","false","true","runtime-generated","0",""
"Nh4p2bAA7U5OFtMbW7my","quiz","ati-pn-adult-medical-surgical-proctored-exam-2023-practice-questions-set-25","ati-pn-adult-medical-surgical-proctored-exam-2023-practice-questions-set-25","pillarPages/nursing-test-bank/subPages/z0xzINtS3EohZNaKosBz/nestedSubPages/lyrHg4RBzN6UafuymMFT/topics/NywbGW22YNeZSM3kuwKk/quizzes/5UzPbe4Aso7UcswnVW3U","ATI PN Adult Medical Surgical Proctored Exam 2023 Practice Questions - Set 25 | NursingMocks","Practice with 61 questions from ATI PN Adult Medical Surgical Proctored Exam 2023 Practice Questions - Set 25.","https://www.nursingmocks.com/ati-pn-adult-medical-surgical-proctored-exam-2023-practice-questions-set-25","https://www.nursingmocks.com/ati-pn-adult-medical-surgical-proctored-exam-2023-practice-questions-set-25","false","true","runtime-generated","0",""
"NhgOj4uHatTg1RPZCNgE","quiz","ivytech-community-college-med-surg-ii-proctored-exam-practice-questions","ivytech-community-college-med-surg-ii-proctored-exam-practice-questions","pillarPages/nursing-test-bank/subPages/SuT1noZoNGEjKGR1vTbi/nestedSubPages/zMFBI0XMiRsJnnXWhL5S/topics/4xNDZPMszSkpgRfEsOck/quizzes/jkePgEzGiRLNWUzuAQ2K","Ivytech Community College Med Surg II Proctored Exam Practice Questions | NursingMocks","Practice with 36 questions from Ivytech Community College Med Surg II Proctored Exam Practice Questions.","https://www.nursingmocks.com/ivytech-community-college-med-surg-ii-proctored-exam-practice-questions","https://www.nursingmocks.com/ivytech-community-college-med-surg-ii-proctored-exam-practice-questions","false","true","runtime-generated","0",""
"NjJNfJPWXNs4sXajcyIb","nested","hesi-rn-exams","hesi-rn-exams","pillarPages/nursing-test-bank/subPages/SuT1noZoNGEjKGR1vTbi/nestedSubPages/iT55qp9NAFOvZLBAiQzC","HESI RN Exams | NursingMocks","Content for HESI RN Exams under RN Exams.","https://www.nursingmocks.com/hesi-rn-exams","https://www.nursingmocks.com/hesi-rn-exams","true","true","","0",""
"NjUU77BucQz0ABPNGu3K","quiz","teas-math-practice-test-set-6","teas-math-practice-test-set-6","pillarPages/nursing-entrance-exam/subPages/yrdSf0KpOcuybL1SLnw7/nestedSubPages/e9EcRCWTbyKVpyLXUKzd/quizzes/rRulXMeohYgiEAcLmjiZ","ATI TEAS Math Practice Test Set 6 Questions and Answers","Strengthen math skills with ATI TEAS Mathematics Set 6 questions and answers covering Numbers and Algebra and Measurement and Data, with focus on fractions, ratios, equations, and data interpretation.","https://www.nursingmocks.com/teas-math-practice-test-set-6","https://www.nursingmocks.com/teas-math-practice-test-set-6","true","true","","0",""
"Nz8bgE3D6IToAJuQ8w3w","quiz","rn-fundamentals-2023-proctored-exam-practice-questions","rn-fundamentals-2023-proctored-exam-practice-questions","pillarPages/nursing-test-bank/subPages/SuT1noZoNGEjKGR1vTbi/nestedSubPages/zMFBI0XMiRsJnnXWhL5S/topics/sBc3Ee7TKg33PIbmj4Hb/quizzes/yLsgboK4MMWuklFkp0Ex","RN Fundamentals 2023 Proctored Exam Practice Questions | NursingMocks","Practice with 54 questions from RN Fundamentals 2023 Proctored Exam Practice Questions.","https://www.nursingmocks.com/rn-fundamentals-2023-proctored-exam-practice-questions","https://www.nursingmocks.com/rn-fundamentals-2023-proctored-exam-practice-questions","false","true","runtime-generated","0",""
"NzxzZYlJjlyNtkVCnZzM","quiz","nace-care-of-the-childbearing-family-proctored-exam-practice-questions","nace-care-of-the-childbearing-family-proctored-exam-practice-questions","pillarPages/nursing-test-bank/subPages/SuT1noZoNGEjKGR1vTbi/nestedSubPages/zMFBI0XMiRsJnnXWhL5S/topics/stnDIFRoA0VwLaoxbGv1/quizzes/WUbt9YGrrWPP1IxNhPno","NACE Care of the Childbearing Family Proctored Exam Practice Questions | NursingMocks","Practice with 95 questions from NACE Care of the Childbearing Family Proctored Exam Practice Questions.","https://www.nursingmocks.com/nace-care-of-the-childbearing-family-proctored-exam-practice-questions","https://www.nursingmocks.com/nace-care-of-the-childbearing-family-proctored-exam-practice-questions","false","true","runtime-generated","0",""
"OGYMPlj93CNPDLulZT50","quiz","dosage-calculation-pn-maternal-newborn-assessment-3-2-proctored-exam-practice-questions","dosage-calculation-pn-maternal-newborn-assessment-3-2-proctored-exam-practice-questions","pillarPages/nursing-test-bank/subPages/z0xzINtS3EohZNaKosBz/nestedSubPages/3K3wv7IGcDcXvSNM9Kxm/topics/0HON8THyW0E7BoW1rSm1/quizzes/cpGHIoxoDi6Gf9JEe63k","Dosage Calculation PN Maternal Newborn Assessment 3.2 Proctored Exam Practice Questions | NursingMocks","Practice with 34 questions from Dosage Calculation PN Maternal Newborn Assessment 3.2 Proctored Exam Practice Questions.","https://www.nursingmocks.com/dosage-calculation-pn-maternal-newborn-assessment-3-2-proctored-exam-practice-questions","https://www.nursingmocks.com/dosage-calculation-pn-maternal-newborn-assessment-3-2-proctored-exam-practice-questions","false","true","runtime-generated","0",""
"OGsOL27uPeNwfC0qIoUP","quiz","ati-pn-anatomy-physiology-proctored-exam-practice-questions","ati-pn-anatomy-physiology-proctored-exam-practice-questions","pillarPages/nursing-test-bank/subPages/z0xzINtS3EohZNaKosBz/nestedSubPages/lyrHg4RBzN6UafuymMFT/topics/j5H2Ra9IgckkioC7vNSj/quizzes/EkuZ9esKxczPnxpYJ2HZ","ATI PN Anatomy Physiology Proctored Exam Practice Questions | NursingMocks","Practice with 43 questions from ATI PN Anatomy Physiology Proctored Exam Practice Questions.","https://www.nursingmocks.com/ati-pn-anatomy-physiology-proctored-exam-practice-questions","https://www.nursingmocks.com/ati-pn-anatomy-physiology-proctored-exam-practice-questions","false","true","runtime-generated","0",""
"OJLdOtiwdDSYPxgoAclr","quiz","ati-pn-mental-health-proctored-exam-practice-questions-set-2","ati-pn-mental-health-proctored-exam-practice-questions-set-2","pillarPages/nursing-test-bank/subPages/z0xzINtS3EohZNaKosBz/nestedSubPages/lyrHg4RBzN6UafuymMFT/topics/6i5h4wWlOfz4R8huNTkC/quizzes/dUh2HpoMmmz9AkeiPvna","ATI PN Mental Health Proctored Exam Practice Questions - Set 2 | NursingMocks","Practice with 75 questions from ATI PN Mental Health Proctored Exam Practice Questions - Set 2.","https://www.nursingmocks.com/ati-pn-mental-health-proctored-exam-practice-questions-set-2","https://www.nursingmocks.com/ati-pn-mental-health-proctored-exam-practice-questions-set-2","false","true","runtime-generated","0",""
"OZLs5xV7iSyHLCEgVo9x","quiz","rn-adult-medical-surgical-2019-proctored-exam-4-practice-questions","rn-adult-medical-surgical-2019-proctored-exam-4-practice-questions","pillarPages/nursing-test-bank/subPages/SuT1noZoNGEjKGR1vTbi/nestedSubPages/zMFBI0XMiRsJnnXWhL5S/topics/4xNDZPMszSkpgRfEsOck/quizzes/4uyPbfy1Zv0WdUj0PVfc","RN Adult Medical Surgical 2019 Proctored Exam 4 Practice Questions | NursingMocks","Practice with 63 questions from RN Adult Medical Surgical 2019 Proctored Exam 4 Practice Questions.","https://www.nursingmocks.com/rn-adult-medical-surgical-2019-proctored-exam-4-practice-questions","https://www.nursingmocks.com/rn-adult-medical-surgical-2019-proctored-exam-4-practice-questions","false","true","runtime-generated","0",""
"Oa80wD6WzHbVBGqq31FR","quiz","rn-mental-health-2019-with-ngn-proctored-exam-practice-questions","rn-mental-health-2019-with-ngn-proctored-exam-practice-questions","pillarPages/nursing-test-bank/subPages/SuT1noZoNGEjKGR1vTbi/nestedSubPages/zMFBI0XMiRsJnnXWhL5S/topics/dwj41dVBiWR9v4FRpKhC/quizzes/MJvJDtKGfrbVrqoAxLTu","RN Mental Health 2019 with NGN Proctored Exam Practice Questions | NursingMocks","Practice with 69 questions from RN Mental Health 2019 with NGN Proctored Exam Practice Questions.","https://www.nursingmocks.com/rn-mental-health-2019-with-ngn-proctored-exam-practice-questions","https://www.nursingmocks.com/rn-mental-health-2019-with-ngn-proctored-exam-practice-questions","false","true","runtime-generated","0",""
"OcQucdQ92ahydesa6iK4","quiz","teas-reading-practice-test-set-12","teas-reading-practice-test-set-12","pillarPages/nursing-entrance-exam/subPages/yrdSf0KpOcuybL1SLnw7/nestedSubPages/2JIZgWhm9jUkoNFmkY7R/quizzes/5NTvfpVOtE5a560DsykQ","ATI TEAS Reading Practice Test Set 12 Questions and Answers","Build confidence with ATI TEAS Reading Set 12 questions and answers covering Key Ideas and Details, Craft and Structure, and Integration of Knowledge and Ideas, with focus on central ideas, supporting evidence, and relationships between ideas.","https://www.nursingmocks.com/teas-reading-practice-test-set-12","https://www.nursingmocks.com/teas-reading-practice-test-set-12","true","true","","0",""
"OdQUAAZnqLOX4WzGj2sU","quiz","nur-404w-maternity-examplify-proctored-exam-practice-questions","nur-404w-maternity-examplify-proctored-exam-practice-questions","pillarPages/nursing-test-bank/subPages/SuT1noZoNGEjKGR1vTbi/nestedSubPages/zMFBI0XMiRsJnnXWhL5S/topics/stnDIFRoA0VwLaoxbGv1/quizzes/9HKqYcvxYJjfQYhIea5o","NUR 404W Maternity Examplify Proctored Exam Practice Questions | NursingMocks","Practice with 50 questions from NUR 404W Maternity Examplify Proctored Exam Practice Questions.","https://www.nursingmocks.com/nur-404w-maternity-examplify-proctored-exam-practice-questions","https://www.nursingmocks.com/nur-404w-maternity-examplify-proctored-exam-practice-questions","false","true","runtime-generated","0",""
"OfspbPBM9pBl788KoUUp","quiz","ati-pn-dosage-calculation-pn-fundamentals-proctored-assessment-3-2-practice-questions","ati-pn-dosage-calculation-pn-fundamentals-proctored-assessment-3-2-practice-questions","pillarPages/nursing-test-bank/subPages/z0xzINtS3EohZNaKosBz/nestedSubPages/lyrHg4RBzN6UafuymMFT/topics/NHgx9LFXpsLVcFjsOujF/quizzes/20vGitbt3DQxkFlyzvZH","ATI PN Dosage Calculation PN Fundamentals Proctored Assessment 3.2 Practice Questions | NursingMocks","Practice with 35 questions from ATI PN Dosage Calculation PN Fundamentals Proctored Assessment 3.2 Practice Questions.","https://www.nursingmocks.com/ati-pn-dosage-calculation-pn-fundamentals-proctored-assessment-3-2-practice-questions","https://www.nursingmocks.com/ati-pn-dosage-calculation-pn-fundamentals-proctored-assessment-3-2-practice-questions","false","true","runtime-generated","0",""
"Oiqv4onyesuQGk2VDHKY","quiz","nurs-326-med-surg-proctored-exam-roseman-university-examplify-practice-questions","nurs-326-med-surg-proctored-exam-roseman-university-examplify-practice-questions","pillarPages/nursing-test-bank/subPages/SuT1noZoNGEjKGR1vTbi/nestedSubPages/zMFBI0XMiRsJnnXWhL5S/topics/4xNDZPMszSkpgRfEsOck/quizzes/WSYkeX7vCnhie7EdaAHc","NURS 326 Med Surg Proctored Exam (Roseman University, Examplify) Practice Questions | NursingMocks","Practice with 54 questions from NURS 326 Med Surg Proctored Exam (Roseman University, Examplify) Practice Questions.","https://www.nursingmocks.com/nurs-326-med-surg-proctored-exam-roseman-university-examplify-practice-questions","https://www.nursingmocks.com/nurs-326-med-surg-proctored-exam-roseman-university-examplify-practice-questions","false","true","runtime-generated","0",""
"Omr5WHecEnGgkWfT4ik9","quiz","health-assessment-proctored-exam-samuel-merit-university-practice-questions","health-assessment-proctored-exam-samuel-merit-university-practice-questions","pillarPages/nursing-test-bank/subPages/SuT1noZoNGEjKGR1vTbi/nestedSubPages/zMFBI0XMiRsJnnXWhL5S/topics/XQlgh9zsLrRK6vilmJPA/quizzes/Dqs3aisYn3RXuQpLzafU","Health Assessment Proctored Exam (Samuel Merit University) Practice Questions | NursingMocks","Practice with 46 questions from Health Assessment Proctored Exam (Samuel Merit University) Practice Questions.","https://www.nursingmocks.com/health-assessment-proctored-exam-samuel-merit-university-practice-questions","https://www.nursingmocks.com/health-assessment-proctored-exam-samuel-merit-university-practice-questions","false","true","runtime-generated","0",""
"OoNmkCr5P3T8fDJ6hcn1","quiz","nur-304-med-surg-proctored-exam-examplify-mchps-practice-questions","nur-304-med-surg-proctored-exam-examplify-mchps-practice-questions","pillarPages/nursing-test-bank/subPages/SuT1noZoNGEjKGR1vTbi/nestedSubPages/zMFBI0XMiRsJnnXWhL5S/topics/4xNDZPMszSkpgRfEsOck/quizzes/9hUVDYUNECuIT0OC3iK9","NUR 304 Med Surg Proctored Exam (Examplify Mchps) Practice Questions | NursingMocks","Practice with 43 questions from NUR 304 Med Surg Proctored Exam (Examplify Mchps) Practice Questions.","https://www.nursingmocks.com/nur-304-med-surg-proctored-exam-examplify-mchps-practice-questions","https://www.nursingmocks.com/nur-304-med-surg-proctored-exam-examplify-mchps-practice-questions","false","true","runtime-generated","0",""
"OvLEH42mcFkejrhDKkjk","quiz","dosage-calculation-rn-maternal-newborn-proctored-assessment-3-2-practice-questions","dosage-calculation-rn-maternal-newborn-proctored-assessment-3-2-practice-questions","pillarPages/nursing-test-bank/subPages/SuT1noZoNGEjKGR1vTbi/nestedSubPages/zMFBI0XMiRsJnnXWhL5S/topics/GXrH3QXIidtKg5Jx0ly4/quizzes/yIpScNyHvbc8iyYqqtUc","Dosage Calculation RN Maternal Newborn Proctored Assessment 3.2 Practice Questions | NursingMocks","Practice with 34 questions from Dosage Calculation RN Maternal Newborn Proctored Assessment 3.2 Practice Questions.","https://www.nursingmocks.com/dosage-calculation-rn-maternal-newborn-proctored-assessment-3-2-practice-questions","https://www.nursingmocks.com/dosage-calculation-rn-maternal-newborn-proctored-assessment-3-2-practice-questions","false","true","runtime-generated","0",""
"P0D1ohDDHkKWWbnUkEzi","quiz","hesi-rn-adult-health-proctored-exam-practice-questions-set-8","hesi-rn-adult-health-proctored-exam-practice-questions-set-8","pillarPages/nursing-test-bank/subPages/SuT1noZoNGEjKGR1vTbi/nestedSubPages/iT55qp9NAFOvZLBAiQzC/topics/n2FK9jdRFYQvHbryoAbl/quizzes/J8G9P7ngjYS9XTUaQoTb","HESI RN Adult Health Proctored Exam Practice Questions - Set 8 | NursingMocks","Practice with 57 questions from HESI RN Adult Health Proctored Exam Practice Questions - Set 8.","https://www.nursingmocks.com/hesi-rn-adult-health-proctored-exam-practice-questions-set-8","https://www.nursingmocks.com/hesi-rn-adult-health-proctored-exam-practice-questions-set-8","false","true","runtime-generated","0",""
"P113YPKTx5cAOVi9CP5g","topic","hesi-rn-community-health-practice-questions","hesi-rn-community-health-practice-questions","pillarPages/nursing-test-bank/subPages/SuT1noZoNGEjKGR1vTbi/nestedSubPages/iT55qp9NAFOvZLBAiQzC/topics/KMxUPDNscYEZBOVA2kMH","HESI RN Community Health Questions | NursingMocks","Review HESI RN Community Health questions for public health, epidemiology, prevention, health promotion, and community nursing.","https://www.nursingmocks.com/hesi-rn-community-health-practice-questions","https://www.nursingmocks.com/hesi-rn-community-health-practice-questions","true","true","","0",""
"P5rwdZB6Y9W6b1xGNNoH","quiz","dosage-calculation-rn-maternal-newborn-proctored-assessment-3-1-practice-questions","dosage-calculation-rn-maternal-newborn-proctored-assessment-3-1-practice-questions","pillarPages/nursing-test-bank/subPages/SuT1noZoNGEjKGR1vTbi/nestedSubPages/zMFBI0XMiRsJnnXWhL5S/topics/GXrH3QXIidtKg5Jx0ly4/quizzes/iO3RmC9uNSX8I4HBWTL7","Dosage Calculation RN Maternal Newborn Proctored Assessment 3.1 Practice Questions | NursingMocks","Practice with 37 questions from Dosage Calculation RN Maternal Newborn Proctored Assessment 3.1 Practice Questions.","https://www.nursingmocks.com/dosage-calculation-rn-maternal-newborn-proctored-assessment-3-1-practice-questions","https://www.nursingmocks.com/dosage-calculation-rn-maternal-newborn-proctored-assessment-3-1-practice-questions","false","true","runtime-generated","0",""
"P8qgdjB6zqtvRDD5RWPz","quiz","fundamentals-proctored-exam-practice-questions-set-11","fundamentals-proctored-exam-practice-questions-set-11","pillarPages/nursing-test-bank/subPages/SuT1noZoNGEjKGR1vTbi/nestedSubPages/zMFBI0XMiRsJnnXWhL5S/topics/sBc3Ee7TKg33PIbmj4Hb/quizzes/EZqIxBb43YASudOzfHC8","Fundamentals Proctored Exam Practice Questions - Set 11 | NursingMocks","Practice with 46 questions from Fundamentals Proctored Exam Practice Questions - Set 11.","https://www.nursingmocks.com/fundamentals-proctored-exam-practice-questions-set-11","https://www.nursingmocks.com/fundamentals-proctored-exam-practice-questions-set-11","false","true","runtime-generated","0",""
"PFKoVRx0o1lvNnV73ezv","quiz","hesi-rn-pharmacology-proctored-exam-2-practice-questions","hesi-rn-pharmacology-proctored-exam-2-practice-questions","pillarPages/nursing-test-bank/subPages/SuT1noZoNGEjKGR1vTbi/nestedSubPages/iT55qp9NAFOvZLBAiQzC/topics/l1kSgSxIYg2SRUN8aWqE/quizzes/Aa85bCPVVatc7XdHzpeL","HESI RN Pharmacology Proctored Exam 2 Practice Questions | NursingMocks","Practice with 36 questions from HESI RN Pharmacology Proctored Exam 2 Practice Questions.","https://www.nursingmocks.com/hesi-rn-pharmacology-proctored-exam-2-practice-questions","https://www.nursingmocks.com/hesi-rn-pharmacology-proctored-exam-2-practice-questions","false","true","runtime-generated","0",""
"PJlPBOLwjoNqgjgTsZqZ","quiz","hesi-rn-health-assessment-proctored-exam-practice-questions-set-12","hesi-rn-health-assessment-proctored-exam-practice-questions-set-12","pillarPages/nursing-test-bank/subPages/SuT1noZoNGEjKGR1vTbi/nestedSubPages/iT55qp9NAFOvZLBAiQzC/topics/0zSu4efsFf1RPT4W2Xjn/quizzes/HaaCQJVhg85l6RYP04GK","HESI RN Health Assessment Proctored Exam Practice Questions - Set 12 | NursingMocks","Practice with 58 questions from HESI RN Health Assessment Proctored Exam Practice Questions - Set 12.","https://www.nursingmocks.com/hesi-rn-health-assessment-proctored-exam-practice-questions-set-12","https://www.nursingmocks.com/hesi-rn-health-assessment-proctored-exam-practice-questions-set-12","false","true","runtime-generated","0",""
"PL2LOgAXf6kBC04f2W6f","quiz","fundamentals-of-nursing-practice-proctored-exam-1-practice-questions","fundamentals-of-nursing-practice-proctored-exam-1-practice-questions","pillarPages/nursing-test-bank/subPages/SuT1noZoNGEjKGR1vTbi/nestedSubPages/zMFBI0XMiRsJnnXWhL5S/topics/sBc3Ee7TKg33PIbmj4Hb/quizzes/Ty4dDKEj415V3w6HITOA","Fundamentals of Nursing Practice Proctored Exam 1 Practice Questions | NursingMocks","Practice with 86 questions from Fundamentals of Nursing Practice Proctored Exam 1 Practice Questions.","https://www.nursingmocks.com/fundamentals-of-nursing-practice-proctored-exam-1-practice-questions","https://www.nursingmocks.com/fundamentals-of-nursing-practice-proctored-exam-1-practice-questions","false","true","runtime-generated","0",""
"PQYA1EpKc3BtVEdjJ1CV","quiz","hesi-rn-health-assessment-proctored-exam-practice-questions-set-15","hesi-rn-health-assessment-proctored-exam-practice-questions-set-15","pillarPages/nursing-test-bank/subPages/SuT1noZoNGEjKGR1vTbi/nestedSubPages/iT55qp9NAFOvZLBAiQzC/topics/0zSu4efsFf1RPT4W2Xjn/quizzes/iWDZXv53kM1Yl4aF89hJ","HESI RN Health Assessment Proctored Exam Practice Questions - Set 15 | NursingMocks","Practice with 50 questions from HESI RN Health Assessment Proctored Exam Practice Questions - Set 15.","https://www.nursingmocks.com/hesi-rn-health-assessment-proctored-exam-practice-questions-set-15","https://www.nursingmocks.com/hesi-rn-health-assessment-proctored-exam-practice-questions-set-15","false","true","runtime-generated","0",""
"PQaBhyoY790rdiDuFzWf","quiz","patho-proctored-exam-4-summer-23-practice-questions","patho-proctored-exam-4-summer-23-practice-questions","pillarPages/nursing-test-bank/subPages/SuT1noZoNGEjKGR1vTbi/nestedSubPages/zMFBI0XMiRsJnnXWhL5S/topics/KyUeIK7zxUi2K91H84Bj/quizzes/ydwfZFJZFCRyBblrw9mZ","Patho Proctored Exam 4 Summer 23 Practice Questions | NursingMocks","Practice with 30 questions from Patho Proctored Exam 4 Summer 23 Practice Questions.","https://www.nursingmocks.com/patho-proctored-exam-4-summer-23-practice-questions","https://www.nursingmocks.com/patho-proctored-exam-4-summer-23-practice-questions","false","true","runtime-generated","0",""
"PUuXtxv74F5RhAmCezUl","quiz","ati-pn-fundamentals-2020-with-ngn-proctored-exam-practice-questions","ati-pn-fundamentals-2020-with-ngn-proctored-exam-practice-questions","pillarPages/nursing-test-bank/subPages/z0xzINtS3EohZNaKosBz/nestedSubPages/lyrHg4RBzN6UafuymMFT/topics/1Lb0PkKiTEM2wQOIMDtv/quizzes/c9oW9NYlen4KkGTouwol","ATI PN Fundamentals 2020 with NGN Proctored Exam Practice Questions | NursingMocks","Practice with 41 questions from ATI PN Fundamentals 2020 with NGN Proctored Exam Practice Questions.","https://www.nursingmocks.com/ati-pn-fundamentals-2020-with-ngn-proctored-exam-practice-questions","https://www.nursingmocks.com/ati-pn-fundamentals-2020-with-ngn-proctored-exam-practice-questions","false","true","runtime-generated","0",""
"Pf51OMQ1TWMiSJ4NaQGg","quiz","ati-pn-dosage-calculation-pn-maternal-newborn-proctored-assessment-3-2-practice-questions","ati-pn-dosage-calculation-pn-maternal-newborn-proctored-assessment-3-2-practice-questions","pillarPages/nursing-test-bank/subPages/z0xzINtS3EohZNaKosBz/nestedSubPages/lyrHg4RBzN6UafuymMFT/topics/NHgx9LFXpsLVcFjsOujF/quizzes/27TsqaTixAbnjVSxKE9B","ATI PN Dosage Calculation PN Maternal Newborn Proctored Assessment 3.2 Practice Questions | NursingMocks","Practice with 34 questions from ATI PN Dosage Calculation PN Maternal Newborn Proctored Assessment 3.2 Practice Questions.","https://www.nursingmocks.com/ati-pn-dosage-calculation-pn-maternal-newborn-proctored-assessment-3-2-practice-questions","https://www.nursingmocks.com/ati-pn-dosage-calculation-pn-maternal-newborn-proctored-assessment-3-2-practice-questions","false","true","runtime-generated","0",""
"PgQI0n7YbJHZGzO8wBw3","topic","ati-mental-health-proctored-exam-practice-questions","ati-mental-health-proctored-exam-practice-questions","pillarPages/nursing-test-bank/subPages/SuT1noZoNGEjKGR1vTbi/nestedSubPages/Fnnd4c6ae0Uiurk2KUSc/topics/APcgmC0wCfmDFfXIZdxZ","ATI Mental Health Practice Questions | NursingMocks","Prepare with ATI Mental Health Proctored Exam questions covering therapeutic communication, psychiatric care, medications, and safety.","https://www.nursingmocks.com/ati-mental-health-proctored-exam-practice-questions","https://www.nursingmocks.com/ati-mental-health-proctored-exam-practice-questions","true","true","","0",""
"PqpMOfB5xHFLhdUJ4wWk","quiz","ati-pn-maternal-newborn-proctored-exam-practice-questions-set-2","ati-pn-maternal-newborn-proctored-exam-practice-questions-set-2","pillarPages/nursing-test-bank/subPages/z0xzINtS3EohZNaKosBz/nestedSubPages/lyrHg4RBzN6UafuymMFT/topics/ZwY2vYN2X4tXEKOv2x6h/quizzes/2pISLuROBybQHEYGwydT","ATI PN Maternal Newborn Proctored Exam Practice Questions - Set 2 | NursingMocks","Practice with 55 questions from ATI PN Maternal Newborn Proctored Exam Practice Questions - Set 2.","https://www.nursingmocks.com/ati-pn-maternal-newborn-proctored-exam-practice-questions-set-2","https://www.nursingmocks.com/ati-pn-maternal-newborn-proctored-exam-practice-questions-set-2","false","true","runtime-generated","0",""
"Ptu6Fp2sJE8uHoQEvZPY","topic","rn-nursing-course-microbiology-practice-questions","rn-nursing-course-microbiology-practice-questions","pillarPages/nursing-test-bank/subPages/SuT1noZoNGEjKGR1vTbi/nestedSubPages/zMFBI0XMiRsJnnXWhL5S/topics/9DamWJdFDUGMGLjGeQbF","RN Microbiology Course Exam Questions | NursingMocks","Review RN Microbiology course exam questions for infection, pathogens, immune response, transmission, and nursing precautions.","https://www.nursingmocks.com/rn-nursing-course-microbiology-practice-questions","https://www.nursingmocks.com/rn-nursing-course-microbiology-practice-questions","true","true","","0",""
"Q39BIMMvyUCIGBplEQ7f","quiz","ati-pn-capstone-proctored-comprehensive-assessment-2020-b-practice-questions","ati-pn-capstone-proctored-comprehensive-assessment-2020-b-practice-questions","pillarPages/nursing-test-bank/subPages/z0xzINtS3EohZNaKosBz/nestedSubPages/lyrHg4RBzN6UafuymMFT/topics/AIrzHbC5yDHk6TUjdEeM/quizzes/b9pJEBdPR8XzRpg7wPjU","ATI PN Capstone Proctored Comprehensive Assessment 2020 B Practice Questions | NursingMocks","Practice with 58 questions from ATI PN Capstone Proctored Comprehensive Assessment 2020 B Practice Questions.","https://www.nursingmocks.com/ati-pn-capstone-proctored-comprehensive-assessment-2020-b-practice-questions","https://www.nursingmocks.com/ati-pn-capstone-proctored-comprehensive-assessment-2020-b-practice-questions","false","true","runtime-generated","0",""
"Q5Xbmynyh7vZLeyB8yiX","quiz","hesi-rn-pharmacology-proctored-exam-3-practice-questions","hesi-rn-pharmacology-proctored-exam-3-practice-questions","pillarPages/nursing-test-bank/subPages/SuT1noZoNGEjKGR1vTbi/nestedSubPages/iT55qp9NAFOvZLBAiQzC/topics/l1kSgSxIYg2SRUN8aWqE/quizzes/pq9f4ibhECjJmhWUrEMp","HESI RN Pharmacology Proctored Exam 3 Practice Questions | NursingMocks","Practice with 40 questions from HESI RN Pharmacology Proctored Exam 3 Practice Questions.","https://www.nursingmocks.com/hesi-rn-pharmacology-proctored-exam-3-practice-questions","https://www.nursingmocks.com/hesi-rn-pharmacology-proctored-exam-3-practice-questions","false","true","runtime-generated","0",""
"QHQgpQHrmCLpyKK3F22B","quiz","medical-surgical-nursing-proctored-exam-viterbo-university-practice-questions-set-46","medical-surgical-nursing-proctored-exam-viterbo-university-practice-questions-set-46","pillarPages/nursing-test-bank/subPages/SuT1noZoNGEjKGR1vTbi/nestedSubPages/zMFBI0XMiRsJnnXWhL5S/topics/4xNDZPMszSkpgRfEsOck/quizzes/RTv3X6aWTvNLPz45g8pz","Medical Surgical Nursing Proctored Exam (Viterbo University) Practice Questions - Set 46 | NursingMocks","Practice with 89 questions from Medical Surgical Nursing Proctored Exam (Viterbo University) Practice Questions - Set 46.","https://www.nursingmocks.com/medical-surgical-nursing-proctored-exam-viterbo-university-practice-questions-set-46","https://www.nursingmocks.com/medical-surgical-nursing-proctored-exam-viterbo-university-practice-questions-set-46","false","true","runtime-generated","0",""
"QIP4eoeeaCOcg6eUB02z","quiz","ati-rn-comprehensive-predictor-2023-proctored-exam-form-2","ati-rn-comprehensive-predictor-2023-proctored-exam-form-2","pillarPages/nursing-exit-exam/subPages/S4vSoa5bxDgZ1L5kLOJe/nestedSubPages/QsMAv9L9bzYoFjgdfKgH/quizzes/tvVIOaw6SCI8xOS1oOuO","ATI RN Comprehensive Predictor 2023 Proctored Exam Form 2 | NursingMocks","ATI RN Comprehensive Predictor 2023 Proctored Exam Form 2 practice questions and answers for Nursing Exit Exam review.","https://www.nursingmocks.com/ati-rn-comprehensive-predictor-2023-proctored-exam-form-2","https://www.nursingmocks.com/ati-rn-comprehensive-predictor-2023-proctored-exam-form-2","false","true","runtime-generated","0",""
"QM3CG4tHNNqQEKCwsDbA","topic","hesi-rn-specialty-practice-questions","hesi-rn-specialty-practice-questions","pillarPages/nursing-test-bank/subPages/SuT1noZoNGEjKGR1vTbi/nestedSubPages/iT55qp9NAFOvZLBAiQzC/topics/gx1Mz09EBpIQzjCZZiAo","HESI RN Specialty Questions | NursingMocks","Practice HESI RN Specialty questions for focused nursing specialty review, clinical judgment, and content-area readiness.","https://www.nursingmocks.com/hesi-rn-specialty-practice-questions","https://www.nursingmocks.com/hesi-rn-specialty-practice-questions","true","true","","0",""
"QNGmQOeSf4RJZXDrsZGh","nested","kaplan-admission-practice-test-math","kaplan-admission-practice-test-math","pillarPages/nursing-entrance-exam/subPages/jdJsAeBdy2mJO0kPibeV/nestedSubPages/iVUj9c4WQFuO14UqurOl","Kaplan Admission Practice Test Math | NursingMocks","Content for Kaplan Admission Practice Test Math under Kaplan Admission Test.","https://www.nursingmocks.com/kaplan-admission-practice-test-math","https://www.nursingmocks.com/kaplan-admission-practice-test-math","true","true","","0",""
"QR4ptQyQ0osW5jKdSmxJ","quiz","ati-pn-dosage-calculations-adult-medical-surgical-proctored-assessment-3-1-practice-questions","ati-pn-dosage-calculations-adult-medical-surgical-proctored-assessment-3-1-practice-questions","pillarPages/nursing-test-bank/subPages/z0xzINtS3EohZNaKosBz/nestedSubPages/lyrHg4RBzN6UafuymMFT/topics/NHgx9LFXpsLVcFjsOujF/quizzes/qH3HbT4o6WapzmYCYPxk","ATI PN Dosage Calculations. Adult Medical Surgical Proctored Assessment 3.1 Practice Questions | NursingMocks","Practice with 25 questions from ATI PN Dosage Calculations. Adult Medical Surgical Proctored Assessment 3.1 Practice Questions.","https://www.nursingmocks.com/ati-pn-dosage-calculations-adult-medical-surgical-proctored-assessment-3-1-practice-questions","https://www.nursingmocks.com/ati-pn-dosage-calculations-adult-medical-surgical-proctored-assessment-3-1-practice-questions","false","true","runtime-generated","0",""
"QV7VuEGT9R1mp8AHbGqh","quiz","ati-pn-nursing-leadership-proctored-exam-chapter-5-6-7-practice-questions","ati-pn-nursing-leadership-proctored-exam-chapter-5-6-7-practice-questions","pillarPages/nursing-test-bank/subPages/z0xzINtS3EohZNaKosBz/nestedSubPages/lyrHg4RBzN6UafuymMFT/topics/i0Rf69MPdXLbYTSRdCOW/quizzes/0GxTv8XOKu4rtekw9uMw","ATI PN Nursing Leadership Proctored Exam(Chapter 5,6,7) Practice Questions | NursingMocks","Practice with 50 questions from ATI PN Nursing Leadership Proctored Exam(Chapter 5,6,7) Practice Questions.","https://www.nursingmocks.com/ati-pn-nursing-leadership-proctored-exam-chapter-5-6-7-practice-questions","https://www.nursingmocks.com/ati-pn-nursing-leadership-proctored-exam-chapter-5-6-7-practice-questions","false","true","runtime-generated","0",""
"QZ9Jy7nthAYhPaJTna1W","quiz","ati-pn-pediatrics-nursing-cohort-65-proctored-exam-practice-questions","ati-pn-pediatrics-nursing-cohort-65-proctored-exam-practice-questions","pillarPages/nursing-test-bank/subPages/z0xzINtS3EohZNaKosBz/nestedSubPages/lyrHg4RBzN6UafuymMFT/topics/Y0MhOdG0hGVh8AUsgVrz/quizzes/wE4GXTcn7EHREtaZOrYf","ATI PN Pediatrics Nursing Cohort 65 Proctored Exam Practice Questions | NursingMocks","Practice with 48 questions from ATI PN Pediatrics Nursing Cohort 65 Proctored Exam Practice Questions.","https://www.nursingmocks.com/ati-pn-pediatrics-nursing-cohort-65-proctored-exam-practice-questions","https://www.nursingmocks.com/ati-pn-pediatrics-nursing-cohort-65-proctored-exam-practice-questions","false","true","runtime-generated","0",""
"Qb5uO0AV2rJ70pylUXeY","quiz","teas-math-practice-test-set-13","teas-math-practice-test-set-13","pillarPages/nursing-entrance-exam/subPages/yrdSf0KpOcuybL1SLnw7/nestedSubPages/e9EcRCWTbyKVpyLXUKzd/quizzes/0JtFd1AYoWvYcJtUlxfa","ATI TEAS Math Practice Test Set 13 Questions and Answers","Practice ATI TEAS Mathematics Set 13 questions and answers covering Numbers and Algebra and Measurement and Data, with focus on estimation, measurements, and selecting efficient solution paths.","https://www.nursingmocks.com/teas-math-practice-test-set-13","https://www.nursingmocks.com/teas-math-practice-test-set-13","true","true","","0",""
"QdcvD3HMNlOzABDnGja4","quiz","ati-pn-maternal-newborn-2023-proctored-exam-practice-questions-set-3","ati-pn-maternal-newborn-2023-proctored-exam-practice-questions-set-3","pillarPages/nursing-test-bank/subPages/z0xzINtS3EohZNaKosBz/nestedSubPages/lyrHg4RBzN6UafuymMFT/topics/ZwY2vYN2X4tXEKOv2x6h/quizzes/wwhPYhVvgp3H6fzgUaje","ATI PN Maternal Newborn 2023 Proctored Exam Practice Questions - Set 3 | NursingMocks","Practice with 58 questions from ATI PN Maternal Newborn 2023 Proctored Exam Practice Questions - Set 3.","https://www.nursingmocks.com/ati-pn-maternal-newborn-2023-proctored-exam-practice-questions-set-3","https://www.nursingmocks.com/ati-pn-maternal-newborn-2023-proctored-exam-practice-questions-set-3","false","true","runtime-generated","0",""
"QeRs9iJ6POqUXaBrfots","quiz","ati-pn-medical-surgical-proctored-exam-2023-practice-questions-set-21","ati-pn-medical-surgical-proctored-exam-2023-practice-questions-set-21","pillarPages/nursing-test-bank/subPages/z0xzINtS3EohZNaKosBz/nestedSubPages/lyrHg4RBzN6UafuymMFT/topics/NywbGW22YNeZSM3kuwKk/quizzes/PSUOf5Jme94saqPFlLyB","ATI PN Medical Surgical Proctored Exam 2023 Practice Questions - Set 21 | NursingMocks","Practice with 78 questions from ATI PN Medical Surgical Proctored Exam 2023 Practice Questions - Set 21.","https://www.nursingmocks.com/ati-pn-medical-surgical-proctored-exam-2023-practice-questions-set-21","https://www.nursingmocks.com/ati-pn-medical-surgical-proctored-exam-2023-practice-questions-set-21","false","true","runtime-generated","0",""
"QhlHQnHD8Vs4GZ4pbw20","quiz","hesi-rn-311-pharmacology-proctored-exam-practice-questions","hesi-rn-311-pharmacology-proctored-exam-practice-questions","pillarPages/nursing-test-bank/subPages/SuT1noZoNGEjKGR1vTbi/nestedSubPages/iT55qp9NAFOvZLBAiQzC/topics/l1kSgSxIYg2SRUN8aWqE/quizzes/D08Epnz22yl4JMrF3taj","HESI RN 311 Pharmacology Proctored Exam Practice Questions | NursingMocks","Practice with 41 questions from HESI RN 311 Pharmacology Proctored Exam Practice Questions.","https://www.nursingmocks.com/hesi-rn-311-pharmacology-proctored-exam-practice-questions","https://www.nursingmocks.com/hesi-rn-311-pharmacology-proctored-exam-practice-questions","false","true","runtime-generated","0",""
"QibBZZ36vQfRsomLyxdp","quiz","hesi-rn-health-assesment-proctored-exam-practice-questions","hesi-rn-health-assesment-proctored-exam-practice-questions","pillarPages/nursing-test-bank/subPages/SuT1noZoNGEjKGR1vTbi/nestedSubPages/iT55qp9NAFOvZLBAiQzC/topics/0zSu4efsFf1RPT4W2Xjn/quizzes/TIFtBx2U3StI7ylq6HJK","HESI RN Health Assesment Proctored Exam Practice Questions | NursingMocks","Practice with 52 questions from HESI RN Health Assesment Proctored Exam Practice Questions.","https://www.nursingmocks.com/hesi-rn-health-assesment-proctored-exam-practice-questions","https://www.nursingmocks.com/hesi-rn-health-assesment-proctored-exam-practice-questions","false","true","runtime-generated","0",""
"QmyErKN1KtN3dIU38t6i","quiz","teas-english-practice-test-set-10","teas-english-practice-test-set-10","pillarPages/nursing-entrance-exam/subPages/yrdSf0KpOcuybL1SLnw7/nestedSubPages/ykWIONcheFBJ7ooEl7WK/quizzes/q46KihvoTsR8S2HEvMub","ATI TEAS English Practice Test Set 10 Questions and Answers","Build language skills with ATI TEAS English and Language Usage Set 10 questions and answers covering Conventions of Standard English, Knowledge of Language, and Using Language and Vocabulary to Express Ideas in Writing, with focus on punctuation, agreement, transitions, and effective expression.","https://www.nursingmocks.com/teas-english-practice-test-set-10","https://www.nursingmocks.com/teas-english-practice-test-set-10","true","true","","0",""
"QsjKXwxqUUwyc7lDe76W","quiz","ati-pn-fundamentals-proctored-exam-stress-coping-neuro-practice-questions","ati-pn-fundamentals-proctored-exam-stress-coping-neuro-practice-questions","pillarPages/nursing-test-bank/subPages/z0xzINtS3EohZNaKosBz/nestedSubPages/lyrHg4RBzN6UafuymMFT/topics/1Lb0PkKiTEM2wQOIMDtv/quizzes/K9aKhAOBFieNOKGQQD73","ATI PN Fundamentals Proctored Exam(Stress, Coping, Neuro) Practice Questions | NursingMocks","Practice with 43 questions from ATI PN Fundamentals Proctored Exam(Stress, Coping, Neuro) Practice Questions.","https://www.nursingmocks.com/ati-pn-fundamentals-proctored-exam-stress-coping-neuro-practice-questions","https://www.nursingmocks.com/ati-pn-fundamentals-proctored-exam-stress-coping-neuro-practice-questions","false","true","runtime-generated","0",""
"QwkagAVHHxufYEeROivi","quiz","hesi-rn-nursing-specialty-proctored-exam-practice-questions","hesi-rn-nursing-specialty-proctored-exam-practice-questions","pillarPages/nursing-test-bank/subPages/SuT1noZoNGEjKGR1vTbi/nestedSubPages/iT55qp9NAFOvZLBAiQzC/topics/gx1Mz09EBpIQzjCZZiAo/quizzes/50Vc24eyb5pWydhL8OyE","HESI RN Nursing Specialty Proctored Exam Practice Questions | NursingMocks","Practice with 78 questions from HESI RN Nursing Specialty Proctored Exam Practice Questions.","https://www.nursingmocks.com/hesi-rn-nursing-specialty-proctored-exam-practice-questions","https://www.nursingmocks.com/hesi-rn-nursing-specialty-proctored-exam-practice-questions","false","true","runtime-generated","0",""
"R1RI4jGq7YmJjSvNXBBS","quiz","pediatric-proctored-exam-regular-practice-questions","pediatric-proctored-exam-regular-practice-questions","pillarPages/nursing-test-bank/subPages/SuT1noZoNGEjKGR1vTbi/nestedSubPages/zMFBI0XMiRsJnnXWhL5S/topics/Hwspg6smTqrELsoRSNmc/quizzes/HcbNiXzNRFGufOFHWr5Y","Pediatric Proctored Exam (Regular) Practice Questions | NursingMocks","Practice with 45 questions from Pediatric Proctored Exam (Regular) Practice Questions.","https://www.nursingmocks.com/pediatric-proctored-exam-regular-practice-questions","https://www.nursingmocks.com/pediatric-proctored-exam-regular-practice-questions","false","true","runtime-generated","0",""
"R29UHsTOIji7vqkYULet","quiz","teas-english-practice-test-set-6","teas-english-practice-test-set-6","pillarPages/nursing-entrance-exam/subPages/yrdSf0KpOcuybL1SLnw7/nestedSubPages/ykWIONcheFBJ7ooEl7WK/quizzes/3QnlEkG493V1yvUnCrWJ","ATI TEAS English Practice Test Set 6 Questions and Answers","Strengthen editing skills with ATI TEAS English and Language Usage Set 6 questions and answers covering Conventions of Standard English, Knowledge of Language, and Using Language and Vocabulary to Express Ideas in Writing, with focus on grammar, punctuation, sentence clarity, and word choice.","https://www.nursingmocks.com/teas-english-practice-test-set-6","https://www.nursingmocks.com/teas-english-practice-test-set-6","true","true","","0",""
"R4NNkiHRtf3pCEs3fa6n","quiz","hesi-pn-exit-proctored-exam","hesi-pn-exit-proctored-exam","pillarPages/nursing-exit-exam/subPages/nkXaaMfkkbvjmrSRwtVq/nestedSubPages/BH31o1XVf6CrhNvQvfOO/quizzes/RTNgnHeEmAWXRlcaSinx","HESI PN Exit Proctored Exam | NursingMocks","HESI PN Exit Proctored Exam practice questions and answers for Nursing Exit Exam review.","https://www.nursingmocks.com/hesi-pn-exit-proctored-exam","https://www.nursingmocks.com/hesi-pn-exit-proctored-exam","false","true","runtime-generated","0",""
"R5Sy7FgYo3iKmND7h3nf","quiz","ati-pn-fundamentals-updated-2023-proctored-exam-practice-questions-set-45","ati-pn-fundamentals-updated-2023-proctored-exam-practice-questions-set-45","pillarPages/nursing-test-bank/subPages/z0xzINtS3EohZNaKosBz/nestedSubPages/lyrHg4RBzN6UafuymMFT/topics/1Lb0PkKiTEM2wQOIMDtv/quizzes/04tkBh095f9AeQ2hTlU0","ATI PN Fundamentals Updated 2023 Proctored Exam Practice Questions - Set 45 | NursingMocks","Practice with 41 questions from ATI PN Fundamentals Updated 2023 Proctored Exam Practice Questions - Set 45.","https://www.nursingmocks.com/ati-pn-fundamentals-updated-2023-proctored-exam-practice-questions-set-45","https://www.nursingmocks.com/ati-pn-fundamentals-updated-2023-proctored-exam-practice-questions-set-45","false","true","runtime-generated","0",""
"R645B2XMftOPECJtZnx1","quiz","nu-405-medical-calculations-proctored-exam-practice-questions","nu-405-medical-calculations-proctored-exam-practice-questions","pillarPages/nursing-test-bank/subPages/SuT1noZoNGEjKGR1vTbi/nestedSubPages/zMFBI0XMiRsJnnXWhL5S/topics/GXrH3QXIidtKg5Jx0ly4/quizzes/di4P9BdC6N2E9gFfGhKz","Nu 405 Medical Calculations Proctored Exam Practice Questions | NursingMocks","Practice with 20 questions from Nu 405 Medical Calculations Proctored Exam Practice Questions.","https://www.nursingmocks.com/nu-405-medical-calculations-proctored-exam-practice-questions","https://www.nursingmocks.com/nu-405-medical-calculations-proctored-exam-practice-questions","false","true","runtime-generated","0",""
"R6HIx1iSV5N00nmrnD27","quiz","hesi-rn-wgu-foundation-of-nursing-proctored-exam-practice-questions","hesi-rn-wgu-foundation-of-nursing-proctored-exam-practice-questions","pillarPages/nursing-test-bank/subPages/SuT1noZoNGEjKGR1vTbi/nestedSubPages/iT55qp9NAFOvZLBAiQzC/topics/70YsvvAfpEoWkJ2zO8Vy/quizzes/KYEST79DJtzAqSE595ZR","HESI RN WGU Foundation of Nursing Proctored Exam Practice Questions | NursingMocks","Practice with 68 questions from HESI RN WGU Foundation of Nursing Proctored Exam Practice Questions.","https://www.nursingmocks.com/hesi-rn-wgu-foundation-of-nursing-proctored-exam-practice-questions","https://www.nursingmocks.com/hesi-rn-wgu-foundation-of-nursing-proctored-exam-practice-questions","false","true","runtime-generated","0",""
"R7FjfudXEukDmFLcBzTq","quiz","medical-surgery-proctored-exam-2-practice-questions","medical-surgery-proctored-exam-2-practice-questions","pillarPages/nursing-test-bank/subPages/SuT1noZoNGEjKGR1vTbi/nestedSubPages/zMFBI0XMiRsJnnXWhL5S/topics/4xNDZPMszSkpgRfEsOck/quizzes/VtddcxeKR8gZeGb2Ffx4","Medical Surgery Proctored Exam 2 Practice Questions | NursingMocks","Practice with 43 questions from Medical Surgery Proctored Exam 2 Practice Questions.","https://www.nursingmocks.com/medical-surgery-proctored-exam-2-practice-questions","https://www.nursingmocks.com/medical-surgery-proctored-exam-2-practice-questions","false","true","runtime-generated","0",""
"RHXcJMQSRrsgFPz3mGdj","quiz","fundamental-nursing-2-proctored-exam-practice-questions","fundamental-nursing-2-proctored-exam-practice-questions","pillarPages/nursing-test-bank/subPages/SuT1noZoNGEjKGR1vTbi/nestedSubPages/zMFBI0XMiRsJnnXWhL5S/topics/sBc3Ee7TKg33PIbmj4Hb/quizzes/UZiBBIsn0hiGvTWrRwvZ","Fundamental Nursing 2 Proctored Exam Practice Questions | NursingMocks","Practice with 25 questions from Fundamental Nursing 2 Proctored Exam Practice Questions.","https://www.nursingmocks.com/fundamental-nursing-2-proctored-exam-practice-questions","https://www.nursingmocks.com/fundamental-nursing-2-proctored-exam-practice-questions","false","true","runtime-generated","0",""
"RK7BzYy8jsE7H2sGS4zq","quiz","teas-math-practice-test-set-7","teas-math-practice-test-set-7","pillarPages/nursing-entrance-exam/subPages/yrdSf0KpOcuybL1SLnw7/nestedSubPages/e9EcRCWTbyKVpyLXUKzd/quizzes/gg8CLwVXq1pVrZxqKLMd","ATI TEAS Math Practice Test Set 7 Questions and Answers","Practice ATI TEAS Mathematics Set 7 questions and answers covering Numbers and Algebra and Measurement and Data, with focus on multi-step calculations, measurements, and algebraic reasoning.","https://www.nursingmocks.com/teas-math-practice-test-set-7","https://www.nursingmocks.com/teas-math-practice-test-set-7","true","true","","0",""
"RLCWjUsVZeb1xJ6l80aD","quiz","nur-105-pharmacology-proctored-exam-practice-questions","nur-105-pharmacology-proctored-exam-practice-questions","pillarPages/nursing-test-bank/subPages/SuT1noZoNGEjKGR1vTbi/nestedSubPages/zMFBI0XMiRsJnnXWhL5S/topics/qjQzp4HMFByeL1UEKGDd/quizzes/tZf09MbgqT3Q4Au0WVEp","NUR 105 Pharmacology Proctored Exam Practice Questions | NursingMocks","Practice with 79 questions from NUR 105 Pharmacology Proctored Exam Practice Questions.","https://www.nursingmocks.com/nur-105-pharmacology-proctored-exam-practice-questions","https://www.nursingmocks.com/nur-105-pharmacology-proctored-exam-practice-questions","false","true","runtime-generated","0",""
"RU4wSFahZyxGFUGPA0aT","quiz","medical-surgical-nursing-proctored-exam-viterbo-university-practice-questions-set-44","medical-surgical-nursing-proctored-exam-viterbo-university-practice-questions-set-44","pillarPages/nursing-test-bank/subPages/SuT1noZoNGEjKGR1vTbi/nestedSubPages/zMFBI0XMiRsJnnXWhL5S/topics/4xNDZPMszSkpgRfEsOck/quizzes/PNDHAOBehP5kd2BJBMND","Medical Surgical Nursing Proctored Exam (Viterbo University) Practice Questions - Set 44 | NursingMocks","Practice with 61 questions from Medical Surgical Nursing Proctored Exam (Viterbo University) Practice Questions - Set 44.","https://www.nursingmocks.com/medical-surgical-nursing-proctored-exam-viterbo-university-practice-questions-set-44","https://www.nursingmocks.com/medical-surgical-nursing-proctored-exam-viterbo-university-practice-questions-set-44","false","true","runtime-generated","0",""
"RYzMBKRiScqEcdCxAgef","quiz","hesi-rn-community-health-and-population-proctored-exam-wgu-practice-questions","hesi-rn-community-health-and-population-proctored-exam-wgu-practice-questions","pillarPages/nursing-test-bank/subPages/SuT1noZoNGEjKGR1vTbi/nestedSubPages/iT55qp9NAFOvZLBAiQzC/topics/KMxUPDNscYEZBOVA2kMH/quizzes/WO7zi3jUqvkMqnvBc8ZG","HESI RN Community Health and Population Proctored Exam (WGU) Practice Questions | NursingMocks","Practice with 53 questions from HESI RN Community Health and Population Proctored Exam (WGU) Practice Questions.","https://www.nursingmocks.com/hesi-rn-community-health-and-population-proctored-exam-wgu-practice-questions","https://www.nursingmocks.com/hesi-rn-community-health-and-population-proctored-exam-wgu-practice-questions","false","true","runtime-generated","0",""
"RqpPa2ZMrwdNcfRZLnPG","quiz","ati-pn-fundamentals-proctored-exam-chapter-34-practice-questions","ati-pn-fundamentals-proctored-exam-chapter-34-practice-questions","pillarPages/nursing-test-bank/subPages/z0xzINtS3EohZNaKosBz/nestedSubPages/lyrHg4RBzN6UafuymMFT/topics/1Lb0PkKiTEM2wQOIMDtv/quizzes/uq1dKGEkWhuxqm6IVc2q","ATI PN Fundamentals Proctored Exam Chapter 34 Practice Questions | NursingMocks","Practice with 46 questions from ATI PN Fundamentals Proctored Exam Chapter 34 Practice Questions.","https://www.nursingmocks.com/ati-pn-fundamentals-proctored-exam-chapter-34-practice-questions","https://www.nursingmocks.com/ati-pn-fundamentals-proctored-exam-chapter-34-practice-questions","false","true","runtime-generated","0",""
"RsbhgQliXh9xaWfEzeaZ","quiz","ati-pn-med-surg-level-2-proctored-exam-practice-questions-set-18","ati-pn-med-surg-level-2-proctored-exam-practice-questions-set-18","pillarPages/nursing-test-bank/subPages/z0xzINtS3EohZNaKosBz/nestedSubPages/lyrHg4RBzN6UafuymMFT/topics/NywbGW22YNeZSM3kuwKk/quizzes/OymBEZcoO4Zn83apS0Mz","ATI PN Med Surg Level 2 Proctored Exam Practice Questions - Set 18 | NursingMocks","Practice with 46 questions from ATI PN Med Surg Level 2 Proctored Exam Practice Questions - Set 18.","https://www.nursingmocks.com/ati-pn-med-surg-level-2-proctored-exam-practice-questions-set-18","https://www.nursingmocks.com/ati-pn-med-surg-level-2-proctored-exam-practice-questions-set-18","false","true","runtime-generated","0",""
"RxssQw7fvUDVU6GEQPDw","quiz","hesi-rn-315-pharmacology-proctored-exam-practice-questions","hesi-rn-315-pharmacology-proctored-exam-practice-questions","pillarPages/nursing-test-bank/subPages/SuT1noZoNGEjKGR1vTbi/nestedSubPages/iT55qp9NAFOvZLBAiQzC/topics/l1kSgSxIYg2SRUN8aWqE/quizzes/Qpl3AjZdlXTE5lYbL7Ea","HESI RN 315 Pharmacology Proctored Exam Practice Questions | NursingMocks","Practice with 60 questions from HESI RN 315 Pharmacology Proctored Exam Practice Questions.","https://www.nursingmocks.com/hesi-rn-315-pharmacology-proctored-exam-practice-questions","https://www.nursingmocks.com/hesi-rn-315-pharmacology-proctored-exam-practice-questions","false","true","runtime-generated","0",""
"Ryo0brz4PaXF0lkHryQq","quiz","ati-pn-maternal-newborn-2023-proctored-exam-practice-questions-set-1","ati-pn-maternal-newborn-2023-proctored-exam-practice-questions-set-1","pillarPages/nursing-test-bank/subPages/z0xzINtS3EohZNaKosBz/nestedSubPages/lyrHg4RBzN6UafuymMFT/topics/ZwY2vYN2X4tXEKOv2x6h/quizzes/ECRqRGdgjTT62PogLp3c","ATI PN Maternal Newborn 2023 Proctored Exam Practice Questions - Set 1 | NursingMocks","Practice with 63 questions from ATI PN Maternal Newborn 2023 Proctored Exam Practice Questions - Set 1.","https://www.nursingmocks.com/ati-pn-maternal-newborn-2023-proctored-exam-practice-questions-set-1","https://www.nursingmocks.com/ati-pn-maternal-newborn-2023-proctored-exam-practice-questions-set-1","false","true","runtime-generated","0",""
"S1uMYFnUrAEIr12ZlaZe","quiz","ati-pn-med-surg-proctored-exam-metabolism-hoemastasis-practice-questions","ati-pn-med-surg-proctored-exam-metabolism-hoemastasis-practice-questions","pillarPages/nursing-test-bank/subPages/z0xzINtS3EohZNaKosBz/nestedSubPages/lyrHg4RBzN6UafuymMFT/topics/NywbGW22YNeZSM3kuwKk/quizzes/oMxa208twDr47SGvmVRJ","ATI PN Med Surg Proctored Exam(Metabolism, Hoemastasis) Practice Questions | NursingMocks","Practice with 39 questions from ATI PN Med Surg Proctored Exam(Metabolism, Hoemastasis) Practice Questions.","https://www.nursingmocks.com/ati-pn-med-surg-proctored-exam-metabolism-hoemastasis-practice-questions","https://www.nursingmocks.com/ati-pn-med-surg-proctored-exam-metabolism-hoemastasis-practice-questions","false","true","runtime-generated","0",""
"S5CAbNmH66dYWjNxgU27","quiz","nurs-4341-maternal-newborn-proctored-exam-practice-questions-set-5","nurs-4341-maternal-newborn-proctored-exam-practice-questions-set-5","pillarPages/nursing-test-bank/subPages/SuT1noZoNGEjKGR1vTbi/nestedSubPages/zMFBI0XMiRsJnnXWhL5S/topics/stnDIFRoA0VwLaoxbGv1/quizzes/A7ZoE79f4TVVlU5kJi9b","NURS 4341 Maternal Newborn Proctored Exam Practice Questions - Set 5 | NursingMocks","Practice with 49 questions from NURS 4341 Maternal Newborn Proctored Exam Practice Questions - Set 5.","https://www.nursingmocks.com/nurs-4341-maternal-newborn-proctored-exam-practice-questions-set-5","https://www.nursingmocks.com/nurs-4341-maternal-newborn-proctored-exam-practice-questions-set-5","false","true","runtime-generated","0",""
"SKiNxbiBBrtVJQ8E7757","sub","lpn-exams","lpn-exams","pillarPages/nursing-test-bank/subPages/z0xzINtS3EohZNaKosBz","LPN Exam Practice Test","LPN Exam Practice Test","https://www.nursingmocks.com/lpn-exams","https://www.nursingmocks.com/lpn-exams","true","true","","0",""
"SLBuJKHVzbYL8ybMLVUf","quiz","ati-pn-maternal-newborn-2020-proctored-exam-practice-questions-set-19","ati-pn-maternal-newborn-2020-proctored-exam-practice-questions-set-19","pillarPages/nursing-test-bank/subPages/z0xzINtS3EohZNaKosBz/nestedSubPages/lyrHg4RBzN6UafuymMFT/topics/ZwY2vYN2X4tXEKOv2x6h/quizzes/wgtUsFieAT42tBpHZ3SK","ATI PN Maternal Newborn 2020 Proctored Exam Practice Questions - Set 19 | NursingMocks","Practice with 47 questions from ATI PN Maternal Newborn 2020 Proctored Exam Practice Questions - Set 19.","https://www.nursingmocks.com/ati-pn-maternal-newborn-2020-proctored-exam-practice-questions-set-19","https://www.nursingmocks.com/ati-pn-maternal-newborn-2020-proctored-exam-practice-questions-set-19","false","true","runtime-generated","0",""
"SM0MCDQg1ptXtfFQcTCJ","quiz","teas-science-practice-test-set-15","teas-science-practice-test-set-15","pillarPages/nursing-entrance-exam/subPages/yrdSf0KpOcuybL1SLnw7/nestedSubPages/uJVUx7wiwgxZ5HPJXNkV/quizzes/uMOXcJU1m3JgCidP4eSJ","ATI TEAS Science Practice Test Set 15 Questions and Answers","Study with ATI TEAS Science Set 15 questions and answers covering Human Anatomy and Physiology, Biology, Chemistry, and Scientific Reasoning, with focus on anatomy, physiology, biological processes, and interpreting scientific information.","https://www.nursingmocks.com/teas-science-practice-test-set-15","https://www.nursingmocks.com/teas-science-practice-test-set-15","true","true","","0",""
"SN9aX91XDpATPTNsWpqs","quiz","hesi-a2-math-practice-test-set-4","hesi-a2-math-practice-test-set-4","pillarPages/nursing-entrance-exam/subPages/rdYGUZ9DzFvAmo6EsrVe/nestedSubPages/WCMWPi3ol4wwpJaHF6DH/quizzes/hesi-a2-math-practice-test-set-4","HESI A2 Math Practice Test Set 4","Practice HESI A2 Actual Exam Set 4 - Mathematics questions for HESI A2 preparation.","https://www.nursingmocks.com/hesi-a2-math-practice-test-set-4","https://www.nursingmocks.com/hesi-a2-math-practice-test-set-4","false","true","runtime-generated","0",""
"SP3qiQrhSVeF8WwmIm5k","quiz","ati-pn-pharmacology-n113-proctored-exam-practice-questions","ati-pn-pharmacology-n113-proctored-exam-practice-questions","pillarPages/nursing-test-bank/subPages/z0xzINtS3EohZNaKosBz/nestedSubPages/lyrHg4RBzN6UafuymMFT/topics/13a3GLxldltUqhIxNzkr/quizzes/DhMS8Howm4uIPaPfnLMR","ATI PN Pharmacology N113 Proctored Exam Practice Questions | NursingMocks","Practice with 30 questions from ATI PN Pharmacology N113 Proctored Exam Practice Questions.","https://www.nursingmocks.com/ati-pn-pharmacology-n113-proctored-exam-practice-questions","https://www.nursingmocks.com/ati-pn-pharmacology-n113-proctored-exam-practice-questions","false","true","runtime-generated","0",""
"SWG31OWLluRfHzSyhBub","quiz","fundamentals-proctored-exam-examplify-practice-questions","fundamentals-proctored-exam-examplify-practice-questions","pillarPages/nursing-test-bank/subPages/SuT1noZoNGEjKGR1vTbi/nestedSubPages/zMFBI0XMiRsJnnXWhL5S/topics/sBc3Ee7TKg33PIbmj4Hb/quizzes/whQ9uyvEZiRVoLjAKHEO","Fundamentals Proctored Exam (Examplify) Practice Questions | NursingMocks","Practice with 59 questions from Fundamentals Proctored Exam (Examplify) Practice Questions.","https://www.nursingmocks.com/fundamentals-proctored-exam-examplify-practice-questions","https://www.nursingmocks.com/fundamentals-proctored-exam-examplify-practice-questions","false","true","runtime-generated","0",""
"SYDuxTKT8SXLBiVdAwmV","quiz","hesi-rn-pharmacology-proctored-exam-practice-questions-set-4","hesi-rn-pharmacology-proctored-exam-practice-questions-set-4","pillarPages/nursing-test-bank/subPages/SuT1noZoNGEjKGR1vTbi/nestedSubPages/iT55qp9NAFOvZLBAiQzC/topics/l1kSgSxIYg2SRUN8aWqE/quizzes/kFvSNjsxq3f0sTyKIpER","HESI RN Pharmacology Proctored Exam Practice Questions - Set 4 | NursingMocks","Practice with 56 questions from HESI RN Pharmacology Proctored Exam Practice Questions - Set 4.","https://www.nursingmocks.com/hesi-rn-pharmacology-proctored-exam-practice-questions-set-4","https://www.nursingmocks.com/hesi-rn-pharmacology-proctored-exam-practice-questions-set-4","false","true","runtime-generated","0",""
"SbA47dAbifnS0wbUZSPZ","quiz","dosage-calculation-rn-critical-care-proctored-assessment-3-2-practice-questions","dosage-calculation-rn-critical-care-proctored-assessment-3-2-practice-questions","pillarPages/nursing-test-bank/subPages/SuT1noZoNGEjKGR1vTbi/nestedSubPages/zMFBI0XMiRsJnnXWhL5S/topics/GXrH3QXIidtKg5Jx0ly4/quizzes/hnSW1ooY4uOjaQDZp7Zl","Dosage Calculation RN Critical Care Proctored Assessment 3.2 Practice Questions | NursingMocks","Practice with 35 questions from Dosage Calculation RN Critical Care Proctored Assessment 3.2 Practice Questions.","https://www.nursingmocks.com/dosage-calculation-rn-critical-care-proctored-assessment-3-2-practice-questions","https://www.nursingmocks.com/dosage-calculation-rn-critical-care-proctored-assessment-3-2-practice-questions","false","true","runtime-generated","0",""
"SgqioIqneKPZUTP04A14","quiz","health-and-wellness-proctored-exam-chamberlain-university-examplify-practice-questions","health-and-wellness-proctored-exam-chamberlain-university-examplify-practice-questions","pillarPages/nursing-test-bank/subPages/SuT1noZoNGEjKGR1vTbi/nestedSubPages/zMFBI0XMiRsJnnXWhL5S/topics/XQlgh9zsLrRK6vilmJPA/quizzes/tzAiAFxhTuQLrUhgSp8N","Health and Wellness Proctored Exam (Chamberlain University Examplify) Practice Questions | NursingMocks","Practice with 58 questions from Health and Wellness Proctored Exam (Chamberlain University Examplify) Practice Questions.","https://www.nursingmocks.com/health-and-wellness-proctored-exam-chamberlain-university-examplify-practice-questions","https://www.nursingmocks.com/health-and-wellness-proctored-exam-chamberlain-university-examplify-practice-questions","false","true","runtime-generated","0",""
"Sj6Pi0svj0HNUidI0c0D","topic","rn-nursing-course-critical-care-practice-questions","rn-nursing-course-critical-care-practice-questions","pillarPages/nursing-test-bank/subPages/SuT1noZoNGEjKGR1vTbi/nestedSubPages/zMFBI0XMiRsJnnXWhL5S/topics/ClP0t5MZQ8KQGRehmVDG","RN Critical Care Course Exam Questions | NursingMocks","Practice RN Critical Care course exam questions for acute care, prioritization, hemodynamics, respiratory support, and complex clients.","https://www.nursingmocks.com/rn-nursing-course-critical-care-practice-questions","https://www.nursingmocks.com/rn-nursing-course-critical-care-practice-questions","true","true","","0",""
"SkdOM5F0tHR9jwNuPzRp","quiz","hesi-rn-exit-proctored-exam-form-6","hesi-rn-exit-proctored-exam-form-6","pillarPages/nursing-exit-exam/subPages/S4vSoa5bxDgZ1L5kLOJe/nestedSubPages/MVHmi7FJbSDlPPz28jh5/quizzes/CytguaDnZYmHeG2UG0pm","HESI RN Exit Proctored Exam Form 6 | NursingMocks","HESI RN Exit Proctored Exam Form 6 practice questions and answers for Nursing Exit Exam review.","https://www.nursingmocks.com/hesi-rn-exit-proctored-exam-form-6","https://www.nursingmocks.com/hesi-rn-exit-proctored-exam-form-6","false","true","runtime-generated","0",""
"SmNoibuVBORdTtyT1zEL","quiz","med-surg-final-proctored-exam-ecpi-college-practice-questions","med-surg-final-proctored-exam-ecpi-college-practice-questions","pillarPages/nursing-test-bank/subPages/SuT1noZoNGEjKGR1vTbi/nestedSubPages/zMFBI0XMiRsJnnXWhL5S/topics/4xNDZPMszSkpgRfEsOck/quizzes/FoE905x55NTSrqcoeVH8","Med Surg Final Proctored Exam (Ecpi College) Practice Questions | NursingMocks","Practice with 95 questions from Med Surg Final Proctored Exam (Ecpi College) Practice Questions.","https://www.nursingmocks.com/med-surg-final-proctored-exam-ecpi-college-practice-questions","https://www.nursingmocks.com/med-surg-final-proctored-exam-ecpi-college-practice-questions","false","true","runtime-generated","0",""
"SmYJoxXBSX5s3MJloS35","quiz","ati-pn-mental-health-quiz-proctored-exam-practice-questions-set-19","ati-pn-mental-health-quiz-proctored-exam-practice-questions-set-19","pillarPages/nursing-test-bank/subPages/z0xzINtS3EohZNaKosBz/nestedSubPages/lyrHg4RBzN6UafuymMFT/topics/6i5h4wWlOfz4R8huNTkC/quizzes/azlPQZl6jkNGLIXtXnDc","ATI PN Mental Health Quiz Proctored Exam Practice Questions - Set 19 | NursingMocks","Practice with 26 questions from ATI PN Mental Health Quiz Proctored Exam Practice Questions - Set 19.","https://www.nursingmocks.com/ati-pn-mental-health-quiz-proctored-exam-practice-questions-set-19","https://www.nursingmocks.com/ati-pn-mental-health-quiz-proctored-exam-practice-questions-set-19","false","true","runtime-generated","0",""
"StEfo1B56SFswcPnSAjq","quiz","hesi-rn-dosage-calculation-proctored-exam-practice-questions-set-2","hesi-rn-dosage-calculation-proctored-exam-practice-questions-set-2","pillarPages/nursing-test-bank/subPages/SuT1noZoNGEjKGR1vTbi/nestedSubPages/iT55qp9NAFOvZLBAiQzC/topics/dfRlrdGOvpDhVVXIqa0H/quizzes/rEzixDoU0KmYlFGpEDwo","HESI RN Dosage Calculation Proctored Exam Practice Questions - Set 2 | NursingMocks","Practice with 51 questions from HESI RN Dosage Calculation Proctored Exam Practice Questions - Set 2.","https://www.nursingmocks.com/hesi-rn-dosage-calculation-proctored-exam-practice-questions-set-2","https://www.nursingmocks.com/hesi-rn-dosage-calculation-proctored-exam-practice-questions-set-2","false","true","runtime-generated","0",""
"SvpVSxka726W0BDiTudZ","quiz","maternity-proctored-exam-samuel-merit-university-practice-questions-set-14","maternity-proctored-exam-samuel-merit-university-practice-questions-set-14","pillarPages/nursing-test-bank/subPages/SuT1noZoNGEjKGR1vTbi/nestedSubPages/zMFBI0XMiRsJnnXWhL5S/topics/stnDIFRoA0VwLaoxbGv1/quizzes/oAjBKZnnwLQiHj0d3F7v","Maternity Proctored Exam (Samuel Merit University) Practice Questions - Set 14 | NursingMocks","Practice with 50 questions from Maternity Proctored Exam (Samuel Merit University) Practice Questions - Set 14.","https://www.nursingmocks.com/maternity-proctored-exam-samuel-merit-university-practice-questions-set-14","https://www.nursingmocks.com/maternity-proctored-exam-samuel-merit-university-practice-questions-set-14","false","true","runtime-generated","0",""
"SxZJAveZNwDU6QGzR65O","quiz","med-surg-mca-3-proctored-exam-3-practice-questions","med-surg-mca-3-proctored-exam-3-practice-questions","pillarPages/nursing-test-bank/subPages/SuT1noZoNGEjKGR1vTbi/nestedSubPages/zMFBI0XMiRsJnnXWhL5S/topics/4xNDZPMszSkpgRfEsOck/quizzes/6HpuycgUYa2g2oglH6eP","Med Surg Mca 3 Proctored Exam 3 Practice Questions | NursingMocks","Practice with 49 questions from Med Surg Mca 3 Proctored Exam 3 Practice Questions.","https://www.nursingmocks.com/med-surg-mca-3-proctored-exam-3-practice-questions","https://www.nursingmocks.com/med-surg-mca-3-proctored-exam-3-practice-questions","false","true","runtime-generated","0",""
"T1mwfzzVxSw4CfYOjEyB","quiz","international-college-of-health-sciences-ichs-ob-pediatrics-proctored-exam-practice-questions","international-college-of-health-sciences-ichs-ob-pediatrics-proctored-exam-practice-questions","pillarPages/nursing-test-bank/subPages/SuT1noZoNGEjKGR1vTbi/nestedSubPages/zMFBI0XMiRsJnnXWhL5S/topics/Hwspg6smTqrELsoRSNmc/quizzes/WbwrlJz5xPPIvWKZYni2","International College of Health Sciences Ichs OB Pediatrics Proctored Exam Practice Questions | NursingMocks","Practice with 72 questions from International College of Health Sciences Ichs OB Pediatrics Proctored Exam Practice Questions.","https://www.nursingmocks.com/international-college-of-health-sciences-ichs-ob-pediatrics-proctored-exam-practice-questions","https://www.nursingmocks.com/international-college-of-health-sciences-ichs-ob-pediatrics-proctored-exam-practice-questions","false","true","runtime-generated","0",""
"TAkyZz5pngCqHMNNtjj1","topic","ati-pharmacology-proctored-exam-practice-questions","ati-pharmacology-proctored-exam-practice-questions","pillarPages/nursing-test-bank/subPages/SuT1noZoNGEjKGR1vTbi/nestedSubPages/Fnnd4c6ae0Uiurk2KUSc/topics/FfSsMioL0PDJf1LM9ID8","ATI Pharmacology Proctored Exam Questions | NursingMocks","Practice ATI Pharmacology Proctored Exam questions with rationales for drug classes, adverse effects, safe dosing, and nursing interventions.","https://www.nursingmocks.com/ati-pharmacology-proctored-exam-practice-questions","https://www.nursingmocks.com/ati-pharmacology-proctored-exam-practice-questions","true","true","","0",""
"TKfJwuJ7C5aGkiWtXHQ2","quiz","ati-pn-med-surg-endocrine-proctored-exam-practice-questions-set-43","ati-pn-med-surg-endocrine-proctored-exam-practice-questions-set-43","pillarPages/nursing-test-bank/subPages/z0xzINtS3EohZNaKosBz/nestedSubPages/lyrHg4RBzN6UafuymMFT/topics/NywbGW22YNeZSM3kuwKk/quizzes/IS7JsFyhrRHEeawd9z5H","ATI PN Med Surg Endocrine Proctored Exam Practice Questions - Set 43 | NursingMocks","Practice with 49 questions from ATI PN Med Surg Endocrine Proctored Exam Practice Questions - Set 43.","https://www.nursingmocks.com/ati-pn-med-surg-endocrine-proctored-exam-practice-questions-set-43","https://www.nursingmocks.com/ati-pn-med-surg-endocrine-proctored-exam-practice-questions-set-43","false","true","runtime-generated","0",""
"TKl5U8pzHC5aLsPp7ZRq","quiz","holistic-health-assessment-proctored-exam-regular-exam-practice-questions","holistic-health-assessment-proctored-exam-regular-exam-practice-questions","pillarPages/nursing-test-bank/subPages/SuT1noZoNGEjKGR1vTbi/nestedSubPages/zMFBI0XMiRsJnnXWhL5S/topics/XQlgh9zsLrRK6vilmJPA/quizzes/J9Rzeem3ggA9xT1sEGyc","Holistic Health Assessment Proctored Exam (Regular Exam) Practice Questions | NursingMocks","Practice with 49 questions from Holistic Health Assessment Proctored Exam (Regular Exam) Practice Questions.","https://www.nursingmocks.com/holistic-health-assessment-proctored-exam-regular-exam-practice-questions","https://www.nursingmocks.com/holistic-health-assessment-proctored-exam-regular-exam-practice-questions","false","true","runtime-generated","0",""
"TLm0a4OIMxhPRTynOcYH","quiz","lpn-med-surg-proctored-exam-practice-questions","lpn-med-surg-proctored-exam-practice-questions","pillarPages/nursing-test-bank/subPages/z0xzINtS3EohZNaKosBz/nestedSubPages/3K3wv7IGcDcXvSNM9Kxm/topics/AlR3KvZbCSZXo21jeLnT/quizzes/r0i9bbqJEBzcWYyMY6K2","LPN Med Surg Proctored Exam Practice Questions | NursingMocks","Practice with 61 questions from LPN Med Surg Proctored Exam Practice Questions.","https://www.nursingmocks.com/lpn-med-surg-proctored-exam-practice-questions","https://www.nursingmocks.com/lpn-med-surg-proctored-exam-practice-questions","false","true","runtime-generated","0",""
"TR4Xju68HaYduL3sGRjb","quiz","hesi-a2-vocabulary-practice-test-set-3","hesi-a2-vocabulary-practice-test-set-3","pillarPages/nursing-entrance-exam/subPages/rdYGUZ9DzFvAmo6EsrVe/nestedSubPages/i7Rzaozenx3Czccmf5HD/quizzes/hesi-a2-vocabulary-practice-test-set-3","HESI A2 Vocabulary Practice Test Set 3","Practice HESI A2 Actual Exam Set 3 - Vocabulary questions for HESI A2 preparation.","https://www.nursingmocks.com/hesi-a2-vocabulary-practice-test-set-3","https://www.nursingmocks.com/hesi-a2-vocabulary-practice-test-set-3","false","true","runtime-generated","0",""
"TRBddvluQQzDTs1Cy2mT","quiz","teas-english-practice-test-set-3","teas-english-practice-test-set-3","pillarPages/nursing-entrance-exam/subPages/yrdSf0KpOcuybL1SLnw7/nestedSubPages/ykWIONcheFBJ7ooEl7WK/quizzes/P6cBY4FAPBHo6oBETWFT","ATI TEAS English Practice Test Set 3 Questions and Answers","Work through ATI TEAS English and Language Usage Set 3 questions and answers covering Conventions of Standard English, Knowledge of Language, and Using Language and Vocabulary to Express Ideas in Writing, with focus on language conventions, word meaning, and clear written communication.","https://www.nursingmocks.com/teas-english-practice-test-set-3","https://www.nursingmocks.com/teas-english-practice-test-set-3","true","true","","0",""
"TRDxc3Ed0pNawTaxEF51","quiz","ati-pn-maternal-newborn-2023-proctored-exam-practice-questions-set-14","ati-pn-maternal-newborn-2023-proctored-exam-practice-questions-set-14","pillarPages/nursing-test-bank/subPages/z0xzINtS3EohZNaKosBz/nestedSubPages/lyrHg4RBzN6UafuymMFT/topics/ZwY2vYN2X4tXEKOv2x6h/quizzes/RwXrs1cNzRzi6xjkzcB9","ATI PN Maternal Newborn 2023 Proctored Exam Practice Questions - Set 14 | NursingMocks","Practice with 57 questions from ATI PN Maternal Newborn 2023 Proctored Exam Practice Questions - Set 14.","https://www.nursingmocks.com/ati-pn-maternal-newborn-2023-proctored-exam-practice-questions-set-14","https://www.nursingmocks.com/ati-pn-maternal-newborn-2023-proctored-exam-practice-questions-set-14","false","true","runtime-generated","0",""
"TRGp8bRhhnjccy7ZHip8","quiz","essentials-of-pathophysiology-proctored-exam-practice-questions","essentials-of-pathophysiology-proctored-exam-practice-questions","pillarPages/nursing-test-bank/subPages/SuT1noZoNGEjKGR1vTbi/nestedSubPages/zMFBI0XMiRsJnnXWhL5S/topics/KyUeIK7zxUi2K91H84Bj/quizzes/4bhGI8HISxYx23ICXJE9","Essentials of Pathophysiology Proctored Exam Practice Questions | NursingMocks","Practice with 52 questions from Essentials of Pathophysiology Proctored Exam Practice Questions.","https://www.nursingmocks.com/essentials-of-pathophysiology-proctored-exam-practice-questions","https://www.nursingmocks.com/essentials-of-pathophysiology-proctored-exam-practice-questions","false","true","runtime-generated","0",""
"TSNEPAYTQ7LtWmYJoGJG","topic","ati-rn-nursing-care-of-children-practice-questions","ati-rn-nursing-care-of-children-practice-questions","pillarPages/nursing-test-bank/subPages/SuT1noZoNGEjKGR1vTbi/nestedSubPages/Fnnd4c6ae0Uiurk2KUSc/topics/MpZI2U8WbghD607JqMmF","ATI Nursing Care of Children Questions | NursingMocks","Study ATI Nursing Care of Children questions with rationales on pediatric growth, development, family teaching, safety, and child health.","https://www.nursingmocks.com/ati-rn-nursing-care-of-children-practice-questions","https://www.nursingmocks.com/ati-rn-nursing-care-of-children-practice-questions","true","true","","0",""
"TUwYSZ8pvXlDUGwmqEV9","quiz","health-assessment-lpn-proctored-exam-practice-questions","health-assessment-lpn-proctored-exam-practice-questions","pillarPages/nursing-test-bank/subPages/z0xzINtS3EohZNaKosBz/nestedSubPages/3K3wv7IGcDcXvSNM9Kxm/topics/ZZkcjv41bafusCBaLafv/quizzes/hqm7I9TtDFT1r7yWZgDO","Health Assessment LPN Proctored Exam Practice Questions | NursingMocks","Practice with 50 questions from Health Assessment LPN Proctored Exam Practice Questions.","https://www.nursingmocks.com/health-assessment-lpn-proctored-exam-practice-questions","https://www.nursingmocks.com/health-assessment-lpn-proctored-exam-practice-questions","false","true","runtime-generated","0",""
"TYNFDfs7LZpsnIonSs5l","quiz","teas-english-practice-test-set-14","teas-english-practice-test-set-14","pillarPages/nursing-entrance-exam/subPages/yrdSf0KpOcuybL1SLnw7/nestedSubPages/ykWIONcheFBJ7ooEl7WK/quizzes/8lYboipYsfViTxjdOQGZ","ATI TEAS English Practice Test Set 14 Questions and Answers","Review ATI TEAS English and Language Usage Set 14 questions and answers covering Conventions of Standard English, Knowledge of Language, and Using Language and Vocabulary to Express Ideas in Writing, with focus on grammar, punctuation, sentence clarity, and word choice.","https://www.nursingmocks.com/teas-english-practice-test-set-14","https://www.nursingmocks.com/teas-english-practice-test-set-14","true","true","","0",""
"TYSudxDzSRPHQYuaefbm","quiz","wgu-hesi-rn-pharmacology-1-proctored-exam-practice-questions","wgu-hesi-rn-pharmacology-1-proctored-exam-practice-questions","pillarPages/nursing-test-bank/subPages/SuT1noZoNGEjKGR1vTbi/nestedSubPages/iT55qp9NAFOvZLBAiQzC/topics/l1kSgSxIYg2SRUN8aWqE/quizzes/cYcc5dugruimK0blyaVh","WGU HESI RN Pharmacology 1 Proctored Exam Practice Questions | NursingMocks","Practice with 44 questions from WGU HESI RN Pharmacology 1 Proctored Exam Practice Questions.","https://www.nursingmocks.com/wgu-hesi-rn-pharmacology-1-proctored-exam-practice-questions","https://www.nursingmocks.com/wgu-hesi-rn-pharmacology-1-proctored-exam-practice-questions","false","true","runtime-generated","0",""
"TdhIdGFO1zH0OhEkMWVb","quiz","hesi-rn-nursing-research-proctored-exam-practice-questions-set-1","hesi-rn-nursing-research-proctored-exam-practice-questions-set-1","pillarPages/nursing-test-bank/subPages/SuT1noZoNGEjKGR1vTbi/nestedSubPages/iT55qp9NAFOvZLBAiQzC/topics/2CSFdI3p8inciBpSPkZI/quizzes/Me26vk3jfhfdUw9etL06","HESI RN Nursing Research Proctored Exam Practice Questions - Set 1 | NursingMocks","Practice with 54 questions from HESI RN Nursing Research Proctored Exam Practice Questions - Set 1.","https://www.nursingmocks.com/hesi-rn-nursing-research-proctored-exam-practice-questions-set-1","https://www.nursingmocks.com/hesi-rn-nursing-research-proctored-exam-practice-questions-set-1","false","true","runtime-generated","0",""
"TeJEX4WcBew8qdY4CKZN","quiz","ati-pn-med-surg-test-1-jj-custom-proctored-exam-practice-questions","ati-pn-med-surg-test-1-jj-custom-proctored-exam-practice-questions","pillarPages/nursing-test-bank/subPages/z0xzINtS3EohZNaKosBz/nestedSubPages/lyrHg4RBzN6UafuymMFT/topics/NywbGW22YNeZSM3kuwKk/quizzes/Qe9JKw5Z3kiXr6ZFROdf","ATI PN Med Surg Test 1 Jj Custom Proctored Exam Practice Questions | NursingMocks","Practice with 49 questions from ATI PN Med Surg Test 1 Jj Custom Proctored Exam Practice Questions.","https://www.nursingmocks.com/ati-pn-med-surg-test-1-jj-custom-proctored-exam-practice-questions","https://www.nursingmocks.com/ati-pn-med-surg-test-1-jj-custom-proctored-exam-practice-questions","false","true","runtime-generated","0",""
"TgF3tUVSGbUUS32zP2OG","quiz","fall-2022-n-517-mental-health-proctored-exam-2-practice-questions","fall-2022-n-517-mental-health-proctored-exam-2-practice-questions","pillarPages/nursing-test-bank/subPages/SuT1noZoNGEjKGR1vTbi/nestedSubPages/zMFBI0XMiRsJnnXWhL5S/topics/dwj41dVBiWR9v4FRpKhC/quizzes/1uQc2ECMja7BEtQtJLgH","Fall 2022 N 517 Mental Health Proctored Exam 2 Practice Questions | NursingMocks","Practice with 24 questions from Fall 2022 N 517 Mental Health Proctored Exam 2 Practice Questions.","https://www.nursingmocks.com/fall-2022-n-517-mental-health-proctored-exam-2-practice-questions","https://www.nursingmocks.com/fall-2022-n-517-mental-health-proctored-exam-2-practice-questions","false","true","runtime-generated","0",""
"ThmdwtBxltfKsaIIkBUy","nested","ati-teas-english-practice-test","ati-teas-english-practice-test","pillarPages/nursing-entrance-exam/subPages/yrdSf0KpOcuybL1SLnw7/nestedSubPages/ykWIONcheFBJ7ooEl7WK","ATI TEAS English Practice Test | Questions and Answers","Practice ATI TEAS English and Language Usage questions covering conventions, language clarity, vocabulary, and revision with NursingMocks.","https://www.nursingmocks.com/ati-teas-english-practice-test","https://www.nursingmocks.com/ati-teas-english-practice-test","true","true","","0",""
"Tk5w51UNwPkyubbibIwi","quiz","nurs-4341-maternal-newborn-proctored-exam-practice-questions-set-4","nurs-4341-maternal-newborn-proctored-exam-practice-questions-set-4","pillarPages/nursing-test-bank/subPages/SuT1noZoNGEjKGR1vTbi/nestedSubPages/zMFBI0XMiRsJnnXWhL5S/topics/stnDIFRoA0VwLaoxbGv1/quizzes/xopwK1PSGrk2XsrRwzM7","NURS 4341 Maternal Newborn Proctored Exam Practice Questions - Set 4 | NursingMocks","Practice with 58 questions from NURS 4341 Maternal Newborn Proctored Exam Practice Questions - Set 4.","https://www.nursingmocks.com/nurs-4341-maternal-newborn-proctored-exam-practice-questions-set-4","https://www.nursingmocks.com/nurs-4341-maternal-newborn-proctored-exam-practice-questions-set-4","false","true","runtime-generated","0",""
"TlYfUU3E8rHgmVwtIsoA","quiz","rn-comprehensive-predictor-2023-proctored-exam-form-3","rn-comprehensive-predictor-2023-proctored-exam-form-3","pillarPages/nursing-exit-exam/subPages/S4vSoa5bxDgZ1L5kLOJe/nestedSubPages/QsMAv9L9bzYoFjgdfKgH/quizzes/IiHMzzI8LfJoTo4mpK3v","RN Comprehensive Predictor 2023 Proctored Exam Form 3 | NursingMocks","RN Comprehensive Predictor 2023 Proctored Exam Form 3 practice questions and answers for Nursing Exit Exam review.","https://www.nursingmocks.com/rn-comprehensive-predictor-2023-proctored-exam-form-3","https://www.nursingmocks.com/rn-comprehensive-predictor-2023-proctored-exam-form-3","false","true","runtime-generated","0",""
"Ttdzc0mUFy7f6JBS7eC1","quiz","hesi-a2-grammar-practice-test-set-3","hesi-a2-grammar-practice-test-set-3","pillarPages/nursing-entrance-exam/subPages/rdYGUZ9DzFvAmo6EsrVe/nestedSubPages/XYJ11eHtMbIhQnTYPS6j/quizzes/hesi-a2-grammar-practice-test-set-3","HESI A2 Grammar Practice Test Set 3","Practice HESI A2 Actual Exam Set 3 - Grammar questions for HESI A2 preparation.","https://www.nursingmocks.com/hesi-a2-grammar-practice-test-set-3","https://www.nursingmocks.com/hesi-a2-grammar-practice-test-set-3","false","true","runtime-generated","0",""
"U21nsDFGt0u9EOuy0D8B","quiz","ati-pn-maternal-proctored-exam-1-practice-questions","ati-pn-maternal-proctored-exam-1-practice-questions","pillarPages/nursing-test-bank/subPages/z0xzINtS3EohZNaKosBz/nestedSubPages/lyrHg4RBzN6UafuymMFT/topics/ZwY2vYN2X4tXEKOv2x6h/quizzes/bcsicKwtItoxVKhRnBHl","ATI PN Maternal Proctored Exam 1 Practice Questions | NursingMocks","Practice with 49 questions from ATI PN Maternal Proctored Exam 1 Practice Questions.","https://www.nursingmocks.com/ati-pn-maternal-proctored-exam-1-practice-questions","https://www.nursingmocks.com/ati-pn-maternal-proctored-exam-1-practice-questions","false","true","runtime-generated","0",""
"U4MrLozn1d6ew6SPTIyW","nested","ati-lpn-comprehensive-predictor","ati-lpn-comprehensive-predictor","pillarPages/nursing-exit-exam/subPages/nkXaaMfkkbvjmrSRwtVq/nestedSubPages/ShdTxCRHYWbhmGg06Sgw","ATI | TeasGurus","Content for ATI under LPN Exam.","https://www.nursingmocks.com/ati-lpn-comprehensive-predictor","https://www.nursingmocks.com/ati-lpn-comprehensive-predictor","true","true","","0",""
"UDUztSW8k0BaufO8NpjX","quiz","hesi-rn-care-of-women-and-pediatric-nursing-proctored-exam-practice-questions","hesi-rn-care-of-women-and-pediatric-nursing-proctored-exam-practice-questions","pillarPages/nursing-test-bank/subPages/SuT1noZoNGEjKGR1vTbi/nestedSubPages/iT55qp9NAFOvZLBAiQzC/topics/uXtCZ4Y6aeLjwMLtC1sD/quizzes/IprjTI26Jlcowt45TLXt","HESI RN Care of Women and Pediatric Nursing Proctored Exam Practice Questions | NursingMocks","Practice with 38 questions from HESI RN Care of Women and Pediatric Nursing Proctored Exam Practice Questions.","https://www.nursingmocks.com/hesi-rn-care-of-women-and-pediatric-nursing-proctored-exam-practice-questions","https://www.nursingmocks.com/hesi-rn-care-of-women-and-pediatric-nursing-proctored-exam-practice-questions","false","true","runtime-generated","0",""
"UDbqCR0tKM8pjhcGCdGg","quiz","teas-math-practice-test-set-12","teas-math-practice-test-set-12","pillarPages/nursing-entrance-exam/subPages/yrdSf0KpOcuybL1SLnw7/nestedSubPages/e9EcRCWTbyKVpyLXUKzd/quizzes/ehjVrzL4dJP0Bii6btYm","ATI TEAS Math Practice Test Set 12 Questions and Answers","Strengthen math skills with ATI TEAS Mathematics Set 12 questions and answers covering Numbers and Algebra and Measurement and Data, with focus on linear relationships, units, and healthcare-style math reasoning.","https://www.nursingmocks.com/teas-math-practice-test-set-12","https://www.nursingmocks.com/teas-math-practice-test-set-12","true","true","","0",""
"UGWSgMGnrIDJvjDG5EqA","quiz","hesi-rn-health-and-wellness-through-nutritional-science-proctored-exam-d440-practice-questions","hesi-rn-health-and-wellness-through-nutritional-science-proctored-exam-d440-practice-questions","pillarPages/nursing-test-bank/subPages/SuT1noZoNGEjKGR1vTbi/nestedSubPages/iT55qp9NAFOvZLBAiQzC/topics/0zSu4efsFf1RPT4W2Xjn/quizzes/Vo7IRFTboP7a2eBnQ9fW","HESI RN Health and Wellness Through Nutritional Science Proctored Exam - D440 Practice Questions | NursingMocks","Practice with 54 questions from HESI RN Health and Wellness Through Nutritional Science Proctored Exam - D440 Practice Questions.","https://www.nursingmocks.com/hesi-rn-health-and-wellness-through-nutritional-science-proctored-exam-d440-practice-questions","https://www.nursingmocks.com/hesi-rn-health-and-wellness-through-nutritional-science-proctored-exam-d440-practice-questions","false","true","runtime-generated","0",""
"UIj1ZRqR2MkLnMgKOxlC","topic","hesi-rn-health-assessment-practice-questions","hesi-rn-health-assessment-practice-questions","pillarPages/nursing-test-bank/subPages/SuT1noZoNGEjKGR1vTbi/nestedSubPages/iT55qp9NAFOvZLBAiQzC/topics/0zSu4efsFf1RPT4W2Xjn","HESI RN Health Assessment Questions | NursingMocks","Practice HESI RN Health Assessment questions on focused assessment, physical findings, documentation, and nursing observations.","https://www.nursingmocks.com/hesi-rn-health-assessment-practice-questions","https://www.nursingmocks.com/hesi-rn-health-assessment-practice-questions","true","true","","0",""
"UM1h6VC7mil9AnNZFiBd","quiz","hesi-compass-exit-proctored-exam","hesi-compass-exit-proctored-exam","pillarPages/nursing-exit-exam/subPages/S4vSoa5bxDgZ1L5kLOJe/nestedSubPages/MVHmi7FJbSDlPPz28jh5/quizzes/mSfj9Ge3mWS89bQPjuzd","HESI Compass Exit Proctored Exam | NursingMocks","HESI Compass Exit Proctored Exam practice questions and answers for Nursing Exit Exam review.","https://www.nursingmocks.com/hesi-compass-exit-proctored-exam","https://www.nursingmocks.com/hesi-compass-exit-proctored-exam","false","true","runtime-generated","0",""
"URfJf1fWricds8UXCPj2","quiz","ati-pn-mental-health-level-4-proctored-exam-practice-questions-set-9","ati-pn-mental-health-level-4-proctored-exam-practice-questions-set-9","pillarPages/nursing-test-bank/subPages/z0xzINtS3EohZNaKosBz/nestedSubPages/lyrHg4RBzN6UafuymMFT/topics/6i5h4wWlOfz4R8huNTkC/quizzes/G0UOT7GIi3sPiFukngYZ","ATI PN Mental Health Level 4 Proctored Exam Practice Questions - Set 9 | NursingMocks","Practice with 39 questions from ATI PN Mental Health Level 4 Proctored Exam Practice Questions - Set 9.","https://www.nursingmocks.com/ati-pn-mental-health-level-4-proctored-exam-practice-questions-set-9","https://www.nursingmocks.com/ati-pn-mental-health-level-4-proctored-exam-practice-questions-set-9","false","true","runtime-generated","0",""
"UVuxR1xaKQNtwfWdDckB","quiz","nu-314-maternal-newborn-proctored-exam-practice-questions-set-7","nu-314-maternal-newborn-proctored-exam-practice-questions-set-7","pillarPages/nursing-test-bank/subPages/SuT1noZoNGEjKGR1vTbi/nestedSubPages/zMFBI0XMiRsJnnXWhL5S/topics/stnDIFRoA0VwLaoxbGv1/quizzes/WkI62cfpJVptDilgioal","Nu 314 Maternal Newborn Proctored Exam Practice Questions - Set 7 | NursingMocks","Practice with 41 questions from Nu 314 Maternal Newborn Proctored Exam Practice Questions - Set 7.","https://www.nursingmocks.com/nu-314-maternal-newborn-proctored-exam-practice-questions-set-7","https://www.nursingmocks.com/nu-314-maternal-newborn-proctored-exam-practice-questions-set-7","false","true","runtime-generated","0",""
"UYDex2MUe6oFmBZSH9Ba","quiz","bio-117-anatomy-and-physiology-proctored-exam-examplify-practice-questions","bio-117-anatomy-and-physiology-proctored-exam-examplify-practice-questions","pillarPages/nursing-test-bank/subPages/SuT1noZoNGEjKGR1vTbi/nestedSubPages/zMFBI0XMiRsJnnXWhL5S/topics/PavJlfHXwXRUhopKAOO9/quizzes/NRchtpIEf1EmVru3dVF0","Bio 117 Anatomy and Physiology Proctored Exam (Examplify) Practice Questions | NursingMocks","Practice with 54 questions from Bio 117 Anatomy and Physiology Proctored Exam (Examplify) Practice Questions.","https://www.nursingmocks.com/bio-117-anatomy-and-physiology-proctored-exam-examplify-practice-questions","https://www.nursingmocks.com/bio-117-anatomy-and-physiology-proctored-exam-examplify-practice-questions","false","true","runtime-generated","0",""
"Ua7zMcTUMGNR1QHHM45w","quiz","hesi-rn-community-and-population-health-proctored-exam-practice-questions","hesi-rn-community-and-population-health-proctored-exam-practice-questions","pillarPages/nursing-test-bank/subPages/SuT1noZoNGEjKGR1vTbi/nestedSubPages/iT55qp9NAFOvZLBAiQzC/topics/KMxUPDNscYEZBOVA2kMH/quizzes/LmPsnFV03bAR36wsrAS3","HESI RN Community and Population Health Proctored Exam Practice Questions | NursingMocks","Practice with 60 questions from HESI RN Community and Population Health Proctored Exam Practice Questions.","https://www.nursingmocks.com/hesi-rn-community-and-population-health-proctored-exam-practice-questions","https://www.nursingmocks.com/hesi-rn-community-and-population-health-proctored-exam-practice-questions","false","true","runtime-generated","0",""
"UcxayUSYr2aGcrqVXcvU","quiz","ati-pn-med-surg-urinary-proctored-exam-practice-questions","ati-pn-med-surg-urinary-proctored-exam-practice-questions","pillarPages/nursing-test-bank/subPages/z0xzINtS3EohZNaKosBz/nestedSubPages/lyrHg4RBzN6UafuymMFT/topics/NywbGW22YNeZSM3kuwKk/quizzes/dHJ9aAfg290BWw5v1QBc","ATI PN Med Surg Urinary Proctored Exam Practice Questions | NursingMocks","Practice with 47 questions from ATI PN Med Surg Urinary Proctored Exam Practice Questions.","https://www.nursingmocks.com/ati-pn-med-surg-urinary-proctored-exam-practice-questions","https://www.nursingmocks.com/ati-pn-med-surg-urinary-proctored-exam-practice-questions","false","true","runtime-generated","0",""
"UfzlKi3g4kGpwNRQWzyd","quiz","teas-reading-practice-test-set-14","teas-reading-practice-test-set-14","pillarPages/nursing-entrance-exam/subPages/yrdSf0KpOcuybL1SLnw7/nestedSubPages/2JIZgWhm9jUkoNFmkY7R/quizzes/fS0tPhwfWPmZ7p1qLhkC","ATI TEAS Reading Practice Test Set 14 Questions and Answers","Use ATI TEAS Reading Set 14 questions and answers covering Key Ideas and Details, Craft and Structure, and Integration of Knowledge and Ideas, with focus on main ideas, supporting details, and passage evidence.","https://www.nursingmocks.com/teas-reading-practice-test-set-14","https://www.nursingmocks.com/teas-reading-practice-test-set-14","true","true","","0",""
"Uh9URE3aZrg4wtopdNpX","quiz","hesi-rn-community-health-with-ngn-proctored-exam-practice-questions","hesi-rn-community-health-with-ngn-proctored-exam-practice-questions","pillarPages/nursing-test-bank/subPages/SuT1noZoNGEjKGR1vTbi/nestedSubPages/iT55qp9NAFOvZLBAiQzC/topics/KMxUPDNscYEZBOVA2kMH/quizzes/fBQtiA6nxvQrTPfYAlf2","HESI RN Community Health with NGN Proctored Exam Practice Questions | NursingMocks","Practice with 57 questions from HESI RN Community Health with NGN Proctored Exam Practice Questions.","https://www.nursingmocks.com/hesi-rn-community-health-with-ngn-proctored-exam-practice-questions","https://www.nursingmocks.com/hesi-rn-community-health-with-ngn-proctored-exam-practice-questions","false","true","runtime-generated","0",""
"Uloh8JEDWuWJwN99lBPR","quiz","hesi-lpn-pharmacology-proctored-exam-practice-questions","hesi-lpn-pharmacology-proctored-exam-practice-questions","pillarPages/nursing-test-bank/subPages/z0xzINtS3EohZNaKosBz/nestedSubPages/ToLSmb6DG83NTZWXEJxt/topics/kd7EysTYYyAv51SSo8Xd/quizzes/1InjFNPqB9rIzfoGaUcA","HESI LPN Pharmacology Proctored Exam Practice Questions | NursingMocks","Practice with 46 questions from HESI LPN Pharmacology Proctored Exam Practice Questions.","https://www.nursingmocks.com/hesi-lpn-pharmacology-proctored-exam-practice-questions","https://www.nursingmocks.com/hesi-lpn-pharmacology-proctored-exam-practice-questions","false","true","runtime-generated","0",""
"Uq8nD7nzffRNj4WhzZ9C","quiz","hesi-a2-reading-comprehension-practice-test-set-1","hesi-a2-reading-comprehension-practice-test-set-1","pillarPages/nursing-entrance-exam/subPages/rdYGUZ9DzFvAmo6EsrVe/nestedSubPages/gGyVK8Up2mhnWjvQONJo/quizzes/hesi-a2-reading-comprehension-practice-test-set-1","HESI A2 Reading Comprehension Practice Test Set 1","Practice HESI A2 Actual Exam Set 1 - Reading Comprehension questions for HESI A2 preparation.","https://www.nursingmocks.com/hesi-a2-reading-comprehension-practice-test-set-1","https://www.nursingmocks.com/hesi-a2-reading-comprehension-practice-test-set-1","false","true","runtime-generated","0",""
"UqZbFDTzmdkPmx36OcY6","quiz","teas-english-practice-test-set-1","teas-english-practice-test-set-1","pillarPages/nursing-entrance-exam/subPages/yrdSf0KpOcuybL1SLnw7/nestedSubPages/ykWIONcheFBJ7ooEl7WK/quizzes/K8LSANKE4TTUE3pe4LNB","ATI TEAS English Practice Test Set 1 Questions and Answers","Practice ATI TEAS English and Language Usage Set 1 questions and answers covering Conventions of Standard English, Knowledge of Language, and Using Language and Vocabulary to Express Ideas in Writing, with focus on editing choices, concise wording, and standard grammar patterns.","https://www.nursingmocks.com/teas-english-practice-test-set-1","https://www.nursingmocks.com/teas-english-practice-test-set-1","true","true","","0",""
"UtPhvUO0eprO7PitDL42","quiz","teas-math-practice-test-set-3","teas-math-practice-test-set-3","pillarPages/nursing-entrance-exam/subPages/yrdSf0KpOcuybL1SLnw7/nestedSubPages/e9EcRCWTbyKVpyLXUKzd/quizzes/F3udSLa0H0faEPrQaV3U","ATI TEAS Math Practice Test Set 3 Questions and Answers","Work through ATI TEAS Mathematics Set 3 questions and answers covering Numbers and Algebra and Measurement and Data, with focus on decimal operations, word problems, and interpreting tables or graphs.","https://www.nursingmocks.com/teas-math-practice-test-set-3","https://www.nursingmocks.com/teas-math-practice-test-set-3","true","true","","0",""
"V6ZSaQaG5X5DrMHmyeUN","quiz","ati-pn-med-surg-endocrine-proctored-exam-practice-questions-set-8","ati-pn-med-surg-endocrine-proctored-exam-practice-questions-set-8","pillarPages/nursing-test-bank/subPages/z0xzINtS3EohZNaKosBz/nestedSubPages/lyrHg4RBzN6UafuymMFT/topics/NywbGW22YNeZSM3kuwKk/quizzes/wcSWglUBzWf1JxQyUjqs","ATI PN Med Surg Endocrine Proctored Exam Practice Questions - Set 8 | NursingMocks","Practice with 50 questions from ATI PN Med Surg Endocrine Proctored Exam Practice Questions - Set 8.","https://www.nursingmocks.com/ati-pn-med-surg-endocrine-proctored-exam-practice-questions-set-8","https://www.nursingmocks.com/ati-pn-med-surg-endocrine-proctored-exam-practice-questions-set-8","false","true","runtime-generated","0",""
"V7qdkadq1sQL97ETZw0H","quiz","hesi-rn-d441-pharmacology-0a1-proctored-exam-practice-questions","hesi-rn-d441-pharmacology-0a1-proctored-exam-practice-questions","pillarPages/nursing-test-bank/subPages/SuT1noZoNGEjKGR1vTbi/nestedSubPages/iT55qp9NAFOvZLBAiQzC/topics/l1kSgSxIYg2SRUN8aWqE/quizzes/usXeyzts1WV3adDwiBLw","HESI RN D441 Pharmacology 0A1 Proctored Exam Practice Questions | NursingMocks","Practice with 43 questions from HESI RN D441 Pharmacology 0A1 Proctored Exam Practice Questions.","https://www.nursingmocks.com/hesi-rn-d441-pharmacology-0a1-proctored-exam-practice-questions","https://www.nursingmocks.com/hesi-rn-d441-pharmacology-0a1-proctored-exam-practice-questions","false","true","runtime-generated","0",""
"VG2S1WZh2vkFkTAPKFGt","quiz","rn-nursing-care-of-children-2019-with-ngn-proctored-exam-practice-questions","rn-nursing-care-of-children-2019-with-ngn-proctored-exam-practice-questions","pillarPages/nursing-test-bank/subPages/SuT1noZoNGEjKGR1vTbi/nestedSubPages/zMFBI0XMiRsJnnXWhL5S/topics/stnDIFRoA0VwLaoxbGv1/quizzes/kTxHHh1QNQwrnwhw4OKN","RN Nursing Care of Children 2019 with NGN Proctored Exam Practice Questions | NursingMocks","Practice with 67 questions from RN Nursing Care of Children 2019 with NGN Proctored Exam Practice Questions.","https://www.nursingmocks.com/rn-nursing-care-of-children-2019-with-ngn-proctored-exam-practice-questions","https://www.nursingmocks.com/rn-nursing-care-of-children-2019-with-ngn-proctored-exam-practice-questions","false","true","runtime-generated","0",""
"VNzzP2nfSs3kDRyTP2s3","quiz","nurs-215-med-surg-proctored-exam-examplify-practice-questions","nurs-215-med-surg-proctored-exam-examplify-practice-questions","pillarPages/nursing-test-bank/subPages/SuT1noZoNGEjKGR1vTbi/nestedSubPages/zMFBI0XMiRsJnnXWhL5S/topics/4xNDZPMszSkpgRfEsOck/quizzes/OXxQvBVHrUFxqjUqyLvF","NURS 215 Med Surg Proctored Exam (Examplify) Practice Questions | NursingMocks","Practice with 39 questions from NURS 215 Med Surg Proctored Exam (Examplify) Practice Questions.","https://www.nursingmocks.com/nurs-215-med-surg-proctored-exam-examplify-practice-questions","https://www.nursingmocks.com/nurs-215-med-surg-proctored-exam-examplify-practice-questions","false","true","runtime-generated","0",""
"VQ1RzTPL7dJ6f4QfYEwK","quiz","final-med-surg-comprehensive-proctored-exam-brooklyn-university-practice-questions","final-med-surg-comprehensive-proctored-exam-brooklyn-university-practice-questions","pillarPages/nursing-test-bank/subPages/SuT1noZoNGEjKGR1vTbi/nestedSubPages/zMFBI0XMiRsJnnXWhL5S/topics/4xNDZPMszSkpgRfEsOck/quizzes/Zf2aNEbbvgxm85Uhdvkl","Final Med Surg Comprehensive Proctored Exam (Brooklyn University) Practice Questions | NursingMocks","Practice with 82 questions from Final Med Surg Comprehensive Proctored Exam (Brooklyn University) Practice Questions.","https://www.nursingmocks.com/final-med-surg-comprehensive-proctored-exam-brooklyn-university-practice-questions","https://www.nursingmocks.com/final-med-surg-comprehensive-proctored-exam-brooklyn-university-practice-questions","false","true","runtime-generated","0",""
"VR3Drn6K3lmgM67OhgTU","quiz","hesi-rn-psychiatric-and-mental-health-proctored-exam-practice-questions","hesi-rn-psychiatric-and-mental-health-proctored-exam-practice-questions","pillarPages/nursing-test-bank/subPages/SuT1noZoNGEjKGR1vTbi/nestedSubPages/iT55qp9NAFOvZLBAiQzC/topics/nWHmcLCOYFPkjaWIHcVu/quizzes/w7grV2cj0602NokNWMo8","HESI RN Psychiatric and Mental Health Proctored Exam Practice Questions | NursingMocks","Practice with 37 questions from HESI RN Psychiatric and Mental Health Proctored Exam Practice Questions.","https://www.nursingmocks.com/hesi-rn-psychiatric-and-mental-health-proctored-exam-practice-questions","https://www.nursingmocks.com/hesi-rn-psychiatric-and-mental-health-proctored-exam-practice-questions","false","true","runtime-generated","0",""
"VVtTbWRU0EQsqsZ9ttia","quiz","n180-pharmacology-proctored-exam-practice-questions","n180-pharmacology-proctored-exam-practice-questions","pillarPages/nursing-test-bank/subPages/SuT1noZoNGEjKGR1vTbi/nestedSubPages/zMFBI0XMiRsJnnXWhL5S/topics/qjQzp4HMFByeL1UEKGDd/quizzes/xumViDIRRYzTTFnanjfs","N180 Pharmacology Proctored Exam Practice Questions | NursingMocks","Practice with 25 questions from N180 Pharmacology Proctored Exam Practice Questions.","https://www.nursingmocks.com/n180-pharmacology-proctored-exam-practice-questions","https://www.nursingmocks.com/n180-pharmacology-proctored-exam-practice-questions","false","true","runtime-generated","0",""
"Va6FCfuqBaE1BT3XiA0z","quiz","ati-pn-adult-medical-surgical-proctored-exam-2023-practice-questions-set-30","ati-pn-adult-medical-surgical-proctored-exam-2023-practice-questions-set-30","pillarPages/nursing-test-bank/subPages/z0xzINtS3EohZNaKosBz/nestedSubPages/lyrHg4RBzN6UafuymMFT/topics/NywbGW22YNeZSM3kuwKk/quizzes/3x6KWzk7yWL5Y2MFFcyd","ATI PN Adult Medical Surgical Proctored Exam 2023 Practice Questions - Set 30 | NursingMocks","Practice with 84 questions from ATI PN Adult Medical Surgical Proctored Exam 2023 Practice Questions - Set 30.","https://www.nursingmocks.com/ati-pn-adult-medical-surgical-proctored-exam-2023-practice-questions-set-30","https://www.nursingmocks.com/ati-pn-adult-medical-surgical-proctored-exam-2023-practice-questions-set-30","false","true","runtime-generated","0",""
"Ve8EGLq2pRjWxDqKp2or","quiz","hesi-rn-health-assessment-proctored-exam-practice-questions-set-7","hesi-rn-health-assessment-proctored-exam-practice-questions-set-7","pillarPages/nursing-test-bank/subPages/SuT1noZoNGEjKGR1vTbi/nestedSubPages/iT55qp9NAFOvZLBAiQzC/topics/0zSu4efsFf1RPT4W2Xjn/quizzes/vdXhH028081wPPONObfb","HESI RN Health Assessment Proctored Exam Practice Questions - Set 7 | NursingMocks","Practice with 57 questions from HESI RN Health Assessment Proctored Exam Practice Questions - Set 7.","https://www.nursingmocks.com/hesi-rn-health-assessment-proctored-exam-practice-questions-set-7","https://www.nursingmocks.com/hesi-rn-health-assessment-proctored-exam-practice-questions-set-7","false","true","runtime-generated","0",""
"VnPiL24KtwRyeb8xUSjR","quiz","ati-comprehensive-predictor-2023-proctored-exam","ati-comprehensive-predictor-2023-proctored-exam","pillarPages/nursing-exit-exam/subPages/S4vSoa5bxDgZ1L5kLOJe/nestedSubPages/QsMAv9L9bzYoFjgdfKgH/quizzes/3Bt8tM2V3bulUqha8Vut","ATI Comprehensive Predictor 2023 Proctored Exam | NursingMocks","ATI Comprehensive Predictor 2023 Proctored Exam practice questions and answers for Nursing Exit Exam review.","https://www.nursingmocks.com/ati-comprehensive-predictor-2023-proctored-exam","https://www.nursingmocks.com/ati-comprehensive-predictor-2023-proctored-exam","false","true","runtime-generated","0",""
"VpCfRo8qSza1EnEh6rHk","quiz","hesi-rn-med-surg-proctored-exam-2-practice-questions","hesi-rn-med-surg-proctored-exam-2-practice-questions","pillarPages/nursing-test-bank/subPages/SuT1noZoNGEjKGR1vTbi/nestedSubPages/iT55qp9NAFOvZLBAiQzC/topics/aS23yuUD7OS39aVVutYn/quizzes/HsjU9k0PBBb9l5g5aXV4","HESI RN Med Surg Proctored Exam 2 Practice Questions | NursingMocks","Practice with 46 questions from HESI RN Med Surg Proctored Exam 2 Practice Questions.","https://www.nursingmocks.com/hesi-rn-med-surg-proctored-exam-2-practice-questions","https://www.nursingmocks.com/hesi-rn-med-surg-proctored-exam-2-practice-questions","false","true","runtime-generated","0",""
"Vpf72hHHaBJX7p8xQsBR","quiz","dosage-calculation-rn-adult-medical-surgical-proctored-assessment-3-practice-questions","dosage-calculation-rn-adult-medical-surgical-proctored-assessment-3-practice-questions","pillarPages/nursing-test-bank/subPages/SuT1noZoNGEjKGR1vTbi/nestedSubPages/zMFBI0XMiRsJnnXWhL5S/topics/GXrH3QXIidtKg5Jx0ly4/quizzes/jIB4RVthu4r49RLKairS","Dosage Calculation RN Adult Medical Surgical Proctored Assessment 3 Practice Questions | NursingMocks","Practice with 36 questions from Dosage Calculation RN Adult Medical Surgical Proctored Assessment 3 Practice Questions.","https://www.nursingmocks.com/dosage-calculation-rn-adult-medical-surgical-proctored-assessment-3-practice-questions","https://www.nursingmocks.com/dosage-calculation-rn-adult-medical-surgical-proctored-assessment-3-practice-questions","false","true","runtime-generated","0",""
"VyWFC0NOazZxVO8jmVmy","quiz","ati-pn-medical-surgical-leadership-proctored-exam-practice-questions","ati-pn-medical-surgical-leadership-proctored-exam-practice-questions","pillarPages/nursing-test-bank/subPages/z0xzINtS3EohZNaKosBz/nestedSubPages/lyrHg4RBzN6UafuymMFT/topics/i0Rf69MPdXLbYTSRdCOW/quizzes/NskFnEzBb3USFTj24ejm","ATI PN Medical Surgical Leadership Proctored Exam Practice Questions | NursingMocks","Practice with 51 questions from ATI PN Medical Surgical Leadership Proctored Exam Practice Questions.","https://www.nursingmocks.com/ati-pn-medical-surgical-leadership-proctored-exam-practice-questions","https://www.nursingmocks.com/ati-pn-medical-surgical-leadership-proctored-exam-practice-questions","false","true","runtime-generated","0",""
"W3upmciJaXNjZnGR4XIa","quiz","endocrinology-midterm-proctored-exam-practice-questions","endocrinology-midterm-proctored-exam-practice-questions","pillarPages/nursing-test-bank/subPages/SuT1noZoNGEjKGR1vTbi/nestedSubPages/zMFBI0XMiRsJnnXWhL5S/topics/A9zXNbSKb0vVjEfyHpKx/quizzes/zO8CExvnfl8bdJlX06eq","Endocrinology Midterm Proctored Exam Practice Questions | NursingMocks","Practice with 42 questions from Endocrinology Midterm Proctored Exam Practice Questions.","https://www.nursingmocks.com/endocrinology-midterm-proctored-exam-practice-questions","https://www.nursingmocks.com/endocrinology-midterm-proctored-exam-practice-questions","false","true","runtime-generated","0",""
"W8sUyH59saJmQdixpAIG","quiz","anatomy-and-physiology-proctored-exam-practice-questions-set-10","anatomy-and-physiology-proctored-exam-practice-questions-set-10","pillarPages/nursing-test-bank/subPages/SuT1noZoNGEjKGR1vTbi/nestedSubPages/zMFBI0XMiRsJnnXWhL5S/topics/PavJlfHXwXRUhopKAOO9/quizzes/xgzVBGqVgEjv1E2j4904","Anatomy and Physiology Proctored Exam Practice Questions - Set 10 | NursingMocks","Practice with 48 questions from Anatomy and Physiology Proctored Exam Practice Questions - Set 10.","https://www.nursingmocks.com/anatomy-and-physiology-proctored-exam-practice-questions-set-10","https://www.nursingmocks.com/anatomy-and-physiology-proctored-exam-practice-questions-set-10","false","true","runtime-generated","0",""
"WBuGofZFBbkPX5yZUnzR","quiz","hesi-rn-mental-health-with-ngn-proctored-exam-practice-questions","hesi-rn-mental-health-with-ngn-proctored-exam-practice-questions","pillarPages/nursing-test-bank/subPages/SuT1noZoNGEjKGR1vTbi/nestedSubPages/iT55qp9NAFOvZLBAiQzC/topics/nWHmcLCOYFPkjaWIHcVu/quizzes/UyHAAPlQZRHvXnDJe8BT","HESI RN Mental Health with NGN Proctored Exam Practice Questions | NursingMocks","Practice with 51 questions from HESI RN Mental Health with NGN Proctored Exam Practice Questions.","https://www.nursingmocks.com/hesi-rn-mental-health-with-ngn-proctored-exam-practice-questions","https://www.nursingmocks.com/hesi-rn-mental-health-with-ngn-proctored-exam-practice-questions","false","true","runtime-generated","0",""
"WHPZWLaZ5xSZKuiKdgC4","quiz","hesi-rn-med-surg-proctored-exam-practice-questions-set-18","hesi-rn-med-surg-proctored-exam-practice-questions-set-18","pillarPages/nursing-test-bank/subPages/SuT1noZoNGEjKGR1vTbi/nestedSubPages/iT55qp9NAFOvZLBAiQzC/topics/aS23yuUD7OS39aVVutYn/quizzes/Ym7zIiOGStg77ErrE2cK","HESI RN Med Surg Proctored Exam Practice Questions - Set 18 | NursingMocks","Practice with 34 questions from HESI RN Med Surg Proctored Exam Practice Questions - Set 18.","https://www.nursingmocks.com/hesi-rn-med-surg-proctored-exam-practice-questions-set-18","https://www.nursingmocks.com/hesi-rn-med-surg-proctored-exam-practice-questions-set-18","false","true","runtime-generated","0",""
"WI4RRmpjQG5mVHZe0XHR","quiz","ati-pn-med-surg-gastrointestinal-proctored-exam-practice-questions","ati-pn-med-surg-gastrointestinal-proctored-exam-practice-questions","pillarPages/nursing-test-bank/subPages/z0xzINtS3EohZNaKosBz/nestedSubPages/lyrHg4RBzN6UafuymMFT/topics/NywbGW22YNeZSM3kuwKk/quizzes/CKc1SbyIcpvOoIwc2g4i","ATI PN Med Surg Gastrointestinal Proctored Exam Practice Questions | NursingMocks","Practice with 43 questions from ATI PN Med Surg Gastrointestinal Proctored Exam Practice Questions.","https://www.nursingmocks.com/ati-pn-med-surg-gastrointestinal-proctored-exam-practice-questions","https://www.nursingmocks.com/ati-pn-med-surg-gastrointestinal-proctored-exam-practice-questions","false","true","runtime-generated","0",""
"WPyjc2FIvBePYxozVIHF","quiz","ati-pn-pediatrics-nursing-proctored-exam-2023-practice-questions-set-8","ati-pn-pediatrics-nursing-proctored-exam-2023-practice-questions-set-8","pillarPages/nursing-test-bank/subPages/z0xzINtS3EohZNaKosBz/nestedSubPages/lyrHg4RBzN6UafuymMFT/topics/Y0MhOdG0hGVh8AUsgVrz/quizzes/mrcybTEPrMik9w0UHjWl","ATI PN Pediatrics Nursing Proctored Exam 2023 Practice Questions - Set 8 | NursingMocks","Practice with 56 questions from ATI PN Pediatrics Nursing Proctored Exam 2023 Practice Questions - Set 8.","https://www.nursingmocks.com/ati-pn-pediatrics-nursing-proctored-exam-2023-practice-questions-set-8","https://www.nursingmocks.com/ati-pn-pediatrics-nursing-proctored-exam-2023-practice-questions-set-8","false","true","runtime-generated","0",""
"WSi8BUvvbplvLIY8MKwG","quiz","ucww-school-pediatric-nursing-proctored-exam-2-practice-questions","ucww-school-pediatric-nursing-proctored-exam-2-practice-questions","pillarPages/nursing-test-bank/subPages/SuT1noZoNGEjKGR1vTbi/nestedSubPages/zMFBI0XMiRsJnnXWhL5S/topics/Hwspg6smTqrELsoRSNmc/quizzes/Lg1SKKVWGsWkGi0opzni","Ucww School Pediatric Nursing Proctored Exam 2 Practice Questions | NursingMocks","Practice with 40 questions from Ucww School Pediatric Nursing Proctored Exam 2 Practice Questions.","https://www.nursingmocks.com/ucww-school-pediatric-nursing-proctored-exam-2-practice-questions","https://www.nursingmocks.com/ucww-school-pediatric-nursing-proctored-exam-2-practice-questions","false","true","runtime-generated","0",""
"WW19PDuTAYU7ow95dELt","quiz","teas-english-practice-test-set-8","teas-english-practice-test-set-8","pillarPages/nursing-entrance-exam/subPages/yrdSf0KpOcuybL1SLnw7/nestedSubPages/ykWIONcheFBJ7ooEl7WK/quizzes/8obTXxgarYKCJaiZAd66","ATI TEAS English Practice Test Set 8 Questions and Answers","Review ATI TEAS English and Language Usage Set 8 questions and answers covering Conventions of Standard English, Knowledge of Language, and Using Language and Vocabulary to Express Ideas in Writing, with focus on sentence structure, usage rules, and vocabulary in context.","https://www.nursingmocks.com/teas-english-practice-test-set-8","https://www.nursingmocks.com/teas-english-practice-test-set-8","true","true","","0",""
"WYgPFrWmO1lR9571QtZX","quiz","ati-pn-med-surg-proctored-exam-4-practice-questions","ati-pn-med-surg-proctored-exam-4-practice-questions","pillarPages/nursing-test-bank/subPages/z0xzINtS3EohZNaKosBz/nestedSubPages/lyrHg4RBzN6UafuymMFT/topics/NywbGW22YNeZSM3kuwKk/quizzes/jovo45vkAbqv6Kkw3T8y","ATI PN Med Surg Proctored Exam 4 Practice Questions | NursingMocks","Practice with 54 questions from ATI PN Med Surg Proctored Exam 4 Practice Questions.","https://www.nursingmocks.com/ati-pn-med-surg-proctored-exam-4-practice-questions","https://www.nursingmocks.com/ati-pn-med-surg-proctored-exam-4-practice-questions","false","true","runtime-generated","0",""
"WeW10EH1Y2ZHD2369VQx","nested","hesi-a2-reading-comprehension-practice-test","hesi-a2-reading-comprehension-practice-test","pillarPages/nursing-entrance-exam/subPages/rdYGUZ9DzFvAmo6EsrVe/nestedSubPages/gGyVK8Up2mhnWjvQONJo","Hesi A2 Reading Comprehension Practice Test | TeasGurus","Content for Hesi A2 Reading Comprehension Practice Test under Hesi A2.","https://www.nursingmocks.com/hesi-a2-reading-comprehension-practice-test","https://www.nursingmocks.com/hesi-a2-reading-comprehension-practice-test","true","true","","0",""
"WmE3C7j2UzZgUJ065fYn","quiz","nur404w-mcphs-obstetrics-maternity-proctored-exam-examplify-practice-questions","nur404w-mcphs-obstetrics-maternity-proctored-exam-examplify-practice-questions","pillarPages/nursing-test-bank/subPages/SuT1noZoNGEjKGR1vTbi/nestedSubPages/zMFBI0XMiRsJnnXWhL5S/topics/Hwspg6smTqrELsoRSNmc/quizzes/8SaAzAhJXSsmGotleYXW","Nur404w Mcphs Obstetrics Maternity Proctored Exam(Examplify) Practice Questions | NursingMocks","Practice with 54 questions from Nur404w Mcphs Obstetrics Maternity Proctored Exam(Examplify) Practice Questions.","https://www.nursingmocks.com/nur404w-mcphs-obstetrics-maternity-proctored-exam-examplify-practice-questions","https://www.nursingmocks.com/nur404w-mcphs-obstetrics-maternity-proctored-exam-examplify-practice-questions","false","true","runtime-generated","0",""
"Wv3YrgIlFfstGGUfcyFj","quiz","hesi-rn-dosage-calculations-ii-proctored-exam-practice-questions","hesi-rn-dosage-calculations-ii-proctored-exam-practice-questions","pillarPages/nursing-test-bank/subPages/SuT1noZoNGEjKGR1vTbi/nestedSubPages/iT55qp9NAFOvZLBAiQzC/topics/dfRlrdGOvpDhVVXIqa0H/quizzes/kE7Y6XgRVvsOOBaQrL7g","HESI RN Dosage Calculations II Proctored Exam Practice Questions | NursingMocks","Practice with 55 questions from HESI RN Dosage Calculations II Proctored Exam Practice Questions.","https://www.nursingmocks.com/hesi-rn-dosage-calculations-ii-proctored-exam-practice-questions","https://www.nursingmocks.com/hesi-rn-dosage-calculations-ii-proctored-exam-practice-questions","false","true","runtime-generated","0",""
"X1jTWIJqQWooQcCGkDKh","quiz","ati-rn-comprehensive-predictor-2023-retake-proctored-exam","ati-rn-comprehensive-predictor-2023-retake-proctored-exam","pillarPages/nursing-exit-exam/subPages/S4vSoa5bxDgZ1L5kLOJe/nestedSubPages/QsMAv9L9bzYoFjgdfKgH/quizzes/vOWWI2x8xlwrKNXMCmY5","4-Ati rn comprehensive predictor 2023 retake proctored exam | NursingMocks","Practice nursing exit exam questions and answers for 4-Ati rn comprehensive predictor 2023 retake proctored exam.","https://www.nursingmocks.com/ati-rn-comprehensive-predictor-2023-retake-proctored-exam","https://www.nursingmocks.com/ati-rn-comprehensive-predictor-2023-retake-proctored-exam","false","true","runtime-generated","0",""
"X4XBwxDviFyjjgKDrAhY","quiz","teas-science-practice-test-set-13","teas-science-practice-test-set-13","pillarPages/nursing-entrance-exam/subPages/yrdSf0KpOcuybL1SLnw7/nestedSubPages/uJVUx7wiwgxZ5HPJXNkV/quizzes/0M5GAnL3YfFymcZ97W1d","ATI TEAS Science Practice Test Set 13 Questions and Answers","Practice ATI TEAS Science Set 13 questions and answers covering Human Anatomy and Physiology, Biology, Chemistry, and Scientific Reasoning, with focus on foundational science facts, process questions, and interpreting results.","https://www.nursingmocks.com/teas-science-practice-test-set-13","https://www.nursingmocks.com/teas-science-practice-test-set-13","true","true","","0",""
"X8LdoXq03cyFwRFxYf7s","topic","rn-certifications-phlebotomy-certification-practice-questions","rn-certifications-phlebotomy-certification-practice-questions","pillarPages/nursing-test-bank/subPages/SuT1noZoNGEjKGR1vTbi/nestedSubPages/Xm9CE6gN7AB8T4YZKMNa/topics/S3CdPETwhcGfYKwqrEFO","Phlebotomy Certification Practice Questions | NursingMocks","Practice phlebotomy certification exam questions for specimen collection, tubes, safety, patient identification, handling, and lab procedures.","https://www.nursingmocks.com/rn-certifications-phlebotomy-certification-practice-questions","https://www.nursingmocks.com/rn-certifications-phlebotomy-certification-practice-questions","true","true","","0",""
"XJW1YNpMQQ6SoYFyO2XG","quiz","ati-pn-mental-health-proctored-exam-practice-questions-set-4","ati-pn-mental-health-proctored-exam-practice-questions-set-4","pillarPages/nursing-test-bank/subPages/z0xzINtS3EohZNaKosBz/nestedSubPages/lyrHg4RBzN6UafuymMFT/topics/6i5h4wWlOfz4R8huNTkC/quizzes/sceHL0R4Xdjbg0G5Ksz9","ATI PN Mental Health Proctored Exam Practice Questions - Set 4 | NursingMocks","Practice with 50 questions from ATI PN Mental Health Proctored Exam Practice Questions - Set 4.","https://www.nursingmocks.com/ati-pn-mental-health-proctored-exam-practice-questions-set-4","https://www.nursingmocks.com/ati-pn-mental-health-proctored-exam-practice-questions-set-4","false","true","runtime-generated","0",""
"XJgBvOJqzBvyVBAEVwHi","quiz","ramsussen-section-4-module-11-pharmacology-for-professional-nursing-proctored-exam-practice-questions","ramsussen-section-4-module-11-pharmacology-for-professional-nursing-proctored-exam-practice-questions","pillarPages/nursing-test-bank/subPages/SuT1noZoNGEjKGR1vTbi/nestedSubPages/zMFBI0XMiRsJnnXWhL5S/topics/qjQzp4HMFByeL1UEKGDd/quizzes/EuT4SkEluWI5KRzTgysz","Ramsussen Section 4 Module 11. Pharmacology for Professional Nursing Proctored Exam Practice Questions | NursingMocks","Practice with 79 questions from Ramsussen Section 4 Module 11. Pharmacology for Professional Nursing Proctored Exam Practice Questions.","https://www.nursingmocks.com/ramsussen-section-4-module-11-pharmacology-for-professional-nursing-proctored-exam-practice-questions","https://www.nursingmocks.com/ramsussen-section-4-module-11-pharmacology-for-professional-nursing-proctored-exam-practice-questions","false","true","runtime-generated","0",""
"XKovkR5HzBQgVrIUbTNs","quiz","hesi-rn-dosage-calculation-proctored-exam-practice-questions-set-1","hesi-rn-dosage-calculation-proctored-exam-practice-questions-set-1","pillarPages/nursing-test-bank/subPages/SuT1noZoNGEjKGR1vTbi/nestedSubPages/iT55qp9NAFOvZLBAiQzC/topics/dfRlrdGOvpDhVVXIqa0H/quizzes/GP7hIHmLyM8Y1SdmELTc","HESI RN Dosage Calculation Proctored Exam Practice Questions - Set 1 | NursingMocks","Practice with 40 questions from HESI RN Dosage Calculation Proctored Exam Practice Questions - Set 1.","https://www.nursingmocks.com/hesi-rn-dosage-calculation-proctored-exam-practice-questions-set-1","https://www.nursingmocks.com/hesi-rn-dosage-calculation-proctored-exam-practice-questions-set-1","false","true","runtime-generated","0",""
"XLX7MzQBCP23cqegtYoM","quiz","ati-pn-med-surg-level-3-ii-proctored-exam-practice-questions","ati-pn-med-surg-level-3-ii-proctored-exam-practice-questions","pillarPages/nursing-test-bank/subPages/z0xzINtS3EohZNaKosBz/nestedSubPages/lyrHg4RBzN6UafuymMFT/topics/NywbGW22YNeZSM3kuwKk/quizzes/xvZbn7s75VV7cW7xXJHt","ATI PN Med Surg Level 3 II Proctored Exam Practice Questions | NursingMocks","Practice with 40 questions from ATI PN Med Surg Level 3 II Proctored Exam Practice Questions.","https://www.nursingmocks.com/ati-pn-med-surg-level-3-ii-proctored-exam-practice-questions","https://www.nursingmocks.com/ati-pn-med-surg-level-3-ii-proctored-exam-practice-questions","false","true","runtime-generated","0",""
"XMUgeQsskKKTfwq2GF2X","quiz","teas-science-practice-test-set-2","teas-science-practice-test-set-2","pillarPages/nursing-entrance-exam/subPages/yrdSf0KpOcuybL1SLnw7/nestedSubPages/uJVUx7wiwgxZ5HPJXNkV/quizzes/uATEJmnYDUxhccUtLq5m","ATI TEAS Science Practice Test Set 2 Questions and Answers","Review ATI TEAS Science Set 2 questions and answers covering Human Anatomy and Physiology, Biology, Chemistry, and Scientific Reasoning, with focus on structure and function, biology concepts, and data-based science reasoning.","https://www.nursingmocks.com/teas-science-practice-test-set-2","https://www.nursingmocks.com/teas-science-practice-test-set-2","true","true","","0",""
"XN6ADPipF7chn13LJtBm","quiz","hesi-rn-dosage-calculation-iv-proctored-exam-practice-questions","hesi-rn-dosage-calculation-iv-proctored-exam-practice-questions","pillarPages/nursing-test-bank/subPages/SuT1noZoNGEjKGR1vTbi/nestedSubPages/iT55qp9NAFOvZLBAiQzC/topics/dfRlrdGOvpDhVVXIqa0H/quizzes/ImHYBSM0oEsoRQDsV2ht","HESI RN Dosage Calculation IV Proctored Exam Practice Questions | NursingMocks","Practice with 56 questions from HESI RN Dosage Calculation IV Proctored Exam Practice Questions.","https://www.nursingmocks.com/hesi-rn-dosage-calculation-iv-proctored-exam-practice-questions","https://www.nursingmocks.com/hesi-rn-dosage-calculation-iv-proctored-exam-practice-questions","false","true","runtime-generated","0",""
"XR1H9jLywEMT7nNP9TOv","quiz","ati-pn-med-surg-musculoskeletal-system-test-proctored-exam-practice-questions","ati-pn-med-surg-musculoskeletal-system-test-proctored-exam-practice-questions","pillarPages/nursing-test-bank/subPages/z0xzINtS3EohZNaKosBz/nestedSubPages/lyrHg4RBzN6UafuymMFT/topics/NywbGW22YNeZSM3kuwKk/quizzes/yjLtOtckShXxRktmvg1Q","ATI PN Med Surg Musculoskeletal System Test Proctored Exam Practice Questions | NursingMocks","Practice with 50 questions from ATI PN Med Surg Musculoskeletal System Test Proctored Exam Practice Questions.","https://www.nursingmocks.com/ati-pn-med-surg-musculoskeletal-system-test-proctored-exam-practice-questions","https://www.nursingmocks.com/ati-pn-med-surg-musculoskeletal-system-test-proctored-exam-practice-questions","false","true","runtime-generated","0",""
"XWkK3gYAjjwdoGg05woe","quiz","med-surg-proctored-exam-practice-questions-set-14","med-surg-proctored-exam-practice-questions-set-14","pillarPages/nursing-test-bank/subPages/SuT1noZoNGEjKGR1vTbi/nestedSubPages/zMFBI0XMiRsJnnXWhL5S/topics/4xNDZPMszSkpgRfEsOck/quizzes/FRXHFtNu8RU37uZsFKmn","Med Surg Proctored Exam Practice Questions - Set 14 | NursingMocks","Practice with 51 questions from Med Surg Proctored Exam Practice Questions - Set 14.","https://www.nursingmocks.com/med-surg-proctored-exam-practice-questions-set-14","https://www.nursingmocks.com/med-surg-proctored-exam-practice-questions-set-14","false","true","runtime-generated","0",""
"XWlbT8msjrDv1XMyOshn","quiz","ati-pn-management-2020-proctored-exam-practice-questions-set-6","ati-pn-management-2020-proctored-exam-practice-questions-set-6","pillarPages/nursing-test-bank/subPages/z0xzINtS3EohZNaKosBz/nestedSubPages/lyrHg4RBzN6UafuymMFT/topics/i0Rf69MPdXLbYTSRdCOW/quizzes/XC1mmo5mnUHPGaipLmT4","ATI PN Management 2020 Proctored Exam Practice Questions - Set 6 | NursingMocks","Practice with 86 questions from ATI PN Management 2020 Proctored Exam Practice Questions - Set 6.","https://www.nursingmocks.com/ati-pn-management-2020-proctored-exam-practice-questions-set-6","https://www.nursingmocks.com/ati-pn-management-2020-proctored-exam-practice-questions-set-6","false","true","runtime-generated","0",""
"XYOoTKvcAJ3I1JVOrDle","topic","hesi-rn-cat-practice-questions","hesi-rn-cat-practice-questions","pillarPages/nursing-test-bank/subPages/SuT1noZoNGEjKGR1vTbi/nestedSubPages/iT55qp9NAFOvZLBAiQzC/topics/CMoNbGuvq6grfTjWoBDO","HESI RN CAT Questions | NursingMocks","Practice HESI RN CAT questions for adaptive-style nursing review, mixed content, prioritization, and clinical decision-making.","https://www.nursingmocks.com/hesi-rn-cat-practice-questions","https://www.nursingmocks.com/hesi-rn-cat-practice-questions","true","true","","0",""
"XYRxPb7tLa2zTxySKyHe","quiz","teas-science-practice-test-set-11","teas-science-practice-test-set-11","pillarPages/nursing-entrance-exam/subPages/yrdSf0KpOcuybL1SLnw7/nestedSubPages/uJVUx7wiwgxZ5HPJXNkV/quizzes/NOu29y5q7Cm459xGO6J4","ATI TEAS Science Practice Test Set 11 Questions and Answers","Build science readiness with ATI TEAS Science Set 11 questions and answers covering Human Anatomy and Physiology, Biology, Chemistry, and Scientific Reasoning, with focus on physiology, cellular biology, chemistry concepts, and experimental thinking.","https://www.nursingmocks.com/teas-science-practice-test-set-11","https://www.nursingmocks.com/teas-science-practice-test-set-11","true","true","","0",""
"XYjsSXfcFpSC5nyI3dsF","quiz","hesi-lpn-exit-proctored-exam","hesi-lpn-exit-proctored-exam","pillarPages/nursing-exit-exam/subPages/nkXaaMfkkbvjmrSRwtVq/nestedSubPages/BH31o1XVf6CrhNvQvfOO/quizzes/EKLCvU7yv7U6sWoQS3cF","2-Hesi lpn exit proctored exam | NursingMocks","Practice nursing exit exam questions and answers for 2-Hesi lpn exit proctored exam.","https://www.nursingmocks.com/hesi-lpn-exit-proctored-exam","https://www.nursingmocks.com/hesi-lpn-exit-proctored-exam","false","true","runtime-generated","0",""
"Xbt0CtEde6YrxJIt27fG","quiz","teas-science-practice-test-set-1","teas-science-practice-test-set-1","pillarPages/nursing-entrance-exam/subPages/yrdSf0KpOcuybL1SLnw7/nestedSubPages/uJVUx7wiwgxZ5HPJXNkV/quizzes/UvEuW1Z0fRO17XHXu1x2","ATI TEAS Science Practice Test Set 1 Questions and Answers","Practice ATI TEAS Science Set 1 questions and answers covering Human Anatomy and Physiology, Biology, Chemistry, and Scientific Reasoning, with focus on human biology, chemical principles, and scientific method questions.","https://www.nursingmocks.com/teas-science-practice-test-set-1","https://www.nursingmocks.com/teas-science-practice-test-set-1","true","true","","0",""
"XiDDHZsyvOgfolPun55z","quiz","ati-pn-critical-thinking-proctored-exam-practice-questions-set-1","ati-pn-critical-thinking-proctored-exam-practice-questions-set-1","pillarPages/nursing-test-bank/subPages/z0xzINtS3EohZNaKosBz/nestedSubPages/lyrHg4RBzN6UafuymMFT/topics/AIrzHbC5yDHk6TUjdEeM/quizzes/R9da0zbOLu0fM4XjbRYF","ATI PN Critical Thinking Proctored Exam Practice Questions - Set 1 | NursingMocks","Practice with 50 questions from ATI PN Critical Thinking Proctored Exam Practice Questions - Set 1.","https://www.nursingmocks.com/ati-pn-critical-thinking-proctored-exam-practice-questions-set-1","https://www.nursingmocks.com/ati-pn-critical-thinking-proctored-exam-practice-questions-set-1","false","true","runtime-generated","0",""
"Xk4c1HczAbpZbh8v0NNs","quiz","medical-surgical-proctored-exam-3-practice-questions","medical-surgical-proctored-exam-3-practice-questions","pillarPages/nursing-test-bank/subPages/SuT1noZoNGEjKGR1vTbi/nestedSubPages/zMFBI0XMiRsJnnXWhL5S/topics/4xNDZPMszSkpgRfEsOck/quizzes/YdELYIsxLMQJr4MsEhHk","Medical-Surgical Proctored Exam 3 Practice Questions | NursingMocks","Practice with 45 questions from Medical-Surgical Proctored Exam 3 Practice Questions.","https://www.nursingmocks.com/medical-surgical-proctored-exam-3-practice-questions","https://www.nursingmocks.com/medical-surgical-proctored-exam-3-practice-questions","false","true","runtime-generated","0",""
"Xn3QGUluxBadLoqXWAV9","quiz","vati-ati-comprehensive-predictor-2023-proctored-exam","vati-ati-comprehensive-predictor-2023-proctored-exam","pillarPages/nursing-exit-exam/subPages/S4vSoa5bxDgZ1L5kLOJe/nestedSubPages/QsMAv9L9bzYoFjgdfKgH/quizzes/rw8qWNY44gw9BYs2tD6N","VATI ATI Comprehensive Predictor 2023 Proctored Exam | NursingMocks","VATI ATI Comprehensive Predictor 2023 Proctored Exam practice questions and answers for Nursing Exit Exam review.","https://www.nursingmocks.com/vati-ati-comprehensive-predictor-2023-proctored-exam","https://www.nursingmocks.com/vati-ati-comprehensive-predictor-2023-proctored-exam","false","true","runtime-generated","0",""
"XoyixMbekQXGUV2v9YQx","quiz","medical-surgical-nursing-proctored-exam-lpn-practice-questions","medical-surgical-nursing-proctored-exam-lpn-practice-questions","pillarPages/nursing-test-bank/subPages/z0xzINtS3EohZNaKosBz/nestedSubPages/3K3wv7IGcDcXvSNM9Kxm/topics/AlR3KvZbCSZXo21jeLnT/quizzes/NAoU9TDzL0PQhRhP8eWC","Medical Surgical Nursing Proctored Exam (LPN) Practice Questions | NursingMocks","Practice with 100 questions from Medical Surgical Nursing Proctored Exam (LPN) Practice Questions.","https://www.nursingmocks.com/medical-surgical-nursing-proctored-exam-lpn-practice-questions","https://www.nursingmocks.com/medical-surgical-nursing-proctored-exam-lpn-practice-questions","false","true","runtime-generated","0",""
"Xp4SQeSdMBbQcUOiQZBh","quiz","module-6-dimensions-of-nursing-practice-proctored-exam-practice-questions","module-6-dimensions-of-nursing-practice-proctored-exam-practice-questions","pillarPages/nursing-test-bank/subPages/SuT1noZoNGEjKGR1vTbi/nestedSubPages/zMFBI0XMiRsJnnXWhL5S/topics/DN3QPHblwrFWRn1uoplD/quizzes/eoPKGZ9qwOh932GbcOWR","Module 6 Dimensions of Nursing Practice Proctored Exam Practice Questions | NursingMocks","Practice with 50 questions from Module 6 Dimensions of Nursing Practice Proctored Exam Practice Questions.","https://www.nursingmocks.com/module-6-dimensions-of-nursing-practice-proctored-exam-practice-questions","https://www.nursingmocks.com/module-6-dimensions-of-nursing-practice-proctored-exam-practice-questions","false","true","runtime-generated","0",""
"Xp8kDHVP9cm7p0H7WLnb","quiz","mental-health-proctored-exam-practice-questions-set-10","mental-health-proctored-exam-practice-questions-set-10","pillarPages/nursing-test-bank/subPages/SuT1noZoNGEjKGR1vTbi/nestedSubPages/zMFBI0XMiRsJnnXWhL5S/topics/dwj41dVBiWR9v4FRpKhC/quizzes/tqZexHKRKjnlwGNrgTMx","Mental Health Proctored Exam Practice Questions - Set 10 | NursingMocks","Practice with 41 questions from Mental Health Proctored Exam Practice Questions - Set 10.","https://www.nursingmocks.com/mental-health-proctored-exam-practice-questions-set-10","https://www.nursingmocks.com/mental-health-proctored-exam-practice-questions-set-10","false","true","runtime-generated","0",""
"XrjQt5IxH07ZkQjPT3jL","quiz","rn-community-health-2019-proctored-exam-practice-questions","rn-community-health-2019-proctored-exam-practice-questions","pillarPages/nursing-test-bank/subPages/SuT1noZoNGEjKGR1vTbi/nestedSubPages/zMFBI0XMiRsJnnXWhL5S/topics/pXf53xDTrL7aSDzdhniW/quizzes/bYlNgUPAQJRrae9HMlgg","RN Community Health 2019 Proctored Exam Practice Questions | NursingMocks","Practice with 57 questions from RN Community Health 2019 Proctored Exam Practice Questions.","https://www.nursingmocks.com/rn-community-health-2019-proctored-exam-practice-questions","https://www.nursingmocks.com/rn-community-health-2019-proctored-exam-practice-questions","false","true","runtime-generated","0",""
"XuwX0GAxZC6nqrbVPpMa","quiz","ati-pn-pharmacology-proctored-exam-practice-questions-set-6","ati-pn-pharmacology-proctored-exam-practice-questions-set-6","pillarPages/nursing-test-bank/subPages/z0xzINtS3EohZNaKosBz/nestedSubPages/lyrHg4RBzN6UafuymMFT/topics/13a3GLxldltUqhIxNzkr/quizzes/PN4Npmxl9ZVpOYTeNCwb","ATI PN Pharmacology Proctored Exam Practice Questions - Set 6 | NursingMocks","Practice with 76 questions from ATI PN Pharmacology Proctored Exam Practice Questions - Set 6.","https://www.nursingmocks.com/ati-pn-pharmacology-proctored-exam-practice-questions-set-6","https://www.nursingmocks.com/ati-pn-pharmacology-proctored-exam-practice-questions-set-6","false","true","runtime-generated","0",""
"XzqwWZtsZlfkFdQNRmXH","quiz","nurs366-pathology-proctored-exam-colorado-christian-university-practice-questions","nurs366-pathology-proctored-exam-colorado-christian-university-practice-questions","pillarPages/nursing-test-bank/subPages/SuT1noZoNGEjKGR1vTbi/nestedSubPages/zMFBI0XMiRsJnnXWhL5S/topics/KyUeIK7zxUi2K91H84Bj/quizzes/PuXUH4zIr3AoxmFlMrQ6","Nurs366 Pathology Proctored Exam(Colorado Christian University) Practice Questions | NursingMocks","Practice with 39 questions from Nurs366 Pathology Proctored Exam(Colorado Christian University) Practice Questions.","https://www.nursingmocks.com/nurs366-pathology-proctored-exam-colorado-christian-university-practice-questions","https://www.nursingmocks.com/nurs366-pathology-proctored-exam-colorado-christian-university-practice-questions","false","true","runtime-generated","0",""
"Y5hgbczsp4phhKMeAhv8","quiz","ati-pn-pediatrics-proctored-exam-practice-questions-set-19","ati-pn-pediatrics-proctored-exam-practice-questions-set-19","pillarPages/nursing-test-bank/subPages/z0xzINtS3EohZNaKosBz/nestedSubPages/lyrHg4RBzN6UafuymMFT/topics/Y0MhOdG0hGVh8AUsgVrz/quizzes/zqzGxoHQqoZRIPxmu7nL","ATI PN Pediatrics Proctored Exam Practice Questions - Set 19 | NursingMocks","Practice with 50 questions from ATI PN Pediatrics Proctored Exam Practice Questions - Set 19.","https://www.nursingmocks.com/ati-pn-pediatrics-proctored-exam-practice-questions-set-19","https://www.nursingmocks.com/ati-pn-pediatrics-proctored-exam-practice-questions-set-19","false","true","runtime-generated","0",""
"Y80qr4Q4WcYn13SVTJM3","quiz","teas-english-practice-test-set-12","teas-english-practice-test-set-12","pillarPages/nursing-entrance-exam/subPages/yrdSf0KpOcuybL1SLnw7/nestedSubPages/ykWIONcheFBJ7ooEl7WK/quizzes/Ibx5WEnKHv6K0Mnfp3yg","ATI TEAS English Practice Test Set 12 Questions and Answers","Strengthen editing skills with ATI TEAS English and Language Usage Set 12 questions and answers covering Conventions of Standard English, Knowledge of Language, and Using Language and Vocabulary to Express Ideas in Writing, with focus on mechanics, style decisions, and vocabulary used in writing.","https://www.nursingmocks.com/teas-english-practice-test-set-12","https://www.nursingmocks.com/teas-english-practice-test-set-12","true","true","","0",""
"YE7rgZ1k2I7BuAoW5FVj","quiz","lpn-fundamentals-exam-evolve-illinois-college-proctored-exam-practice-questions","lpn-fundamentals-exam-evolve-illinois-college-proctored-exam-practice-questions","pillarPages/nursing-test-bank/subPages/z0xzINtS3EohZNaKosBz/nestedSubPages/3K3wv7IGcDcXvSNM9Kxm/topics/XKenRdlHMVfdY4Dl99G2/quizzes/CCuGa5bbXg7eb5eJ8euY","LPN Fundamentals Exam Evolve (Illinois College) Proctored Exam Practice Questions | NursingMocks","Practice with 95 questions from LPN Fundamentals Exam Evolve (Illinois College) Proctored Exam Practice Questions.","https://www.nursingmocks.com/lpn-fundamentals-exam-evolve-illinois-college-proctored-exam-practice-questions","https://www.nursingmocks.com/lpn-fundamentals-exam-evolve-illinois-college-proctored-exam-practice-questions","false","true","runtime-generated","0",""
"YIFpiqnMnSXNc5XkhvX9","quiz","hesi-rn-dosage-calculations-proctored-exam-practice-questions-set-3","hesi-rn-dosage-calculations-proctored-exam-practice-questions-set-3","pillarPages/nursing-test-bank/subPages/SuT1noZoNGEjKGR1vTbi/nestedSubPages/iT55qp9NAFOvZLBAiQzC/topics/dfRlrdGOvpDhVVXIqa0H/quizzes/JhNf05IJwo7a3tHlTSKZ","HESI RN Dosage Calculations Proctored Exam Practice Questions - Set 3 | NursingMocks","Practice with 54 questions from HESI RN Dosage Calculations Proctored Exam Practice Questions - Set 3.","https://www.nursingmocks.com/hesi-rn-dosage-calculations-proctored-exam-practice-questions-set-3","https://www.nursingmocks.com/hesi-rn-dosage-calculations-proctored-exam-practice-questions-set-3","false","true","runtime-generated","0",""
"YU6gyuWsvlmbkxgTphz2","quiz","dosage-calculation-rn-fundamentals-proctored-assesment-practice-questions","dosage-calculation-rn-fundamentals-proctored-assesment-practice-questions","pillarPages/nursing-test-bank/subPages/SuT1noZoNGEjKGR1vTbi/nestedSubPages/zMFBI0XMiRsJnnXWhL5S/topics/GXrH3QXIidtKg5Jx0ly4/quizzes/08H3sNvQcyE1ZMiVk5xR","Dosage Calculation RN Fundamentals Proctored Assesment Practice Questions | NursingMocks","Practice with 27 questions from Dosage Calculation RN Fundamentals Proctored Assesment Practice Questions.","https://www.nursingmocks.com/dosage-calculation-rn-fundamentals-proctored-assesment-practice-questions","https://www.nursingmocks.com/dosage-calculation-rn-fundamentals-proctored-assesment-practice-questions","false","true","runtime-generated","0",""
"Ye7184Hit5b4L2eTW7VF","quiz","southeastern-college-maternity-proctored-exam-practice-questions","southeastern-college-maternity-proctored-exam-practice-questions","pillarPages/nursing-test-bank/subPages/SuT1noZoNGEjKGR1vTbi/nestedSubPages/zMFBI0XMiRsJnnXWhL5S/topics/stnDIFRoA0VwLaoxbGv1/quizzes/SunqOEjQS1Uu0gByUoT1","Southeastern College Maternity Proctored Exam Practice Questions | NursingMocks","Practice with 55 questions from Southeastern College Maternity Proctored Exam Practice Questions.","https://www.nursingmocks.com/southeastern-college-maternity-proctored-exam-practice-questions","https://www.nursingmocks.com/southeastern-college-maternity-proctored-exam-practice-questions","false","true","runtime-generated","0",""
"YjghYYdQ2wy35pzWzEH4","quiz","dosage-medication-administration-proctored-exam-practice-questions","dosage-medication-administration-proctored-exam-practice-questions","pillarPages/nursing-test-bank/subPages/SuT1noZoNGEjKGR1vTbi/nestedSubPages/zMFBI0XMiRsJnnXWhL5S/topics/GXrH3QXIidtKg5Jx0ly4/quizzes/ZJaANBynOsJy9NlXmYhG","Dosage Medication Administration Proctored Exam Practice Questions | NursingMocks","Practice with 20 questions from Dosage Medication Administration Proctored Exam Practice Questions.","https://www.nursingmocks.com/dosage-medication-administration-proctored-exam-practice-questions","https://www.nursingmocks.com/dosage-medication-administration-proctored-exam-practice-questions","false","true","runtime-generated","0",""
"Yt1eQOuYARJuzArQSYvl","quiz","ati-pn-exit-2023-proctored-exam","ati-pn-exit-2023-proctored-exam","pillarPages/nursing-exit-exam/subPages/nkXaaMfkkbvjmrSRwtVq/nestedSubPages/ShdTxCRHYWbhmGg06Sgw/quizzes/CJz10nQrY3WFsdZvAoFV","ATI PN Exit 2023 Proctored Exam | NursingMocks","ATI PN Exit 2023 Proctored Exam practice questions and answers for Nursing Exit Exam review.","https://www.nursingmocks.com/ati-pn-exit-2023-proctored-exam","https://www.nursingmocks.com/ati-pn-exit-2023-proctored-exam","false","true","runtime-generated","0",""
"YtROV5CR23Iq1XOvOiTw","quiz","med-surg-proctored-exam-practice-questions-set-29","med-surg-proctored-exam-practice-questions-set-29","pillarPages/nursing-test-bank/subPages/SuT1noZoNGEjKGR1vTbi/nestedSubPages/zMFBI0XMiRsJnnXWhL5S/topics/4xNDZPMszSkpgRfEsOck/quizzes/tf6gDqQZSQ3wBzJUvup3","Med Surg Proctored Exam Practice Questions - Set 29 | NursingMocks","Practice with 50 questions from Med Surg Proctored Exam Practice Questions - Set 29.","https://www.nursingmocks.com/med-surg-proctored-exam-practice-questions-set-29","https://www.nursingmocks.com/med-surg-proctored-exam-practice-questions-set-29","false","true","runtime-generated","0",""
"YvbdZ5QYdADozfob763o","quiz","med-surg-final-proctored-exam-samuel-merit-university-practice-questions","med-surg-final-proctored-exam-samuel-merit-university-practice-questions","pillarPages/nursing-test-bank/subPages/SuT1noZoNGEjKGR1vTbi/nestedSubPages/zMFBI0XMiRsJnnXWhL5S/topics/4xNDZPMszSkpgRfEsOck/quizzes/0SbfniyCBh0BMz2303gr","Med Surg Final Proctored Exam (Samuel Merit University) Practice Questions | NursingMocks","Practice with 65 questions from Med Surg Final Proctored Exam (Samuel Merit University) Practice Questions.","https://www.nursingmocks.com/med-surg-final-proctored-exam-samuel-merit-university-practice-questions","https://www.nursingmocks.com/med-surg-final-proctored-exam-samuel-merit-university-practice-questions","false","true","runtime-generated","0",""
"YyIHje8KQjCXb0mtgZmA","quiz","hesi-rn-adult-health-proctored-exam-med-surg-practice-questions","hesi-rn-adult-health-proctored-exam-med-surg-practice-questions","pillarPages/nursing-test-bank/subPages/SuT1noZoNGEjKGR1vTbi/nestedSubPages/iT55qp9NAFOvZLBAiQzC/topics/n2FK9jdRFYQvHbryoAbl/quizzes/pbRsMo4XFQmz6nhLvNF1","HESI RN Adult Health Proctored Exam (Med Surg) Practice Questions | NursingMocks","Practice with 25 questions from HESI RN Adult Health Proctored Exam (Med Surg) Practice Questions.","https://www.nursingmocks.com/hesi-rn-adult-health-proctored-exam-med-surg-practice-questions","https://www.nursingmocks.com/hesi-rn-adult-health-proctored-exam-med-surg-practice-questions","false","true","runtime-generated","0",""
"Z0tmLHh7qsJKLlLdOJQm","quiz","med-surg-proctored-exam-warren-county-community-college-practice-questions","med-surg-proctored-exam-warren-county-community-college-practice-questions","pillarPages/nursing-test-bank/subPages/SuT1noZoNGEjKGR1vTbi/nestedSubPages/zMFBI0XMiRsJnnXWhL5S/topics/4xNDZPMszSkpgRfEsOck/quizzes/MCUoBJtACotEI6NzCNhv","Med Surg Proctored Exam - Warren County Community College Practice Questions | NursingMocks","Practice with 51 questions from Med Surg Proctored Exam - Warren County Community College Practice Questions.","https://www.nursingmocks.com/med-surg-proctored-exam-warren-county-community-college-practice-questions","https://www.nursingmocks.com/med-surg-proctored-exam-warren-county-community-college-practice-questions","false","true","runtime-generated","0",""
"Z2Pc1SIt6MFnoTZaMIEP","quiz","hesi-a2-math-practice-test-set-3","hesi-a2-math-practice-test-set-3","pillarPages/nursing-entrance-exam/subPages/rdYGUZ9DzFvAmo6EsrVe/nestedSubPages/WCMWPi3ol4wwpJaHF6DH/quizzes/hesi-a2-math-practice-test-set-3","HESI A2 Math Practice Test Set 3","Practice HESI A2 Actual Exam Set 3 - Mathematics questions for HESI A2 preparation.","https://www.nursingmocks.com/hesi-a2-math-practice-test-set-3","https://www.nursingmocks.com/hesi-a2-math-practice-test-set-3","false","true","runtime-generated","0",""
"Z38Zi8iXwHaSGRU55Z7H","quiz","hesi-lpn-fundamentals-proctored-exam-wgu-practice-questions","hesi-lpn-fundamentals-proctored-exam-wgu-practice-questions","pillarPages/nursing-test-bank/subPages/z0xzINtS3EohZNaKosBz/nestedSubPages/ToLSmb6DG83NTZWXEJxt/topics/HQnTsUWAQtikNnY47O7a/quizzes/nrwknJKYorZ5kHKLUlIh","HESI LPN Fundamentals Proctored Exam (WGU) Practice Questions | NursingMocks","Practice with 60 questions from HESI LPN Fundamentals Proctored Exam (WGU) Practice Questions.","https://www.nursingmocks.com/hesi-lpn-fundamentals-proctored-exam-wgu-practice-questions","https://www.nursingmocks.com/hesi-lpn-fundamentals-proctored-exam-wgu-practice-questions","false","true","runtime-generated","0",""
"Z57An2t930qcxtQk0J8N","quiz","ati-pn-custom-fundamentals-ch-38-liz-proctored-exam-practice-questions","ati-pn-custom-fundamentals-ch-38-liz-proctored-exam-practice-questions","pillarPages/nursing-test-bank/subPages/z0xzINtS3EohZNaKosBz/nestedSubPages/lyrHg4RBzN6UafuymMFT/topics/1Lb0PkKiTEM2wQOIMDtv/quizzes/X8WkUFSm41p8yIKjNEH2","ATI PN Custom Fundamentals Ch 38 Liz Proctored Exam Practice Questions | NursingMocks","Practice with 53 questions from ATI PN Custom Fundamentals Ch 38 Liz Proctored Exam Practice Questions.","https://www.nursingmocks.com/ati-pn-custom-fundamentals-ch-38-liz-proctored-exam-practice-questions","https://www.nursingmocks.com/ati-pn-custom-fundamentals-ch-38-liz-proctored-exam-practice-questions","false","true","runtime-generated","0",""
"Z5EC5rXrIir94b5zlH9E","topic","hesi-rn-mental-health-practice-questions","hesi-rn-mental-health-practice-questions","pillarPages/nursing-test-bank/subPages/SuT1noZoNGEjKGR1vTbi/nestedSubPages/iT55qp9NAFOvZLBAiQzC/topics/nWHmcLCOYFPkjaWIHcVu","HESI RN Mental Health Questions | NursingMocks","Study HESI RN Mental Health questions on psychiatric nursing, therapeutic communication, psychosocial care, and safety.","https://www.nursingmocks.com/hesi-rn-mental-health-practice-questions","https://www.nursingmocks.com/hesi-rn-mental-health-practice-questions","true","true","","0",""
"Z6mqgQZJdnSJckzPR7O9","quiz","ati-pn-obstetrics-ob-nursing-cohort-proctored-exam-total-questions-35-practice-questions","ati-pn-obstetrics-ob-nursing-cohort-proctored-exam-total-questions-35-practice-questions","pillarPages/nursing-test-bank/subPages/z0xzINtS3EohZNaKosBz/nestedSubPages/lyrHg4RBzN6UafuymMFT/topics/ZwY2vYN2X4tXEKOv2x6h/quizzes/MVzjDrf7wMbGfyUzeiaX","ATI PN Obstetrics OB Nursing Cohort Proctored Exam Total Questions 35 Practice Questions | NursingMocks","Practice with 35 questions from ATI PN Obstetrics OB Nursing Cohort Proctored Exam Total Questions 35 Practice Questions.","https://www.nursingmocks.com/ati-pn-obstetrics-ob-nursing-cohort-proctored-exam-total-questions-35-practice-questions","https://www.nursingmocks.com/ati-pn-obstetrics-ob-nursing-cohort-proctored-exam-total-questions-35-practice-questions","false","true","runtime-generated","0",""
"ZDmMId6YIqU4M7PvM0Hu","quiz","miami-dade-college-pharmacology-nur1141-proctored-exam-practice-questions","miami-dade-college-pharmacology-nur1141-proctored-exam-practice-questions","pillarPages/nursing-test-bank/subPages/SuT1noZoNGEjKGR1vTbi/nestedSubPages/zMFBI0XMiRsJnnXWhL5S/topics/qjQzp4HMFByeL1UEKGDd/quizzes/klSYU1mKfgLq0BIrVdq9","Miami Dade College Pharmacology Nur1141 Proctored Exam Practice Questions | NursingMocks","Practice with 57 questions from Miami Dade College Pharmacology Nur1141 Proctored Exam Practice Questions.","https://www.nursingmocks.com/miami-dade-college-pharmacology-nur1141-proctored-exam-practice-questions","https://www.nursingmocks.com/miami-dade-college-pharmacology-nur1141-proctored-exam-practice-questions","false","true","runtime-generated","0",""
"ZF3taogfFwKmYZW8KGJS","quiz","health-assessment-proctored-exam-practice-questions-set-1","health-assessment-proctored-exam-practice-questions-set-1","pillarPages/nursing-test-bank/subPages/SuT1noZoNGEjKGR1vTbi/nestedSubPages/zMFBI0XMiRsJnnXWhL5S/topics/XQlgh9zsLrRK6vilmJPA/quizzes/6aA7KAug9A8g2waCziGr","Health Assessment Proctored Exam Practice Questions - Set 1 | NursingMocks","Practice with 46 questions from Health Assessment Proctored Exam Practice Questions - Set 1.","https://www.nursingmocks.com/health-assessment-proctored-exam-practice-questions-set-1","https://www.nursingmocks.com/health-assessment-proctored-exam-practice-questions-set-1","false","true","runtime-generated","0",""
"ZFHyuEY9NsDKBevrNs5R","quiz","hesi-a2-vocabulary-practice-test-set-2","hesi-a2-vocabulary-practice-test-set-2","pillarPages/nursing-entrance-exam/subPages/rdYGUZ9DzFvAmo6EsrVe/nestedSubPages/i7Rzaozenx3Czccmf5HD/quizzes/hesi-a2-vocabulary-practice-test-set-2","HESI A2 Vocabulary Practice Test Set 2","Practice HESI A2 Actual Exam Set 2 - Vocabulary questions for HESI A2 preparation.","https://www.nursingmocks.com/hesi-a2-vocabulary-practice-test-set-2","https://www.nursingmocks.com/hesi-a2-vocabulary-practice-test-set-2","false","true","runtime-generated","0",""
"ZIWtNfcMyqssdU5XGXvH","nested","hesi-a2-biology-practice-test","hesi-a2-biology-practice-test","pillarPages/nursing-entrance-exam/subPages/rdYGUZ9DzFvAmo6EsrVe/nestedSubPages/4f2Tydp51lxl4u4OtTlL","Hesi A2 Biology Practice Test | TeasGurus","Content for Hesi A2 Biology Practice Test under Hesi A2.","https://www.nursingmocks.com/hesi-a2-biology-practice-test","https://www.nursingmocks.com/hesi-a2-biology-practice-test","true","true","","0",""
"ZQCrvmLhpsNiepLLY3yP","quiz","ati-pn-maternal-newborn-2023-proctored-exam-3-practice-questions","ati-pn-maternal-newborn-2023-proctored-exam-3-practice-questions","pillarPages/nursing-test-bank/subPages/z0xzINtS3EohZNaKosBz/nestedSubPages/lyrHg4RBzN6UafuymMFT/topics/ZwY2vYN2X4tXEKOv2x6h/quizzes/VjaDUpN5FhgXw4nqKNO2","ATI PN Maternal Newborn 2023 Proctored Exam 3 Practice Questions | NursingMocks","Practice with 61 questions from ATI PN Maternal Newborn 2023 Proctored Exam 3 Practice Questions.","https://www.nursingmocks.com/ati-pn-maternal-newborn-2023-proctored-exam-3-practice-questions","https://www.nursingmocks.com/ati-pn-maternal-newborn-2023-proctored-exam-3-practice-questions","false","true","runtime-generated","0",""
"ZS4sPMK6yprVrLIV1kWO","quiz","lpn-fundamentals-proctored-exam-basic-nursing-set-4-practice-questions","lpn-fundamentals-proctored-exam-basic-nursing-set-4-practice-questions","pillarPages/nursing-test-bank/subPages/z0xzINtS3EohZNaKosBz/nestedSubPages/3K3wv7IGcDcXvSNM9Kxm/topics/XKenRdlHMVfdY4Dl99G2/quizzes/ZAKTIk4iK5WyJRXVXPVv","LPN Fundamentals Proctored Exam (Basic Nursing) - Set 4 Practice Questions | NursingMocks","Practice with 50 questions from LPN Fundamentals Proctored Exam (Basic Nursing) - Set 4 Practice Questions.","https://www.nursingmocks.com/lpn-fundamentals-proctored-exam-basic-nursing-set-4-practice-questions","https://www.nursingmocks.com/lpn-fundamentals-proctored-exam-basic-nursing-set-4-practice-questions","false","true","runtime-generated","0",""
"ZUUwI5RUZm4RgIHGRSzj","topic","ati-pn-adult-medical-surgical-practice-questions","ati-pn-adult-medical-surgical-practice-questions","pillarPages/nursing-test-bank/subPages/z0xzINtS3EohZNaKosBz/nestedSubPages/lyrHg4RBzN6UafuymMFT/topics/NywbGW22YNeZSM3kuwKk","ATI PN Adult Medical Surgical Questions | NursingMocks","Practice ATI PN Adult Medical Surgical questions for med surg review, adult-care concepts, body systems, and clinical decision-making.","https://www.nursingmocks.com/ati-pn-adult-medical-surgical-practice-questions","https://www.nursingmocks.com/ati-pn-adult-medical-surgical-practice-questions","true","true","","0",""
"ZZSA4CCI2YJZx6VZudAg","topic","rn-nursing-course-adult-health-practice-questions","rn-nursing-course-adult-health-practice-questions","pillarPages/nursing-test-bank/subPages/SuT1noZoNGEjKGR1vTbi/nestedSubPages/zMFBI0XMiRsJnnXWhL5S/topics/L2wWtC9VGd9bcVlQMhD1","RN Adult Health Course Exam Questions | NursingMocks","Practice RN Adult Health course exam questions for adult-care concepts, clinical judgment, chronic illness, and medical-surgical review.","https://www.nursingmocks.com/rn-nursing-course-adult-health-practice-questions","https://www.nursingmocks.com/rn-nursing-course-adult-health-practice-questions","true","true","","0",""
"ZdQD5qqjWRK3l4Mwpjbn","quiz","ati-pn-med-surg-proctored-exam-5-practice-questions","ati-pn-med-surg-proctored-exam-5-practice-questions","pillarPages/nursing-test-bank/subPages/z0xzINtS3EohZNaKosBz/nestedSubPages/lyrHg4RBzN6UafuymMFT/topics/NywbGW22YNeZSM3kuwKk/quizzes/p9g8coLiP81zFhwa7S9f","ATI PN Med Surg Proctored Exam 5 Practice Questions | NursingMocks","Practice with 49 questions from ATI PN Med Surg Proctored Exam 5 Practice Questions.","https://www.nursingmocks.com/ati-pn-med-surg-proctored-exam-5-practice-questions","https://www.nursingmocks.com/ati-pn-med-surg-proctored-exam-5-practice-questions","false","true","runtime-generated","0",""
"ZdRe6KK29l8fP0CuzhcR","quiz","hesi-rn-exit-proctored-exam-form-2","hesi-rn-exit-proctored-exam-form-2","pillarPages/nursing-exit-exam/subPages/S4vSoa5bxDgZ1L5kLOJe/nestedSubPages/MVHmi7FJbSDlPPz28jh5/quizzes/x06emEognC65qULQiuee","1-Hesi RN Exit proctored exam | NursingMocks","Practice nursing exit exam questions and answers for 1-Hesi RN Exit proctored exam.","https://www.nursingmocks.com/hesi-rn-exit-proctored-exam-form-2","https://www.nursingmocks.com/hesi-rn-exit-proctored-exam-form-2","false","true","runtime-generated","0",""
"ZekY2CVcvE3wWbHSSLt3","quiz","hesi-rn-exit-proctored-exam-form-7","hesi-rn-exit-proctored-exam-form-7","pillarPages/nursing-exit-exam/subPages/S4vSoa5bxDgZ1L5kLOJe/nestedSubPages/MVHmi7FJbSDlPPz28jh5/quizzes/WXEHiTaR9PDixDjKDlf8","HESI RN Exit Proctored Exam Form 7 | NursingMocks","HESI RN Exit Proctored Exam Form 7 practice questions and answers for Nursing Exit Exam review.","https://www.nursingmocks.com/hesi-rn-exit-proctored-exam-form-7","https://www.nursingmocks.com/hesi-rn-exit-proctored-exam-form-7","false","true","runtime-generated","0",""
"ZkhPmM6hmiaRMO33fZyW","quiz","hesi-rn-nursing-research-proctored-exam-practice-questions-set-4","hesi-rn-nursing-research-proctored-exam-practice-questions-set-4","pillarPages/nursing-test-bank/subPages/SuT1noZoNGEjKGR1vTbi/nestedSubPages/iT55qp9NAFOvZLBAiQzC/topics/2CSFdI3p8inciBpSPkZI/quizzes/yQQI5HpHwujR2zjEmVuD","HESI RN Nursing Research Proctored Exam Practice Questions - Set 4 | NursingMocks","Practice with 47 questions from HESI RN Nursing Research Proctored Exam Practice Questions - Set 4.","https://www.nursingmocks.com/hesi-rn-nursing-research-proctored-exam-practice-questions-set-4","https://www.nursingmocks.com/hesi-rn-nursing-research-proctored-exam-practice-questions-set-4","false","true","runtime-generated","0",""
"ZotPEyvlWVN1U6Xmo8qz","topic","hesi-lpn-pharmacology-practice-questions","hesi-lpn-pharmacology-practice-questions","pillarPages/nursing-test-bank/subPages/z0xzINtS3EohZNaKosBz/nestedSubPages/ToLSmb6DG83NTZWXEJxt/topics/kd7EysTYYyAv51SSo8Xd","HESI LPN Pharmacology Questions | NursingMocks","Review HESI LPN Pharmacology questions on medication safety, drug classes, adverse effects, administration, and client teaching.","https://www.nursingmocks.com/hesi-lpn-pharmacology-practice-questions","https://www.nursingmocks.com/hesi-lpn-pharmacology-practice-questions","true","true","","0",""
"a7HA0KleVN3qtHJ5A8P0","topic","rn-nursing-course-mental-health-practice-questions","rn-nursing-course-mental-health-practice-questions","pillarPages/nursing-test-bank/subPages/SuT1noZoNGEjKGR1vTbi/nestedSubPages/zMFBI0XMiRsJnnXWhL5S/topics/dwj41dVBiWR9v4FRpKhC","RN Mental Health Course Exam Questions | NursingMocks","Study RN Mental Health course exam questions on psychiatric nursing, therapeutic communication, psychosocial care, and safety.","https://www.nursingmocks.com/rn-nursing-course-mental-health-practice-questions","https://www.nursingmocks.com/rn-nursing-course-mental-health-practice-questions","true","true","","0",""
"a91xnYZHLZClTNiBtcCF","quiz","hesi-rn-medical-surgical-proctored-exam-practice-questions-set-10","hesi-rn-medical-surgical-proctored-exam-practice-questions-set-10","pillarPages/nursing-test-bank/subPages/SuT1noZoNGEjKGR1vTbi/nestedSubPages/iT55qp9NAFOvZLBAiQzC/topics/aS23yuUD7OS39aVVutYn/quizzes/sNM1IugmAdTO8OABWf1q","HESI RN Medical Surgical Proctored Exam Practice Questions - Set 10 | NursingMocks","Practice with 54 questions from HESI RN Medical Surgical Proctored Exam Practice Questions - Set 10.","https://www.nursingmocks.com/hesi-rn-medical-surgical-proctored-exam-practice-questions-set-10","https://www.nursingmocks.com/hesi-rn-medical-surgical-proctored-exam-practice-questions-set-10","false","true","runtime-generated","0",""
"aDbng8dtirSvtyhWXUxl","quiz","teas-science-practice-test-set-14","teas-science-practice-test-set-14","pillarPages/nursing-entrance-exam/subPages/yrdSf0KpOcuybL1SLnw7/nestedSubPages/uJVUx7wiwgxZ5HPJXNkV/quizzes/ws1uYtDiQROAfJCXe0nY","ATI TEAS Science Practice Test Set 14 Questions and Answers","Review ATI TEAS Science Set 14 questions and answers covering Human Anatomy and Physiology, Biology, Chemistry, and Scientific Reasoning, with focus on body systems, cell concepts, chemistry basics, and science reasoning.","https://www.nursingmocks.com/teas-science-practice-test-set-14","https://www.nursingmocks.com/teas-science-practice-test-set-14","true","true","","0",""
"aOJIFThx03hocTjWzUwC","quiz","ati-pn-mental-health-proctored-exam-practice-questions-set-27","ati-pn-mental-health-proctored-exam-practice-questions-set-27","pillarPages/nursing-test-bank/subPages/z0xzINtS3EohZNaKosBz/nestedSubPages/lyrHg4RBzN6UafuymMFT/topics/6i5h4wWlOfz4R8huNTkC/quizzes/ujhDVShnkrjKiFa6CSKq","ATI PN Mental Health Proctored Exam Practice Questions - Set 27 | NursingMocks","Practice with 49 questions from ATI PN Mental Health Proctored Exam Practice Questions - Set 27.","https://www.nursingmocks.com/ati-pn-mental-health-proctored-exam-practice-questions-set-27","https://www.nursingmocks.com/ati-pn-mental-health-proctored-exam-practice-questions-set-27","false","true","runtime-generated","0",""
"aYrzmA7gSFQCj3o4LicA","quiz","ati-pn-nur-113-med-surg-proctored-exam-acid-base-practice-questions","ati-pn-nur-113-med-surg-proctored-exam-acid-base-practice-questions","pillarPages/nursing-test-bank/subPages/z0xzINtS3EohZNaKosBz/nestedSubPages/lyrHg4RBzN6UafuymMFT/topics/NywbGW22YNeZSM3kuwKk/quizzes/yTgz0zA6fPfkBLLg4aTF","ATI PN NUR 113 Med Surg Proctored Exam Acid-Base Practice Questions | NursingMocks","Practice with 78 questions from ATI PN NUR 113 Med Surg Proctored Exam Acid-Base Practice Questions.","https://www.nursingmocks.com/ati-pn-nur-113-med-surg-proctored-exam-acid-base-practice-questions","https://www.nursingmocks.com/ati-pn-nur-113-med-surg-proctored-exam-acid-base-practice-questions","false","true","runtime-generated","0",""
"aZoNZgn3DU05z0s82dn9","quiz","ny-bsn-proctored-exam-practice-questions","ny-bsn-proctored-exam-practice-questions","pillarPages/nursing-test-bank/subPages/SuT1noZoNGEjKGR1vTbi/nestedSubPages/zMFBI0XMiRsJnnXWhL5S/topics/p4ym32tSh4yvL8X18NJ6/quizzes/cvItxAZCxyr7dSMMaU6u","Ny Bsn Proctored Exam Practice Questions | NursingMocks","Practice with 33 questions from Ny Bsn Proctored Exam Practice Questions.","https://www.nursingmocks.com/ny-bsn-proctored-exam-practice-questions","https://www.nursingmocks.com/ny-bsn-proctored-exam-practice-questions","false","true","runtime-generated","0",""
"afBrncwW3VP7A28i7wKr","topic","hesi-rn-dosage-calculations-practice-questions","hesi-rn-dosage-calculations-practice-questions","pillarPages/nursing-test-bank/subPages/SuT1noZoNGEjKGR1vTbi/nestedSubPages/iT55qp9NAFOvZLBAiQzC/topics/dfRlrdGOvpDhVVXIqa0H","HESI RN Dosage Calculation Questions | NursingMocks","Practice HESI RN dosage calculation questions for medication math, conversions, safe administration, and calculation accuracy.","https://www.nursingmocks.com/hesi-rn-dosage-calculations-practice-questions","https://www.nursingmocks.com/hesi-rn-dosage-calculations-practice-questions","true","true","","0",""
"aqvTHytygW8GkN5d4uc1","quiz","ati-pn-fundamentals-2023-proctored-exam-practice-questions-set-41","ati-pn-fundamentals-2023-proctored-exam-practice-questions-set-41","pillarPages/nursing-test-bank/subPages/z0xzINtS3EohZNaKosBz/nestedSubPages/lyrHg4RBzN6UafuymMFT/topics/1Lb0PkKiTEM2wQOIMDtv/quizzes/Ho1gPoQD99ZfsHz9fula","ATI PN Fundamentals 2023 Proctored Exam Practice Questions - Set 41 | NursingMocks","Practice with 51 questions from ATI PN Fundamentals 2023 Proctored Exam Practice Questions - Set 41.","https://www.nursingmocks.com/ati-pn-fundamentals-2023-proctored-exam-practice-questions-set-41","https://www.nursingmocks.com/ati-pn-fundamentals-2023-proctored-exam-practice-questions-set-41","false","true","runtime-generated","0",""
"b7LHRJLrGB0X7BvK6Ihb","nested","hesi-a2-grammar-practice-test","hesi-a2-grammar-practice-test","pillarPages/nursing-entrance-exam/subPages/rdYGUZ9DzFvAmo6EsrVe/nestedSubPages/XYJ11eHtMbIhQnTYPS6j","Hesi A2 Grammar Practice Test | TeasGurus","Content for Hesi A2 Grammar Practice Test under Hesi A2.","https://www.nursingmocks.com/hesi-a2-grammar-practice-test","https://www.nursingmocks.com/hesi-a2-grammar-practice-test","true","true","","0",""
"bAHisbwiFw8GGl2YZCUG","quiz","nu-400-mental-health-psychiatric-proctored-exam-exam-2-week-6-st-joseph-s-college-of-maine-practice-questions","nu-400-mental-health-psychiatric-proctored-exam-exam-2-week-6-st-joseph-s-college-of-maine-practice-questions","pillarPages/nursing-test-bank/subPages/SuT1noZoNGEjKGR1vTbi/nestedSubPages/zMFBI0XMiRsJnnXWhL5S/topics/dwj41dVBiWR9v4FRpKhC/quizzes/ptkzrOXsvHSm0KR3y3yn","Nu 400-Mental Health Psychiatric Proctored Exam (Exam 2 Week 6)- St Joseph’S College of Maine Practice Questions | NursingMocks","Practice with 50 questions from Nu 400-Mental Health Psychiatric Proctored Exam (Exam 2 Week 6)- St Joseph’S College of Maine Practice Questions.","https://www.nursingmocks.com/nu-400-mental-health-psychiatric-proctored-exam-exam-2-week-6-st-joseph-s-college-of-maine-practice-questions","https://www.nursingmocks.com/nu-400-mental-health-psychiatric-proctored-exam-exam-2-week-6-st-joseph-s-college-of-maine-practice-questions","false","true","runtime-generated","0",""
"bIh4UP7aFzMzBb8xNKY9","quiz","med-surg-proctored-exam-mca-samuel-merit-university-practice-questions","med-surg-proctored-exam-mca-samuel-merit-university-practice-questions","pillarPages/nursing-test-bank/subPages/SuT1noZoNGEjKGR1vTbi/nestedSubPages/zMFBI0XMiRsJnnXWhL5S/topics/4xNDZPMszSkpgRfEsOck/quizzes/wTyKUPHA9rBsdfjMqfDF","Med Surg Proctored Exam (Mca Samuel Merit University) Practice Questions | NursingMocks","Practice with 47 questions from Med Surg Proctored Exam (Mca Samuel Merit University) Practice Questions.","https://www.nursingmocks.com/med-surg-proctored-exam-mca-samuel-merit-university-practice-questions","https://www.nursingmocks.com/med-surg-proctored-exam-mca-samuel-merit-university-practice-questions","false","true","runtime-generated","0",""
"bRMEoM3iYP46citDH0FJ","kb","teas-test-4-knowledge-base","teas-test-4-knowledge-base","knowledgeBase/63KhIXE69eSgyh4EX3jz","TEAS Test 4 Knowledge Base | Nursing Entrance Exam","Knowledge Base Article: TEAS Test 4 Knowledge Base under Nursing Entrance Exam.","https://www.nursingmocks.com/teas-test-4-knowledge-base","https://www.nursingmocks.com/teas-test-4-knowledge-base","true","true","","0",""
"bVCyPlFSUtZzRRUsRJne","quiz","nurs-100-fundamentals-proctored-exam-practice-questions","nurs-100-fundamentals-proctored-exam-practice-questions","pillarPages/nursing-test-bank/subPages/SuT1noZoNGEjKGR1vTbi/nestedSubPages/zMFBI0XMiRsJnnXWhL5S/topics/sBc3Ee7TKg33PIbmj4Hb/quizzes/WzYG3cm4uKTK5Fx5Wh6y","NURS 100 Fundamentals Proctored Exam Practice Questions | NursingMocks","Practice with 78 questions from NURS 100 Fundamentals Proctored Exam Practice Questions.","https://www.nursingmocks.com/nurs-100-fundamentals-proctored-exam-practice-questions","https://www.nursingmocks.com/nurs-100-fundamentals-proctored-exam-practice-questions","false","true","runtime-generated","0",""
"bXVO2Vx8lF8edaXWbn22","quiz","hesi-pn-exit-proctored-exam-three","hesi-pn-exit-proctored-exam-three","pillarPages/nursing-exit-exam/subPages/nkXaaMfkkbvjmrSRwtVq/nestedSubPages/BH31o1XVf6CrhNvQvfOO/quizzes/EKTNaGyGmcfZjeNqxQsJ","HESI PN Exit Proctored Exam Three | NursingMocks","HESI PN Exit Proctored Exam Three practice questions and answers for Nursing Exit Exam review.","https://www.nursingmocks.com/hesi-pn-exit-proctored-exam-three","https://www.nursingmocks.com/hesi-pn-exit-proctored-exam-three","false","true","runtime-generated","0",""
"beM3YjzYm9XCpExKjsYh","quiz","ati-pn-nurs-112-fundamentals-proctored-exam-practice-questions","ati-pn-nurs-112-fundamentals-proctored-exam-practice-questions","pillarPages/nursing-test-bank/subPages/z0xzINtS3EohZNaKosBz/nestedSubPages/lyrHg4RBzN6UafuymMFT/topics/1Lb0PkKiTEM2wQOIMDtv/quizzes/ccko4r8Gl1ODOeHTrJnw","ATI PN NURS 112 Fundamentals Proctored Exam Practice Questions | NursingMocks","Practice with 107 questions from ATI PN NURS 112 Fundamentals Proctored Exam Practice Questions.","https://www.nursingmocks.com/ati-pn-nurs-112-fundamentals-proctored-exam-practice-questions","https://www.nursingmocks.com/ati-pn-nurs-112-fundamentals-proctored-exam-practice-questions","false","true","runtime-generated","0",""
"bei7m6u6njOarV8acLBU","quiz","ati-pn-adult-med-surg-2020-with-ngn-proctored-exam-practice-questions","ati-pn-adult-med-surg-2020-with-ngn-proctored-exam-practice-questions","pillarPages/nursing-test-bank/subPages/z0xzINtS3EohZNaKosBz/nestedSubPages/lyrHg4RBzN6UafuymMFT/topics/NywbGW22YNeZSM3kuwKk/quizzes/kYpGMU2ZU8q1d3EKMzNP","ATI PN Adult Med Surg 2020 with NGN Proctored Exam Practice Questions | NursingMocks","Practice with 101 questions from ATI PN Adult Med Surg 2020 with NGN Proctored Exam Practice Questions.","https://www.nursingmocks.com/ati-pn-adult-med-surg-2020-with-ngn-proctored-exam-practice-questions","https://www.nursingmocks.com/ati-pn-adult-med-surg-2020-with-ngn-proctored-exam-practice-questions","false","true","runtime-generated","0",""
"bfODX4tw60DkpYIYmKCF","quiz","ati-pn-anatomy-and-physiology-proctored-exam-practice-questions-set-3","ati-pn-anatomy-and-physiology-proctored-exam-practice-questions-set-3","pillarPages/nursing-test-bank/subPages/z0xzINtS3EohZNaKosBz/nestedSubPages/lyrHg4RBzN6UafuymMFT/topics/j5H2Ra9IgckkioC7vNSj/quizzes/BjFkdXJGYGg1TurUdCIg","ATI PN Anatomy and Physiology Proctored Exam Practice Questions - Set 3 | NursingMocks","Practice with 50 questions from ATI PN Anatomy and Physiology Proctored Exam Practice Questions - Set 3.","https://www.nursingmocks.com/ati-pn-anatomy-and-physiology-proctored-exam-practice-questions-set-3","https://www.nursingmocks.com/ati-pn-anatomy-and-physiology-proctored-exam-practice-questions-set-3","false","true","runtime-generated","0",""
"bfQeTp4AxoTngO3WxROw","quiz","ati-pn-level-2-med-surg-proctored-exam-practice-questions","ati-pn-level-2-med-surg-proctored-exam-practice-questions","pillarPages/nursing-test-bank/subPages/z0xzINtS3EohZNaKosBz/nestedSubPages/lyrHg4RBzN6UafuymMFT/topics/NywbGW22YNeZSM3kuwKk/quizzes/xyUf0xy22MHzkHSGvEWc","ATI PN Level 2 Med Surg Proctored Exam Practice Questions | NursingMocks","Practice with 34 questions from ATI PN Level 2 Med Surg Proctored Exam Practice Questions.","https://www.nursingmocks.com/ati-pn-level-2-med-surg-proctored-exam-practice-questions","https://www.nursingmocks.com/ati-pn-level-2-med-surg-proctored-exam-practice-questions","false","true","runtime-generated","0",""
"bfVHHREcIRwhZ1KzZJSe","quiz","med-surg-2-proctored-exam-ichs-practice-questions","med-surg-2-proctored-exam-ichs-practice-questions","pillarPages/nursing-test-bank/subPages/SuT1noZoNGEjKGR1vTbi/nestedSubPages/zMFBI0XMiRsJnnXWhL5S/topics/4xNDZPMszSkpgRfEsOck/quizzes/HhdFhInc1Cj5nscSm1Ll","Med Surg 2 Proctored Exam (Ichs) Practice Questions | NursingMocks","Practice with 80 questions from Med Surg 2 Proctored Exam (Ichs) Practice Questions.","https://www.nursingmocks.com/med-surg-2-proctored-exam-ichs-practice-questions","https://www.nursingmocks.com/med-surg-2-proctored-exam-ichs-practice-questions","false","true","runtime-generated","0",""
"bfZV6p1t6gSsuDMoYFLE","quiz","ati-pn-pediatrics-proctored-exam-practice-questions-set-14","ati-pn-pediatrics-proctored-exam-practice-questions-set-14","pillarPages/nursing-test-bank/subPages/z0xzINtS3EohZNaKosBz/nestedSubPages/lyrHg4RBzN6UafuymMFT/topics/Y0MhOdG0hGVh8AUsgVrz/quizzes/vT9ojHo0XSOuTqPF6NQg","ATI PN Pediatrics Proctored Exam Practice Questions - Set 14 | NursingMocks","Practice with 76 questions from ATI PN Pediatrics Proctored Exam Practice Questions - Set 14.","https://www.nursingmocks.com/ati-pn-pediatrics-proctored-exam-practice-questions-set-14","https://www.nursingmocks.com/ati-pn-pediatrics-proctored-exam-practice-questions-set-14","false","true","runtime-generated","0",""
"bhpxKwGw9na9cAf6oS02","quiz","ati-pn-dosage-calculation-pn-nursing-care-of-children-proctored-assessment-3-1-practice-questions","ati-pn-dosage-calculation-pn-nursing-care-of-children-proctored-assessment-3-1-practice-questions","pillarPages/nursing-test-bank/subPages/z0xzINtS3EohZNaKosBz/nestedSubPages/lyrHg4RBzN6UafuymMFT/topics/NHgx9LFXpsLVcFjsOujF/quizzes/EHSGOkJyvFHe4NPWItep","ATI PN Dosage Calculation PN Nursing Care of Children Proctored Assessment 3.1 Practice Questions | NursingMocks","Practice with 34 questions from ATI PN Dosage Calculation PN Nursing Care of Children Proctored Assessment 3.1 Practice Questions.","https://www.nursingmocks.com/ati-pn-dosage-calculation-pn-nursing-care-of-children-proctored-assessment-3-1-practice-questions","https://www.nursingmocks.com/ati-pn-dosage-calculation-pn-nursing-care-of-children-proctored-assessment-3-1-practice-questions","false","true","runtime-generated","0",""
"blH2SPOTEIFgxvN0ilCa","quiz","ns-228-bsn-final-proctored-exam-2022-practice-questions","ns-228-bsn-final-proctored-exam-2022-practice-questions","pillarPages/nursing-test-bank/subPages/SuT1noZoNGEjKGR1vTbi/nestedSubPages/zMFBI0XMiRsJnnXWhL5S/topics/dwj41dVBiWR9v4FRpKhC/quizzes/xc7TJp1boF8uAzbXQazT","Ns 228 Bsn Final Proctored Exam 2022 Practice Questions | NursingMocks","Practice with 68 questions from Ns 228 Bsn Final Proctored Exam 2022 Practice Questions.","https://www.nursingmocks.com/ns-228-bsn-final-proctored-exam-2022-practice-questions","https://www.nursingmocks.com/ns-228-bsn-final-proctored-exam-2022-practice-questions","false","true","runtime-generated","0",""
"bvnbNXlSGDNX3f7wuAeI","quiz","hesi-rn-patho-pharmacology-proctored-exam-practice-questions","hesi-rn-patho-pharmacology-proctored-exam-practice-questions","pillarPages/nursing-test-bank/subPages/SuT1noZoNGEjKGR1vTbi/nestedSubPages/iT55qp9NAFOvZLBAiQzC/topics/l1kSgSxIYg2SRUN8aWqE/quizzes/z4vMfLRnbI7ZBer3z6yF","HESI RN Patho Pharmacology Proctored Exam Practice Questions | NursingMocks","Practice with 54 questions from HESI RN Patho Pharmacology Proctored Exam Practice Questions.","https://www.nursingmocks.com/hesi-rn-patho-pharmacology-proctored-exam-practice-questions","https://www.nursingmocks.com/hesi-rn-patho-pharmacology-proctored-exam-practice-questions","false","true","runtime-generated","0",""
"c0NLLnh4q4qefld9POAI","quiz","hesi-rn-dosage-calculations-iii-proctored-exam-practice-questions","hesi-rn-dosage-calculations-iii-proctored-exam-practice-questions","pillarPages/nursing-test-bank/subPages/SuT1noZoNGEjKGR1vTbi/nestedSubPages/iT55qp9NAFOvZLBAiQzC/topics/dfRlrdGOvpDhVVXIqa0H/quizzes/zuwMQ3oZHOwdpQtgo3Mc","HESI RN Dosage Calculations III Proctored Exam Practice Questions | NursingMocks","Practice with 56 questions from HESI RN Dosage Calculations III Proctored Exam Practice Questions.","https://www.nursingmocks.com/hesi-rn-dosage-calculations-iii-proctored-exam-practice-questions","https://www.nursingmocks.com/hesi-rn-dosage-calculations-iii-proctored-exam-practice-questions","false","true","runtime-generated","0",""
"c1KAjGzNxdr7vlNtoy7k","quiz","med-surg-2-miami-regional-university-proctored-exam-practice-questions","med-surg-2-miami-regional-university-proctored-exam-practice-questions","pillarPages/nursing-test-bank/subPages/SuT1noZoNGEjKGR1vTbi/nestedSubPages/zMFBI0XMiRsJnnXWhL5S/topics/4xNDZPMszSkpgRfEsOck/quizzes/5iTdZGPC5F1NHWAvxvH4","Med Surg 2 Miami Regional University Proctored Exam Practice Questions | NursingMocks","Practice with 90 questions from Med Surg 2 Miami Regional University Proctored Exam Practice Questions.","https://www.nursingmocks.com/med-surg-2-miami-regional-university-proctored-exam-practice-questions","https://www.nursingmocks.com/med-surg-2-miami-regional-university-proctored-exam-practice-questions","false","true","runtime-generated","0",""
"c1ZkCwn7C81KMBRMioos","quiz","hesi-a2-anatomy-and-physiology-practice-test-set-1","hesi-a2-anatomy-and-physiology-practice-test-set-1","pillarPages/nursing-entrance-exam/subPages/rdYGUZ9DzFvAmo6EsrVe/nestedSubPages/qwOa8KIVJed4vQNWENTI/quizzes/hesi-a2-anatomy-and-physiology-practice-test-set-1","HESI A2 Anatomy and Physiology Practice Test Set 1","Practice HESI A2 Anatomy and Physiology Set 1 questions for HESI A2 preparation.","https://www.nursingmocks.com/hesi-a2-anatomy-and-physiology-practice-test-set-1","https://www.nursingmocks.com/hesi-a2-anatomy-and-physiology-practice-test-set-1","false","true","runtime-generated","0",""
"cCYqCHZ41kWwDF5dFFlw","quiz","med-surg-proctored-exam-nursing-care-of-clients-with-complex-health-conditions-temu-university-practice-questions","med-surg-proctored-exam-nursing-care-of-clients-with-complex-health-conditions-temu-university-practice-questions","pillarPages/nursing-test-bank/subPages/SuT1noZoNGEjKGR1vTbi/nestedSubPages/zMFBI0XMiRsJnnXWhL5S/topics/4xNDZPMszSkpgRfEsOck/quizzes/h9tJOovuQjbYzNxwkygP","Med Surg Proctored Exam(Nursing Care of Clients with Complex Health Conditions) Temu University Practice Questions | NursingMocks","Practice with 68 questions from Med Surg Proctored Exam(Nursing Care of Clients with Complex Health Conditions) Temu University Practice Questions.","https://www.nursingmocks.com/med-surg-proctored-exam-nursing-care-of-clients-with-complex-health-conditions-temu-university-practice-questions","https://www.nursingmocks.com/med-surg-proctored-exam-nursing-care-of-clients-with-complex-health-conditions-temu-university-practice-questions","false","true","runtime-generated","0",""
"cFfJ3D6wrBHUAx34fMNm","quiz","ati-pn-pediatrics-proctored-exam-practice-questions-set-17","ati-pn-pediatrics-proctored-exam-practice-questions-set-17","pillarPages/nursing-test-bank/subPages/z0xzINtS3EohZNaKosBz/nestedSubPages/lyrHg4RBzN6UafuymMFT/topics/Y0MhOdG0hGVh8AUsgVrz/quizzes/TZXhhyFg5vMaXqp2V6NI","ATI PN Pediatrics Proctored Exam Practice Questions - Set 17 | NursingMocks","Practice with 50 questions from ATI PN Pediatrics Proctored Exam Practice Questions - Set 17.","https://www.nursingmocks.com/ati-pn-pediatrics-proctored-exam-practice-questions-set-17","https://www.nursingmocks.com/ati-pn-pediatrics-proctored-exam-practice-questions-set-17","false","true","runtime-generated","0",""
"cOoV4XYOds3JTOTy4PwF","quiz","teas-science-practice-test-set-12","teas-science-practice-test-set-12","pillarPages/nursing-entrance-exam/subPages/yrdSf0KpOcuybL1SLnw7/nestedSubPages/uJVUx7wiwgxZ5HPJXNkV/quizzes/blek3a3uvnkK43zakrtQ","ATI TEAS Science Practice Test Set 12 Questions and Answers","Use ATI TEAS Science Set 12 questions and answers covering Human Anatomy and Physiology, Biology, Chemistry, and Scientific Reasoning, with focus on scientific reasoning, anatomy review, and relationships between biological systems.","https://www.nursingmocks.com/teas-science-practice-test-set-12","https://www.nursingmocks.com/teas-science-practice-test-set-12","true","true","","0",""
"cY3WRCkzS9YnrDaa7Yi7","quiz","ati-pn-custom-cohert-6-pharmacology-quiz-2-proctored-exam-practice-questions","ati-pn-custom-cohert-6-pharmacology-quiz-2-proctored-exam-practice-questions","pillarPages/nursing-test-bank/subPages/z0xzINtS3EohZNaKosBz/nestedSubPages/lyrHg4RBzN6UafuymMFT/topics/13a3GLxldltUqhIxNzkr/quizzes/9zBcWtS0UNGrU58IsspB","ATI PN Custom Cohert 6 Pharmacology Quiz 2 Proctored Exam Practice Questions | NursingMocks","Practice with 19 questions from ATI PN Custom Cohert 6 Pharmacology Quiz 2 Proctored Exam Practice Questions.","https://www.nursingmocks.com/ati-pn-custom-cohert-6-pharmacology-quiz-2-proctored-exam-practice-questions","https://www.nursingmocks.com/ati-pn-custom-cohert-6-pharmacology-quiz-2-proctored-exam-practice-questions","false","true","runtime-generated","0",""
"cZrgLMQPSWA9Svd2zCrr","quiz","hesi-rn-exit-proctored-exam-form-4","hesi-rn-exit-proctored-exam-form-4","pillarPages/nursing-exit-exam/subPages/S4vSoa5bxDgZ1L5kLOJe/nestedSubPages/MVHmi7FJbSDlPPz28jh5/quizzes/DQHDUUvXgxyvLijFsw9K","HESI RN Exit Proctored Exam Form 4 | NursingMocks","HESI RN Exit Proctored Exam Form 4 practice questions and answers for Nursing Exit Exam review.","https://www.nursingmocks.com/hesi-rn-exit-proctored-exam-form-4","https://www.nursingmocks.com/hesi-rn-exit-proctored-exam-form-4","false","true","runtime-generated","0",""
"ceOTw3IlIR7cr7NAWnnA","quiz","hesi-rn-fundamentals-proctored-exam-practice-questions-set-1","hesi-rn-fundamentals-proctored-exam-practice-questions-set-1","pillarPages/nursing-test-bank/subPages/SuT1noZoNGEjKGR1vTbi/nestedSubPages/iT55qp9NAFOvZLBAiQzC/topics/70YsvvAfpEoWkJ2zO8Vy/quizzes/0cTzTwyD8nRclStjmBB7","HESI RN Fundamentals Proctored Exam Practice Questions - Set 1 | NursingMocks","Practice with 78 questions from HESI RN Fundamentals Proctored Exam Practice Questions - Set 1.","https://www.nursingmocks.com/hesi-rn-fundamentals-proctored-exam-practice-questions-set-1","https://www.nursingmocks.com/hesi-rn-fundamentals-proctored-exam-practice-questions-set-1","false","true","runtime-generated","0",""
"cewFCFqmEnOdXm0KIFEw","quiz","gcc-pharmacology-proctored-exam-practice-questions","gcc-pharmacology-proctored-exam-practice-questions","pillarPages/nursing-test-bank/subPages/SuT1noZoNGEjKGR1vTbi/nestedSubPages/zMFBI0XMiRsJnnXWhL5S/topics/qjQzp4HMFByeL1UEKGDd/quizzes/QwnUOcsqlJP58xD23aFv","Gcc Pharmacology Proctored Exam Practice Questions | NursingMocks","Practice with 52 questions from Gcc Pharmacology Proctored Exam Practice Questions.","https://www.nursingmocks.com/gcc-pharmacology-proctored-exam-practice-questions","https://www.nursingmocks.com/gcc-pharmacology-proctored-exam-practice-questions","false","true","runtime-generated","0",""
"cjcMlmjWLpS80SniGrFp","quiz","ati-pn-med-surg-custom-proctored-exam-practice-questions","ati-pn-med-surg-custom-proctored-exam-practice-questions","pillarPages/nursing-test-bank/subPages/z0xzINtS3EohZNaKosBz/nestedSubPages/lyrHg4RBzN6UafuymMFT/topics/NywbGW22YNeZSM3kuwKk/quizzes/F5sb2MHQEowyvv64V2GO","ATI PN Med Surg Custom Proctored Exam Practice Questions | NursingMocks","Practice with 42 questions from ATI PN Med Surg Custom Proctored Exam Practice Questions.","https://www.nursingmocks.com/ati-pn-med-surg-custom-proctored-exam-practice-questions","https://www.nursingmocks.com/ati-pn-med-surg-custom-proctored-exam-practice-questions","false","true","runtime-generated","0",""
"clubIMISNBFjFTNoJhPy","quiz","nur113-med-surg-proctored-exam-complex-concepts-coastal-alabama-university-practice-questions","nur113-med-surg-proctored-exam-complex-concepts-coastal-alabama-university-practice-questions","pillarPages/nursing-test-bank/subPages/SuT1noZoNGEjKGR1vTbi/nestedSubPages/zMFBI0XMiRsJnnXWhL5S/topics/4xNDZPMszSkpgRfEsOck/quizzes/xoUxCA0rj1JOWFQgAXwa","Nur113 Med Surg Proctored Exam (Complex Concepts) Coastal Alabama University Practice Questions | NursingMocks","Practice with 50 questions from Nur113 Med Surg Proctored Exam (Complex Concepts) Coastal Alabama University Practice Questions.","https://www.nursingmocks.com/nur113-med-surg-proctored-exam-complex-concepts-coastal-alabama-university-practice-questions","https://www.nursingmocks.com/nur113-med-surg-proctored-exam-complex-concepts-coastal-alabama-university-practice-questions","false","true","runtime-generated","0",""
"cyOJ0NlJXgqZO3VZzSuK","quiz","n2281-mental-health-proctored-exam-practice-questions","n2281-mental-health-proctored-exam-practice-questions","pillarPages/nursing-test-bank/subPages/SuT1noZoNGEjKGR1vTbi/nestedSubPages/zMFBI0XMiRsJnnXWhL5S/topics/dwj41dVBiWR9v4FRpKhC/quizzes/YU4NeUxXEyZuzkRvD4Oq","N2281 Mental Health Proctored Exam Practice Questions | NursingMocks","Practice with 47 questions from N2281 Mental Health Proctored Exam Practice Questions.","https://www.nursingmocks.com/n2281-mental-health-proctored-exam-practice-questions","https://www.nursingmocks.com/n2281-mental-health-proctored-exam-practice-questions","false","true","runtime-generated","0",""
"czSzSDd53siZSn2wdqcM","quiz","nur-315-pediatrics-and-maternity-proctored-exam-practice-questions","nur-315-pediatrics-and-maternity-proctored-exam-practice-questions","pillarPages/nursing-test-bank/subPages/SuT1noZoNGEjKGR1vTbi/nestedSubPages/zMFBI0XMiRsJnnXWhL5S/topics/Hwspg6smTqrELsoRSNmc/quizzes/7TYLXQVo89kGq3yWz03r","NUR 315 Pediatrics and Maternity Proctored Exam Practice Questions | NursingMocks","Practice with 50 questions from NUR 315 Pediatrics and Maternity Proctored Exam Practice Questions.","https://www.nursingmocks.com/nur-315-pediatrics-and-maternity-proctored-exam-practice-questions","https://www.nursingmocks.com/nur-315-pediatrics-and-maternity-proctored-exam-practice-questions","false","true","runtime-generated","0",""
"d3ODfq0NSfBBj6uPmNyj","topic","rn-nursing-course-nutrition-practice-questions","rn-nursing-course-nutrition-practice-questions","pillarPages/nursing-test-bank/subPages/SuT1noZoNGEjKGR1vTbi/nestedSubPages/zMFBI0XMiRsJnnXWhL5S/topics/8tULxFs8rXbWFtrCCixJ","RN Nutrition Course Exam Questions | NursingMocks","Practice RN Nutrition course exam questions covering diet therapy, nutrients, client teaching, enteral support, and care planning.","https://www.nursingmocks.com/rn-nursing-course-nutrition-practice-questions","https://www.nursingmocks.com/rn-nursing-course-nutrition-practice-questions","true","true","","0",""
"d6cangsdZEBo6a2pVaIt","quiz","hesi-rn-d443-health-assessment-proctored-exam-practice-questions","hesi-rn-d443-health-assessment-proctored-exam-practice-questions","pillarPages/nursing-test-bank/subPages/SuT1noZoNGEjKGR1vTbi/nestedSubPages/iT55qp9NAFOvZLBAiQzC/topics/0zSu4efsFf1RPT4W2Xjn/quizzes/hnGA4JK6080RwTx3WZ35","HESI RN D443 Health Assessment Proctored Exam Practice Questions | NursingMocks","Practice with 56 questions from HESI RN D443 Health Assessment Proctored Exam Practice Questions.","https://www.nursingmocks.com/hesi-rn-d443-health-assessment-proctored-exam-practice-questions","https://www.nursingmocks.com/hesi-rn-d443-health-assessment-proctored-exam-practice-questions","false","true","runtime-generated","0",""
"d6gkIIxB7CWiycUg7mwJ","quiz","hesi-rn-foundation-of-nursing-wgu-proctored-exam-practice-questions","hesi-rn-foundation-of-nursing-wgu-proctored-exam-practice-questions","pillarPages/nursing-test-bank/subPages/SuT1noZoNGEjKGR1vTbi/nestedSubPages/iT55qp9NAFOvZLBAiQzC/topics/70YsvvAfpEoWkJ2zO8Vy/quizzes/VwI7ZDJkdwonDjEtu6w9","HESI RN Foundation of Nursing WGU Proctored Exam Practice Questions | NursingMocks","Practice with 56 questions from HESI RN Foundation of Nursing WGU Proctored Exam Practice Questions.","https://www.nursingmocks.com/hesi-rn-foundation-of-nursing-wgu-proctored-exam-practice-questions","https://www.nursingmocks.com/hesi-rn-foundation-of-nursing-wgu-proctored-exam-practice-questions","false","true","runtime-generated","0",""
"dD7s7X254K99uAqn19gq","quiz","hesi-a2-reading-comprehension-practice-test-set-4","hesi-a2-reading-comprehension-practice-test-set-4","pillarPages/nursing-entrance-exam/subPages/rdYGUZ9DzFvAmo6EsrVe/nestedSubPages/gGyVK8Up2mhnWjvQONJo/quizzes/hesi-a2-reading-comprehension-practice-test-set-4","HESI A2 Reading Comprehension Practice Test Set 4","Practice HESI A2 Actual Exam Set 4 - Reading Comprehension questions for HESI A2 preparation.","https://www.nursingmocks.com/hesi-a2-reading-comprehension-practice-test-set-4","https://www.nursingmocks.com/hesi-a2-reading-comprehension-practice-test-set-4","false","true","runtime-generated","0",""
"dEvO7OGFeO21eQUtOWSJ","quiz","ati-pn-foundation-of-nursing-proctored-exam-chapter-7-8-10-11-practice-questions","ati-pn-foundation-of-nursing-proctored-exam-chapter-7-8-10-11-practice-questions","pillarPages/nursing-test-bank/subPages/z0xzINtS3EohZNaKosBz/nestedSubPages/lyrHg4RBzN6UafuymMFT/topics/1Lb0PkKiTEM2wQOIMDtv/quizzes/kVprTJv9FxUqPtvGW03Q","ATI PN Foundation of Nursing Proctored Exam (Chapter 7 8,10 11) Practice Questions | NursingMocks","Practice with 50 questions from ATI PN Foundation of Nursing Proctored Exam (Chapter 7 8,10 11) Practice Questions.","https://www.nursingmocks.com/ati-pn-foundation-of-nursing-proctored-exam-chapter-7-8-10-11-practice-questions","https://www.nursingmocks.com/ati-pn-foundation-of-nursing-proctored-exam-chapter-7-8-10-11-practice-questions","false","true","runtime-generated","0",""
"dKROhJCJN3KjQZF3p27V","topic","hesi-lpn-maternal-newborn-practice-questions","hesi-lpn-maternal-newborn-practice-questions","pillarPages/nursing-test-bank/subPages/z0xzINtS3EohZNaKosBz/nestedSubPages/ToLSmb6DG83NTZWXEJxt/topics/5QNQ1kHttmDRA6VJ1KfS","HESI LPN Maternal Newborn Questions | NursingMocks","Practice HESI LPN Maternal Newborn questions for maternity, postpartum care, newborn care, pregnancy, labor, and practical nursing review.","https://www.nursingmocks.com/hesi-lpn-maternal-newborn-practice-questions","https://www.nursingmocks.com/hesi-lpn-maternal-newborn-practice-questions","true","true","","0",""
"dL2pbaBpOsae93pzaH0V","quiz","hesi-rn-health-assessment-proctored-exam-practice-questions-set-9","hesi-rn-health-assessment-proctored-exam-practice-questions-set-9","pillarPages/nursing-test-bank/subPages/SuT1noZoNGEjKGR1vTbi/nestedSubPages/iT55qp9NAFOvZLBAiQzC/topics/0zSu4efsFf1RPT4W2Xjn/quizzes/sOn0pbKMGL11VBrnpykI","HESI RN Health Assessment Proctored Exam Practice Questions - Set 9 | NursingMocks","Practice with 59 questions from HESI RN Health Assessment Proctored Exam Practice Questions - Set 9.","https://www.nursingmocks.com/hesi-rn-health-assessment-proctored-exam-practice-questions-set-9","https://www.nursingmocks.com/hesi-rn-health-assessment-proctored-exam-practice-questions-set-9","false","true","runtime-generated","0",""
"dLmX1y7QRqPoI1NqTyUh","quiz","teas-english-practice-test-set-13","teas-english-practice-test-set-13","pillarPages/nursing-entrance-exam/subPages/yrdSf0KpOcuybL1SLnw7/nestedSubPages/ykWIONcheFBJ7ooEl7WK/quizzes/u1FZJxKWJpTOPwtrNB3B","ATI TEAS English Practice Test Set 13 Questions and Answers","Practice ATI TEAS English and Language Usage Set 13 questions and answers covering Conventions of Standard English, Knowledge of Language, and Using Language and Vocabulary to Express Ideas in Writing, with focus on grammar accuracy, language use, and improving sentence meaning.","https://www.nursingmocks.com/teas-english-practice-test-set-13","https://www.nursingmocks.com/teas-english-practice-test-set-13","true","true","","0",""
"dS9uGY0W68olXZSx4tQc","quiz","nurs-387-pharmacology-in-nursing-proctored-exam-practice-questions","nurs-387-pharmacology-in-nursing-proctored-exam-practice-questions","pillarPages/nursing-test-bank/subPages/SuT1noZoNGEjKGR1vTbi/nestedSubPages/zMFBI0XMiRsJnnXWhL5S/topics/qjQzp4HMFByeL1UEKGDd/quizzes/8TUEfswBIrbfnxqqg83g","NURS 387 Pharmacology in Nursing Proctored Exam Practice Questions | NursingMocks","Practice with 54 questions from NURS 387 Pharmacology in Nursing Proctored Exam Practice Questions.","https://www.nursingmocks.com/nurs-387-pharmacology-in-nursing-proctored-exam-practice-questions","https://www.nursingmocks.com/nurs-387-pharmacology-in-nursing-proctored-exam-practice-questions","false","true","runtime-generated","0",""
"dZWHuNRDo7XajdkdPd3T","quiz","ati-pn-med-surg-cohort-6-proctored-exam-practice-questions","ati-pn-med-surg-cohort-6-proctored-exam-practice-questions","pillarPages/nursing-test-bank/subPages/z0xzINtS3EohZNaKosBz/nestedSubPages/lyrHg4RBzN6UafuymMFT/topics/NywbGW22YNeZSM3kuwKk/quizzes/symXalhC87ZzArdH292U","ATI PN Med Surg Cohort 6 Proctored Exam Practice Questions | NursingMocks","Practice with 48 questions from ATI PN Med Surg Cohort 6 Proctored Exam Practice Questions.","https://www.nursingmocks.com/ati-pn-med-surg-cohort-6-proctored-exam-practice-questions","https://www.nursingmocks.com/ati-pn-med-surg-cohort-6-proctored-exam-practice-questions","false","true","runtime-generated","0",""
"dbo2omlW4Tc5ZtkKdWEd","quiz","hesi-a2-biology-practice-test-set-2","hesi-a2-biology-practice-test-set-2","pillarPages/nursing-entrance-exam/subPages/rdYGUZ9DzFvAmo6EsrVe/nestedSubPages/4f2Tydp51lxl4u4OtTlL/quizzes/hesi-a2-biology-practice-test-set-2","HESI A2 Biology Practice Test Set 2","Practice HESI A2 Actual Exam Set 2 - Biology questions for HESI A2 preparation.","https://www.nursingmocks.com/hesi-a2-biology-practice-test-set-2","https://www.nursingmocks.com/hesi-a2-biology-practice-test-set-2","false","true","runtime-generated","0",""
"djHdVJGM3CX2xjplFxER","quiz","pathophysiology-proctored-exam-practice-questions-set-19","pathophysiology-proctored-exam-practice-questions-set-19","pillarPages/nursing-test-bank/subPages/SuT1noZoNGEjKGR1vTbi/nestedSubPages/zMFBI0XMiRsJnnXWhL5S/topics/KyUeIK7zxUi2K91H84Bj/quizzes/68sizV4bbcIxM5XTC7Vr","Pathophysiology Proctored Exam Practice Questions - Set 19 | NursingMocks","Practice with 39 questions from Pathophysiology Proctored Exam Practice Questions - Set 19.","https://www.nursingmocks.com/pathophysiology-proctored-exam-practice-questions-set-19","https://www.nursingmocks.com/pathophysiology-proctored-exam-practice-questions-set-19","false","true","runtime-generated","0",""
"doHXCMHFbJcoxch5b41U","quiz","med-surg-proctored-exam-practice-questions-set-37","med-surg-proctored-exam-practice-questions-set-37","pillarPages/nursing-test-bank/subPages/SuT1noZoNGEjKGR1vTbi/nestedSubPages/zMFBI0XMiRsJnnXWhL5S/topics/4xNDZPMszSkpgRfEsOck/quizzes/oar2ziAapKkrLXGLV1dv","Med Surg Proctored Exam Practice Questions - Set 37 | NursingMocks","Practice with 65 questions from Med Surg Proctored Exam Practice Questions - Set 37.","https://www.nursingmocks.com/med-surg-proctored-exam-practice-questions-set-37","https://www.nursingmocks.com/med-surg-proctored-exam-practice-questions-set-37","false","true","runtime-generated","0",""
"doJyceuizwWaAsjW3QeW","quiz","nursing-fundamentals-proctored-exam-practice-questions","nursing-fundamentals-proctored-exam-practice-questions","pillarPages/nursing-test-bank/subPages/SuT1noZoNGEjKGR1vTbi/nestedSubPages/zMFBI0XMiRsJnnXWhL5S/topics/sBc3Ee7TKg33PIbmj4Hb/quizzes/efReJoSC0VtE7IoDT0pP","Nursing Fundamentals Proctored Exam Practice Questions | NursingMocks","Practice with 32 questions from Nursing Fundamentals Proctored Exam Practice Questions.","https://www.nursingmocks.com/nursing-fundamentals-proctored-exam-practice-questions","https://www.nursingmocks.com/nursing-fundamentals-proctored-exam-practice-questions","false","true","runtime-generated","0",""
"drmCBZZQxCna7VxE1wZe","quiz","nur-215-caring-adults-clients-med-surg-proctored-exam-practice-questions","nur-215-caring-adults-clients-med-surg-proctored-exam-practice-questions","pillarPages/nursing-test-bank/subPages/SuT1noZoNGEjKGR1vTbi/nestedSubPages/zMFBI0XMiRsJnnXWhL5S/topics/L2wWtC9VGd9bcVlQMhD1/quizzes/83C5Hj3zQCnwgY0xgkYk","NUR 215 (Caring Adults Clients) Med Surg Proctored Exam Practice Questions | NursingMocks","Practice with 49 questions from NUR 215 (Caring Adults Clients) Med Surg Proctored Exam Practice Questions.","https://www.nursingmocks.com/nur-215-caring-adults-clients-med-surg-proctored-exam-practice-questions","https://www.nursingmocks.com/nur-215-caring-adults-clients-med-surg-proctored-exam-practice-questions","false","true","runtime-generated","0",""
"dwkBfuHLTP7Dj62O6dwi","quiz","communication-health-proctored-exam-practice-questions","communication-health-proctored-exam-practice-questions","pillarPages/nursing-test-bank/subPages/SuT1noZoNGEjKGR1vTbi/nestedSubPages/zMFBI0XMiRsJnnXWhL5S/topics/pXf53xDTrL7aSDzdhniW/quizzes/QGUcqgVO28xQtomzx4Hd","Communication Health Proctored Exam Practice Questions | NursingMocks","Practice with 20 questions from Communication Health Proctored Exam Practice Questions.","https://www.nursingmocks.com/communication-health-proctored-exam-practice-questions","https://www.nursingmocks.com/communication-health-proctored-exam-practice-questions","false","true","runtime-generated","0",""
"e17AJW1fci88eVyR8NVt","quiz","pharmacology-proctored-exam-examplify-practice-questions-set-4","pharmacology-proctored-exam-examplify-practice-questions-set-4","pillarPages/nursing-test-bank/subPages/SuT1noZoNGEjKGR1vTbi/nestedSubPages/zMFBI0XMiRsJnnXWhL5S/topics/qjQzp4HMFByeL1UEKGDd/quizzes/8wBsVnseYdGVcvnnGWWW","Pharmacology Proctored Exam (Examplify) Practice Questions - Set 4 | NursingMocks","Practice with 25 questions from Pharmacology Proctored Exam (Examplify) Practice Questions - Set 4.","https://www.nursingmocks.com/pharmacology-proctored-exam-examplify-practice-questions-set-4","https://www.nursingmocks.com/pharmacology-proctored-exam-examplify-practice-questions-set-4","false","true","runtime-generated","0",""
"e7wywgYHfKFsuVD7AEfT","quiz","hesi-rn-fundamentals-of-nursing-proctored-exam-practice-questions","hesi-rn-fundamentals-of-nursing-proctored-exam-practice-questions","pillarPages/nursing-test-bank/subPages/SuT1noZoNGEjKGR1vTbi/nestedSubPages/iT55qp9NAFOvZLBAiQzC/topics/70YsvvAfpEoWkJ2zO8Vy/quizzes/GDhuFtIUI1q65M7ZeW11","HESI RN Fundamentals of Nursing Proctored Exam Practice Questions | NursingMocks","Practice with 43 questions from HESI RN Fundamentals of Nursing Proctored Exam Practice Questions.","https://www.nursingmocks.com/hesi-rn-fundamentals-of-nursing-proctored-exam-practice-questions","https://www.nursingmocks.com/hesi-rn-fundamentals-of-nursing-proctored-exam-practice-questions","false","true","runtime-generated","0",""
"eFsp4DqvuZcLvBpCZ5M3","quiz","ati-pn-nsg122-dosage-calculation-proctored-exam-practice-questions","ati-pn-nsg122-dosage-calculation-proctored-exam-practice-questions","pillarPages/nursing-test-bank/subPages/z0xzINtS3EohZNaKosBz/nestedSubPages/lyrHg4RBzN6UafuymMFT/topics/NHgx9LFXpsLVcFjsOujF/quizzes/zIjeqVseaXYmKv4uv87n","ATI PN Nsg122 Dosage Calculation Proctored Exam Practice Questions | NursingMocks","Practice with 17 questions from ATI PN Nsg122 Dosage Calculation Proctored Exam Practice Questions.","https://www.nursingmocks.com/ati-pn-nsg122-dosage-calculation-proctored-exam-practice-questions","https://www.nursingmocks.com/ati-pn-nsg122-dosage-calculation-proctored-exam-practice-questions","false","true","runtime-generated","0",""
"eN2PF78laCC7PBGfoXfl","quiz","ati-pn-maternal-newborn-proctored-exam-practice-questions-set-17","ati-pn-maternal-newborn-proctored-exam-practice-questions-set-17","pillarPages/nursing-test-bank/subPages/z0xzINtS3EohZNaKosBz/nestedSubPages/lyrHg4RBzN6UafuymMFT/topics/ZwY2vYN2X4tXEKOv2x6h/quizzes/ewwc1ofqNfja9FQVcbPG","ATI PN Maternal Newborn Proctored Exam Practice Questions - Set 17 | NursingMocks","Practice with 49 questions from ATI PN Maternal Newborn Proctored Exam Practice Questions - Set 17.","https://www.nursingmocks.com/ati-pn-maternal-newborn-proctored-exam-practice-questions-set-17","https://www.nursingmocks.com/ati-pn-maternal-newborn-proctored-exam-practice-questions-set-17","false","true","runtime-generated","0",""
"eOosB3uTYHIHGinmQsZj","quiz","ati-pn-maternal-newborn-2020-with-ngn-proctored-exam-practice-questions","ati-pn-maternal-newborn-2020-with-ngn-proctored-exam-practice-questions","pillarPages/nursing-test-bank/subPages/z0xzINtS3EohZNaKosBz/nestedSubPages/lyrHg4RBzN6UafuymMFT/topics/ZwY2vYN2X4tXEKOv2x6h/quizzes/6S0DrYENflFSvYRkDdhk","ATI PN Maternal Newborn 2020 with NGN Proctored Exam Practice Questions | NursingMocks","Practice with 57 questions from ATI PN Maternal Newborn 2020 with NGN Proctored Exam Practice Questions.","https://www.nursingmocks.com/ati-pn-maternal-newborn-2020-with-ngn-proctored-exam-practice-questions","https://www.nursingmocks.com/ati-pn-maternal-newborn-2020-with-ngn-proctored-exam-practice-questions","false","true","runtime-generated","0",""
"ePBVF7wOweg4797IAHQL","quiz","n158-nursing-care-of-infants-proctored-exam-pediatrics-practice-questions","n158-nursing-care-of-infants-proctored-exam-pediatrics-practice-questions","pillarPages/nursing-test-bank/subPages/SuT1noZoNGEjKGR1vTbi/nestedSubPages/zMFBI0XMiRsJnnXWhL5S/topics/Hwspg6smTqrELsoRSNmc/quizzes/BBVk541z5kz8ulopOPsf","N158 Nursing Care of Infants Proctored Exam (Pediatrics) Practice Questions | NursingMocks","Practice with 43 questions from N158 Nursing Care of Infants Proctored Exam (Pediatrics) Practice Questions.","https://www.nursingmocks.com/n158-nursing-care-of-infants-proctored-exam-pediatrics-practice-questions","https://www.nursingmocks.com/n158-nursing-care-of-infants-proctored-exam-pediatrics-practice-questions","false","true","runtime-generated","0",""
"eRBPJ0LvZId2kFPowH49","quiz","ati-pn-mental-health-level-2-proctored-exam-practice-questions","ati-pn-mental-health-level-2-proctored-exam-practice-questions","pillarPages/nursing-test-bank/subPages/z0xzINtS3EohZNaKosBz/nestedSubPages/lyrHg4RBzN6UafuymMFT/topics/6i5h4wWlOfz4R8huNTkC/quizzes/8ppu0jtadX0VDJp7tVoG","ATI PN Mental Health Level 2 Proctored Exam Practice Questions | NursingMocks","Practice with 45 questions from ATI PN Mental Health Level 2 Proctored Exam Practice Questions.","https://www.nursingmocks.com/ati-pn-mental-health-level-2-proctored-exam-practice-questions","https://www.nursingmocks.com/ati-pn-mental-health-level-2-proctored-exam-practice-questions","false","true","runtime-generated","0",""
"eUtnUMIk2fppzbzCKcdi","quiz","ati-pn-fundamentals-proctored-exam-practice-questions-set-19","ati-pn-fundamentals-proctored-exam-practice-questions-set-19","pillarPages/nursing-test-bank/subPages/z0xzINtS3EohZNaKosBz/nestedSubPages/lyrHg4RBzN6UafuymMFT/topics/1Lb0PkKiTEM2wQOIMDtv/quizzes/uoxy4WBqFOdL9HU25NWc","ATI PN Fundamentals Proctored Exam Practice Questions - Set 19 | NursingMocks","Practice with 49 questions from ATI PN Fundamentals Proctored Exam Practice Questions - Set 19.","https://www.nursingmocks.com/ati-pn-fundamentals-proctored-exam-practice-questions-set-19","https://www.nursingmocks.com/ati-pn-fundamentals-proctored-exam-practice-questions-set-19","false","true","runtime-generated","0",""
"eYN2jUjAjKGj550PhMwH","topic","hesi-rn-nutrition-practice-questions","hesi-rn-nutrition-practice-questions","pillarPages/nursing-test-bank/subPages/SuT1noZoNGEjKGR1vTbi/nestedSubPages/iT55qp9NAFOvZLBAiQzC/topics/ZQ9GxGjFzBFm4ei4NL2w","HESI RN Nutrition Questions | NursingMocks","Practice HESI RN Nutrition questions covering diet therapy, nutrients, client teaching, enteral support, and care planning.","https://www.nursingmocks.com/hesi-rn-nutrition-practice-questions","https://www.nursingmocks.com/hesi-rn-nutrition-practice-questions","true","true","","0",""
"eca5uSvqFCPQf3xMxOyC","quiz","hesi-rn-fundamentals-proctored-exam-1-practice-questions","hesi-rn-fundamentals-proctored-exam-1-practice-questions","pillarPages/nursing-test-bank/subPages/SuT1noZoNGEjKGR1vTbi/nestedSubPages/iT55qp9NAFOvZLBAiQzC/topics/70YsvvAfpEoWkJ2zO8Vy/quizzes/iBkKx6OWA10QLFKipTAz","HESI RN Fundamentals Proctored Exam 1 Practice Questions | NursingMocks","Practice with 55 questions from HESI RN Fundamentals Proctored Exam 1 Practice Questions.","https://www.nursingmocks.com/hesi-rn-fundamentals-proctored-exam-1-practice-questions","https://www.nursingmocks.com/hesi-rn-fundamentals-proctored-exam-1-practice-questions","false","true","runtime-generated","0",""
"ecg9jgLMUx0aB7nILSup","quiz","ivy-tech-proctored-exam-2-fundamentals-all-practice-questions","ivy-tech-proctored-exam-2-fundamentals-all-practice-questions","pillarPages/nursing-test-bank/subPages/SuT1noZoNGEjKGR1vTbi/nestedSubPages/zMFBI0XMiRsJnnXWhL5S/topics/sBc3Ee7TKg33PIbmj4Hb/quizzes/MezsloUmrp0Qgmc3WPOH","Ivy Tech Proctored Exam 2 Fundamentals - All Practice Questions | NursingMocks","Practice with 46 questions from Ivy Tech Proctored Exam 2 Fundamentals - All Practice Questions.","https://www.nursingmocks.com/ivy-tech-proctored-exam-2-fundamentals-all-practice-questions","https://www.nursingmocks.com/ivy-tech-proctored-exam-2-fundamentals-all-practice-questions","false","true","runtime-generated","0",""
"ehIv5zmQpjKRWQA9wqkL","quiz","rn-ati-comprehensive-predictor-2023-proctored-exam","rn-ati-comprehensive-predictor-2023-proctored-exam","pillarPages/nursing-exit-exam/subPages/S4vSoa5bxDgZ1L5kLOJe/nestedSubPages/QsMAv9L9bzYoFjgdfKgH/quizzes/WKomPJ6gFxboSjPJkv0h","RN ATI Comprehensive Predictor 2023 Proctored Exam | NursingMocks","RN ATI Comprehensive Predictor 2023 Proctored Exam practice questions and answers for Nursing Exit Exam review.","https://www.nursingmocks.com/rn-ati-comprehensive-predictor-2023-proctored-exam","https://www.nursingmocks.com/rn-ati-comprehensive-predictor-2023-proctored-exam","false","true","runtime-generated","0",""
"ero4DUyeQadyOvYaKHwU","quiz","teas-science-practice-test-set-8","teas-science-practice-test-set-8","pillarPages/nursing-entrance-exam/subPages/yrdSf0KpOcuybL1SLnw7/nestedSubPages/uJVUx7wiwgxZ5HPJXNkV/quizzes/umNkptw2XbbrjGNSsyt0","ATI TEAS Science Practice Test Set 8 Questions and Answers","Review ATI TEAS Science Set 8 questions and answers covering Human Anatomy and Physiology, Biology, Chemistry, and Scientific Reasoning, with focus on organ systems, life science foundations, chemistry, and evidence-based reasoning.","https://www.nursingmocks.com/teas-science-practice-test-set-8","https://www.nursingmocks.com/teas-science-practice-test-set-8","true","true","","0",""
"esxkdYmJTGyjcJAcw9Sj","quiz","pn-comprehensive-predictor-2023-proctored-exam-form-3","pn-comprehensive-predictor-2023-proctored-exam-form-3","pillarPages/nursing-exit-exam/subPages/nkXaaMfkkbvjmrSRwtVq/nestedSubPages/ShdTxCRHYWbhmGg06Sgw/quizzes/4FIPxrbfxMxd49Z2O82X","PN Comprehensive Predictor 2023 Proctored Exam Form 3 | NursingMocks","PN Comprehensive Predictor 2023 Proctored Exam Form 3 practice questions and answers for Nursing Exit Exam review.","https://www.nursingmocks.com/pn-comprehensive-predictor-2023-proctored-exam-form-3","https://www.nursingmocks.com/pn-comprehensive-predictor-2023-proctored-exam-form-3","false","true","runtime-generated","0",""
"etGajvmJ47cYISW7XkJ5","quiz","pediatrics-and-maternity-proctored-exam-examplify-practice-questions","pediatrics-and-maternity-proctored-exam-examplify-practice-questions","pillarPages/nursing-test-bank/subPages/SuT1noZoNGEjKGR1vTbi/nestedSubPages/zMFBI0XMiRsJnnXWhL5S/topics/Hwspg6smTqrELsoRSNmc/quizzes/RKflUdcJraZbTY20ZRkt","Pediatrics and Maternity Proctored Exam (Examplify) Practice Questions | NursingMocks","Practice with 50 questions from Pediatrics and Maternity Proctored Exam (Examplify) Practice Questions.","https://www.nursingmocks.com/pediatrics-and-maternity-proctored-exam-examplify-practice-questions","https://www.nursingmocks.com/pediatrics-and-maternity-proctored-exam-examplify-practice-questions","false","true","runtime-generated","0",""
"evUGDZUjTFQOTADyhgxb","quiz","wgu-hesi-rn-adult-health-proctored-exam-practice-questions","wgu-hesi-rn-adult-health-proctored-exam-practice-questions","pillarPages/nursing-test-bank/subPages/SuT1noZoNGEjKGR1vTbi/nestedSubPages/iT55qp9NAFOvZLBAiQzC/topics/n2FK9jdRFYQvHbryoAbl/quizzes/dX8MoJ4cEOha6Q47enT8","WGU HESI RN Adult Health Proctored Exam Practice Questions | NursingMocks","Practice with 82 questions from WGU HESI RN Adult Health Proctored Exam Practice Questions.","https://www.nursingmocks.com/wgu-hesi-rn-adult-health-proctored-exam-practice-questions","https://www.nursingmocks.com/wgu-hesi-rn-adult-health-proctored-exam-practice-questions","false","true","runtime-generated","0",""
"eyiYpRbJN5rOmNaITTTD","quiz","hesi-a2-reading-comprehension-practice-test-set-2","hesi-a2-reading-comprehension-practice-test-set-2","pillarPages/nursing-entrance-exam/subPages/rdYGUZ9DzFvAmo6EsrVe/nestedSubPages/gGyVK8Up2mhnWjvQONJo/quizzes/hesi-a2-reading-comprehension-practice-test-set-2","HESI A2 Reading Comprehension Practice Test Set 2","Practice HESI A2 Actual Exam Set 2 - Reading Comprehension questions for HESI A2 preparation.","https://www.nursingmocks.com/hesi-a2-reading-comprehension-practice-test-set-2","https://www.nursingmocks.com/hesi-a2-reading-comprehension-practice-test-set-2","false","true","runtime-generated","0",""
"ez51KUuancOwYsy9SDdi","quiz","pn-fundamentals-2023-proctored-exam-practice-questions","pn-fundamentals-2023-proctored-exam-practice-questions","pillarPages/nursing-test-bank/subPages/z0xzINtS3EohZNaKosBz/nestedSubPages/3K3wv7IGcDcXvSNM9Kxm/topics/XKenRdlHMVfdY4Dl99G2/quizzes/D4eNYdqqwvmbKTSSgDUe","PN Fundamentals 2023 Proctored Exam Practice Questions | NursingMocks","Practice with 65 questions from PN Fundamentals 2023 Proctored Exam Practice Questions.","https://www.nursingmocks.com/pn-fundamentals-2023-proctored-exam-practice-questions","https://www.nursingmocks.com/pn-fundamentals-2023-proctored-exam-practice-questions","false","true","runtime-generated","0",""
"ezz3jritCGnE1G7i9ows","quiz","hesi-rn-biology-proctored-exam-practice-questions","hesi-rn-biology-proctored-exam-practice-questions","pillarPages/nursing-test-bank/subPages/SuT1noZoNGEjKGR1vTbi/nestedSubPages/iT55qp9NAFOvZLBAiQzC/topics/hQ9i2jdugpRUC2Nk733R/quizzes/FXpMnrf3mM2SA0D5wCKn","HESI RN Biology Proctored Exam Practice Questions | NursingMocks","Practice with 24 questions from HESI RN Biology Proctored Exam Practice Questions.","https://www.nursingmocks.com/hesi-rn-biology-proctored-exam-practice-questions","https://www.nursingmocks.com/hesi-rn-biology-proctored-exam-practice-questions","false","true","runtime-generated","0",""
"f29EThb5sjrjUxIdV1Vz","quiz","maternity-proctored-exam-spring-henry-exam-practice-questions","maternity-proctored-exam-spring-henry-exam-practice-questions","pillarPages/nursing-test-bank/subPages/SuT1noZoNGEjKGR1vTbi/nestedSubPages/zMFBI0XMiRsJnnXWhL5S/topics/stnDIFRoA0VwLaoxbGv1/quizzes/UbdskYZmH9BZmNde6Bwm","Maternity Proctored Exam (Spring Henry Exam) Practice Questions | NursingMocks","Practice with 50 questions from Maternity Proctored Exam (Spring Henry Exam) Practice Questions.","https://www.nursingmocks.com/maternity-proctored-exam-spring-henry-exam-practice-questions","https://www.nursingmocks.com/maternity-proctored-exam-spring-henry-exam-practice-questions","false","true","runtime-generated","0",""
"f4hfQkPGFrw820N3VnLO","quiz","ivytech-community-college-med-surg-final-proctored-exam-practice-questions","ivytech-community-college-med-surg-final-proctored-exam-practice-questions","pillarPages/nursing-test-bank/subPages/SuT1noZoNGEjKGR1vTbi/nestedSubPages/zMFBI0XMiRsJnnXWhL5S/topics/4xNDZPMszSkpgRfEsOck/quizzes/Sb3TOS4jWJdPK8F2GFbL","Ivytech Community College Med Surg Final Proctored Exam Practice Questions | NursingMocks","Practice with 32 questions from Ivytech Community College Med Surg Final Proctored Exam Practice Questions.","https://www.nursingmocks.com/ivytech-community-college-med-surg-final-proctored-exam-practice-questions","https://www.nursingmocks.com/ivytech-community-college-med-surg-final-proctored-exam-practice-questions","false","true","runtime-generated","0",""
"fAON6XNMg9l75gut1ZiU","quiz","ati-pn-med-surg-electrolyte-proctored-exam-delaware-college-practice-questions","ati-pn-med-surg-electrolyte-proctored-exam-delaware-college-practice-questions","pillarPages/nursing-test-bank/subPages/z0xzINtS3EohZNaKosBz/nestedSubPages/lyrHg4RBzN6UafuymMFT/topics/NywbGW22YNeZSM3kuwKk/quizzes/dqJHXKkfwcRjkoPDPE1m","ATI PN Med Surg Electrolyte Proctored Exam(Delaware College) Practice Questions | NursingMocks","Practice with 42 questions from ATI PN Med Surg Electrolyte Proctored Exam(Delaware College) Practice Questions.","https://www.nursingmocks.com/ati-pn-med-surg-electrolyte-proctored-exam-delaware-college-practice-questions","https://www.nursingmocks.com/ati-pn-med-surg-electrolyte-proctored-exam-delaware-college-practice-questions","false","true","runtime-generated","0",""
"fDCJKX9hpOIiQhjAILLz","quiz","hesi-rn-n404-maternity-and-pediatrics-proctored-exam-practice-questions","hesi-rn-n404-maternity-and-pediatrics-proctored-exam-practice-questions","pillarPages/nursing-test-bank/subPages/SuT1noZoNGEjKGR1vTbi/nestedSubPages/iT55qp9NAFOvZLBAiQzC/topics/ULDy5qJrNGEhyYIuXZvp/quizzes/NJtNYy42c5ikVfM1Nwet","HESI RN N404 Maternity and Pediatrics Proctored Exam Practice Questions | NursingMocks","Practice with 60 questions from HESI RN N404 Maternity and Pediatrics Proctored Exam Practice Questions.","https://www.nursingmocks.com/hesi-rn-n404-maternity-and-pediatrics-proctored-exam-practice-questions","https://www.nursingmocks.com/hesi-rn-n404-maternity-and-pediatrics-proctored-exam-practice-questions","false","true","runtime-generated","0",""
"fDvLh69a8NBy93iflvCZ","quiz","ati-pn-pediatrics-nursing-proctored-exam-practice-questions-set-5","ati-pn-pediatrics-nursing-proctored-exam-practice-questions-set-5","pillarPages/nursing-test-bank/subPages/z0xzINtS3EohZNaKosBz/nestedSubPages/lyrHg4RBzN6UafuymMFT/topics/Y0MhOdG0hGVh8AUsgVrz/quizzes/cWT5DTy7qnbbVaxA11jo","ATI PN Pediatrics Nursing Proctored Exam Practice Questions - Set 5 | NursingMocks","Practice with 98 questions from ATI PN Pediatrics Nursing Proctored Exam Practice Questions - Set 5.","https://www.nursingmocks.com/ati-pn-pediatrics-nursing-proctored-exam-practice-questions-set-5","https://www.nursingmocks.com/ati-pn-pediatrics-nursing-proctored-exam-practice-questions-set-5","false","true","runtime-generated","0",""
"fGdw10OQ7VKY4VuKq84v","topic","rn-certifications-cna-certification-practice-questions","rn-certifications-cna-certification-practice-questions","pillarPages/nursing-test-bank/subPages/SuT1noZoNGEjKGR1vTbi/nestedSubPages/Xm9CE6gN7AB8T4YZKMNa/topics/mLQLcSPuJFwx9Xk2SZ7f","CNA Certification Practice Questions | NursingMocks","Practice CNA certification exam questions for patient care, safety, clinical-assistant tasks, communication, and healthcare support review.","https://www.nursingmocks.com/rn-certifications-cna-certification-practice-questions","https://www.nursingmocks.com/rn-certifications-cna-certification-practice-questions","true","true","","0",""
"fHsYzggtuJrW2mg3HKML","quiz","ati-pn-maternity-proctored-exam-practice-questions-set-24","ati-pn-maternity-proctored-exam-practice-questions-set-24","pillarPages/nursing-test-bank/subPages/z0xzINtS3EohZNaKosBz/nestedSubPages/lyrHg4RBzN6UafuymMFT/topics/ZwY2vYN2X4tXEKOv2x6h/quizzes/Z9Sbt2SuITF9UIdZT3bg","ATI PN Maternity Proctored Exam Practice Questions - Set 24 | NursingMocks","Practice with 79 questions from ATI PN Maternity Proctored Exam Practice Questions - Set 24.","https://www.nursingmocks.com/ati-pn-maternity-proctored-exam-practice-questions-set-24","https://www.nursingmocks.com/ati-pn-maternity-proctored-exam-practice-questions-set-24","false","true","runtime-generated","0",""
"fZerBld7X7i8B8QzUJFQ","quiz","nur-113-med-surg-proctored-exam-coastal-alabama-college-practice-questions-set-17","nur-113-med-surg-proctored-exam-coastal-alabama-college-practice-questions-set-17","pillarPages/nursing-test-bank/subPages/SuT1noZoNGEjKGR1vTbi/nestedSubPages/zMFBI0XMiRsJnnXWhL5S/topics/4xNDZPMszSkpgRfEsOck/quizzes/TJZbZThlpGEqdgtuAKU6","NUR 113 Med Surg Proctored Exam (Coastal Alabama College) Practice Questions - Set 17 | NursingMocks","Practice with 50 questions from NUR 113 Med Surg Proctored Exam (Coastal Alabama College) Practice Questions - Set 17.","https://www.nursingmocks.com/nur-113-med-surg-proctored-exam-coastal-alabama-college-practice-questions-set-17","https://www.nursingmocks.com/nur-113-med-surg-proctored-exam-coastal-alabama-college-practice-questions-set-17","false","true","runtime-generated","0",""
"fhuvMqEZsyCB2GGf5u3n","quiz","ati-pn-fundamentals-2023-proctored-exam-2-practice-questions","ati-pn-fundamentals-2023-proctored-exam-2-practice-questions","pillarPages/nursing-test-bank/subPages/z0xzINtS3EohZNaKosBz/nestedSubPages/lyrHg4RBzN6UafuymMFT/topics/1Lb0PkKiTEM2wQOIMDtv/quizzes/WoggYqZ0CJ0C0L0mxuky","ATI PN Fundamentals 2023 Proctored Exam 2 Practice Questions | NursingMocks","Practice with 59 questions from ATI PN Fundamentals 2023 Proctored Exam 2 Practice Questions.","https://www.nursingmocks.com/ati-pn-fundamentals-2023-proctored-exam-2-practice-questions","https://www.nursingmocks.com/ati-pn-fundamentals-2023-proctored-exam-2-practice-questions","false","true","runtime-generated","0",""
"fjEL1eWQSK8Rp10AHeYV","quiz","med-surg-proctored-exam-critical-care-regular-exam-practice-questions","med-surg-proctored-exam-critical-care-regular-exam-practice-questions","pillarPages/nursing-test-bank/subPages/SuT1noZoNGEjKGR1vTbi/nestedSubPages/zMFBI0XMiRsJnnXWhL5S/topics/ClP0t5MZQ8KQGRehmVDG/quizzes/zv9SFziJ2zXkKpDkhLpJ","Med Surg Proctored Exam (Critical Care Regular Exam) Practice Questions | NursingMocks","Practice with 83 questions from Med Surg Proctored Exam (Critical Care Regular Exam) Practice Questions.","https://www.nursingmocks.com/med-surg-proctored-exam-critical-care-regular-exam-practice-questions","https://www.nursingmocks.com/med-surg-proctored-exam-critical-care-regular-exam-practice-questions","false","true","runtime-generated","0",""
"fof3b8IXH2utyOmVDw6S","quiz","maternal-newborn-proctored-exam-samuel-merritt-university-practice-questions","maternal-newborn-proctored-exam-samuel-merritt-university-practice-questions","pillarPages/nursing-test-bank/subPages/SuT1noZoNGEjKGR1vTbi/nestedSubPages/zMFBI0XMiRsJnnXWhL5S/topics/stnDIFRoA0VwLaoxbGv1/quizzes/AWCrGFOe5HAvhWubeHWR","Maternal Newborn Proctored Exam (Samuel Merritt University) Practice Questions | NursingMocks","Practice with 50 questions from Maternal Newborn Proctored Exam (Samuel Merritt University) Practice Questions.","https://www.nursingmocks.com/maternal-newborn-proctored-exam-samuel-merritt-university-practice-questions","https://www.nursingmocks.com/maternal-newborn-proctored-exam-samuel-merritt-university-practice-questions","false","true","runtime-generated","0",""
"fqawQZNuC47xttwL8GKN","quiz","teas-math-practice-test-set-2","teas-math-practice-test-set-2","pillarPages/nursing-entrance-exam/subPages/yrdSf0KpOcuybL1SLnw7/nestedSubPages/e9EcRCWTbyKVpyLXUKzd/quizzes/C8oSuKgoQqrjMN6IQDcn","ATI TEAS Math Practice Test Set 2 Questions and Answers","Review ATI TEAS Mathematics Set 2 questions and answers covering Numbers and Algebra and Measurement and Data, with focus on algebra basics, quantitative comparisons, and practical data tasks.","https://www.nursingmocks.com/teas-math-practice-test-set-2","https://www.nursingmocks.com/teas-math-practice-test-set-2","true","true","","0",""
"fru7maw2288ii8fukF8U","quiz","ati-pn-n105-maternity-proctored-exam-practice-questions","ati-pn-n105-maternity-proctored-exam-practice-questions","pillarPages/nursing-test-bank/subPages/z0xzINtS3EohZNaKosBz/nestedSubPages/lyrHg4RBzN6UafuymMFT/topics/ZwY2vYN2X4tXEKOv2x6h/quizzes/UmUPGiEjtaHkLw6sCM63","ATI PN N105 Maternity Proctored Exam Practice Questions | NursingMocks","Practice with 48 questions from ATI PN N105 Maternity Proctored Exam Practice Questions.","https://www.nursingmocks.com/ati-pn-n105-maternity-proctored-exam-practice-questions","https://www.nursingmocks.com/ati-pn-n105-maternity-proctored-exam-practice-questions","false","true","runtime-generated","0",""
"fvKUd9Qfbb2rHUG2BgNg","quiz","nur-215-mental-health-proctored-exam-montgomery-community-college-practice-questions","nur-215-mental-health-proctored-exam-montgomery-community-college-practice-questions","pillarPages/nursing-test-bank/subPages/SuT1noZoNGEjKGR1vTbi/nestedSubPages/zMFBI0XMiRsJnnXWhL5S/topics/dwj41dVBiWR9v4FRpKhC/quizzes/YvaXyuuCzRxqMsq9L0Ys","NUR 215 Mental Health Proctored Exam (Montgomery Community College) Practice Questions | NursingMocks","Practice with 46 questions from NUR 215 Mental Health Proctored Exam (Montgomery Community College) Practice Questions.","https://www.nursingmocks.com/nur-215-mental-health-proctored-exam-montgomery-community-college-practice-questions","https://www.nursingmocks.com/nur-215-mental-health-proctored-exam-montgomery-community-college-practice-questions","false","true","runtime-generated","0",""
"g5cB2pofyylpJ7sLhV8N","quiz","adult-health-proctored-exam-viterbo-university-practice-questions","adult-health-proctored-exam-viterbo-university-practice-questions","pillarPages/nursing-test-bank/subPages/SuT1noZoNGEjKGR1vTbi/nestedSubPages/zMFBI0XMiRsJnnXWhL5S/topics/L2wWtC9VGd9bcVlQMhD1/quizzes/9bxLZXIATk6nNFXf7XK2","Adult Health Proctored Exam (Viterbo University) Practice Questions | NursingMocks","Practice with 49 questions from Adult Health Proctored Exam (Viterbo University) Practice Questions.","https://www.nursingmocks.com/adult-health-proctored-exam-viterbo-university-practice-questions","https://www.nursingmocks.com/adult-health-proctored-exam-viterbo-university-practice-questions","false","true","runtime-generated","0",""
"g8tzcjFKUFtOliN6Oo2w","quiz","ati-pn-pediatrics-nursing-proctored-exam-5-practice-questions","ati-pn-pediatrics-nursing-proctored-exam-5-practice-questions","pillarPages/nursing-test-bank/subPages/z0xzINtS3EohZNaKosBz/nestedSubPages/lyrHg4RBzN6UafuymMFT/topics/Y0MhOdG0hGVh8AUsgVrz/quizzes/aEUHVBrGgaxi2u3T7EBe","ATI PN Pediatrics Nursing Proctored Exam 5 Practice Questions | NursingMocks","Practice with 38 questions from ATI PN Pediatrics Nursing Proctored Exam 5 Practice Questions.","https://www.nursingmocks.com/ati-pn-pediatrics-nursing-proctored-exam-5-practice-questions","https://www.nursingmocks.com/ati-pn-pediatrics-nursing-proctored-exam-5-practice-questions","false","true","runtime-generated","0",""
"gDQEHLwUVm7aSBUFuDRL","quiz","ati-pn-pharmacology-proctored-exam-prism-career-institute-practice-questions","ati-pn-pharmacology-proctored-exam-prism-career-institute-practice-questions","pillarPages/nursing-test-bank/subPages/z0xzINtS3EohZNaKosBz/nestedSubPages/lyrHg4RBzN6UafuymMFT/topics/13a3GLxldltUqhIxNzkr/quizzes/kW6OYtW9C6cJJHOmJlee","ATI PN Pharmacology Proctored Exam(Prism Career Institute) Practice Questions | NursingMocks","Practice with 44 questions from ATI PN Pharmacology Proctored Exam(Prism Career Institute) Practice Questions.","https://www.nursingmocks.com/ati-pn-pharmacology-proctored-exam-prism-career-institute-practice-questions","https://www.nursingmocks.com/ati-pn-pharmacology-proctored-exam-prism-career-institute-practice-questions","false","true","runtime-generated","0",""
"gHpZRrPZnNG5Me6qowBk","quiz","ati-pn-mental-health-proctored-exam-practice-questions-set-20","ati-pn-mental-health-proctored-exam-practice-questions-set-20","pillarPages/nursing-test-bank/subPages/z0xzINtS3EohZNaKosBz/nestedSubPages/lyrHg4RBzN6UafuymMFT/topics/6i5h4wWlOfz4R8huNTkC/quizzes/EfV4aTuYMVOaoBvfUZFW","ATI PN Mental Health Proctored Exam Practice Questions - Set 20 | NursingMocks","Practice with 50 questions from ATI PN Mental Health Proctored Exam Practice Questions - Set 20.","https://www.nursingmocks.com/ati-pn-mental-health-proctored-exam-practice-questions-set-20","https://www.nursingmocks.com/ati-pn-mental-health-proctored-exam-practice-questions-set-20","false","true","runtime-generated","0",""
"gNR6aaiOiABlJCDPdOES","quiz","hesi-rn-bsn-225-rn-pharmacology-proctored-exam-practice-questions","hesi-rn-bsn-225-rn-pharmacology-proctored-exam-practice-questions","pillarPages/nursing-test-bank/subPages/SuT1noZoNGEjKGR1vTbi/nestedSubPages/iT55qp9NAFOvZLBAiQzC/topics/l1kSgSxIYg2SRUN8aWqE/quizzes/rjjb2p3ny9vDG6Brf6Ku","HESI RN Bsn 225 RN Pharmacology Proctored Exam Practice Questions | NursingMocks","Practice with 53 questions from HESI RN Bsn 225 RN Pharmacology Proctored Exam Practice Questions.","https://www.nursingmocks.com/hesi-rn-bsn-225-rn-pharmacology-proctored-exam-practice-questions","https://www.nursingmocks.com/hesi-rn-bsn-225-rn-pharmacology-proctored-exam-practice-questions","false","true","runtime-generated","0",""
"gStCRuUsE6UkBU70huKW","quiz","nsg-340-nursing-leadership-and-management-proctored-exam-practice-questions","nsg-340-nursing-leadership-and-management-proctored-exam-practice-questions","pillarPages/nursing-test-bank/subPages/SuT1noZoNGEjKGR1vTbi/nestedSubPages/zMFBI0XMiRsJnnXWhL5S/topics/sWcrKSZa84sgLyaVr5Sm/quizzes/SYN8PR2VH4dr5CA6I4fK","NSG 340 Nursing Leadership and Management Proctored Exam Practice Questions | NursingMocks","Practice with 40 questions from NSG 340 Nursing Leadership and Management Proctored Exam Practice Questions.","https://www.nursingmocks.com/nsg-340-nursing-leadership-and-management-proctored-exam-practice-questions","https://www.nursingmocks.com/nsg-340-nursing-leadership-and-management-proctored-exam-practice-questions","false","true","runtime-generated","0",""
"gTaKG6ViEckS8hc4KAyz","quiz","nursing-fundamental-100-proctored-exam-2-practice-questions","nursing-fundamental-100-proctored-exam-2-practice-questions","pillarPages/nursing-test-bank/subPages/SuT1noZoNGEjKGR1vTbi/nestedSubPages/zMFBI0XMiRsJnnXWhL5S/topics/sBc3Ee7TKg33PIbmj4Hb/quizzes/Ra76GdARAHLaXsxU9t9e","Nursing Fundamental 100 Proctored Exam 2 Practice Questions | NursingMocks","Practice with 45 questions from Nursing Fundamental 100 Proctored Exam 2 Practice Questions.","https://www.nursingmocks.com/nursing-fundamental-100-proctored-exam-2-practice-questions","https://www.nursingmocks.com/nursing-fundamental-100-proctored-exam-2-practice-questions","false","true","runtime-generated","0",""
"gU5FH911C3obqNKqZIeY","quiz","pathophysiology-proctored-exam-practice-questions-set-13","pathophysiology-proctored-exam-practice-questions-set-13","pillarPages/nursing-test-bank/subPages/SuT1noZoNGEjKGR1vTbi/nestedSubPages/zMFBI0XMiRsJnnXWhL5S/topics/KyUeIK7zxUi2K91H84Bj/quizzes/1DJLOkzTDYRSf5kwpxwA","Pathophysiology Proctored Exam Practice Questions - Set 13 | NursingMocks","Practice with 48 questions from Pathophysiology Proctored Exam Practice Questions - Set 13.","https://www.nursingmocks.com/pathophysiology-proctored-exam-practice-questions-set-13","https://www.nursingmocks.com/pathophysiology-proctored-exam-practice-questions-set-13","false","true","runtime-generated","0",""
"ge10Af4L9GyrpIMhCY5x","quiz","hesi-lpn-specialty-med-surg-proctored-exam-practice-questions","hesi-lpn-specialty-med-surg-proctored-exam-practice-questions","pillarPages/nursing-test-bank/subPages/z0xzINtS3EohZNaKosBz/nestedSubPages/ToLSmb6DG83NTZWXEJxt/topics/jD7wUAqBY3cn5ZMToJOK/quizzes/PRcnZ5Q3YWr7P8K7SQya","HESI LPN Specialty Med Surg Proctored Exam Practice Questions | NursingMocks","Practice with 61 questions from HESI LPN Specialty Med Surg Proctored Exam Practice Questions.","https://www.nursingmocks.com/hesi-lpn-specialty-med-surg-proctored-exam-practice-questions","https://www.nursingmocks.com/hesi-lpn-specialty-med-surg-proctored-exam-practice-questions","false","true","runtime-generated","0",""
"gijvw65TAAMgzElgPDvn","nested","hesi-a2-vocabulary-practice-test","hesi-a2-vocabulary-practice-test","pillarPages/nursing-entrance-exam/subPages/rdYGUZ9DzFvAmo6EsrVe/nestedSubPages/i7Rzaozenx3Czccmf5HD","Hesi A2 Vocabulary Practice Test | TeasGurus","Content for Hesi A2 Vocabulary Practice Test under Hesi A2.","https://www.nursingmocks.com/hesi-a2-vocabulary-practice-test","https://www.nursingmocks.com/hesi-a2-vocabulary-practice-test","true","true","","0",""
"godiR8WvtKwFu9zPk8eB","quiz","hesi-rn-301-pharmacology-final-exam-practice-questions","hesi-rn-301-pharmacology-final-exam-practice-questions","pillarPages/nursing-test-bank/subPages/SuT1noZoNGEjKGR1vTbi/nestedSubPages/iT55qp9NAFOvZLBAiQzC/topics/l1kSgSxIYg2SRUN8aWqE/quizzes/dijJv6bQwk0AUQF62XUD","HESI RN 301 Pharmacology Final Exam Practice Questions | NursingMocks","Practice with 51 questions from HESI RN 301 Pharmacology Final Exam Practice Questions.","https://www.nursingmocks.com/hesi-rn-301-pharmacology-final-exam-practice-questions","https://www.nursingmocks.com/hesi-rn-301-pharmacology-final-exam-practice-questions","false","true","runtime-generated","0",""
"gpL4YmHbvN5E4ZCf3irA","quiz","hesi-a2-anatomy-and-physiology-practice-test-set-2","hesi-a2-anatomy-and-physiology-practice-test-set-2","pillarPages/nursing-entrance-exam/subPages/rdYGUZ9DzFvAmo6EsrVe/nestedSubPages/qwOa8KIVJed4vQNWENTI/quizzes/hesi-a2-anatomy-and-physiology-practice-test-set-2","HESI A2 Anatomy and Physiology Practice Test Set 2","Practice HESI A2 Anatomy and Physiology Set 2 questions for HESI A2 preparation.","https://www.nursingmocks.com/hesi-a2-anatomy-and-physiology-practice-test-set-2","https://www.nursingmocks.com/hesi-a2-anatomy-and-physiology-practice-test-set-2","false","true","runtime-generated","0",""
"h0CI9yAxm8ii7SCglpJv","quiz","rn-comprehensive-predictor-2023-proctored-exam","rn-comprehensive-predictor-2023-proctored-exam","pillarPages/nursing-exit-exam/subPages/S4vSoa5bxDgZ1L5kLOJe/nestedSubPages/QsMAv9L9bzYoFjgdfKgH/quizzes/7NR8TSkiLcI5yGHu5j9P","3-Rn Comprehensive predictor 2023 proctored exam | NursingMocks","Practice nursing exit exam questions and answers for 3-Rn Comprehensive predictor 2023 proctored exam.","https://www.nursingmocks.com/rn-comprehensive-predictor-2023-proctored-exam","https://www.nursingmocks.com/rn-comprehensive-predictor-2023-proctored-exam","false","true","runtime-generated","0",""
"h2RTMzX9viGYpS0c4Bs8","quiz","hesi-rn-adult-health-ii-proctored-exam-wgu-practice-questions","hesi-rn-adult-health-ii-proctored-exam-wgu-practice-questions","pillarPages/nursing-test-bank/subPages/SuT1noZoNGEjKGR1vTbi/nestedSubPages/iT55qp9NAFOvZLBAiQzC/topics/n2FK9jdRFYQvHbryoAbl/quizzes/j3JxKbfHG2rRiupnMWYG","HESI RN Adult Health II Proctored Exam (WGU) Practice Questions | NursingMocks","Practice with 56 questions from HESI RN Adult Health II Proctored Exam (WGU) Practice Questions.","https://www.nursingmocks.com/hesi-rn-adult-health-ii-proctored-exam-wgu-practice-questions","https://www.nursingmocks.com/hesi-rn-adult-health-ii-proctored-exam-wgu-practice-questions","false","true","runtime-generated","0",""
"h3cwcMlj6OFp5Nbk7DA7","topic","ati-community-health-test-bank-practice-questions","ati-community-health-test-bank-practice-questions","pillarPages/nursing-test-bank/subPages/SuT1noZoNGEjKGR1vTbi/nestedSubPages/Fnnd4c6ae0Uiurk2KUSc/topics/7bDY5eldocsvOcK7RH39","ATI Community Health Test Bank Questions | NursingMocks","Use ATI Community Health test bank questions to review public health, prevention, epidemiology, home care, teaching, and population nursing.","https://www.nursingmocks.com/ati-community-health-test-bank-practice-questions","https://www.nursingmocks.com/ati-community-health-test-bank-practice-questions","true","true","","0",""
"h57OZzGCtUApvWGDjbCW","quiz","community-health-nursing-midterm-proctored-exam-nu-405-sjcme-practice-questions","community-health-nursing-midterm-proctored-exam-nu-405-sjcme-practice-questions","pillarPages/nursing-test-bank/subPages/SuT1noZoNGEjKGR1vTbi/nestedSubPages/zMFBI0XMiRsJnnXWhL5S/topics/pXf53xDTrL7aSDzdhniW/quizzes/wcX32OIbqh6P5JQa8pFr","Community Health Nursing Midterm Proctored Exam-Nu 405-(Sjcme) Practice Questions | NursingMocks","Practice with 50 questions from Community Health Nursing Midterm Proctored Exam-Nu 405-(Sjcme) Practice Questions.","https://www.nursingmocks.com/community-health-nursing-midterm-proctored-exam-nu-405-sjcme-practice-questions","https://www.nursingmocks.com/community-health-nursing-midterm-proctored-exam-nu-405-sjcme-practice-questions","false","true","runtime-generated","0",""
"hAOxVNonNxPGsFKkG1bj","quiz","hesi-rn-exit-vi-proctored-exam","hesi-rn-exit-vi-proctored-exam","pillarPages/nursing-exit-exam/subPages/S4vSoa5bxDgZ1L5kLOJe/nestedSubPages/MVHmi7FJbSDlPPz28jh5/quizzes/ywoRFeYghzpCkG9NKJIA","HESI RN Exit VI Proctored Exam | NursingMocks","HESI RN Exit VI Proctored Exam practice questions and answers for Nursing Exit Exam review.","https://www.nursingmocks.com/hesi-rn-exit-vi-proctored-exam","https://www.nursingmocks.com/hesi-rn-exit-vi-proctored-exam","false","true","runtime-generated","0",""
"hB5qjuF6PrGJyWB3vBCp","quiz","ati-pn-management-2023-proctored-exam-practice-questions-set-1","ati-pn-management-2023-proctored-exam-practice-questions-set-1","pillarPages/nursing-test-bank/subPages/z0xzINtS3EohZNaKosBz/nestedSubPages/lyrHg4RBzN6UafuymMFT/topics/i0Rf69MPdXLbYTSRdCOW/quizzes/Mlp5QTMLwhnGdWtxHCjV","ATI PN Management 2023 Proctored Exam Practice Questions - Set 1 | NursingMocks","Practice with 60 questions from ATI PN Management 2023 Proctored Exam Practice Questions - Set 1.","https://www.nursingmocks.com/ati-pn-management-2023-proctored-exam-practice-questions-set-1","https://www.nursingmocks.com/ati-pn-management-2023-proctored-exam-practice-questions-set-1","false","true","runtime-generated","0",""
"hCbpaE2krTbwQ3B8xzwy","nested","rn-certifications","rn-certifications","pillarPages/nursing-test-bank/subPages/SuT1noZoNGEjKGR1vTbi/nestedSubPages/Xm9CE6gN7AB8T4YZKMNa","RN Certifications | NursingMocks","Practice RN certification exam questions covering nursing assistant, phlebotomy, and other certification-focused review topics.","https://www.nursingmocks.com/rn-certifications","https://www.nursingmocks.com/rn-certifications","true","true","","0",""
"hFY7O6VFt4cRTsT1KC6F","quiz","microbiology-quiz-proctored-exam-practice-questions","microbiology-quiz-proctored-exam-practice-questions","pillarPages/nursing-test-bank/subPages/SuT1noZoNGEjKGR1vTbi/nestedSubPages/zMFBI0XMiRsJnnXWhL5S/topics/9DamWJdFDUGMGLjGeQbF/quizzes/uzC7VCBh8l2fK5PVwwf8","Microbiology Quiz Proctored Exam Practice Questions | NursingMocks","Practice with 25 questions from Microbiology Quiz Proctored Exam Practice Questions.","https://www.nursingmocks.com/microbiology-quiz-proctored-exam-practice-questions","https://www.nursingmocks.com/microbiology-quiz-proctored-exam-practice-questions","false","true","runtime-generated","0",""
"hMqYs8oluzNsNQ9cgBCI","quiz","hesi-rn-nursing-research-ii-proctored-exam-practice-questions","hesi-rn-nursing-research-ii-proctored-exam-practice-questions","pillarPages/nursing-test-bank/subPages/SuT1noZoNGEjKGR1vTbi/nestedSubPages/iT55qp9NAFOvZLBAiQzC/topics/2CSFdI3p8inciBpSPkZI/quizzes/GACZKuuRGeiIOlbbGUnP","HESI RN Nursing Research II Proctored Exam Practice Questions | NursingMocks","Practice with 54 questions from HESI RN Nursing Research II Proctored Exam Practice Questions.","https://www.nursingmocks.com/hesi-rn-nursing-research-ii-proctored-exam-practice-questions","https://www.nursingmocks.com/hesi-rn-nursing-research-ii-proctored-exam-practice-questions","false","true","runtime-generated","0",""
"hOwbx0QoG43HzqJ6NsDo","quiz","hesi-rn-medical-surgical-proctored-exam-practice-questions-set-19","hesi-rn-medical-surgical-proctored-exam-practice-questions-set-19","pillarPages/nursing-test-bank/subPages/SuT1noZoNGEjKGR1vTbi/nestedSubPages/iT55qp9NAFOvZLBAiQzC/topics/aS23yuUD7OS39aVVutYn/quizzes/v3JaSYDr88r1J3rXqpTJ","HESI RN Medical Surgical Proctored Exam Practice Questions - Set 19 | NursingMocks","Practice with 39 questions from HESI RN Medical Surgical Proctored Exam Practice Questions - Set 19.","https://www.nursingmocks.com/hesi-rn-medical-surgical-proctored-exam-practice-questions-set-19","https://www.nursingmocks.com/hesi-rn-medical-surgical-proctored-exam-practice-questions-set-19","false","true","runtime-generated","0",""
"hRPKJ3GRG2IkRW085iFu","quiz","hesi-pn-exit-proctored-exam-2","hesi-pn-exit-proctored-exam-2","pillarPages/nursing-exit-exam/subPages/nkXaaMfkkbvjmrSRwtVq/nestedSubPages/BH31o1XVf6CrhNvQvfOO/quizzes/bD48RgpbvD3i24SYHHsb","HESI PN Exit Proctored Exam 2 | NursingMocks","HESI PN Exit Proctored Exam 2 practice questions and answers for Nursing Exit Exam review.","https://www.nursingmocks.com/hesi-pn-exit-proctored-exam-2","https://www.nursingmocks.com/hesi-pn-exit-proctored-exam-2","false","true","runtime-generated","0",""
"hSmjb61t2qCvlKHQsMv2","quiz","pathopharmacology-proctored-exam-examplify-practice-questions","pathopharmacology-proctored-exam-examplify-practice-questions","pillarPages/nursing-test-bank/subPages/SuT1noZoNGEjKGR1vTbi/nestedSubPages/zMFBI0XMiRsJnnXWhL5S/topics/qjQzp4HMFByeL1UEKGDd/quizzes/1sd2VxC4jZxzvYGNEUxr","Pathopharmacology Proctored Exam (Examplify) Practice Questions | NursingMocks","Practice with 57 questions from Pathopharmacology Proctored Exam (Examplify) Practice Questions.","https://www.nursingmocks.com/pathopharmacology-proctored-exam-examplify-practice-questions","https://www.nursingmocks.com/pathopharmacology-proctored-exam-examplify-practice-questions","false","true","runtime-generated","0",""
"hVEUewEfRf5l54mb9hFk","nested","kaplan-admission-practice-test-reading","kaplan-admission-practice-test-reading","pillarPages/nursing-entrance-exam/subPages/jdJsAeBdy2mJO0kPibeV/nestedSubPages/BT8THcHxTeoM71ANVzUH","Kaplan Admission Practice Test Reading | NursingMocks","Content for Kaplan Admission Practice Test Reading under Kaplan Admission Test.","https://www.nursingmocks.com/kaplan-admission-practice-test-reading","https://www.nursingmocks.com/kaplan-admission-practice-test-reading","true","true","","0",""
"heTzFBu56At8rP29NiS8","quiz","ati-pn-foundation-of-nursing-fa25-proctored-exam-practice-questions","ati-pn-foundation-of-nursing-fa25-proctored-exam-practice-questions","pillarPages/nursing-test-bank/subPages/z0xzINtS3EohZNaKosBz/nestedSubPages/lyrHg4RBzN6UafuymMFT/topics/1Lb0PkKiTEM2wQOIMDtv/quizzes/jToC2SK2xdWxRQM4SukT","ATI PN Foundation of Nursing FA25 Proctored Exam Practice Questions | NursingMocks","Practice with 50 questions from ATI PN Foundation of Nursing FA25 Proctored Exam Practice Questions.","https://www.nursingmocks.com/ati-pn-foundation-of-nursing-fa25-proctored-exam-practice-questions","https://www.nursingmocks.com/ati-pn-foundation-of-nursing-fa25-proctored-exam-practice-questions","false","true","runtime-generated","0",""
"helNyctSu9cjnCITD9fS","quiz","ati-pn-comprehensive-predictor-2023-proctored-exam-1","ati-pn-comprehensive-predictor-2023-proctored-exam-1","pillarPages/nursing-exit-exam/subPages/nkXaaMfkkbvjmrSRwtVq/nestedSubPages/ShdTxCRHYWbhmGg06Sgw/quizzes/URUrEkzNhWuiX0qzXK45","ATI PN Comprehensive Predictor 2023 - Proctored Exam 1 | NursingMocks","ATI PN Comprehensive Predictor 2023 - Proctored Exam 1 practice questions and answers for Nursing Exit Exam review.","https://www.nursingmocks.com/ati-pn-comprehensive-predictor-2023-proctored-exam-1","https://www.nursingmocks.com/ati-pn-comprehensive-predictor-2023-proctored-exam-1","false","true","runtime-generated","0",""
"henICqh6uTwW1mbsopXZ","quiz","ati-pn-med-math-proctored-exam-practice-questions","ati-pn-med-math-proctored-exam-practice-questions","pillarPages/nursing-test-bank/subPages/z0xzINtS3EohZNaKosBz/nestedSubPages/lyrHg4RBzN6UafuymMFT/topics/1Lb0PkKiTEM2wQOIMDtv/quizzes/WOA7inQuYA33ri9ToFjr","ATI PN Med Math Proctored Exam Practice Questions | NursingMocks","Practice with 50 questions from ATI PN Med Math Proctored Exam Practice Questions.","https://www.nursingmocks.com/ati-pn-med-math-proctored-exam-practice-questions","https://www.nursingmocks.com/ati-pn-med-math-proctored-exam-practice-questions","false","true","runtime-generated","0",""
"hiibzqqgkX23VKLJZrqx","quiz","hesi-rn-mental-health-2023-proctored-exam-practice-questions","hesi-rn-mental-health-2023-proctored-exam-practice-questions","pillarPages/nursing-test-bank/subPages/SuT1noZoNGEjKGR1vTbi/nestedSubPages/iT55qp9NAFOvZLBAiQzC/topics/nWHmcLCOYFPkjaWIHcVu/quizzes/GAq5H4FAanG67E4LkJbc","HESI RN Mental Health 2023 Proctored Exam Practice Questions | NursingMocks","Practice with 46 questions from HESI RN Mental Health 2023 Proctored Exam Practice Questions.","https://www.nursingmocks.com/hesi-rn-mental-health-2023-proctored-exam-practice-questions","https://www.nursingmocks.com/hesi-rn-mental-health-2023-proctored-exam-practice-questions","false","true","runtime-generated","0",""
"hmLZGm2xaOT5WxYT6B4U","quiz","pn-comprehensive-predictor-2023-proctored-exam","pn-comprehensive-predictor-2023-proctored-exam","pillarPages/nursing-exit-exam/subPages/nkXaaMfkkbvjmrSRwtVq/nestedSubPages/ShdTxCRHYWbhmGg06Sgw/quizzes/Vocj5Ih0PRWIxrUPOjRx","PN Comprehensive Predictor 2023 Proctored Exam | NursingMocks","PN Comprehensive Predictor 2023 Proctored Exam practice questions and answers for Nursing Exit Exam review.","https://www.nursingmocks.com/pn-comprehensive-predictor-2023-proctored-exam","https://www.nursingmocks.com/pn-comprehensive-predictor-2023-proctored-exam","false","true","runtime-generated","0",""
"hoKMyGpGxWvEkoJ8UNob","quiz","ati-pn-dosage-calculation-pn-fundamentals-proctored-assessment-practice-questions","ati-pn-dosage-calculation-pn-fundamentals-proctored-assessment-practice-questions","pillarPages/nursing-test-bank/subPages/z0xzINtS3EohZNaKosBz/nestedSubPages/lyrHg4RBzN6UafuymMFT/topics/NHgx9LFXpsLVcFjsOujF/quizzes/B1rOqSlHL8hZVbgrOcxE","ATI PN Dosage Calculation PN Fundamentals Proctored Assessment Practice Questions | NursingMocks","Practice with 32 questions from ATI PN Dosage Calculation PN Fundamentals Proctored Assessment Practice Questions.","https://www.nursingmocks.com/ati-pn-dosage-calculation-pn-fundamentals-proctored-assessment-practice-questions","https://www.nursingmocks.com/ati-pn-dosage-calculation-pn-fundamentals-proctored-assessment-practice-questions","false","true","runtime-generated","0",""
"honY3W1M3WGiF8T379ze","quiz","pharmacology-for-professional-nursing-proctored-exam-practice-questions","pharmacology-for-professional-nursing-proctored-exam-practice-questions","pillarPages/nursing-test-bank/subPages/SuT1noZoNGEjKGR1vTbi/nestedSubPages/zMFBI0XMiRsJnnXWhL5S/topics/qjQzp4HMFByeL1UEKGDd/quizzes/6nIqrl1lWSHXely4wiUg","Pharmacology for Professional Nursing Proctored Exam Practice Questions | NursingMocks","Practice with 39 questions from Pharmacology for Professional Nursing Proctored Exam Practice Questions.","https://www.nursingmocks.com/pharmacology-for-professional-nursing-proctored-exam-practice-questions","https://www.nursingmocks.com/pharmacology-for-professional-nursing-proctored-exam-practice-questions","false","true","runtime-generated","0",""
"hqd6nQBqoVjLWTgBvyix","quiz","ati-pn-management-2023-retake-proctored-exam-practice-questions","ati-pn-management-2023-retake-proctored-exam-practice-questions","pillarPages/nursing-test-bank/subPages/z0xzINtS3EohZNaKosBz/nestedSubPages/lyrHg4RBzN6UafuymMFT/topics/i0Rf69MPdXLbYTSRdCOW/quizzes/Ae4YmnjeHIbHohFxO5Ia","ATI PN Management 2023 Retake Proctored Exam Practice Questions | NursingMocks","Practice with 53 questions from ATI PN Management 2023 Retake Proctored Exam Practice Questions.","https://www.nursingmocks.com/ati-pn-management-2023-retake-proctored-exam-practice-questions","https://www.nursingmocks.com/ati-pn-management-2023-retake-proctored-exam-practice-questions","false","true","runtime-generated","0",""
"hycDzkczXhvQcT9MujzS","nested","rn-nursing-course-exams","rn-nursing-course-exams","pillarPages/nursing-test-bank/subPages/SuT1noZoNGEjKGR1vTbi/nestedSubPages/zMFBI0XMiRsJnnXWhL5S","RN Nursing Course Exams | NursingMocks","Practice RN nursing course exams covering medical-surgical nursing, fundamentals, pharmacology, health assessment, leadership, maternal newborn, pediatrics, mental health, and other course-based nursing topics.","https://www.nursingmocks.com/rn-nursing-course-exams","https://www.nursingmocks.com/rn-nursing-course-exams","true","true","","0",""
"i4JJrDOZtuDicAIhpkOM","quiz","kaplan-admission-practice-test-math-quiz-1","kaplan-admission-practice-test-math-quiz-1","pillarPages/nursing-entrance-exam/subPages/jdJsAeBdy2mJO0kPibeV/nestedSubPages/iVUj9c4WQFuO14UqurOl/quizzes/py13NezSfgkbMwtkalLY","Kaplan Admission Practice Test Math | NursingMocks","Content for Kaplan Admission Practice Test Math under Kaplan Admission Practice Test Math.","https://www.nursingmocks.com/kaplan-admission-practice-test-math-quiz-1","https://www.nursingmocks.com/kaplan-admission-practice-test-math-quiz-1","true","true","","0",""
"i8NxMVDrMU3qqFU54fsK","quiz","hesi-rn-med-surg-proctored-exam-practice-questions-set-11","hesi-rn-med-surg-proctored-exam-practice-questions-set-11","pillarPages/nursing-test-bank/subPages/SuT1noZoNGEjKGR1vTbi/nestedSubPages/iT55qp9NAFOvZLBAiQzC/topics/aS23yuUD7OS39aVVutYn/quizzes/RC5k5gS4J3fAcMSGLpro","HESI RN Med Surg Proctored Exam Practice Questions - Set 11 | NursingMocks","Practice with 54 questions from HESI RN Med Surg Proctored Exam Practice Questions - Set 11.","https://www.nursingmocks.com/hesi-rn-med-surg-proctored-exam-practice-questions-set-11","https://www.nursingmocks.com/hesi-rn-med-surg-proctored-exam-practice-questions-set-11","false","true","runtime-generated","0",""
"iDC8x8QmvqVnyy5o2LgA","quiz","ati-pn-nus-117-fundamentals-proctored-exam-practice-questions","ati-pn-nus-117-fundamentals-proctored-exam-practice-questions","pillarPages/nursing-test-bank/subPages/z0xzINtS3EohZNaKosBz/nestedSubPages/lyrHg4RBzN6UafuymMFT/topics/1Lb0PkKiTEM2wQOIMDtv/quizzes/CoPMA1ynkUYLTXT3nQhY","ATI PN Nus 117 Fundamentals Proctored Exam Practice Questions | NursingMocks","Practice with 48 questions from ATI PN Nus 117 Fundamentals Proctored Exam Practice Questions.","https://www.nursingmocks.com/ati-pn-nus-117-fundamentals-proctored-exam-practice-questions","https://www.nursingmocks.com/ati-pn-nus-117-fundamentals-proctored-exam-practice-questions","false","true","runtime-generated","0",""
"iETvUzG3tL0KAXMh1DhX","topic","lpn-nursing-course-leadership-practice-questions","lpn-nursing-course-leadership-practice-questions","pillarPages/nursing-test-bank/subPages/z0xzINtS3EohZNaKosBz/nestedSubPages/3K3wv7IGcDcXvSNM9Kxm/topics/Qs5JkdFNyVs8OJ4DIUvf","LPN Leadership Course Exam Questions | NursingMocks","Practice LPN Leadership course exam questions for delegation, prioritization, collaboration, safety, and practical nursing leadership decisions.","https://www.nursingmocks.com/lpn-nursing-course-leadership-practice-questions","https://www.nursingmocks.com/lpn-nursing-course-leadership-practice-questions","true","true","","0",""
"iIvmaULLT9Uk7u4xTD9v","quiz","teas-math-practice-test-set-9","teas-math-practice-test-set-9","pillarPages/nursing-entrance-exam/subPages/yrdSf0KpOcuybL1SLnw7/nestedSubPages/e9EcRCWTbyKVpyLXUKzd/quizzes/ZEWlsdPiaV3eZ6DLazrv","ATI TEAS Math Practice Test Set 9 Questions and Answers","Work through ATI TEAS Mathematics Set 9 questions and answers covering Numbers and Algebra and Measurement and Data, with focus on number sense, formula use, and measurement problem solving.","https://www.nursingmocks.com/teas-math-practice-test-set-9","https://www.nursingmocks.com/teas-math-practice-test-set-9","true","true","","0",""
"iJUtP1tMrFtpXM1uPewH","quiz","med-surg-proctored-exam-examplify-practice-questions-set-4","med-surg-proctored-exam-examplify-practice-questions-set-4","pillarPages/nursing-test-bank/subPages/SuT1noZoNGEjKGR1vTbi/nestedSubPages/zMFBI0XMiRsJnnXWhL5S/topics/4xNDZPMszSkpgRfEsOck/quizzes/6cpQ0NEE2alhbNfhjpZi","Med Surg Proctored Exam (Examplify) Practice Questions - Set 4 | NursingMocks","Practice with 53 questions from Med Surg Proctored Exam (Examplify) Practice Questions - Set 4.","https://www.nursingmocks.com/med-surg-proctored-exam-examplify-practice-questions-set-4","https://www.nursingmocks.com/med-surg-proctored-exam-examplify-practice-questions-set-4","false","true","runtime-generated","0",""
"iKdl5VARsKqEGzhAeIM8","quiz","ati-pn-fundamental-proctored-exam-practice-questions","ati-pn-fundamental-proctored-exam-practice-questions","pillarPages/nursing-test-bank/subPages/z0xzINtS3EohZNaKosBz/nestedSubPages/lyrHg4RBzN6UafuymMFT/topics/1Lb0PkKiTEM2wQOIMDtv/quizzes/tpsESEn4y9wZLGWMgN4j","ATI PN Fundamental Proctored Exam Practice Questions | NursingMocks","Practice with 48 questions from ATI PN Fundamental Proctored Exam Practice Questions.","https://www.nursingmocks.com/ati-pn-fundamental-proctored-exam-practice-questions","https://www.nursingmocks.com/ati-pn-fundamental-proctored-exam-practice-questions","false","true","runtime-generated","0",""
"iOMQu7NXJk5MZzN9JGD4","topic","rn-nursing-course-dosage-calculations-practice-questions","rn-nursing-course-dosage-calculations-practice-questions","pillarPages/nursing-test-bank/subPages/SuT1noZoNGEjKGR1vTbi/nestedSubPages/zMFBI0XMiRsJnnXWhL5S/topics/GXrH3QXIidtKg5Jx0ly4","RN Dosage Calculation Course Exam Questions | NursingMocks","Practice RN dosage calculation course exam questions for medication math, conversions, safe administration, and calculation accuracy.","https://www.nursingmocks.com/rn-nursing-course-dosage-calculations-practice-questions","https://www.nursingmocks.com/rn-nursing-course-dosage-calculations-practice-questions","true","true","","0",""
"iPKFVMTKhqLok91yGPn5","quiz","ati-pn-advanced-med-surg-proctored-exam-practice-questions-set-27","ati-pn-advanced-med-surg-proctored-exam-practice-questions-set-27","pillarPages/nursing-test-bank/subPages/z0xzINtS3EohZNaKosBz/nestedSubPages/lyrHg4RBzN6UafuymMFT/topics/NywbGW22YNeZSM3kuwKk/quizzes/JXueKblKvor677H6vams","ATI PN Advanced Med Surg Proctored Exam Practice Questions - Set 27 | NursingMocks","Practice with 40 questions from ATI PN Advanced Med Surg Proctored Exam Practice Questions - Set 27.","https://www.nursingmocks.com/ati-pn-advanced-med-surg-proctored-exam-practice-questions-set-27","https://www.nursingmocks.com/ati-pn-advanced-med-surg-proctored-exam-practice-questions-set-27","false","true","runtime-generated","0",""
"iQvTDBmuXjaDbFPpNxpB","quiz","hesi-rn-bsn-225-fundamentals-proctored-exam-practice-questions","hesi-rn-bsn-225-fundamentals-proctored-exam-practice-questions","pillarPages/nursing-test-bank/subPages/SuT1noZoNGEjKGR1vTbi/nestedSubPages/iT55qp9NAFOvZLBAiQzC/topics/70YsvvAfpEoWkJ2zO8Vy/quizzes/5UpZr03B422j7AIH3KWJ","HESI RN Bsn 225 Fundamentals Proctored Exam Practice Questions | NursingMocks","Practice with 31 questions from HESI RN Bsn 225 Fundamentals Proctored Exam Practice Questions.","https://www.nursingmocks.com/hesi-rn-bsn-225-fundamentals-proctored-exam-practice-questions","https://www.nursingmocks.com/hesi-rn-bsn-225-fundamentals-proctored-exam-practice-questions","false","true","runtime-generated","0",""
"iYkkn48fDgF3xLRNEtvV","topic","rn-nursing-course-growth-and-development-practice-questions","rn-nursing-course-growth-and-development-practice-questions","pillarPages/nursing-test-bank/subPages/SuT1noZoNGEjKGR1vTbi/nestedSubPages/zMFBI0XMiRsJnnXWhL5S/topics/YM8tzC0du9CIecKaOGWM","RN Growth and Development Course Exam Questions | NursingMocks","Review RN Growth and Development course exam questions for lifespan development, age-based care, milestones, and client teaching.","https://www.nursingmocks.com/rn-nursing-course-growth-and-development-practice-questions","https://www.nursingmocks.com/rn-nursing-course-growth-and-development-practice-questions","true","true","","0",""
"iaxjK36NQfACL5tCQs32","quiz","nursing-2356-multidimensional-care-proctored-exam-practice-questions-set-3","nursing-2356-multidimensional-care-proctored-exam-practice-questions-set-3","pillarPages/nursing-test-bank/subPages/SuT1noZoNGEjKGR1vTbi/nestedSubPages/zMFBI0XMiRsJnnXWhL5S/topics/5wsEQxaa4oxFg4kMLWiR/quizzes/9bU6rV6GPy7jRtH6oPIp","Nursing 2356 Multidimensional Care Proctored Exam Practice Questions - Set 3 | NursingMocks","Practice with 42 questions from Nursing 2356 Multidimensional Care Proctored Exam Practice Questions - Set 3.","https://www.nursingmocks.com/nursing-2356-multidimensional-care-proctored-exam-practice-questions-set-3","https://www.nursingmocks.com/nursing-2356-multidimensional-care-proctored-exam-practice-questions-set-3","false","true","runtime-generated","0",""
"iklVRrI78HrsaDPOlRwv","quiz","pediatrics-proctored-exam-samuel-merit-university-practice-questions","pediatrics-proctored-exam-samuel-merit-university-practice-questions","pillarPages/nursing-test-bank/subPages/SuT1noZoNGEjKGR1vTbi/nestedSubPages/zMFBI0XMiRsJnnXWhL5S/topics/Hwspg6smTqrELsoRSNmc/quizzes/Ci9ifZrR97tTDD0yjaw4","Pediatrics Proctored Exam (Samuel Merit University) Practice Questions | NursingMocks","Practice with 38 questions from Pediatrics Proctored Exam (Samuel Merit University) Practice Questions.","https://www.nursingmocks.com/pediatrics-proctored-exam-samuel-merit-university-practice-questions","https://www.nursingmocks.com/pediatrics-proctored-exam-samuel-merit-university-practice-questions","false","true","runtime-generated","0",""
"imIweYTdAjorRZgSCkQA","quiz","anatomy-and-physiology-proctored-exam-practice-questions","anatomy-and-physiology-proctored-exam-practice-questions","pillarPages/nursing-test-bank/subPages/SuT1noZoNGEjKGR1vTbi/nestedSubPages/zMFBI0XMiRsJnnXWhL5S/topics/PavJlfHXwXRUhopKAOO9/quizzes/3HV99peZlDL74vJR9KKW","Anatomy & Physiology Proctored Exam Practice Questions | NursingMocks","Practice with 73 questions from Anatomy & Physiology Proctored Exam Practice Questions.","https://www.nursingmocks.com/anatomy-and-physiology-proctored-exam-practice-questions","https://www.nursingmocks.com/anatomy-and-physiology-proctored-exam-practice-questions","false","true","runtime-generated","0",""
"imbJ8UttjoMxEvlrCi6h","quiz","hesi-rn-dosage-calculation-proctored-exam-practice-questions-set-11","hesi-rn-dosage-calculation-proctored-exam-practice-questions-set-11","pillarPages/nursing-test-bank/subPages/SuT1noZoNGEjKGR1vTbi/nestedSubPages/iT55qp9NAFOvZLBAiQzC/topics/dfRlrdGOvpDhVVXIqa0H/quizzes/9WOH5pavyKugwfu7ogZn","HESI RN Dosage Calculation Proctored Exam Practice Questions - Set 11 | NursingMocks","Practice with 56 questions from HESI RN Dosage Calculation Proctored Exam Practice Questions - Set 11.","https://www.nursingmocks.com/hesi-rn-dosage-calculation-proctored-exam-practice-questions-set-11","https://www.nursingmocks.com/hesi-rn-dosage-calculation-proctored-exam-practice-questions-set-11","false","true","runtime-generated","0",""
"inaKnVEVAtCLmajcWgEg","quiz","ati-rn-predictor-assessment-exit-proctored-exam","ati-rn-predictor-assessment-exit-proctored-exam","pillarPages/nursing-exit-exam/subPages/S4vSoa5bxDgZ1L5kLOJe/nestedSubPages/QsMAv9L9bzYoFjgdfKgH/quizzes/jwhIMJskDdQTRHYYUgny","ATI RN Predictor Assessment Exit Proctored Exam | NursingMocks","ATI RN Predictor Assessment Exit Proctored Exam practice questions and answers for Nursing Exit Exam review.","https://www.nursingmocks.com/ati-rn-predictor-assessment-exit-proctored-exam","https://www.nursingmocks.com/ati-rn-predictor-assessment-exit-proctored-exam","false","true","runtime-generated","0",""
"ioEgc0uWFvQk4LVcUOws","quiz","simmons-u-bsn-pediatrics-proctored-exam-practice-questions","simmons-u-bsn-pediatrics-proctored-exam-practice-questions","pillarPages/nursing-test-bank/subPages/SuT1noZoNGEjKGR1vTbi/nestedSubPages/zMFBI0XMiRsJnnXWhL5S/topics/Hwspg6smTqrELsoRSNmc/quizzes/dzCCJVP4iyDUtULPGg3G","Simmons U Bsn Pediatrics Proctored Exam Practice Questions | NursingMocks","Practice with 35 questions from Simmons U Bsn Pediatrics Proctored Exam Practice Questions.","https://www.nursingmocks.com/simmons-u-bsn-pediatrics-proctored-exam-practice-questions","https://www.nursingmocks.com/simmons-u-bsn-pediatrics-proctored-exam-practice-questions","false","true","runtime-generated","0",""
"ioW12OlGKjBQ0oVcVwTh","quiz","ati-pn-med-surg-cardiac-proctored-exam-practice-questions","ati-pn-med-surg-cardiac-proctored-exam-practice-questions","pillarPages/nursing-test-bank/subPages/z0xzINtS3EohZNaKosBz/nestedSubPages/lyrHg4RBzN6UafuymMFT/topics/NywbGW22YNeZSM3kuwKk/quizzes/xMOmkvkfV5ODWK1id5Jg","ATI PN Med Surg Cardiac Proctored Exam Practice Questions | NursingMocks","Practice with 35 questions from ATI PN Med Surg Cardiac Proctored Exam Practice Questions.","https://www.nursingmocks.com/ati-pn-med-surg-cardiac-proctored-exam-practice-questions","https://www.nursingmocks.com/ati-pn-med-surg-cardiac-proctored-exam-practice-questions","false","true","runtime-generated","0",""
"isLYrrQcf97VlDDoMjYo","quiz","pathophysiology-wgu-proctored-exam-practice-questions","pathophysiology-wgu-proctored-exam-practice-questions","pillarPages/nursing-test-bank/subPages/SuT1noZoNGEjKGR1vTbi/nestedSubPages/zMFBI0XMiRsJnnXWhL5S/topics/KyUeIK7zxUi2K91H84Bj/quizzes/1ottNbqrn9BKdhfQUijS","Pathophysiology WGU Proctored Exam Practice Questions | NursingMocks","Practice with 50 questions from Pathophysiology WGU Proctored Exam Practice Questions.","https://www.nursingmocks.com/pathophysiology-wgu-proctored-exam-practice-questions","https://www.nursingmocks.com/pathophysiology-wgu-proctored-exam-practice-questions","false","true","runtime-generated","0",""
"iv0PYr28HnmzKQX8SADQ","quiz","ati-pn-pediatrics-nursing-proctored-exam-2023-practice-questions-set-9","ati-pn-pediatrics-nursing-proctored-exam-2023-practice-questions-set-9","pillarPages/nursing-test-bank/subPages/z0xzINtS3EohZNaKosBz/nestedSubPages/lyrHg4RBzN6UafuymMFT/topics/Y0MhOdG0hGVh8AUsgVrz/quizzes/t8EnEP8TwJckiPBhdlIw","ATI PN Pediatrics Nursing Proctored Exam 2023 Practice Questions - Set 9 | NursingMocks","Practice with 57 questions from ATI PN Pediatrics Nursing Proctored Exam 2023 Practice Questions - Set 9.","https://www.nursingmocks.com/ati-pn-pediatrics-nursing-proctored-exam-2023-practice-questions-set-9","https://www.nursingmocks.com/ati-pn-pediatrics-nursing-proctored-exam-2023-practice-questions-set-9","false","true","runtime-generated","0",""
"j458hx8hxjRzsLxQU2al","quiz","ati-pn-ob-maternal-newborn-proctored-exam-practice-questions","ati-pn-ob-maternal-newborn-proctored-exam-practice-questions","pillarPages/nursing-test-bank/subPages/z0xzINtS3EohZNaKosBz/nestedSubPages/lyrHg4RBzN6UafuymMFT/topics/ZwY2vYN2X4tXEKOv2x6h/quizzes/ol4QRO1EMV6lZiusXzUQ","ATI PN OB Maternal Newborn Proctored Exam Practice Questions | NursingMocks","Practice with 30 questions from ATI PN OB Maternal Newborn Proctored Exam Practice Questions.","https://www.nursingmocks.com/ati-pn-ob-maternal-newborn-proctored-exam-practice-questions","https://www.nursingmocks.com/ati-pn-ob-maternal-newborn-proctored-exam-practice-questions","false","true","runtime-generated","0",""
"j5jofoc1fSsyGvCXVbTu","quiz","hesi-rn-fundamentals-proctored-exam-practice-questions-set-4","hesi-rn-fundamentals-proctored-exam-practice-questions-set-4","pillarPages/nursing-test-bank/subPages/SuT1noZoNGEjKGR1vTbi/nestedSubPages/iT55qp9NAFOvZLBAiQzC/topics/70YsvvAfpEoWkJ2zO8Vy/quizzes/LXsLTMgqRFNQinfpvFDn","HESI RN Fundamentals Proctored Exam Practice Questions - Set 4 | NursingMocks","Practice with 58 questions from HESI RN Fundamentals Proctored Exam Practice Questions - Set 4.","https://www.nursingmocks.com/hesi-rn-fundamentals-proctored-exam-practice-questions-set-4","https://www.nursingmocks.com/hesi-rn-fundamentals-proctored-exam-practice-questions-set-4","false","true","runtime-generated","0",""
"jBU13MiE8CmiJPIGFiEG","topic","rn-nursing-course-anatomy-and-physiology-practice-questions","rn-nursing-course-anatomy-and-physiology-practice-questions","pillarPages/nursing-test-bank/subPages/SuT1noZoNGEjKGR1vTbi/nestedSubPages/zMFBI0XMiRsJnnXWhL5S/topics/PavJlfHXwXRUhopKAOO9","RN Anatomy and Physiology Course Exam Questions | NursingMocks","Review RN Anatomy and Physiology course exam questions for body systems, structure, function, and foundational nursing science.","https://www.nursingmocks.com/rn-nursing-course-anatomy-and-physiology-practice-questions","https://www.nursingmocks.com/rn-nursing-course-anatomy-and-physiology-practice-questions","true","true","","0",""
"jBeoWEqxmBxLlkn1U7vG","quiz","pharmacology-proctored-exam-practice-questions","pharmacology-proctored-exam-practice-questions","pillarPages/nursing-test-bank/subPages/SuT1noZoNGEjKGR1vTbi/nestedSubPages/zMFBI0XMiRsJnnXWhL5S/topics/qjQzp4HMFByeL1UEKGDd/quizzes/wuTIiA751TX4yA4uT7kS","Pharmacology Proctored Exam Practice Questions | NursingMocks","Practice with 72 questions from Pharmacology Proctored Exam Practice Questions.","https://www.nursingmocks.com/pharmacology-proctored-exam-practice-questions","https://www.nursingmocks.com/pharmacology-proctored-exam-practice-questions","false","true","runtime-generated","0",""
"jE1D8njkaHaDt37MMfJZ","quiz","ati-pn-leadership-proctored-exam-practice-questions-set-2","ati-pn-leadership-proctored-exam-practice-questions-set-2","pillarPages/nursing-test-bank/subPages/z0xzINtS3EohZNaKosBz/nestedSubPages/lyrHg4RBzN6UafuymMFT/topics/i0Rf69MPdXLbYTSRdCOW/quizzes/Ggl2yTRUdhZqswWSQVP2","ATI PN Leadership Proctored Exam Practice Questions - Set 2 | NursingMocks","Practice with 100 questions from ATI PN Leadership Proctored Exam Practice Questions - Set 2.","https://www.nursingmocks.com/ati-pn-leadership-proctored-exam-practice-questions-set-2","https://www.nursingmocks.com/ati-pn-leadership-proctored-exam-practice-questions-set-2","false","true","runtime-generated","0",""
"jG8jX0teTg9L2o3K1c86","topic","ati-rn-anatomy-and-physiology-practice-questions","ati-rn-anatomy-and-physiology-practice-questions","pillarPages/nursing-test-bank/subPages/SuT1noZoNGEjKGR1vTbi/nestedSubPages/Fnnd4c6ae0Uiurk2KUSc/topics/xE3tToYPNPZ5ToLgECnM","ATI Anatomy and Physiology Questions | NursingMocks","Practice ATI Anatomy and Physiology questions covering body systems, normal function, foundational science, and nursing-relevant physiology.","https://www.nursingmocks.com/ati-rn-anatomy-and-physiology-practice-questions","https://www.nursingmocks.com/ati-rn-anatomy-and-physiology-practice-questions","true","true","","0",""
"jTVP3REP15uzfl0Zp1Mi","quiz","nace-foundations-of-nursing-proctored-exam-practice-questions","nace-foundations-of-nursing-proctored-exam-practice-questions","pillarPages/nursing-test-bank/subPages/SuT1noZoNGEjKGR1vTbi/nestedSubPages/zMFBI0XMiRsJnnXWhL5S/topics/sBc3Ee7TKg33PIbmj4Hb/quizzes/Sl9FfOnq6n7PnsvXKXg6","NACE Foundations of Nursing Proctored Exam Practice Questions | NursingMocks","Practice with 196 questions from NACE Foundations of Nursing Proctored Exam Practice Questions.","https://www.nursingmocks.com/nace-foundations-of-nursing-proctored-exam-practice-questions","https://www.nursingmocks.com/nace-foundations-of-nursing-proctored-exam-practice-questions","false","true","runtime-generated","0",""
"jW1EURZWiWRRRNzCdiim","quiz","rn-fundamentals-2019-practice-questions","rn-fundamentals-2019-practice-questions","pillarPages/nursing-test-bank/subPages/SuT1noZoNGEjKGR1vTbi/nestedSubPages/zMFBI0XMiRsJnnXWhL5S/topics/sBc3Ee7TKg33PIbmj4Hb/quizzes/ud8fNxR1THK1xKXLkeGR","RN Fundamentals 2019 Practice Questions | NursingMocks","Practice with 60 questions from RN Fundamentals 2019 Practice Questions.","https://www.nursingmocks.com/rn-fundamentals-2019-practice-questions","https://www.nursingmocks.com/rn-fundamentals-2019-practice-questions","false","true","runtime-generated","0",""
"jXD2iFUcrJgfdkGyt5CM","quiz","hesi-rn-exit-exam-iv-proctored-exam","hesi-rn-exit-exam-iv-proctored-exam","pillarPages/nursing-exit-exam/subPages/S4vSoa5bxDgZ1L5kLOJe/nestedSubPages/MVHmi7FJbSDlPPz28jh5/quizzes/nRXVfbpxyciENjlM8JkK","HESI RN Exit Exam IV Proctored Exam | NursingMocks","HESI RN Exit Exam IV Proctored Exam practice questions and answers for Nursing Exit Exam review.","https://www.nursingmocks.com/hesi-rn-exit-exam-iv-proctored-exam","https://www.nursingmocks.com/hesi-rn-exit-exam-iv-proctored-exam","false","true","runtime-generated","0",""
"jfcksTCe3aLG5WXCnCII","quiz","ati-pn-med-surg-proctored-exam-7-practice-questions","ati-pn-med-surg-proctored-exam-7-practice-questions","pillarPages/nursing-test-bank/subPages/z0xzINtS3EohZNaKosBz/nestedSubPages/lyrHg4RBzN6UafuymMFT/topics/NywbGW22YNeZSM3kuwKk/quizzes/9bt1TECJQhMjFUXvx0AF","ATI PN Med Surg Proctored Exam 7 Practice Questions | NursingMocks","Practice with 52 questions from ATI PN Med Surg Proctored Exam 7 Practice Questions.","https://www.nursingmocks.com/ati-pn-med-surg-proctored-exam-7-practice-questions","https://www.nursingmocks.com/ati-pn-med-surg-proctored-exam-7-practice-questions","false","true","runtime-generated","0",""
"jl41MsSnRrAgLoHddREF","quiz","hesi-rn-medical-dosage-calculation-proctored-exam-practice-questions","hesi-rn-medical-dosage-calculation-proctored-exam-practice-questions","pillarPages/nursing-test-bank/subPages/SuT1noZoNGEjKGR1vTbi/nestedSubPages/iT55qp9NAFOvZLBAiQzC/topics/dfRlrdGOvpDhVVXIqa0H/quizzes/IUdGGvJac4Axr8wMYYJr","HESI RN Medical Dosage Calculation Proctored Exam Practice Questions | NursingMocks","Practice with 53 questions from HESI RN Medical Dosage Calculation Proctored Exam Practice Questions.","https://www.nursingmocks.com/hesi-rn-medical-dosage-calculation-proctored-exam-practice-questions","https://www.nursingmocks.com/hesi-rn-medical-dosage-calculation-proctored-exam-practice-questions","false","true","runtime-generated","0",""
"jpfzAql1vyjcyG4EaSDw","quiz","ati-pn-med-math-proctored-exam","ati-pn-med-math-proctored-exam","pillarPages/nursing-test-bank/subPages/z0xzINtS3EohZNaKosBz/nestedSubPages/lyrHg4RBzN6UafuymMFT/topics/NHgx9LFXpsLVcFjsOujF/quizzes/3ctCY4m4antViEUTRNZA","Ati pn med math proctored exam | NursingMocks","Content for Ati pn med math proctored exam under ATI LPN Fundamanetals Exams.","https://www.nursingmocks.com/ati-pn-med-math-proctored-exam","https://www.nursingmocks.com/ati-pn-med-math-proctored-exam","false","true","runtime-generated","0",""
"jripaoRCcPU1KrmpG2ul","quiz","nur-113-med-surg-proctored-exam-coastal-alabama-college-practice-questions-set-21","nur-113-med-surg-proctored-exam-coastal-alabama-college-practice-questions-set-21","pillarPages/nursing-test-bank/subPages/SuT1noZoNGEjKGR1vTbi/nestedSubPages/zMFBI0XMiRsJnnXWhL5S/topics/4xNDZPMszSkpgRfEsOck/quizzes/g4NLcEo1hLjUrUGPqwOn","NUR 113 Med Surg Proctored Exam (Coastal Alabama College) Practice Questions - Set 21 | NursingMocks","Practice with 50 questions from NUR 113 Med Surg Proctored Exam (Coastal Alabama College) Practice Questions - Set 21.","https://www.nursingmocks.com/nur-113-med-surg-proctored-exam-coastal-alabama-college-practice-questions-set-21","https://www.nursingmocks.com/nur-113-med-surg-proctored-exam-coastal-alabama-college-practice-questions-set-21","false","true","runtime-generated","0",""
"jwZbFH2Sjye2kC8sEa8C","quiz","nu-390-nursing-of-the-adult-proctored-exam-med-surg-exam-practice-questions","nu-390-nursing-of-the-adult-proctored-exam-med-surg-exam-practice-questions","pillarPages/nursing-test-bank/subPages/SuT1noZoNGEjKGR1vTbi/nestedSubPages/zMFBI0XMiRsJnnXWhL5S/topics/4xNDZPMszSkpgRfEsOck/quizzes/lU0NMSSdxhXaYvXTbpNi","Nu 390 Nursing of the Adult Proctored Exam (Med Surg Exam) Practice Questions | NursingMocks","Practice with 44 questions from Nu 390 Nursing of the Adult Proctored Exam (Med Surg Exam) Practice Questions.","https://www.nursingmocks.com/nu-390-nursing-of-the-adult-proctored-exam-med-surg-exam-practice-questions","https://www.nursingmocks.com/nu-390-nursing-of-the-adult-proctored-exam-med-surg-exam-practice-questions","false","true","runtime-generated","0",""
"jzgVloeEdAdiFLTo5NgS","quiz","hesi-a2-chemistry-practice-test-set-3","hesi-a2-chemistry-practice-test-set-3","pillarPages/nursing-entrance-exam/subPages/rdYGUZ9DzFvAmo6EsrVe/nestedSubPages/lOJHdJ4lr3plcJkz2yfp/quizzes/hesi-a2-chemistry-practice-test-set-3","HESI A2 Chemistry Practice Test Set 3","Practice HESI A2 Actual Exam Set 3 - Chemistry questions for HESI A2 preparation.","https://www.nursingmocks.com/hesi-a2-chemistry-practice-test-set-3","https://www.nursingmocks.com/hesi-a2-chemistry-practice-test-set-3","false","true","runtime-generated","0",""
"k01LsB3ZkJnweRKDaSXL","quiz","nur-215-test-3-summer-proctored-exam-2025-practice-questions","nur-215-test-3-summer-proctored-exam-2025-practice-questions","pillarPages/nursing-test-bank/subPages/SuT1noZoNGEjKGR1vTbi/nestedSubPages/zMFBI0XMiRsJnnXWhL5S/topics/sBc3Ee7TKg33PIbmj4Hb/quizzes/PXUItUodPVD2YIjWVUsO","NUR 215 Test 3 Summer Proctored Exam (2025) Practice Questions | NursingMocks","Practice with 47 questions from NUR 215 Test 3 Summer Proctored Exam (2025) Practice Questions.","https://www.nursingmocks.com/nur-215-test-3-summer-proctored-exam-2025-practice-questions","https://www.nursingmocks.com/nur-215-test-3-summer-proctored-exam-2025-practice-questions","false","true","runtime-generated","0",""
"k1bIcEj2gmUAu3UbMhRt","quiz","hesi-rn-pharmacology-proctored-exam-practice-questions-set-18","hesi-rn-pharmacology-proctored-exam-practice-questions-set-18","pillarPages/nursing-test-bank/subPages/SuT1noZoNGEjKGR1vTbi/nestedSubPages/iT55qp9NAFOvZLBAiQzC/topics/l1kSgSxIYg2SRUN8aWqE/quizzes/PBYyAradyrKZiNMdHj8Y","HESI RN Pharmacology Proctored Exam Practice Questions - Set 18 | NursingMocks","Practice with 31 questions from HESI RN Pharmacology Proctored Exam Practice Questions - Set 18.","https://www.nursingmocks.com/hesi-rn-pharmacology-proctored-exam-practice-questions-set-18","https://www.nursingmocks.com/hesi-rn-pharmacology-proctored-exam-practice-questions-set-18","false","true","runtime-generated","0",""
"k3quQUlBYayhWg4vrteZ","quiz","hesi-rn-pharmacology-proctored-exam-practice-questions-set-14","hesi-rn-pharmacology-proctored-exam-practice-questions-set-14","pillarPages/nursing-test-bank/subPages/SuT1noZoNGEjKGR1vTbi/nestedSubPages/iT55qp9NAFOvZLBAiQzC/topics/l1kSgSxIYg2SRUN8aWqE/quizzes/VH2k6gGciAJZ0qjLyi20","HESI RN Pharmacology Proctored Exam Practice Questions - Set 14 | NursingMocks","Practice with 44 questions from HESI RN Pharmacology Proctored Exam Practice Questions - Set 14.","https://www.nursingmocks.com/hesi-rn-pharmacology-proctored-exam-practice-questions-set-14","https://www.nursingmocks.com/hesi-rn-pharmacology-proctored-exam-practice-questions-set-14","false","true","runtime-generated","0",""
"k50am5TX3McpD2q95P9G","quiz","ati-pn-fundamentals-2023-proctored-exam-4-practice-questions","ati-pn-fundamentals-2023-proctored-exam-4-practice-questions","pillarPages/nursing-test-bank/subPages/z0xzINtS3EohZNaKosBz/nestedSubPages/lyrHg4RBzN6UafuymMFT/topics/1Lb0PkKiTEM2wQOIMDtv/quizzes/RJEXoZPLCcRUHsHdsrLY","ATI PN Fundamentals 2023 Proctored Exam 4 Practice Questions | NursingMocks","Practice with 70 questions from ATI PN Fundamentals 2023 Proctored Exam 4 Practice Questions.","https://www.nursingmocks.com/ati-pn-fundamentals-2023-proctored-exam-4-practice-questions","https://www.nursingmocks.com/ati-pn-fundamentals-2023-proctored-exam-4-practice-questions","false","true","runtime-generated","0",""
"k5HrJYBP1yrciPuwyC6R","quiz","ati-pn-mental-health-level-4-proctored-exam-ii-practice-questions","ati-pn-mental-health-level-4-proctored-exam-ii-practice-questions","pillarPages/nursing-test-bank/subPages/z0xzINtS3EohZNaKosBz/nestedSubPages/lyrHg4RBzN6UafuymMFT/topics/6i5h4wWlOfz4R8huNTkC/quizzes/HdeboAtviP5ydbbTib0N","ATI PN Mental Health Level 4 Proctored Exam II Practice Questions | NursingMocks","Practice with 32 questions from ATI PN Mental Health Level 4 Proctored Exam II Practice Questions.","https://www.nursingmocks.com/ati-pn-mental-health-level-4-proctored-exam-ii-practice-questions","https://www.nursingmocks.com/ati-pn-mental-health-level-4-proctored-exam-ii-practice-questions","false","true","runtime-generated","0",""
"k7e3BzqQoyzHfuukpPIK","quiz","wgu-objective-assessment-foundation-of-nursing-proctored-exam-practice-questions","wgu-objective-assessment-foundation-of-nursing-proctored-exam-practice-questions","pillarPages/nursing-test-bank/subPages/SuT1noZoNGEjKGR1vTbi/nestedSubPages/zMFBI0XMiRsJnnXWhL5S/topics/sBc3Ee7TKg33PIbmj4Hb/quizzes/VoqFne8IfyrIX5CD57lg","WGU Objective Assessment Foundation of Nursing Proctored Exam Practice Questions | NursingMocks","Practice with 63 questions from WGU Objective Assessment Foundation of Nursing Proctored Exam Practice Questions.","https://www.nursingmocks.com/wgu-objective-assessment-foundation-of-nursing-proctored-exam-practice-questions","https://www.nursingmocks.com/wgu-objective-assessment-foundation-of-nursing-proctored-exam-practice-questions","false","true","runtime-generated","0",""
"kEFnb2mwyjljm8uVNXrj","quiz","ivy-tech-exam-3-fundamentals-proctored-exam-practice-questions","ivy-tech-exam-3-fundamentals-proctored-exam-practice-questions","pillarPages/nursing-test-bank/subPages/SuT1noZoNGEjKGR1vTbi/nestedSubPages/zMFBI0XMiRsJnnXWhL5S/topics/sBc3Ee7TKg33PIbmj4Hb/quizzes/qhMOHwzyFxIJwGRUkiMH","Ivy Tech Exam 3 Fundamentals Proctored Exam Practice Questions | NursingMocks","Practice with 50 questions from Ivy Tech Exam 3 Fundamentals Proctored Exam Practice Questions.","https://www.nursingmocks.com/ivy-tech-exam-3-fundamentals-proctored-exam-practice-questions","https://www.nursingmocks.com/ivy-tech-exam-3-fundamentals-proctored-exam-practice-questions","false","true","runtime-generated","0",""
"kEOPpYy2qGTFtk44Y7ln","quiz","ati-pn-mental-health-psychosocial-proctored-exam-practice-questions","ati-pn-mental-health-psychosocial-proctored-exam-practice-questions","pillarPages/nursing-test-bank/subPages/z0xzINtS3EohZNaKosBz/nestedSubPages/lyrHg4RBzN6UafuymMFT/topics/6i5h4wWlOfz4R8huNTkC/quizzes/wp7R2YAH1rZeuN6ZYVND","ATI PN Mental Health Psychosocial Proctored Exam Practice Questions | NursingMocks","Practice with 52 questions from ATI PN Mental Health Psychosocial Proctored Exam Practice Questions.","https://www.nursingmocks.com/ati-pn-mental-health-psychosocial-proctored-exam-practice-questions","https://www.nursingmocks.com/ati-pn-mental-health-psychosocial-proctored-exam-practice-questions","false","true","runtime-generated","0",""
"kGVIlj4LuPVmJRA4EjIQ","quiz","ati-pn-med-surg-proctored-exam-2-practice-questions","ati-pn-med-surg-proctored-exam-2-practice-questions","pillarPages/nursing-test-bank/subPages/z0xzINtS3EohZNaKosBz/nestedSubPages/lyrHg4RBzN6UafuymMFT/topics/NywbGW22YNeZSM3kuwKk/quizzes/v53iZzOiGjibWYzuB3J4","ATI PN Med Surg Proctored Exam 2 Practice Questions | NursingMocks","Practice with 49 questions from ATI PN Med Surg Proctored Exam 2 Practice Questions.","https://www.nursingmocks.com/ati-pn-med-surg-proctored-exam-2-practice-questions","https://www.nursingmocks.com/ati-pn-med-surg-proctored-exam-2-practice-questions","false","true","runtime-generated","0",""
"kRkmtXWLyzP9XVHPMfwV","quiz","anatomy-and-physiology-proctored-exam-practice-questions-set-6","anatomy-and-physiology-proctored-exam-practice-questions-set-6","pillarPages/nursing-test-bank/subPages/SuT1noZoNGEjKGR1vTbi/nestedSubPages/zMFBI0XMiRsJnnXWhL5S/topics/PavJlfHXwXRUhopKAOO9/quizzes/Px3PmFCkzXu2KYNRos9R","Anatomy and Physiology Proctored Exam Practice Questions - Set 6 | NursingMocks","Practice with 100 questions from Anatomy and Physiology Proctored Exam Practice Questions - Set 6.","https://www.nursingmocks.com/anatomy-and-physiology-proctored-exam-practice-questions-set-6","https://www.nursingmocks.com/anatomy-and-physiology-proctored-exam-practice-questions-set-6","false","true","runtime-generated","0",""
"kbVhveriqaaGlLUudl8j","quiz","med-surg-proctored-exam-river-valley-college-practice-questions","med-surg-proctored-exam-river-valley-college-practice-questions","pillarPages/nursing-test-bank/subPages/SuT1noZoNGEjKGR1vTbi/nestedSubPages/zMFBI0XMiRsJnnXWhL5S/topics/4xNDZPMszSkpgRfEsOck/quizzes/pwCekJaxzlbrAJBLiOAo","Med Surg Proctored Exam(River Valley College) Practice Questions | NursingMocks","Practice with 69 questions from Med Surg Proctored Exam(River Valley College) Practice Questions.","https://www.nursingmocks.com/med-surg-proctored-exam-river-valley-college-practice-questions","https://www.nursingmocks.com/med-surg-proctored-exam-river-valley-college-practice-questions","false","true","runtime-generated","0",""
"kjQPbcH2YxyeO6G7bEjx","quiz","med-surg-proctored-exam-regular-practice-questions","med-surg-proctored-exam-regular-practice-questions","pillarPages/nursing-test-bank/subPages/SuT1noZoNGEjKGR1vTbi/nestedSubPages/zMFBI0XMiRsJnnXWhL5S/topics/4xNDZPMszSkpgRfEsOck/quizzes/zx7Nbjndb95SeBJLVeZq","Med Surg Proctored Exam (Regular) Practice Questions | NursingMocks","Practice with 55 questions from Med Surg Proctored Exam (Regular) Practice Questions.","https://www.nursingmocks.com/med-surg-proctored-exam-regular-practice-questions","https://www.nursingmocks.com/med-surg-proctored-exam-regular-practice-questions","false","true","runtime-generated","0",""
"kmwth6SaYsOSxHzgqDnw","quiz","hesi-compass-b-exit-proctored-exam","hesi-compass-b-exit-proctored-exam","pillarPages/nursing-exit-exam/subPages/S4vSoa5bxDgZ1L5kLOJe/nestedSubPages/MVHmi7FJbSDlPPz28jh5/quizzes/gCvVKm52hSETkS45zYso","2-Hesi compass B exit proctored exam | NursingMocks","Practice nursing exit exam questions and answers for 2-Hesi compass B exit proctored exam.","https://www.nursingmocks.com/hesi-compass-b-exit-proctored-exam","https://www.nursingmocks.com/hesi-compass-b-exit-proctored-exam","false","true","runtime-generated","0",""
"kozSpQFcvor3fO13DIg9","quiz","ati-pn-n105t-maternal-newborn-proctored-exam-practice-questions","ati-pn-n105t-maternal-newborn-proctored-exam-practice-questions","pillarPages/nursing-test-bank/subPages/z0xzINtS3EohZNaKosBz/nestedSubPages/lyrHg4RBzN6UafuymMFT/topics/ZwY2vYN2X4tXEKOv2x6h/quizzes/4IvmFLf1qUT5N7LJWaf4","ATI PN N105t Maternal Newborn Proctored Exam Practice Questions | NursingMocks","Practice with 43 questions from ATI PN N105t Maternal Newborn Proctored Exam Practice Questions.","https://www.nursingmocks.com/ati-pn-n105t-maternal-newborn-proctored-exam-practice-questions","https://www.nursingmocks.com/ati-pn-n105t-maternal-newborn-proctored-exam-practice-questions","false","true","runtime-generated","0",""
"krJ6VaoilNMcZxsMXhYQ","topic","rn-nursing-course-nursing-specialty-practice-questions","rn-nursing-course-nursing-specialty-practice-questions","pillarPages/nursing-test-bank/subPages/SuT1noZoNGEjKGR1vTbi/nestedSubPages/zMFBI0XMiRsJnnXWhL5S/topics/p4ym32tSh4yvL8X18NJ6","RN Nursing Specialty Course Exam Questions | NursingMocks","Practice RN Nursing Specialty course exam questions for focused nursing specialty review, clinical judgment, and content-area readiness.","https://www.nursingmocks.com/rn-nursing-course-nursing-specialty-practice-questions","https://www.nursingmocks.com/rn-nursing-course-nursing-specialty-practice-questions","true","true","","0",""
"kxHY2BC4r0ukY7ywmkPY","topic","hesi-rn-medical-surgical-practice-questions","hesi-rn-medical-surgical-practice-questions","pillarPages/nursing-test-bank/subPages/SuT1noZoNGEjKGR1vTbi/nestedSubPages/iT55qp9NAFOvZLBAiQzC/topics/aS23yuUD7OS39aVVutYn","HESI RN Medical Surgical Questions | NursingMocks","Practice HESI RN Medical Surgical questions for adult health, disease processes, body systems, and clinical judgment.","https://www.nursingmocks.com/hesi-rn-medical-surgical-practice-questions","https://www.nursingmocks.com/hesi-rn-medical-surgical-practice-questions","true","true","","0",""
"kypes5wp5O1CZBBCZpo6","quiz","ati-pn-med-surg-respiratory-proctored-exam-practice-questions-set-5","ati-pn-med-surg-respiratory-proctored-exam-practice-questions-set-5","pillarPages/nursing-test-bank/subPages/z0xzINtS3EohZNaKosBz/nestedSubPages/lyrHg4RBzN6UafuymMFT/topics/NywbGW22YNeZSM3kuwKk/quizzes/zPP70Psg7GnPF0wrD1DP","ATI PN Med Surg Respiratory Proctored Exam Practice Questions - Set 5 | NursingMocks","Practice with 50 questions from ATI PN Med Surg Respiratory Proctored Exam Practice Questions - Set 5.","https://www.nursingmocks.com/ati-pn-med-surg-respiratory-proctored-exam-practice-questions-set-5","https://www.nursingmocks.com/ati-pn-med-surg-respiratory-proctored-exam-practice-questions-set-5","false","true","runtime-generated","0",""
"l2LSYPkurZ7ghj85Piwn","quiz","ati-pn-ob-maternal-newborn-cohort-65-proctored-exam-practice-questions","ati-pn-ob-maternal-newborn-cohort-65-proctored-exam-practice-questions","pillarPages/nursing-test-bank/subPages/z0xzINtS3EohZNaKosBz/nestedSubPages/lyrHg4RBzN6UafuymMFT/topics/ZwY2vYN2X4tXEKOv2x6h/quizzes/quhTiftaOqsmFLKC2ChR","ATI PN OB Maternal Newborn Cohort 65 Proctored Exam Practice Questions | NursingMocks","Practice with 42 questions from ATI PN OB Maternal Newborn Cohort 65 Proctored Exam Practice Questions.","https://www.nursingmocks.com/ati-pn-ob-maternal-newborn-cohort-65-proctored-exam-practice-questions","https://www.nursingmocks.com/ati-pn-ob-maternal-newborn-cohort-65-proctored-exam-practice-questions","false","true","runtime-generated","0",""
"l4Z8jbZWAbA4TBsmLWn8","quiz","pathophysiology-proctored-exam-samuel-merit-university-practice-questions-set-6","pathophysiology-proctored-exam-samuel-merit-university-practice-questions-set-6","pillarPages/nursing-test-bank/subPages/SuT1noZoNGEjKGR1vTbi/nestedSubPages/zMFBI0XMiRsJnnXWhL5S/topics/KyUeIK7zxUi2K91H84Bj/quizzes/CMtHQWnW4Lr63WHV3IDY","Pathophysiology Proctored Exam (Samuel Merit University) Practice Questions - Set 6 | NursingMocks","Practice with 45 questions from Pathophysiology Proctored Exam (Samuel Merit University) Practice Questions - Set 6.","https://www.nursingmocks.com/pathophysiology-proctored-exam-samuel-merit-university-practice-questions-set-6","https://www.nursingmocks.com/pathophysiology-proctored-exam-samuel-merit-university-practice-questions-set-6","false","true","runtime-generated","0",""
"l66d7vJlBPbgE5JPKDZK","quiz","ati-pn-maternity-ob-cohort-65-proctored-exam-practice-questions","ati-pn-maternity-ob-cohort-65-proctored-exam-practice-questions","pillarPages/nursing-test-bank/subPages/z0xzINtS3EohZNaKosBz/nestedSubPages/lyrHg4RBzN6UafuymMFT/topics/ZwY2vYN2X4tXEKOv2x6h/quizzes/RFSPismZ4gTSGTYMsXIf","ATI PN Maternity OB Cohort 65 Proctored Exam Practice Questions | NursingMocks","Practice with 40 questions from ATI PN Maternity OB Cohort 65 Proctored Exam Practice Questions.","https://www.nursingmocks.com/ati-pn-maternity-ob-cohort-65-proctored-exam-practice-questions","https://www.nursingmocks.com/ati-pn-maternity-ob-cohort-65-proctored-exam-practice-questions","false","true","runtime-generated","0",""
"lDisSgnAP5I7LSGM9oFR","topic","hesi-rn-management-practice-questions","hesi-rn-management-practice-questions","pillarPages/nursing-test-bank/subPages/SuT1noZoNGEjKGR1vTbi/nestedSubPages/iT55qp9NAFOvZLBAiQzC/topics/nrL3cZ4iiUEsGvXHsmfO","HESI RN Management Questions | NursingMocks","Review HESI RN Management questions for care coordination, delegation, leadership, prioritization, and client safety.","https://www.nursingmocks.com/hesi-rn-management-practice-questions","https://www.nursingmocks.com/hesi-rn-management-practice-questions","true","true","","0",""
"lEIdOf8OhpnajbKAtt79","quiz","hesi-rn-pediatrics-proctored-exam-2-practice-questions-set-7","hesi-rn-pediatrics-proctored-exam-2-practice-questions-set-7","pillarPages/nursing-test-bank/subPages/SuT1noZoNGEjKGR1vTbi/nestedSubPages/iT55qp9NAFOvZLBAiQzC/topics/uXtCZ4Y6aeLjwMLtC1sD/quizzes/v25vrShk6cfOSUbetqT4","HESI RN Pediatrics Proctored Exam 2 Practice Questions - Set 7 | NursingMocks","Practice with 53 questions from HESI RN Pediatrics Proctored Exam 2 Practice Questions - Set 7.","https://www.nursingmocks.com/hesi-rn-pediatrics-proctored-exam-2-practice-questions-set-7","https://www.nursingmocks.com/hesi-rn-pediatrics-proctored-exam-2-practice-questions-set-7","false","true","runtime-generated","0",""
"lMokI7xYeXAwvh5IItd9","quiz","ati-pn-fundamentals-proctored-exam-practice-questions-set-17","ati-pn-fundamentals-proctored-exam-practice-questions-set-17","pillarPages/nursing-test-bank/subPages/z0xzINtS3EohZNaKosBz/nestedSubPages/lyrHg4RBzN6UafuymMFT/topics/1Lb0PkKiTEM2wQOIMDtv/quizzes/mHMJObpeP8v8f8Ib0zjM","ATI PN Fundamentals Proctored Exam Practice Questions - Set 17 | NursingMocks","Practice with 44 questions from ATI PN Fundamentals Proctored Exam Practice Questions - Set 17.","https://www.nursingmocks.com/ati-pn-fundamentals-proctored-exam-practice-questions-set-17","https://www.nursingmocks.com/ati-pn-fundamentals-proctored-exam-practice-questions-set-17","false","true","runtime-generated","0",""
"lSIRvHFw18a6QRVLApoE","nested","hesi-lpn-exams","hesi-lpn-exams","pillarPages/nursing-test-bank/subPages/z0xzINtS3EohZNaKosBz/nestedSubPages/ToLSmb6DG83NTZWXEJxt","HESI LPN EXAMS | NursingMocks","Content for HESI LPN EXAMS under LPN Exams.","https://www.nursingmocks.com/hesi-lpn-exams","https://www.nursingmocks.com/hesi-lpn-exams","true","true","","0",""
"lcl3Y3iGaexJNxpPNzPW","quiz","nur-111-nursing-process-cape-fear-college-proctored-exam-examplify-practice-questions","nur-111-nursing-process-cape-fear-college-proctored-exam-examplify-practice-questions","pillarPages/nursing-test-bank/subPages/SuT1noZoNGEjKGR1vTbi/nestedSubPages/zMFBI0XMiRsJnnXWhL5S/topics/sBc3Ee7TKg33PIbmj4Hb/quizzes/3m5PvqhTLs2QtFuChEfZ","NUR 111 Nursing Process Cape Fear College Proctored Exam – Examplify Practice Questions | NursingMocks","Practice with 48 questions from NUR 111 Nursing Process Cape Fear College Proctored Exam – Examplify Practice Questions.","https://www.nursingmocks.com/nur-111-nursing-process-cape-fear-college-proctored-exam-examplify-practice-questions","https://www.nursingmocks.com/nur-111-nursing-process-cape-fear-college-proctored-exam-examplify-practice-questions","false","true","runtime-generated","0",""
"ldIc9y0zcwRcnpB7Gmyr","quiz","nursing-2356-multidimensional-care-proctored-exam-practice-questions-set-2","nursing-2356-multidimensional-care-proctored-exam-practice-questions-set-2","pillarPages/nursing-test-bank/subPages/SuT1noZoNGEjKGR1vTbi/nestedSubPages/zMFBI0XMiRsJnnXWhL5S/topics/5wsEQxaa4oxFg4kMLWiR/quizzes/Gyso6NnRhZtIeayTARUe","Nursing 2356 Multidimensional Care Proctored Exam Practice Questions - Set 2 | NursingMocks","Practice with 46 questions from Nursing 2356 Multidimensional Care Proctored Exam Practice Questions - Set 2.","https://www.nursingmocks.com/nursing-2356-multidimensional-care-proctored-exam-practice-questions-set-2","https://www.nursingmocks.com/nursing-2356-multidimensional-care-proctored-exam-practice-questions-set-2","false","true","runtime-generated","0",""
"ljkoxqsuDGoOu2wVmkfV","quiz","ati-pn-mental-health-proctored-exam-practice-questions-set-7","ati-pn-mental-health-proctored-exam-practice-questions-set-7","pillarPages/nursing-test-bank/subPages/z0xzINtS3EohZNaKosBz/nestedSubPages/lyrHg4RBzN6UafuymMFT/topics/6i5h4wWlOfz4R8huNTkC/quizzes/hthlfOCc1BGRxIETQQ1Z","ATI PN Mental Health Proctored Exam Practice Questions - Set 7 | NursingMocks","Practice with 48 questions from ATI PN Mental Health Proctored Exam Practice Questions - Set 7.","https://www.nursingmocks.com/ati-pn-mental-health-proctored-exam-practice-questions-set-7","https://www.nursingmocks.com/ati-pn-mental-health-proctored-exam-practice-questions-set-7","false","true","runtime-generated","0",""
"lkWcuPCzRf8FzQjieUrO","quiz","maternity-proctored-exam-samuel-merit-university-practice-questions-set-12","maternity-proctored-exam-samuel-merit-university-practice-questions-set-12","pillarPages/nursing-test-bank/subPages/SuT1noZoNGEjKGR1vTbi/nestedSubPages/zMFBI0XMiRsJnnXWhL5S/topics/stnDIFRoA0VwLaoxbGv1/quizzes/HPdum35qI5mIl6wRVctZ","Maternity Proctored Exam (Samuel Merit University) Practice Questions - Set 12 | NursingMocks","Practice with 51 questions from Maternity Proctored Exam (Samuel Merit University) Practice Questions - Set 12.","https://www.nursingmocks.com/maternity-proctored-exam-samuel-merit-university-practice-questions-set-12","https://www.nursingmocks.com/maternity-proctored-exam-samuel-merit-university-practice-questions-set-12","false","true","runtime-generated","0",""
"lp8Zw9xhtxnAubRGLFAb","quiz","nu-390-med-surg-proctored-exam-nursing-of-the-adult-2-sjcme-college-practice-questions","nu-390-med-surg-proctored-exam-nursing-of-the-adult-2-sjcme-college-practice-questions","pillarPages/nursing-test-bank/subPages/SuT1noZoNGEjKGR1vTbi/nestedSubPages/zMFBI0XMiRsJnnXWhL5S/topics/4xNDZPMszSkpgRfEsOck/quizzes/tPNZyd0WS3QCZHgWlXSK","Nu 390 Med Surg Proctored Exam, Nursing of the Adult 2(Sjcme College) Practice Questions | NursingMocks","Practice with 51 questions from Nu 390 Med Surg Proctored Exam, Nursing of the Adult 2(Sjcme College) Practice Questions.","https://www.nursingmocks.com/nu-390-med-surg-proctored-exam-nursing-of-the-adult-2-sjcme-college-practice-questions","https://www.nursingmocks.com/nu-390-med-surg-proctored-exam-nursing-of-the-adult-2-sjcme-college-practice-questions","false","true","runtime-generated","0",""
"luZ6bP21ym6qisVSu83A","quiz","ati-pn-fundamentals-physical-assessment-proctored-exam-practice-questions","ati-pn-fundamentals-physical-assessment-proctored-exam-practice-questions","pillarPages/nursing-test-bank/subPages/z0xzINtS3EohZNaKosBz/nestedSubPages/lyrHg4RBzN6UafuymMFT/topics/1zv1nip2mGFGPqP308fX/quizzes/5iIc2uLYXKnts3Upbx9l","ATI PN Fundamentals Physical Assessment Proctored Exam Practice Questions | NursingMocks","Practice with 46 questions from ATI PN Fundamentals Physical Assessment Proctored Exam Practice Questions.","https://www.nursingmocks.com/ati-pn-fundamentals-physical-assessment-proctored-exam-practice-questions","https://www.nursingmocks.com/ati-pn-fundamentals-physical-assessment-proctored-exam-practice-questions","false","true","runtime-generated","0",""
"lux0bOz8BGmcHuwdDSdo","quiz","hesi-lpn-specialty-maternal-newborn-proctored-exam-practice-questions","hesi-lpn-specialty-maternal-newborn-proctored-exam-practice-questions","pillarPages/nursing-test-bank/subPages/z0xzINtS3EohZNaKosBz/nestedSubPages/ToLSmb6DG83NTZWXEJxt/topics/5QNQ1kHttmDRA6VJ1KfS/quizzes/C2HYMsdSZrAzYC9Kzvk1","HESI LPN Specialty Maternal Newborn Proctored Exam Practice Questions | NursingMocks","Practice with 61 questions from HESI LPN Specialty Maternal Newborn Proctored Exam Practice Questions.","https://www.nursingmocks.com/hesi-lpn-specialty-maternal-newborn-proctored-exam-practice-questions","https://www.nursingmocks.com/hesi-lpn-specialty-maternal-newborn-proctored-exam-practice-questions","false","true","runtime-generated","0",""
"lx2xnV8ilYvjmDnXhmAA","quiz","hesi-lpn-fundamentals-proctored-exam-practice-questions","hesi-lpn-fundamentals-proctored-exam-practice-questions","pillarPages/nursing-test-bank/subPages/z0xzINtS3EohZNaKosBz/nestedSubPages/ToLSmb6DG83NTZWXEJxt/topics/HQnTsUWAQtikNnY47O7a/quizzes/QNzeCu0nTev6FEaMmJh9","HESI LPN Fundamentals Proctored Exam Practice Questions | NursingMocks","Practice with 60 questions from HESI LPN Fundamentals Proctored Exam Practice Questions.","https://www.nursingmocks.com/hesi-lpn-fundamentals-proctored-exam-practice-questions","https://www.nursingmocks.com/hesi-lpn-fundamentals-proctored-exam-practice-questions","false","true","runtime-generated","0",""
"m0LFGBEBYXIs2qaO2yBp","quiz","ati-pn-med-surg-proctored-exam-practice-questions-set-69","ati-pn-med-surg-proctored-exam-practice-questions-set-69","pillarPages/nursing-test-bank/subPages/z0xzINtS3EohZNaKosBz/nestedSubPages/lyrHg4RBzN6UafuymMFT/topics/NywbGW22YNeZSM3kuwKk/quizzes/DGXa0b1J9HtFiPOazIql","ATI PN Med Surg Proctored Exam Practice Questions - Set 69 | NursingMocks","Practice with 24 questions from ATI PN Med Surg Proctored Exam Practice Questions - Set 69.","https://www.nursingmocks.com/ati-pn-med-surg-proctored-exam-practice-questions-set-69","https://www.nursingmocks.com/ati-pn-med-surg-proctored-exam-practice-questions-set-69","false","true","runtime-generated","0",""
"m4mVhHBi0HAfGk6RE97x","topic","rn-nursing-course-fundamentals-practice-questions","rn-nursing-course-fundamentals-practice-questions","pillarPages/nursing-test-bank/subPages/SuT1noZoNGEjKGR1vTbi/nestedSubPages/zMFBI0XMiRsJnnXWhL5S/topics/sBc3Ee7TKg33PIbmj4Hb","RN Fundamentals Course Exam Questions | NursingMocks","Practice RN Fundamentals course exam questions for safety, infection control, nursing process, skills, and foundational care.","https://www.nursingmocks.com/rn-nursing-course-fundamentals-practice-questions","https://www.nursingmocks.com/rn-nursing-course-fundamentals-practice-questions","true","true","","0",""
"m73huHZXb5T5kWT0QZLY","topic","rn-nursing-course-maternal-newborn-practice-questions","rn-nursing-course-maternal-newborn-practice-questions","pillarPages/nursing-test-bank/subPages/SuT1noZoNGEjKGR1vTbi/nestedSubPages/zMFBI0XMiRsJnnXWhL5S/topics/stnDIFRoA0VwLaoxbGv1","RN Maternal Newborn Course Exam Questions | NursingMocks","Practice RN Maternal Newborn course exam questions for pregnancy, labor, postpartum care, newborn care, and maternal nursing review.","https://www.nursingmocks.com/rn-nursing-course-maternal-newborn-practice-questions","https://www.nursingmocks.com/rn-nursing-course-maternal-newborn-practice-questions","true","true","","0",""
"mGPOaNM6QcAUwv2ptrEf","quiz","hesi-exit-lpn-proctored-exam-1","hesi-exit-lpn-proctored-exam-1","pillarPages/nursing-exit-exam/subPages/nkXaaMfkkbvjmrSRwtVq/nestedSubPages/BH31o1XVf6CrhNvQvfOO/quizzes/x0hOLTw0YPqt8bdhog4P","HESI Exit LPN Proctored Exam 1 | NursingMocks","HESI Exit LPN Proctored Exam 1 practice questions and answers for Nursing Exit Exam review.","https://www.nursingmocks.com/hesi-exit-lpn-proctored-exam-1","https://www.nursingmocks.com/hesi-exit-lpn-proctored-exam-1","false","true","runtime-generated","0",""
"mGaBFvIOSlxQWUsnmvHd","quiz","clep-human-growth-and-development-proctored-exam-practice-questions","clep-human-growth-and-development-proctored-exam-practice-questions","pillarPages/nursing-test-bank/subPages/SuT1noZoNGEjKGR1vTbi/nestedSubPages/zMFBI0XMiRsJnnXWhL5S/topics/YM8tzC0du9CIecKaOGWM/quizzes/XC7XBpkyGLB42Cp3cvf2","CLEP Human Growth and Development Proctored Exam Practice Questions | NursingMocks","Practice with 89 questions from CLEP Human Growth and Development Proctored Exam Practice Questions.","https://www.nursingmocks.com/clep-human-growth-and-development-proctored-exam-practice-questions","https://www.nursingmocks.com/clep-human-growth-and-development-proctored-exam-practice-questions","false","true","runtime-generated","0",""
"mGhqQr5saOt22LDrTCgm","quiz","teas-reading-practice-test-set-1","teas-reading-practice-test-set-1","pillarPages/nursing-entrance-exam/subPages/yrdSf0KpOcuybL1SLnw7/nestedSubPages/2JIZgWhm9jUkoNFmkY7R/quizzes/eNCAkl1f48I13l0ohsbL","ATI TEAS Reading Practice Test Set 1 Questions and Answers","Practice ATI TEAS Reading Set 1 questions and answers covering Key Ideas and Details, Craft and Structure, and Integration of Knowledge and Ideas, with focus on summaries, logical connections, and evidence-based reading.","https://www.nursingmocks.com/teas-reading-practice-test-set-1","https://www.nursingmocks.com/teas-reading-practice-test-set-1","true","true","","0",""
"mHAm1QHChrOy3KdQWT7Y","quiz","ati-pn-medication-administration-proctored-exam-practice-questions","ati-pn-medication-administration-proctored-exam-practice-questions","pillarPages/nursing-test-bank/subPages/z0xzINtS3EohZNaKosBz/nestedSubPages/lyrHg4RBzN6UafuymMFT/topics/13a3GLxldltUqhIxNzkr/quizzes/W6dclxyw9Q2l4dgiGEmO","ATI PN Medication Administration Proctored Exam Practice Questions | NursingMocks","Practice with 40 questions from ATI PN Medication Administration Proctored Exam Practice Questions.","https://www.nursingmocks.com/ati-pn-medication-administration-proctored-exam-practice-questions","https://www.nursingmocks.com/ati-pn-medication-administration-proctored-exam-practice-questions","false","true","runtime-generated","0",""
"mIoO1Gk00QmJbVkjxV42","quiz","hesi-rn-milestones-proctored-exam-practice-questions-set-2","hesi-rn-milestones-proctored-exam-practice-questions-set-2","pillarPages/nursing-test-bank/subPages/SuT1noZoNGEjKGR1vTbi/nestedSubPages/iT55qp9NAFOvZLBAiQzC/topics/uB91yHbugrkUWJTjsoS7/quizzes/oI7im2Zh6yoFehy2INGB","HESI RN Milestones Proctored Exam Practice Questions - Set 2 | NursingMocks","Practice with 45 questions from HESI RN Milestones Proctored Exam Practice Questions - Set 2.","https://www.nursingmocks.com/hesi-rn-milestones-proctored-exam-practice-questions-set-2","https://www.nursingmocks.com/hesi-rn-milestones-proctored-exam-practice-questions-set-2","false","true","runtime-generated","0",""
"mItAnrPVYQz5r5QiwUL1","quiz","ati-pn-nutrition-proctored-exam-practice-questions-set-2","ati-pn-nutrition-proctored-exam-practice-questions-set-2","pillarPages/nursing-test-bank/subPages/z0xzINtS3EohZNaKosBz/nestedSubPages/lyrHg4RBzN6UafuymMFT/topics/ilQ0n4O4zSgd6exoMQfi/quizzes/taiZVN4zRNw7ac4frbMf","ATI PN Nutrition Proctored Exam Practice Questions - Set 2 | NursingMocks","Practice with 36 questions from ATI PN Nutrition Proctored Exam Practice Questions - Set 2.","https://www.nursingmocks.com/ati-pn-nutrition-proctored-exam-practice-questions-set-2","https://www.nursingmocks.com/ati-pn-nutrition-proctored-exam-practice-questions-set-2","false","true","runtime-generated","0",""
"mK1L2sCDTBqSZnhJL1jv","quiz","nur-390-med-surg-proctored-exam-practice-questions","nur-390-med-surg-proctored-exam-practice-questions","pillarPages/nursing-test-bank/subPages/SuT1noZoNGEjKGR1vTbi/nestedSubPages/zMFBI0XMiRsJnnXWhL5S/topics/4xNDZPMszSkpgRfEsOck/quizzes/TVAod29CFDQY4ADDtBSp","NUR 390 Med Surg Proctored Exam Practice Questions | NursingMocks","Practice with 79 questions from NUR 390 Med Surg Proctored Exam Practice Questions.","https://www.nursingmocks.com/nur-390-med-surg-proctored-exam-practice-questions","https://www.nursingmocks.com/nur-390-med-surg-proctored-exam-practice-questions","false","true","runtime-generated","0",""
"mKKHajZAfXKrOmhRt3Gg","quiz","med-surg-exam-antelope-valley-college-proctored-exam-practice-questions","med-surg-exam-antelope-valley-college-proctored-exam-practice-questions","pillarPages/nursing-test-bank/subPages/SuT1noZoNGEjKGR1vTbi/nestedSubPages/zMFBI0XMiRsJnnXWhL5S/topics/4xNDZPMszSkpgRfEsOck/quizzes/1KCrK4A7jTdGH0p0YB5a","Med Surg Exam Antelope Valley College Proctored Exam Practice Questions | NursingMocks","Practice with 83 questions from Med Surg Exam Antelope Valley College Proctored Exam Practice Questions.","https://www.nursingmocks.com/med-surg-exam-antelope-valley-college-proctored-exam-practice-questions","https://www.nursingmocks.com/med-surg-exam-antelope-valley-college-proctored-exam-practice-questions","false","true","runtime-generated","0",""
"mODZ76T0MgQpNC6fbQrb","quiz","ati-pn-pediatrics-nursing-2023-proctored-exam-practice-questions-set-15","ati-pn-pediatrics-nursing-2023-proctored-exam-practice-questions-set-15","pillarPages/nursing-test-bank/subPages/z0xzINtS3EohZNaKosBz/nestedSubPages/lyrHg4RBzN6UafuymMFT/topics/Y0MhOdG0hGVh8AUsgVrz/quizzes/7sDe46zTagnIrnFzdopa","ATI PN Pediatrics Nursing 2023 Proctored Exam Practice Questions - Set 15 | NursingMocks","Practice with 64 questions from ATI PN Pediatrics Nursing 2023 Proctored Exam Practice Questions - Set 15.","https://www.nursingmocks.com/ati-pn-pediatrics-nursing-2023-proctored-exam-practice-questions-set-15","https://www.nursingmocks.com/ati-pn-pediatrics-nursing-2023-proctored-exam-practice-questions-set-15","false","true","runtime-generated","0",""
"mUxyQCUGqsQ77bGOHz68","quiz","ati-pn-concepts-of-nursing-proctored-exam-practice-questions","ati-pn-concepts-of-nursing-proctored-exam-practice-questions","pillarPages/nursing-test-bank/subPages/z0xzINtS3EohZNaKosBz/nestedSubPages/lyrHg4RBzN6UafuymMFT/topics/1Lb0PkKiTEM2wQOIMDtv/quizzes/DCePwWGcZV9G8wAm2Jrr","ATI PN Concepts of Nursing Proctored Exam Practice Questions | NursingMocks","Practice with 67 questions from ATI PN Concepts of Nursing Proctored Exam Practice Questions.","https://www.nursingmocks.com/ati-pn-concepts-of-nursing-proctored-exam-practice-questions","https://www.nursingmocks.com/ati-pn-concepts-of-nursing-proctored-exam-practice-questions","false","true","runtime-generated","0",""
"mXSaDSSyhRc67bRiLVfE","quiz","hesi-rn-med-surg-proctored-exam-practice-questions-set-17","hesi-rn-med-surg-proctored-exam-practice-questions-set-17","pillarPages/nursing-test-bank/subPages/SuT1noZoNGEjKGR1vTbi/nestedSubPages/iT55qp9NAFOvZLBAiQzC/topics/aS23yuUD7OS39aVVutYn/quizzes/L6gkODn0fR5nW6lmO9oP","HESI RN Med Surg Proctored Exam Practice Questions - Set 17 | NursingMocks","Practice with 40 questions from HESI RN Med Surg Proctored Exam Practice Questions - Set 17.","https://www.nursingmocks.com/hesi-rn-med-surg-proctored-exam-practice-questions-set-17","https://www.nursingmocks.com/hesi-rn-med-surg-proctored-exam-practice-questions-set-17","false","true","runtime-generated","0",""
"mXyx420oPiv79m3KffkA","topic","ati-maternal-newborn-test-bank-practice-questions","ati-maternal-newborn-test-bank-practice-questions","pillarPages/nursing-test-bank/subPages/SuT1noZoNGEjKGR1vTbi/nestedSubPages/Fnnd4c6ae0Uiurk2KUSc/topics/nsCBYsgiAtZyyQJOivNA","ATI Maternal Newborn Test Bank Questions | NursingMocks","Practice ATI Maternal Newborn test bank questions with rationales for pregnancy, labor, postpartum care, newborn assessment, and reproductive health.","https://www.nursingmocks.com/ati-maternal-newborn-test-bank-practice-questions","https://www.nursingmocks.com/ati-maternal-newborn-test-bank-practice-questions","true","true","","0",""
"miR4ppCAnYVgoxPpuY0Q","quiz","ati-pn-med-surg-haematology-proctored-exam-practice-questions","ati-pn-med-surg-haematology-proctored-exam-practice-questions","pillarPages/nursing-test-bank/subPages/z0xzINtS3EohZNaKosBz/nestedSubPages/lyrHg4RBzN6UafuymMFT/topics/NywbGW22YNeZSM3kuwKk/quizzes/DLEiokm8Ri2xFAJcbIGY","ATI PN Med Surg Haematology Proctored Exam Practice Questions | NursingMocks","Practice with 36 questions from ATI PN Med Surg Haematology Proctored Exam Practice Questions.","https://www.nursingmocks.com/ati-pn-med-surg-haematology-proctored-exam-practice-questions","https://www.nursingmocks.com/ati-pn-med-surg-haematology-proctored-exam-practice-questions","false","true","runtime-generated","0",""
"mjf8bQx1rF8hn6cdu3P3","quiz","hesi-rn-fundamentals-practice-questions-set-10","hesi-rn-fundamentals-practice-questions-set-10","pillarPages/nursing-test-bank/subPages/SuT1noZoNGEjKGR1vTbi/nestedSubPages/iT55qp9NAFOvZLBAiQzC/topics/70YsvvAfpEoWkJ2zO8Vy/quizzes/jppxpyNY4Yqz03KMoGBa","HESI RN Fundamentals Practice Questions | NursingMocks","Practice with 24 questions from HESI RN Fundamentals Practice Questions.","https://www.nursingmocks.com/hesi-rn-fundamentals-practice-questions-set-10","https://www.nursingmocks.com/hesi-rn-fundamentals-practice-questions-set-10","false","true","runtime-generated","0",""
"mm7JJk6eHi9NBKxq7iON","quiz","nurs-400-cni-complex-health-concepts-proctored-exam-med-surg-exam-practice-questions","nurs-400-cni-complex-health-concepts-proctored-exam-med-surg-exam-practice-questions","pillarPages/nursing-test-bank/subPages/SuT1noZoNGEjKGR1vTbi/nestedSubPages/zMFBI0XMiRsJnnXWhL5S/topics/4xNDZPMszSkpgRfEsOck/quizzes/iwYaxJHXv9Kpwdx73rJW","NURS 400 Cni Complex Health Concepts Proctored Exam (Med Surg Exam) Practice Questions | NursingMocks","Practice with 75 questions from NURS 400 Cni Complex Health Concepts Proctored Exam (Med Surg Exam) Practice Questions.","https://www.nursingmocks.com/nurs-400-cni-complex-health-concepts-proctored-exam-med-surg-exam-practice-questions","https://www.nursingmocks.com/nurs-400-cni-complex-health-concepts-proctored-exam-med-surg-exam-practice-questions","false","true","runtime-generated","0",""
"mmmt7GIyLarHdLYOBwKw","quiz","ati-pn-med-surg-level-2-proctored-exam-practice-questions-set-48","ati-pn-med-surg-level-2-proctored-exam-practice-questions-set-48","pillarPages/nursing-test-bank/subPages/z0xzINtS3EohZNaKosBz/nestedSubPages/lyrHg4RBzN6UafuymMFT/topics/NywbGW22YNeZSM3kuwKk/quizzes/yOy9CNVGl4OPGtvpM6l0","ATI PN Med Surg Level 2 Proctored Exam Practice Questions - Set 48 | NursingMocks","Practice with 44 questions from ATI PN Med Surg Level 2 Proctored Exam Practice Questions - Set 48.","https://www.nursingmocks.com/ati-pn-med-surg-level-2-proctored-exam-practice-questions-set-48","https://www.nursingmocks.com/ati-pn-med-surg-level-2-proctored-exam-practice-questions-set-48","false","true","runtime-generated","0",""
"mo180vf1BsctneiTthwo","quiz","dosage-calculations-proctored-exam-2-practice-questions","dosage-calculations-proctored-exam-2-practice-questions","pillarPages/nursing-test-bank/subPages/SuT1noZoNGEjKGR1vTbi/nestedSubPages/zMFBI0XMiRsJnnXWhL5S/topics/GXrH3QXIidtKg5Jx0ly4/quizzes/fICyMQBv3reovoSBr4Xr","Dosage Calculations Proctored Exam 2 Practice Questions | NursingMocks","Practice with 69 questions from Dosage Calculations Proctored Exam 2 Practice Questions.","https://www.nursingmocks.com/dosage-calculations-proctored-exam-2-practice-questions","https://www.nursingmocks.com/dosage-calculations-proctored-exam-2-practice-questions","false","true","runtime-generated","0",""
"mo9w4kmafIslxYoNGUhN","topic","rn-nursing-course-health-assessment-practice-questions","rn-nursing-course-health-assessment-practice-questions","pillarPages/nursing-test-bank/subPages/SuT1noZoNGEjKGR1vTbi/nestedSubPages/zMFBI0XMiRsJnnXWhL5S/topics/XQlgh9zsLrRK6vilmJPA","RN Health Assessment Course Exam Questions | NursingMocks","Practice RN Health Assessment course exam questions on focused assessment, physical findings, documentation, and nursing observations.","https://www.nursingmocks.com/rn-nursing-course-health-assessment-practice-questions","https://www.nursingmocks.com/rn-nursing-course-health-assessment-practice-questions","true","true","","0",""
"mrjuchULP3snqkVgA6nX","quiz","fundamentals-proctored-exam-practice-questions-set-10","fundamentals-proctored-exam-practice-questions-set-10","pillarPages/nursing-test-bank/subPages/SuT1noZoNGEjKGR1vTbi/nestedSubPages/zMFBI0XMiRsJnnXWhL5S/topics/sBc3Ee7TKg33PIbmj4Hb/quizzes/GfAI8xyIeeteP8gLaD0R","Fundamentals Proctored Exam Practice Questions - Set 10 | NursingMocks","Practice with 58 questions from Fundamentals Proctored Exam Practice Questions - Set 10.","https://www.nursingmocks.com/fundamentals-proctored-exam-practice-questions-set-10","https://www.nursingmocks.com/fundamentals-proctored-exam-practice-questions-set-10","false","true","runtime-generated","0",""
"mt39rlCs5ASB9j1CaGD8","quiz","ati-rn-comprehensive-predictor-2023-retake-1-proctored-exam","ati-rn-comprehensive-predictor-2023-retake-1-proctored-exam","pillarPages/nursing-exit-exam/subPages/S4vSoa5bxDgZ1L5kLOJe/nestedSubPages/QsMAv9L9bzYoFjgdfKgH/quizzes/mEBhNztauhOgWhy70kYa","ATI RN Comprehensive Predictor 2023 Retake 1 Proctored Exam | NursingMocks","ATI RN Comprehensive Predictor 2023 Retake 1 Proctored Exam practice questions and answers for Nursing Exit Exam review.","https://www.nursingmocks.com/ati-rn-comprehensive-predictor-2023-retake-1-proctored-exam","https://www.nursingmocks.com/ati-rn-comprehensive-predictor-2023-retake-1-proctored-exam","false","true","runtime-generated","0",""
"mtIAUA5jSvYNkPYcTj9X","quiz","human-anatomy-and-physiology-ii-proctored-exam-arizona-college-practice-questions","human-anatomy-and-physiology-ii-proctored-exam-arizona-college-practice-questions","pillarPages/nursing-test-bank/subPages/SuT1noZoNGEjKGR1vTbi/nestedSubPages/zMFBI0XMiRsJnnXWhL5S/topics/PavJlfHXwXRUhopKAOO9/quizzes/bKoK4y8WHnxwj3XAEtgl","Human Anatomy and Physiology II Proctored Exam (Arizona College) Practice Questions | NursingMocks","Practice with 64 questions from Human Anatomy and Physiology II Proctored Exam (Arizona College) Practice Questions.","https://www.nursingmocks.com/human-anatomy-and-physiology-ii-proctored-exam-arizona-college-practice-questions","https://www.nursingmocks.com/human-anatomy-and-physiology-ii-proctored-exam-arizona-college-practice-questions","false","true","runtime-generated","0",""
"muu6CTeLGA5qF8U1lq4e","quiz","fundamentals-of-nursing-proctored-exam-3-south-tampa-university-practice-questions","fundamentals-of-nursing-proctored-exam-3-south-tampa-university-practice-questions","pillarPages/nursing-test-bank/subPages/SuT1noZoNGEjKGR1vTbi/nestedSubPages/zMFBI0XMiRsJnnXWhL5S/topics/sBc3Ee7TKg33PIbmj4Hb/quizzes/Uz3uS4wgzMCiEI2a5RGn","Fundamentals of Nursing Proctored Exam #3 South Tampa University Practice Questions | NursingMocks","Practice with 48 questions from Fundamentals of Nursing Proctored Exam #3 South Tampa University Practice Questions.","https://www.nursingmocks.com/fundamentals-of-nursing-proctored-exam-3-south-tampa-university-practice-questions","https://www.nursingmocks.com/fundamentals-of-nursing-proctored-exam-3-south-tampa-university-practice-questions","false","true","runtime-generated","0",""
"mwByEaEdtglqmfamhzAP","quiz","hesi-rn-maternal-newborn-proctored-exam-practice-questions-set-4","hesi-rn-maternal-newborn-proctored-exam-practice-questions-set-4","pillarPages/nursing-test-bank/subPages/SuT1noZoNGEjKGR1vTbi/nestedSubPages/iT55qp9NAFOvZLBAiQzC/topics/ULDy5qJrNGEhyYIuXZvp/quizzes/B7G9VusMXp0er21SDP4U","HESI RN Maternal Newborn Proctored Exam Practice Questions - Set 4 | NursingMocks","Practice with 52 questions from HESI RN Maternal Newborn Proctored Exam Practice Questions - Set 4.","https://www.nursingmocks.com/hesi-rn-maternal-newborn-proctored-exam-practice-questions-set-4","https://www.nursingmocks.com/hesi-rn-maternal-newborn-proctored-exam-practice-questions-set-4","false","true","runtime-generated","0",""
"n09OCopdJUjEak8j1wRO","quiz","hesi-a2-grammar-practice-test-set-2","hesi-a2-grammar-practice-test-set-2","pillarPages/nursing-entrance-exam/subPages/rdYGUZ9DzFvAmo6EsrVe/nestedSubPages/XYJ11eHtMbIhQnTYPS6j/quizzes/hesi-a2-grammar-practice-test-set-2","HESI A2 Grammar Practice Test Set 2","Practice HESI A2 Actual Exam Set 2 - Grammar questions for HESI A2 preparation.","https://www.nursingmocks.com/hesi-a2-grammar-practice-test-set-2","https://www.nursingmocks.com/hesi-a2-grammar-practice-test-set-2","false","true","runtime-generated","0",""
"n2k9BeLtvs7g9LRWmIw4","quiz","rn-pharmacology-2019-proctored-exam-4-practice-questions","rn-pharmacology-2019-proctored-exam-4-practice-questions","pillarPages/nursing-test-bank/subPages/SuT1noZoNGEjKGR1vTbi/nestedSubPages/zMFBI0XMiRsJnnXWhL5S/topics/qjQzp4HMFByeL1UEKGDd/quizzes/vwdorMLr2JTj5TZXp9Rj","RN Pharmacology 2019 Proctored Exam 4 Practice Questions | NursingMocks","Practice with 58 questions from RN Pharmacology 2019 Proctored Exam 4 Practice Questions.","https://www.nursingmocks.com/rn-pharmacology-2019-proctored-exam-4-practice-questions","https://www.nursingmocks.com/rn-pharmacology-2019-proctored-exam-4-practice-questions","false","true","runtime-generated","0",""
"n49uQSbBd96pOxzAn0L7","quiz","ati-pn-med-surg-level-3-proctored-exam-practice-questions","ati-pn-med-surg-level-3-proctored-exam-practice-questions","pillarPages/nursing-test-bank/subPages/z0xzINtS3EohZNaKosBz/nestedSubPages/lyrHg4RBzN6UafuymMFT/topics/NywbGW22YNeZSM3kuwKk/quizzes/U4lWr0seZUDaCLMeCVtD","ATI PN Med Surg Level 3 Proctored Exam Practice Questions | NursingMocks","Practice with 36 questions from ATI PN Med Surg Level 3 Proctored Exam Practice Questions.","https://www.nursingmocks.com/ati-pn-med-surg-level-3-proctored-exam-practice-questions","https://www.nursingmocks.com/ati-pn-med-surg-level-3-proctored-exam-practice-questions","false","true","runtime-generated","0",""
"n6WfyHJ0sEwCjdjyp2YM","quiz","ati-pn-mental-health-2023-proctored-exam-practice-questions-set-17","ati-pn-mental-health-2023-proctored-exam-practice-questions-set-17","pillarPages/nursing-test-bank/subPages/z0xzINtS3EohZNaKosBz/nestedSubPages/lyrHg4RBzN6UafuymMFT/topics/6i5h4wWlOfz4R8huNTkC/quizzes/Z4NAfejpaDgZZHU9Qdpz","ATI PN Mental Health 2023 Proctored Exam Practice Questions - Set 17 | NursingMocks","Practice with 51 questions from ATI PN Mental Health 2023 Proctored Exam Practice Questions - Set 17.","https://www.nursingmocks.com/ati-pn-mental-health-2023-proctored-exam-practice-questions-set-17","https://www.nursingmocks.com/ati-pn-mental-health-2023-proctored-exam-practice-questions-set-17","false","true","runtime-generated","0",""
"n9nXVLGDe43AkFF7rdbH","quiz","lpn-fundamentals-proctored-exam-basic-nursing-final-exam-practice-questions","lpn-fundamentals-proctored-exam-basic-nursing-final-exam-practice-questions","pillarPages/nursing-test-bank/subPages/z0xzINtS3EohZNaKosBz/nestedSubPages/3K3wv7IGcDcXvSNM9Kxm/topics/XKenRdlHMVfdY4Dl99G2/quizzes/RDPfWegRnp00CbxIiGpj","LPN Fundamentals Proctored Exam (Basic Nursing Final Exam) Practice Questions | NursingMocks","Practice with 89 questions from LPN Fundamentals Proctored Exam (Basic Nursing Final Exam) Practice Questions.","https://www.nursingmocks.com/lpn-fundamentals-proctored-exam-basic-nursing-final-exam-practice-questions","https://www.nursingmocks.com/lpn-fundamentals-proctored-exam-basic-nursing-final-exam-practice-questions","false","true","runtime-generated","0",""
"nBLH76L2rfqOvTGi6sKe","quiz","ati-pn-med-surg-level-2-test-5-proctored-exam-practice-questions","ati-pn-med-surg-level-2-test-5-proctored-exam-practice-questions","pillarPages/nursing-test-bank/subPages/z0xzINtS3EohZNaKosBz/nestedSubPages/lyrHg4RBzN6UafuymMFT/topics/NywbGW22YNeZSM3kuwKk/quizzes/oJVRP92APDOvSssMxVQx","ATI PN Med Surg Level 2 Test 5 Proctored Exam Practice Questions | NursingMocks","Practice with 31 questions from ATI PN Med Surg Level 2 Test 5 Proctored Exam Practice Questions.","https://www.nursingmocks.com/ati-pn-med-surg-level-2-test-5-proctored-exam-practice-questions","https://www.nursingmocks.com/ati-pn-med-surg-level-2-test-5-proctored-exam-practice-questions","false","true","runtime-generated","0",""
"nBMM7sq8RZMabopWjlFp","quiz","ati-pn-pharmacology-proctored-exam-practice-questions-set-10","ati-pn-pharmacology-proctored-exam-practice-questions-set-10","pillarPages/nursing-test-bank/subPages/z0xzINtS3EohZNaKosBz/nestedSubPages/lyrHg4RBzN6UafuymMFT/topics/13a3GLxldltUqhIxNzkr/quizzes/9DQZ5sAHUDawCX6vTEMV","ATI PN Pharmacology Proctored Exam Practice Questions - Set 10 | NursingMocks","Practice with 60 questions from ATI PN Pharmacology Proctored Exam Practice Questions - Set 10.","https://www.nursingmocks.com/ati-pn-pharmacology-proctored-exam-practice-questions-set-10","https://www.nursingmocks.com/ati-pn-pharmacology-proctored-exam-practice-questions-set-10","false","true","runtime-generated","0",""
"nHmsCAETF3E9ZR2qHAPr","quiz","ati-pn-dosage-calculation-fundamentals-proctored-assessment-3-1-practice-questions","ati-pn-dosage-calculation-fundamentals-proctored-assessment-3-1-practice-questions","pillarPages/nursing-test-bank/subPages/z0xzINtS3EohZNaKosBz/nestedSubPages/lyrHg4RBzN6UafuymMFT/topics/NHgx9LFXpsLVcFjsOujF/quizzes/e3an4MSCOHentPl3utlK","ATI PN Dosage Calculation Fundamentals Proctored Assessment 3.1 Practice Questions | NursingMocks","Practice with 35 questions from ATI PN Dosage Calculation Fundamentals Proctored Assessment 3.1 Practice Questions.","https://www.nursingmocks.com/ati-pn-dosage-calculation-fundamentals-proctored-assessment-3-1-practice-questions","https://www.nursingmocks.com/ati-pn-dosage-calculation-fundamentals-proctored-assessment-3-1-practice-questions","false","true","runtime-generated","0",""
"nI6eA5MEVve7vEWn5mYu","quiz","lpn-anatomy-and-physiology-proctored-exam-practice-questions","lpn-anatomy-and-physiology-proctored-exam-practice-questions","pillarPages/nursing-test-bank/subPages/SuT1noZoNGEjKGR1vTbi/nestedSubPages/zMFBI0XMiRsJnnXWhL5S/topics/PavJlfHXwXRUhopKAOO9/quizzes/obLgG1dl2HKxhBWFu5sv","LPN Anatomy and Physiology Proctored Exam Practice Questions | NursingMocks","Practice with 50 questions from LPN Anatomy and Physiology Proctored Exam Practice Questions.","https://www.nursingmocks.com/lpn-anatomy-and-physiology-proctored-exam-practice-questions","https://www.nursingmocks.com/lpn-anatomy-and-physiology-proctored-exam-practice-questions","false","true","runtime-generated","0",""
"nLOO2kDHCxULdDNa1tb5","quiz","pharmacology-2-proctored-exam-practice-questions","pharmacology-2-proctored-exam-practice-questions","pillarPages/nursing-test-bank/subPages/SuT1noZoNGEjKGR1vTbi/nestedSubPages/zMFBI0XMiRsJnnXWhL5S/topics/qjQzp4HMFByeL1UEKGDd/quizzes/dB5Yo4Uy2n9bNBkPk95n","Pharmacology 2 Proctored Exam Practice Questions | NursingMocks","Practice with 35 questions from Pharmacology 2 Proctored Exam Practice Questions.","https://www.nursingmocks.com/pharmacology-2-proctored-exam-practice-questions","https://www.nursingmocks.com/pharmacology-2-proctored-exam-practice-questions","false","true","runtime-generated","0",""
"nSDHC0Zd9DkkvYxLnPvc","quiz","ati-pn-nursing-care-of-children-with-ngn-2020-proctored-exam-practice-questions","ati-pn-nursing-care-of-children-with-ngn-2020-proctored-exam-practice-questions","pillarPages/nursing-test-bank/subPages/z0xzINtS3EohZNaKosBz/nestedSubPages/lyrHg4RBzN6UafuymMFT/topics/Y0MhOdG0hGVh8AUsgVrz/quizzes/tGdodBPumxHO7hUHZzci","ATI PN Nursing Care of Children with NGN 2020 Proctored Exam Practice Questions | NursingMocks","Practice with 66 questions from ATI PN Nursing Care of Children with NGN 2020 Proctored Exam Practice Questions.","https://www.nursingmocks.com/ati-pn-nursing-care-of-children-with-ngn-2020-proctored-exam-practice-questions","https://www.nursingmocks.com/ati-pn-nursing-care-of-children-with-ngn-2020-proctored-exam-practice-questions","false","true","runtime-generated","0",""
"nSWCbQt1z400T7eYtENQ","quiz","hesi-rn-exit-proctored-exam-form-3","hesi-rn-exit-proctored-exam-form-3","pillarPages/nursing-exit-exam/subPages/S4vSoa5bxDgZ1L5kLOJe/nestedSubPages/MVHmi7FJbSDlPPz28jh5/quizzes/YeWh2pzxrGVPHcnVVNwZ","HESI RN Exit Proctored Exam Form 3 | NursingMocks","HESI RN Exit Proctored Exam Form 3 practice questions and answers for Nursing Exit Exam review.","https://www.nursingmocks.com/hesi-rn-exit-proctored-exam-form-3","https://www.nursingmocks.com/hesi-rn-exit-proctored-exam-form-3","false","true","runtime-generated","0",""
"nU9Dtv63Nehultih4yvd","quiz","rn-comprehensive-predictor-proctored-exam-national-u-ca-san-diego","rn-comprehensive-predictor-proctored-exam-national-u-ca-san-diego","pillarPages/nursing-exit-exam/subPages/S4vSoa5bxDgZ1L5kLOJe/nestedSubPages/QsMAv9L9bzYoFjgdfKgH/quizzes/kL0S902iR5V8xN6A0dsn","2-RN Comprehensive Predictor Proctored Exam (National U CA San Diego) | NursingMocks","Practice nursing exit exam questions and answers for 2-RN Comprehensive Predictor Proctored Exam (National U CA San Diego).","https://www.nursingmocks.com/rn-comprehensive-predictor-proctored-exam-national-u-ca-san-diego","https://www.nursingmocks.com/rn-comprehensive-predictor-proctored-exam-national-u-ca-san-diego","false","true","runtime-generated","0",""
"nVOlrhvBB6lVRQIbPRyq","quiz","hesi-rn-nur2520-psychiatric-nursing-proctored-exam-2-practice-questions","hesi-rn-nur2520-psychiatric-nursing-proctored-exam-2-practice-questions","pillarPages/nursing-test-bank/subPages/SuT1noZoNGEjKGR1vTbi/nestedSubPages/iT55qp9NAFOvZLBAiQzC/topics/nWHmcLCOYFPkjaWIHcVu/quizzes/N5QCeoVFPwGlHnbEn530","HESI RN Nur2520 Psychiatric Nursing Proctored Exam 2 Practice Questions | NursingMocks","Practice with 40 questions from HESI RN Nur2520 Psychiatric Nursing Proctored Exam 2 Practice Questions.","https://www.nursingmocks.com/hesi-rn-nur2520-psychiatric-nursing-proctored-exam-2-practice-questions","https://www.nursingmocks.com/hesi-rn-nur2520-psychiatric-nursing-proctored-exam-2-practice-questions","false","true","runtime-generated","0",""
"ncxKXG1dc9Iu1Mt55S2j","topic","ati-pn-microbiology-practice-questions","ati-pn-microbiology-practice-questions","pillarPages/nursing-test-bank/subPages/z0xzINtS3EohZNaKosBz/nestedSubPages/lyrHg4RBzN6UafuymMFT/topics/WbwHB0Gt3hYPqBVYZyUt","ATI PN Microbiology Practice Questions | NursingMocks","Review ATI PN Microbiology questions for infection, organisms, transmission, prevention, and nursing science foundations.","https://www.nursingmocks.com/ati-pn-microbiology-practice-questions","https://www.nursingmocks.com/ati-pn-microbiology-practice-questions","true","true","","0",""
"nfcM21Fo14K33cs4MiMo","quiz","nurs-2258-4331-pediatrics-proctored-exam-practice-questions","nurs-2258-4331-pediatrics-proctored-exam-practice-questions","pillarPages/nursing-test-bank/subPages/SuT1noZoNGEjKGR1vTbi/nestedSubPages/zMFBI0XMiRsJnnXWhL5S/topics/Hwspg6smTqrELsoRSNmc/quizzes/tUjgDj6E9DbU0ew9MxwW","NURS 2258-4331 Pediatrics Proctored Exam Practice Questions | NursingMocks","Practice with 51 questions from NURS 2258-4331 Pediatrics Proctored Exam Practice Questions.","https://www.nursingmocks.com/nurs-2258-4331-pediatrics-proctored-exam-practice-questions","https://www.nursingmocks.com/nurs-2258-4331-pediatrics-proctored-exam-practice-questions","false","true","runtime-generated","0",""
"nksidg28qlh2p6GUou4y","quiz","med-surg-proctored-exam-3-practice-questions","med-surg-proctored-exam-3-practice-questions","pillarPages/nursing-test-bank/subPages/SuT1noZoNGEjKGR1vTbi/nestedSubPages/zMFBI0XMiRsJnnXWhL5S/topics/4xNDZPMszSkpgRfEsOck/quizzes/lebFu8klEDivsuA5H3PG","Med Surg Proctored Exam 3 Practice Questions | NursingMocks","Practice with 41 questions from Med Surg Proctored Exam 3 Practice Questions.","https://www.nursingmocks.com/med-surg-proctored-exam-3-practice-questions","https://www.nursingmocks.com/med-surg-proctored-exam-3-practice-questions","false","true","runtime-generated","0",""
"nlw54yCJD9RShHRNju9E","topic","ati-pn-comprehensive-review-practice-questions","ati-pn-comprehensive-review-practice-questions","pillarPages/nursing-test-bank/subPages/z0xzINtS3EohZNaKosBz/nestedSubPages/lyrHg4RBzN6UafuymMFT/topics/AIrzHbC5yDHk6TUjdEeM","ATI PN Comprehensive Review Questions | NursingMocks","Prepare with ATI PN comprehensive review questions for mixed nursing content, capstone practice, readiness checks, and clinical judgment.","https://www.nursingmocks.com/ati-pn-comprehensive-review-practice-questions","https://www.nursingmocks.com/ati-pn-comprehensive-review-practice-questions","true","true","","0",""
"noXq1g4gcgHl5zfuzvan","quiz","med-surg-proctored-exam-5-practice-questions","med-surg-proctored-exam-5-practice-questions","pillarPages/nursing-test-bank/subPages/SuT1noZoNGEjKGR1vTbi/nestedSubPages/zMFBI0XMiRsJnnXWhL5S/topics/4xNDZPMszSkpgRfEsOck/quizzes/tV0VQVywHvEiNbG354yG","Med Surg Proctored Exam 5 Practice Questions | NursingMocks","Practice with 68 questions from Med Surg Proctored Exam 5 Practice Questions.","https://www.nursingmocks.com/med-surg-proctored-exam-5-practice-questions","https://www.nursingmocks.com/med-surg-proctored-exam-5-practice-questions","false","true","runtime-generated","0",""
"npGqU5VakfBnTyiBS11f","quiz","ati-pn-anatomy-and-physiology-proctored-exam-practice-questions-set-7","ati-pn-anatomy-and-physiology-proctored-exam-practice-questions-set-7","pillarPages/nursing-test-bank/subPages/z0xzINtS3EohZNaKosBz/nestedSubPages/lyrHg4RBzN6UafuymMFT/topics/j5H2Ra9IgckkioC7vNSj/quizzes/M9QU2W6AbvrmWM9FUtnK","ATI PN Anatomy and Physiology Proctored Exam Practice Questions - Set 7 | NursingMocks","Practice with 80 questions from ATI PN Anatomy and Physiology Proctored Exam Practice Questions - Set 7.","https://www.nursingmocks.com/ati-pn-anatomy-and-physiology-proctored-exam-practice-questions-set-7","https://www.nursingmocks.com/ati-pn-anatomy-and-physiology-proctored-exam-practice-questions-set-7","false","true","runtime-generated","0",""
"ntOB0DTSTfXkgYWWHVdv","quiz","hesi-rn-foundation-of-nursing-proctored-exam-practice-questions-set-1","hesi-rn-foundation-of-nursing-proctored-exam-practice-questions-set-1","pillarPages/nursing-test-bank/subPages/SuT1noZoNGEjKGR1vTbi/nestedSubPages/iT55qp9NAFOvZLBAiQzC/topics/70YsvvAfpEoWkJ2zO8Vy/quizzes/NfPJ265rq9c8di4ztbOj","HESI RN Foundation of Nursing Proctored Exam Practice Questions - Set 1 | NursingMocks","Practice with 49 questions from HESI RN Foundation of Nursing Proctored Exam Practice Questions - Set 1.","https://www.nursingmocks.com/hesi-rn-foundation-of-nursing-proctored-exam-practice-questions-set-1","https://www.nursingmocks.com/hesi-rn-foundation-of-nursing-proctored-exam-practice-questions-set-1","false","true","runtime-generated","0",""
"nuar2xn9fJOOp9SjIWeM","quiz","pharmacology-proctored-exam-examplify-practice-questions-set-2","pharmacology-proctored-exam-examplify-practice-questions-set-2","pillarPages/nursing-test-bank/subPages/SuT1noZoNGEjKGR1vTbi/nestedSubPages/zMFBI0XMiRsJnnXWhL5S/topics/qjQzp4HMFByeL1UEKGDd/quizzes/QSnqz1EGltVJC57t8K3F","Pharmacology Proctored Exam (Examplify) Practice Questions - Set 2 | NursingMocks","Practice with 52 questions from Pharmacology Proctored Exam (Examplify) Practice Questions - Set 2.","https://www.nursingmocks.com/pharmacology-proctored-exam-examplify-practice-questions-set-2","https://www.nursingmocks.com/pharmacology-proctored-exam-examplify-practice-questions-set-2","false","true","runtime-generated","0",""
"nx2mzki98cNZF4w5hROQ","quiz","teas-english-practice-test-set-16","teas-english-practice-test-set-16","pillarPages/nursing-entrance-exam/subPages/yrdSf0KpOcuybL1SLnw7/nestedSubPages/ykWIONcheFBJ7ooEl7WK/quizzes/vQ9mppphFwU4bztSDv0H","ATI TEAS English Practice Test Set 16 Questions and Answers","Build language skills with ATI TEAS English and Language Usage Set 16 questions and answers covering Conventions of Standard English, Knowledge of Language, and Using Language and Vocabulary to Express Ideas in Writing, with focus on sentence structure, usage rules, and vocabulary in context.","https://www.nursingmocks.com/teas-english-practice-test-set-16","https://www.nursingmocks.com/teas-english-practice-test-set-16","true","true","","0",""
"o5Mmo1EPJVS4jVUl9nZy","quiz","ati-pn-mental-health-dec-2023-proctored-exam-practice-questions","ati-pn-mental-health-dec-2023-proctored-exam-practice-questions","pillarPages/nursing-test-bank/subPages/z0xzINtS3EohZNaKosBz/nestedSubPages/lyrHg4RBzN6UafuymMFT/topics/6i5h4wWlOfz4R8huNTkC/quizzes/rTkSrc4oGYh0s0m8BvK8","ATI PN Mental Health Dec 2023 Proctored Exam Practice Questions | NursingMocks","Practice with 55 questions from ATI PN Mental Health Dec 2023 Proctored Exam Practice Questions.","https://www.nursingmocks.com/ati-pn-mental-health-dec-2023-proctored-exam-practice-questions","https://www.nursingmocks.com/ati-pn-mental-health-dec-2023-proctored-exam-practice-questions","false","true","runtime-generated","0",""
"o6FhBlpI6JHoeqhVZnMc","quiz","ati-pn-fundamentals-2023-proctored-exam-practice-questions-set-31","ati-pn-fundamentals-2023-proctored-exam-practice-questions-set-31","pillarPages/nursing-test-bank/subPages/z0xzINtS3EohZNaKosBz/nestedSubPages/lyrHg4RBzN6UafuymMFT/topics/1Lb0PkKiTEM2wQOIMDtv/quizzes/lwdohHRSG8YNgZ4jMGVd","ATI PN Fundamentals 2023 Proctored Exam Practice Questions - Set 31 | NursingMocks","Practice with 58 questions from ATI PN Fundamentals 2023 Proctored Exam Practice Questions - Set 31.","https://www.nursingmocks.com/ati-pn-fundamentals-2023-proctored-exam-practice-questions-set-31","https://www.nursingmocks.com/ati-pn-fundamentals-2023-proctored-exam-practice-questions-set-31","false","true","runtime-generated","0",""
"o8U3A5K6E5pRAik5STXx","quiz","ati-pn-adult-medical-surgical-2023-proctored-exam-practice-questions-set-50","ati-pn-adult-medical-surgical-2023-proctored-exam-practice-questions-set-50","pillarPages/nursing-test-bank/subPages/z0xzINtS3EohZNaKosBz/nestedSubPages/lyrHg4RBzN6UafuymMFT/topics/NywbGW22YNeZSM3kuwKk/quizzes/dvBKvnLd8bkg4O6JHBAC","ATI PN Adult Medical Surgical 2023 Proctored Exam Practice Questions - Set 50 | NursingMocks","Practice with 70 questions from ATI PN Adult Medical Surgical 2023 Proctored Exam Practice Questions - Set 50.","https://www.nursingmocks.com/ati-pn-adult-medical-surgical-2023-proctored-exam-practice-questions-set-50","https://www.nursingmocks.com/ati-pn-adult-medical-surgical-2023-proctored-exam-practice-questions-set-50","false","true","runtime-generated","0",""
"o988XbvM3NfFbqWfc2oR","quiz","mental-health-proctored-exam-examplify-practice-questions","mental-health-proctored-exam-examplify-practice-questions","pillarPages/nursing-test-bank/subPages/SuT1noZoNGEjKGR1vTbi/nestedSubPages/zMFBI0XMiRsJnnXWhL5S/topics/dwj41dVBiWR9v4FRpKhC/quizzes/HSwWr4lZfNsrWzlqFYy2","Mental Health Proctored Exam(Examplify) Practice Questions | NursingMocks","Practice with 42 questions from Mental Health Proctored Exam(Examplify) Practice Questions.","https://www.nursingmocks.com/mental-health-proctored-exam-examplify-practice-questions","https://www.nursingmocks.com/mental-health-proctored-exam-examplify-practice-questions","false","true","runtime-generated","0",""
"oM54urlSRowTuutWfvWo","quiz","adult-health-med-surg-proctored-exam-viterbo-university-practice-questions","adult-health-med-surg-proctored-exam-viterbo-university-practice-questions","pillarPages/nursing-test-bank/subPages/SuT1noZoNGEjKGR1vTbi/nestedSubPages/zMFBI0XMiRsJnnXWhL5S/topics/L2wWtC9VGd9bcVlQMhD1/quizzes/a5iVq0fBncAIKKk6TNCG","Adult Health Med Surg Proctored Exam (Viterbo University) Practice Questions | NursingMocks","Practice with 80 questions from Adult Health Med Surg Proctored Exam (Viterbo University) Practice Questions.","https://www.nursingmocks.com/adult-health-med-surg-proctored-exam-viterbo-university-practice-questions","https://www.nursingmocks.com/adult-health-med-surg-proctored-exam-viterbo-university-practice-questions","false","true","runtime-generated","0",""
"oNRP2zovjLpqGUhBr3M2","quiz","mental-health-proctored-exam-2-practice-questions","mental-health-proctored-exam-2-practice-questions","pillarPages/nursing-test-bank/subPages/SuT1noZoNGEjKGR1vTbi/nestedSubPages/zMFBI0XMiRsJnnXWhL5S/topics/dwj41dVBiWR9v4FRpKhC/quizzes/Ah6gtaXJBw27bNWCRpwN","Mental Health - Proctored Exam 2 Practice Questions | NursingMocks","Practice with 56 questions from Mental Health - Proctored Exam 2 Practice Questions.","https://www.nursingmocks.com/mental-health-proctored-exam-2-practice-questions","https://www.nursingmocks.com/mental-health-proctored-exam-2-practice-questions","false","true","runtime-generated","0",""
"oNe4ya7peBdzUfCHFwDL","quiz","med-surg-proctored-exam-practice-questions-set-78","med-surg-proctored-exam-practice-questions-set-78","pillarPages/nursing-test-bank/subPages/SuT1noZoNGEjKGR1vTbi/nestedSubPages/zMFBI0XMiRsJnnXWhL5S/topics/4xNDZPMszSkpgRfEsOck/quizzes/bxEnceOHYKbq97fBDGLt","Med Surg Proctored Exam Practice Questions - Set 78 | NursingMocks","Practice with 87 questions from Med Surg Proctored Exam Practice Questions - Set 78.","https://www.nursingmocks.com/med-surg-proctored-exam-practice-questions-set-78","https://www.nursingmocks.com/med-surg-proctored-exam-practice-questions-set-78","false","true","runtime-generated","0",""
"oSCeELSn029gWKcskijJ","quiz","ati-pn-med-surg-proctored-exam-3-practice-questions","ati-pn-med-surg-proctored-exam-3-practice-questions","pillarPages/nursing-test-bank/subPages/z0xzINtS3EohZNaKosBz/nestedSubPages/lyrHg4RBzN6UafuymMFT/topics/NywbGW22YNeZSM3kuwKk/quizzes/3bRF6qKDmGnCadouiYFL","ATI PN Med Surg Proctored Exam 3 Practice Questions | NursingMocks","Practice with 50 questions from ATI PN Med Surg Proctored Exam 3 Practice Questions.","https://www.nursingmocks.com/ati-pn-med-surg-proctored-exam-3-practice-questions","https://www.nursingmocks.com/ati-pn-med-surg-proctored-exam-3-practice-questions","false","true","runtime-generated","0",""
"oSLC91KXs6UKqu2HKiRw","quiz","hesi-rn-dosage-calculations-proctored-exam-practice-questions-set-15","hesi-rn-dosage-calculations-proctored-exam-practice-questions-set-15","pillarPages/nursing-test-bank/subPages/SuT1noZoNGEjKGR1vTbi/nestedSubPages/iT55qp9NAFOvZLBAiQzC/topics/dfRlrdGOvpDhVVXIqa0H/quizzes/SVVQfOKYIggLRcDTT7b5","HESI RN Dosage Calculations Proctored Exam Practice Questions - Set 15 | NursingMocks","Practice with 32 questions from HESI RN Dosage Calculations Proctored Exam Practice Questions - Set 15.","https://www.nursingmocks.com/hesi-rn-dosage-calculations-proctored-exam-practice-questions-set-15","https://www.nursingmocks.com/hesi-rn-dosage-calculations-proctored-exam-practice-questions-set-15","false","true","runtime-generated","0",""
"obGyxwqKQFsgQDXrVAGw","quiz","ati-comprehensive-predictor-2023-exit-proctored-exam-a","ati-comprehensive-predictor-2023-exit-proctored-exam-a","pillarPages/nursing-exit-exam/subPages/S4vSoa5bxDgZ1L5kLOJe/nestedSubPages/QsMAv9L9bzYoFjgdfKgH/quizzes/kpIDuI00sFiNtKQ3XGcg","ATI Comprehensive Predictor 2023 Exit Proctored Exam A | NursingMocks","ATI Comprehensive Predictor 2023 Exit Proctored Exam A practice questions and answers for Nursing Exit Exam review.","https://www.nursingmocks.com/ati-comprehensive-predictor-2023-exit-proctored-exam-a","https://www.nursingmocks.com/ati-comprehensive-predictor-2023-exit-proctored-exam-a","false","true","runtime-generated","0",""
"ojeITwbUZrhI5QJ1waw8","quiz","pnu-adult-health-ii-spring-2023-proctored-exam-2-practice-questions","pnu-adult-health-ii-spring-2023-proctored-exam-2-practice-questions","pillarPages/nursing-test-bank/subPages/SuT1noZoNGEjKGR1vTbi/nestedSubPages/zMFBI0XMiRsJnnXWhL5S/topics/L2wWtC9VGd9bcVlQMhD1/quizzes/8QHlFcMuvxDtESolxrmh","Pnu Adult Health II Spring 2023 Proctored Exam 2 Practice Questions | NursingMocks","Practice with 50 questions from Pnu Adult Health II Spring 2023 Proctored Exam 2 Practice Questions.","https://www.nursingmocks.com/pnu-adult-health-ii-spring-2023-proctored-exam-2-practice-questions","https://www.nursingmocks.com/pnu-adult-health-ii-spring-2023-proctored-exam-2-practice-questions","false","true","runtime-generated","0",""
"okuqMGfLzXn2vh6kz8bL","quiz","nut-200g-nutrition-proctored-exam-hellen-fuld-nursing-college-practice-questions","nut-200g-nutrition-proctored-exam-hellen-fuld-nursing-college-practice-questions","pillarPages/nursing-test-bank/subPages/SuT1noZoNGEjKGR1vTbi/nestedSubPages/zMFBI0XMiRsJnnXWhL5S/topics/8tULxFs8rXbWFtrCCixJ/quizzes/cXq2LvnV07f9cUKmWkpd","Nut 200G Nutrition Proctored Exam (Hellen Fuld Nursing College) Practice Questions | NursingMocks","Practice with 19 questions from Nut 200G Nutrition Proctored Exam (Hellen Fuld Nursing College) Practice Questions.","https://www.nursingmocks.com/nut-200g-nutrition-proctored-exam-hellen-fuld-nursing-college-practice-questions","https://www.nursingmocks.com/nut-200g-nutrition-proctored-exam-hellen-fuld-nursing-college-practice-questions","false","true","runtime-generated","0",""
"ovqgNqIw2hxR7PlmdAmV","quiz","teas-english-practice-test-set-15","teas-english-practice-test-set-15","pillarPages/nursing-entrance-exam/subPages/yrdSf0KpOcuybL1SLnw7/nestedSubPages/ykWIONcheFBJ7ooEl7WK/quizzes/3KVLAfDxTrwFyVJn2Uqc","ATI TEAS English Practice Test Set 15 Questions and Answers","Work through ATI TEAS English and Language Usage Set 15 questions and answers covering Conventions of Standard English, Knowledge of Language, and Using Language and Vocabulary to Express Ideas in Writing, with focus on standard English conventions, language precision, and writing clarity.","https://www.nursingmocks.com/teas-english-practice-test-set-15","https://www.nursingmocks.com/teas-english-practice-test-set-15","true","true","","0",""
"p0MoLbT22RTwpfz0HIQx","quiz","nurs-612-nursing-care-for-adult-proctored-exam-med-surg-exemplify-practice-questions","nurs-612-nursing-care-for-adult-proctored-exam-med-surg-exemplify-practice-questions","pillarPages/nursing-test-bank/subPages/SuT1noZoNGEjKGR1vTbi/nestedSubPages/zMFBI0XMiRsJnnXWhL5S/topics/4xNDZPMszSkpgRfEsOck/quizzes/AFgAo8a6TiUjsOFx1Yoi","NURS 612 Nursing Care for Adult Proctored Exam (Med Surg) Exemplify Practice Questions | NursingMocks","Practice with 25 questions from NURS 612 Nursing Care for Adult Proctored Exam (Med Surg) Exemplify Practice Questions.","https://www.nursingmocks.com/nurs-612-nursing-care-for-adult-proctored-exam-med-surg-exemplify-practice-questions","https://www.nursingmocks.com/nurs-612-nursing-care-for-adult-proctored-exam-med-surg-exemplify-practice-questions","false","true","runtime-generated","0",""
"p1Pv3IAdZgRI01rfqF4I","quiz","anatomy-and-physiology-proctored-exam-practice-questions-set-12","anatomy-and-physiology-proctored-exam-practice-questions-set-12","pillarPages/nursing-test-bank/subPages/SuT1noZoNGEjKGR1vTbi/nestedSubPages/zMFBI0XMiRsJnnXWhL5S/topics/PavJlfHXwXRUhopKAOO9/quizzes/6Bcl2LsmOPp4H20jNiDO","Anatomy and Physiology Proctored Exam Practice Questions - Set 12 | NursingMocks","Practice with 29 questions from Anatomy and Physiology Proctored Exam Practice Questions - Set 12.","https://www.nursingmocks.com/anatomy-and-physiology-proctored-exam-practice-questions-set-12","https://www.nursingmocks.com/anatomy-and-physiology-proctored-exam-practice-questions-set-12","false","true","runtime-generated","0",""
"p3oyQhUSJGU0y39hFSSB","quiz","ati-rn-comprehensive-per-2023-proctored-exam","ati-rn-comprehensive-per-2023-proctored-exam","pillarPages/nursing-exit-exam/subPages/S4vSoa5bxDgZ1L5kLOJe/nestedSubPages/QsMAv9L9bzYoFjgdfKgH/quizzes/5mxqPcR9vToegwoc5n4I","ATI RN Comprehensive Per 2023 Proctored Exam | NursingMocks","ATI RN Comprehensive Per 2023 Proctored Exam practice questions and answers for Nursing Exit Exam review.","https://www.nursingmocks.com/ati-rn-comprehensive-per-2023-proctored-exam","https://www.nursingmocks.com/ati-rn-comprehensive-per-2023-proctored-exam","false","true","runtime-generated","0",""
"pDfgdEAXCHhRZbfCtJFQ","quiz","south-tampa-university-pharmacology-proctored-exam-2-practice-questions","south-tampa-university-pharmacology-proctored-exam-2-practice-questions","pillarPages/nursing-test-bank/subPages/SuT1noZoNGEjKGR1vTbi/nestedSubPages/zMFBI0XMiRsJnnXWhL5S/topics/qjQzp4HMFByeL1UEKGDd/quizzes/jQdthBuIHzavgMOrwaCp","South Tampa University, Pharmacology Proctored Exam 2 Practice Questions | NursingMocks","Practice with 34 questions from South Tampa University, Pharmacology Proctored Exam 2 Practice Questions.","https://www.nursingmocks.com/south-tampa-university-pharmacology-proctored-exam-2-practice-questions","https://www.nursingmocks.com/south-tampa-university-pharmacology-proctored-exam-2-practice-questions","false","true","runtime-generated","0",""
"pDoHmWYEqqmWRl8kBexy","quiz","hesi-a2-biology-practice-test-set-4","hesi-a2-biology-practice-test-set-4","pillarPages/nursing-entrance-exam/subPages/rdYGUZ9DzFvAmo6EsrVe/nestedSubPages/4f2Tydp51lxl4u4OtTlL/quizzes/hesi-a2-biology-practice-test-set-4","HESI A2 Biology Practice Test Set 4","Practice HESI A2 Actual Exam Set 4 - Biology questions for HESI A2 preparation.","https://www.nursingmocks.com/hesi-a2-biology-practice-test-set-4","https://www.nursingmocks.com/hesi-a2-biology-practice-test-set-4","false","true","runtime-generated","0",""
"pMdtaieEOOqMkLBazmV2","quiz","hesi-rn-fundamentals-with-ngn-proctored-exam-practice-questions","hesi-rn-fundamentals-with-ngn-proctored-exam-practice-questions","pillarPages/nursing-test-bank/subPages/SuT1noZoNGEjKGR1vTbi/nestedSubPages/iT55qp9NAFOvZLBAiQzC/topics/70YsvvAfpEoWkJ2zO8Vy/quizzes/YUbZPDUnP6yc7WlCK3MP","HESI RN Fundamentals with NGN Proctored Exam Practice Questions | NursingMocks","Practice with 51 questions from HESI RN Fundamentals with NGN Proctored Exam Practice Questions.","https://www.nursingmocks.com/hesi-rn-fundamentals-with-ngn-proctored-exam-practice-questions","https://www.nursingmocks.com/hesi-rn-fundamentals-with-ngn-proctored-exam-practice-questions","false","true","runtime-generated","0",""
"pNYo0i4m9NgiIy7GIOGH","quiz","ati-pn-advanced-concept-quiz-proctored-exam-practice-questions","ati-pn-advanced-concept-quiz-proctored-exam-practice-questions","pillarPages/nursing-test-bank/subPages/z0xzINtS3EohZNaKosBz/nestedSubPages/lyrHg4RBzN6UafuymMFT/topics/1Lb0PkKiTEM2wQOIMDtv/quizzes/0IapczOwzJSEcMSutZR5","ATI PN Advanced Concept Quiz Proctored Exam Practice Questions | NursingMocks","Practice with 65 questions from ATI PN Advanced Concept Quiz Proctored Exam Practice Questions.","https://www.nursingmocks.com/ati-pn-advanced-concept-quiz-proctored-exam-practice-questions","https://www.nursingmocks.com/ati-pn-advanced-concept-quiz-proctored-exam-practice-questions","false","true","runtime-generated","0",""
"pSB3xtBbx3NRxamYJihD","quiz","med-surg-proctored-exam-cni-college-practice-questions-set-57","med-surg-proctored-exam-cni-college-practice-questions-set-57","pillarPages/nursing-test-bank/subPages/SuT1noZoNGEjKGR1vTbi/nestedSubPages/zMFBI0XMiRsJnnXWhL5S/topics/4xNDZPMszSkpgRfEsOck/quizzes/yXINuiHNupyhUA8oW0rO","Med Surg Proctored Exam (Cni College) Practice Questions - Set 57 | NursingMocks","Practice with 55 questions from Med Surg Proctored Exam (Cni College) Practice Questions - Set 57.","https://www.nursingmocks.com/med-surg-proctored-exam-cni-college-practice-questions-set-57","https://www.nursingmocks.com/med-surg-proctored-exam-cni-college-practice-questions-set-57","false","true","runtime-generated","0",""
"pY1DZUPr9dCMv0hy89sV","quiz","nursing-fundamentals-exam-3-practice-questions","nursing-fundamentals-exam-3-practice-questions","pillarPages/nursing-test-bank/subPages/SuT1noZoNGEjKGR1vTbi/nestedSubPages/zMFBI0XMiRsJnnXWhL5S/topics/sBc3Ee7TKg33PIbmj4Hb/quizzes/a25IRnAAaxhyPcS2L6JM","Nursing Fundamentals Exam 3 Practice Questions | NursingMocks","Practice with 48 questions from Nursing Fundamentals Exam 3 Practice Questions.","https://www.nursingmocks.com/nursing-fundamentals-exam-3-practice-questions","https://www.nursingmocks.com/nursing-fundamentals-exam-3-practice-questions","false","true","runtime-generated","0",""
"pYMA3nr0at7932QFFRPu","quiz","ati-pn-adult-medical-surgical-2023-74-proctored-exam-practice-questions","ati-pn-adult-medical-surgical-2023-74-proctored-exam-practice-questions","pillarPages/nursing-test-bank/subPages/z0xzINtS3EohZNaKosBz/nestedSubPages/lyrHg4RBzN6UafuymMFT/topics/NywbGW22YNeZSM3kuwKk/quizzes/3gPVzqApGZVDzGXaPdp9","ATI PN Adult Medical Surgical 2023 74 Proctored Exam Practice Questions | NursingMocks","Practice with 74 questions from ATI PN Adult Medical Surgical 2023 74 Proctored Exam Practice Questions.","https://www.nursingmocks.com/ati-pn-adult-medical-surgical-2023-74-proctored-exam-practice-questions","https://www.nursingmocks.com/ati-pn-adult-medical-surgical-2023-74-proctored-exam-practice-questions","false","true","runtime-generated","0",""
"pdFkWj7p9vyyiAAvoFNl","quiz","hesi-rn-health-assessment-wgu-d344-proctored-exam-practice-questions","hesi-rn-health-assessment-wgu-d344-proctored-exam-practice-questions","pillarPages/nursing-test-bank/subPages/SuT1noZoNGEjKGR1vTbi/nestedSubPages/iT55qp9NAFOvZLBAiQzC/topics/0zSu4efsFf1RPT4W2Xjn/quizzes/AMu3OJDocG3Hj2RcXy6X","HESI RN Health Assessment WGU D344 Proctored Exam Practice Questions | NursingMocks","Practice with 61 questions from HESI RN Health Assessment WGU D344 Proctored Exam Practice Questions.","https://www.nursingmocks.com/hesi-rn-health-assessment-wgu-d344-proctored-exam-practice-questions","https://www.nursingmocks.com/hesi-rn-health-assessment-wgu-d344-proctored-exam-practice-questions","false","true","runtime-generated","0",""
"pdGznFmRdktCxzPV5cve","quiz","microbiology-proctored-exam-hennepin-tech-practice-questions","microbiology-proctored-exam-hennepin-tech-practice-questions","pillarPages/nursing-test-bank/subPages/SuT1noZoNGEjKGR1vTbi/nestedSubPages/zMFBI0XMiRsJnnXWhL5S/topics/9DamWJdFDUGMGLjGeQbF/quizzes/RNmomA1NAuWoGHEEIwjg","Microbiology Proctored Exam (Hennepin Tech) Practice Questions | NursingMocks","Practice with 51 questions from Microbiology Proctored Exam (Hennepin Tech) Practice Questions.","https://www.nursingmocks.com/microbiology-proctored-exam-hennepin-tech-practice-questions","https://www.nursingmocks.com/microbiology-proctored-exam-hennepin-tech-practice-questions","false","true","runtime-generated","0",""
"pdNCysio2PiLsicKFG0F","quiz","hesi-rn-bsn-315-rn-pharmacology-35504-proctored-exam-practice-questions","hesi-rn-bsn-315-rn-pharmacology-35504-proctored-exam-practice-questions","pillarPages/nursing-test-bank/subPages/SuT1noZoNGEjKGR1vTbi/nestedSubPages/iT55qp9NAFOvZLBAiQzC/topics/l1kSgSxIYg2SRUN8aWqE/quizzes/rMbdJW8otv1eXcxfPKOd","HESI RN Bsn 315 RN Pharmacology 35504 Proctored Exam Practice Questions | NursingMocks","Practice with 58 questions from HESI RN Bsn 315 RN Pharmacology 35504 Proctored Exam Practice Questions.","https://www.nursingmocks.com/hesi-rn-bsn-315-rn-pharmacology-35504-proctored-exam-practice-questions","https://www.nursingmocks.com/hesi-rn-bsn-315-rn-pharmacology-35504-proctored-exam-practice-questions","false","true","runtime-generated","0",""
"phpCkwToIGIXNpu3CQve","quiz","ati-pn-custom-lifespan-proctored-exam-1-2023-practice-questions","ati-pn-custom-lifespan-proctored-exam-1-2023-practice-questions","pillarPages/nursing-test-bank/subPages/z0xzINtS3EohZNaKosBz/nestedSubPages/lyrHg4RBzN6UafuymMFT/topics/Y0MhOdG0hGVh8AUsgVrz/quizzes/aay1v1qSUacMrZy8cglV","ATI PN Custom Lifespan Proctored Exam 1 2023 Practice Questions | NursingMocks","Practice with 51 questions from ATI PN Custom Lifespan Proctored Exam 1 2023 Practice Questions.","https://www.nursingmocks.com/ati-pn-custom-lifespan-proctored-exam-1-2023-practice-questions","https://www.nursingmocks.com/ati-pn-custom-lifespan-proctored-exam-1-2023-practice-questions","false","true","runtime-generated","0",""
"pkstIePaf64jQXRI4Ddb","quiz","ati-pn-mental-health-proctored-exam-2023-ii-practice-questions","ati-pn-mental-health-proctored-exam-2023-ii-practice-questions","pillarPages/nursing-test-bank/subPages/z0xzINtS3EohZNaKosBz/nestedSubPages/lyrHg4RBzN6UafuymMFT/topics/6i5h4wWlOfz4R8huNTkC/quizzes/BeTl4ra87exPAxeEb4d2","ATI PN Mental Health Proctored Exam 2023 II Practice Questions | NursingMocks","Practice with 58 questions from ATI PN Mental Health Proctored Exam 2023 II Practice Questions.","https://www.nursingmocks.com/ati-pn-mental-health-proctored-exam-2023-ii-practice-questions","https://www.nursingmocks.com/ati-pn-mental-health-proctored-exam-2023-ii-practice-questions","false","true","runtime-generated","0",""
"plyTgZSbo70POIzKMn6R","nested","ati-teas-reading-practice-test","ati-teas-reading-practice-test","pillarPages/nursing-entrance-exam/subPages/yrdSf0KpOcuybL1SLnw7/nestedSubPages/2JIZgWhm9jUkoNFmkY7R","ATI TEAS Reading Practice Test 2026 | Questions & Answers","Take an ATI TEAS Reading practice test with realistic questions, answers, and explanations covering key ideas, craft and structure, and integration of knowledge.","https://www.nursingmocks.com/ati-teas-reading-practice-test","https://www.nursingmocks.com/ati-teas-reading-practice-test","true","true","","0",""
"pvn0sORK9tvmzoZOu9IC","topic","hesi-rn-milestones-practice-questions","hesi-rn-milestones-practice-questions","pillarPages/nursing-test-bank/subPages/SuT1noZoNGEjKGR1vTbi/nestedSubPages/iT55qp9NAFOvZLBAiQzC/topics/uB91yHbugrkUWJTjsoS7","HESI RN Milestones Questions | NursingMocks","Review HESI RN Milestones questions for growth, development, age-based care, and expected client development.","https://www.nursingmocks.com/hesi-rn-milestones-practice-questions","https://www.nursingmocks.com/hesi-rn-milestones-practice-questions","true","true","","0",""
"pygOACUprZ1Rl7tZwlWI","quiz","vati-pn-comprehensive-predictor-2020-proctored-exam","vati-pn-comprehensive-predictor-2020-proctored-exam","pillarPages/nursing-exit-exam/subPages/nkXaaMfkkbvjmrSRwtVq/nestedSubPages/ShdTxCRHYWbhmGg06Sgw/quizzes/qjOgIh4lCH9JhxsoZg9x","VATI PN Comprehensive Predictor 2020 Proctored Exam | NursingMocks","VATI PN Comprehensive Predictor 2020 Proctored Exam practice questions and answers for Nursing Exit Exam review.","https://www.nursingmocks.com/vati-pn-comprehensive-predictor-2020-proctored-exam","https://www.nursingmocks.com/vati-pn-comprehensive-predictor-2020-proctored-exam","false","true","runtime-generated","0",""
"q2wnFWL6cZ97vLkmfx0N","quiz","hesi-rn-leadership-rn-samuel-merit-proctored-exam-practice-questions","hesi-rn-leadership-rn-samuel-merit-proctored-exam-practice-questions","pillarPages/nursing-test-bank/subPages/SuT1noZoNGEjKGR1vTbi/nestedSubPages/iT55qp9NAFOvZLBAiQzC/topics/30nccr09IVuWd4PtZ4XA/quizzes/PyPhYIlC0XY5JFFZyPVK","HESI RN Leadership RN Samuel Merit Proctored Exam Practice Questions | NursingMocks","Practice with 47 questions from HESI RN Leadership RN Samuel Merit Proctored Exam Practice Questions.","https://www.nursingmocks.com/hesi-rn-leadership-rn-samuel-merit-proctored-exam-practice-questions","https://www.nursingmocks.com/hesi-rn-leadership-rn-samuel-merit-proctored-exam-practice-questions","false","true","runtime-generated","0",""
"q3xS0SVRA9tjHpDA2G13","quiz","med-surg-proctored-exam-cni-college-practice-questions-set-27","med-surg-proctored-exam-cni-college-practice-questions-set-27","pillarPages/nursing-test-bank/subPages/SuT1noZoNGEjKGR1vTbi/nestedSubPages/zMFBI0XMiRsJnnXWhL5S/topics/4xNDZPMszSkpgRfEsOck/quizzes/UMUpMxf65LAN0AnFrsaV","Med Surg Proctored Exam (Cni College) Practice Questions - Set 27 | NursingMocks","Practice with 50 questions from Med Surg Proctored Exam (Cni College) Practice Questions - Set 27.","https://www.nursingmocks.com/med-surg-proctored-exam-cni-college-practice-questions-set-27","https://www.nursingmocks.com/med-surg-proctored-exam-cni-college-practice-questions-set-27","false","true","runtime-generated","0",""
"q5XdiyAg353khWrk8lYJ","quiz","hesi-rn-med-surg-2-proctored-exam-practice-questions","hesi-rn-med-surg-2-proctored-exam-practice-questions","pillarPages/nursing-test-bank/subPages/SuT1noZoNGEjKGR1vTbi/nestedSubPages/iT55qp9NAFOvZLBAiQzC/topics/aS23yuUD7OS39aVVutYn/quizzes/qzMaDefuJlROZo48d5ua","HESI RN Med Surg 2 Proctored Exam Practice Questions | NursingMocks","Practice with 41 questions from HESI RN Med Surg 2 Proctored Exam Practice Questions.","https://www.nursingmocks.com/hesi-rn-med-surg-2-proctored-exam-practice-questions","https://www.nursingmocks.com/hesi-rn-med-surg-2-proctored-exam-practice-questions","false","true","runtime-generated","0",""
"qDpjCdbZb7PnYAIQn8Mc","topic","ati-pn-pediatric-nursing-practice-questions","ati-pn-pediatric-nursing-practice-questions","pillarPages/nursing-test-bank/subPages/z0xzINtS3EohZNaKosBz/nestedSubPages/lyrHg4RBzN6UafuymMFT/topics/Y0MhOdG0hGVh8AUsgVrz","ATI PN Pediatric Nursing Questions | NursingMocks","Practice ATI PN Pediatric Nursing questions for child health, growth and development, family teaching, safety, and pediatric care.","https://www.nursingmocks.com/ati-pn-pediatric-nursing-practice-questions","https://www.nursingmocks.com/ati-pn-pediatric-nursing-practice-questions","true","true","","0",""
"qO0YqjkZ5MwWSBx6UftJ","quiz","n158-pediatrics-proctored-exam-practice-questions","n158-pediatrics-proctored-exam-practice-questions","pillarPages/nursing-test-bank/subPages/SuT1noZoNGEjKGR1vTbi/nestedSubPages/zMFBI0XMiRsJnnXWhL5S/topics/Hwspg6smTqrELsoRSNmc/quizzes/TlvHVpWtfmv3JjWY0Rhx","N158 Pediatrics Proctored Exam Practice Questions | NursingMocks","Practice with 32 questions from N158 Pediatrics Proctored Exam Practice Questions.","https://www.nursingmocks.com/n158-pediatrics-proctored-exam-practice-questions","https://www.nursingmocks.com/n158-pediatrics-proctored-exam-practice-questions","false","true","runtime-generated","0",""
"qPeVhoWflfbUZft5F4IH","quiz","lpn-fundamentals-proctored-exam-basic-nursing-set-2-practice-questions","lpn-fundamentals-proctored-exam-basic-nursing-set-2-practice-questions","pillarPages/nursing-test-bank/subPages/z0xzINtS3EohZNaKosBz/nestedSubPages/3K3wv7IGcDcXvSNM9Kxm/topics/XKenRdlHMVfdY4Dl99G2/quizzes/tSHpzu8EtjcDHeg1jVJH","LPN Fundamentals Proctored Exam (Basic Nursing) - Set 2 Practice Questions | NursingMocks","Practice with 50 questions from LPN Fundamentals Proctored Exam (Basic Nursing) - Set 2 Practice Questions.","https://www.nursingmocks.com/lpn-fundamentals-proctored-exam-basic-nursing-set-2-practice-questions","https://www.nursingmocks.com/lpn-fundamentals-proctored-exam-basic-nursing-set-2-practice-questions","false","true","runtime-generated","0",""
"qTpRXl4lp0BM38QDK1Dz","quiz","teas-reading-practice-test-set-15","teas-reading-practice-test-set-15","pillarPages/nursing-entrance-exam/subPages/yrdSf0KpOcuybL1SLnw7/nestedSubPages/2JIZgWhm9jUkoNFmkY7R/quizzes/R8xoEcO05QfGke6epALS","ATI TEAS Reading Practice Test Set 15 Questions and Answers","Review ATI TEAS Reading Set 15 questions and answers covering Key Ideas and Details, Craft and Structure, and Integration of Knowledge and Ideas, with focus on author purpose, text structure, and meaning in context.","https://www.nursingmocks.com/teas-reading-practice-test-set-15","https://www.nursingmocks.com/teas-reading-practice-test-set-15","true","true","","0",""
"qW7iSZSd3YUPpwvHIVu0","quiz","ati-pn-comprehensive-predictor-2023-proctored-exam-4","ati-pn-comprehensive-predictor-2023-proctored-exam-4","pillarPages/nursing-exit-exam/subPages/nkXaaMfkkbvjmrSRwtVq/nestedSubPages/ShdTxCRHYWbhmGg06Sgw/quizzes/uCJDDiHB4c4FriQUKOy6","ATI PN Comprehensive Predictor 2023 Proctored Exam 4 | NursingMocks","ATI PN Comprehensive Predictor 2023 Proctored Exam 4 practice questions and answers for Nursing Exit Exam review.","https://www.nursingmocks.com/ati-pn-comprehensive-predictor-2023-proctored-exam-4","https://www.nursingmocks.com/ati-pn-comprehensive-predictor-2023-proctored-exam-4","false","true","runtime-generated","0",""
"qZdpFV5SxghVAX8UVmly","quiz","proctored-exam-1-icu-cardiac-respiratory-neuro-renal-shock-skills-practice-questions","proctored-exam-1-icu-cardiac-respiratory-neuro-renal-shock-skills-practice-questions","pillarPages/nursing-test-bank/subPages/SuT1noZoNGEjKGR1vTbi/nestedSubPages/zMFBI0XMiRsJnnXWhL5S/topics/ClP0t5MZQ8KQGRehmVDG/quizzes/V2mAjcJZqxNbTfGowPWc","Proctored Exam 1 ICU Cardiac, Respiratory, Neuro, Renal, Shock Skills Practice Questions | NursingMocks","Practice with 55 questions from Proctored Exam 1 ICU Cardiac, Respiratory, Neuro, Renal, Shock Skills Practice Questions.","https://www.nursingmocks.com/proctored-exam-1-icu-cardiac-respiratory-neuro-renal-shock-skills-practice-questions","https://www.nursingmocks.com/proctored-exam-1-icu-cardiac-respiratory-neuro-renal-shock-skills-practice-questions","false","true","runtime-generated","0",""
"qaYJ9KeJcNmKpAln8WGa","quiz","ati-pn-comprehensive-predictor-2023-proctored-exam-form-2","ati-pn-comprehensive-predictor-2023-proctored-exam-form-2","pillarPages/nursing-exit-exam/subPages/nkXaaMfkkbvjmrSRwtVq/nestedSubPages/ShdTxCRHYWbhmGg06Sgw/quizzes/j713hlGJ9h6NB9ntKO81","1-Ati pn comprehensive predictor 2023 proctored exam | NursingMocks","Practice nursing exit exam questions and answers for 1-Ati pn comprehensive predictor 2023 proctored exam.","https://www.nursingmocks.com/ati-pn-comprehensive-predictor-2023-proctored-exam-form-2","https://www.nursingmocks.com/ati-pn-comprehensive-predictor-2023-proctored-exam-form-2","false","true","runtime-generated","0",""
"qhKm0k51dY735SIg0SEG","quiz","hesi-rn-adult-health-1-proctored-exam-practice-questions","hesi-rn-adult-health-1-proctored-exam-practice-questions","pillarPages/nursing-test-bank/subPages/SuT1noZoNGEjKGR1vTbi/nestedSubPages/iT55qp9NAFOvZLBAiQzC/topics/n2FK9jdRFYQvHbryoAbl/quizzes/bNhUp2jHjOZTICwKsByz","HESI RN Adult Health 1 Proctored Exam Practice Questions | NursingMocks","Practice with 49 questions from HESI RN Adult Health 1 Proctored Exam Practice Questions.","https://www.nursingmocks.com/hesi-rn-adult-health-1-proctored-exam-practice-questions","https://www.nursingmocks.com/hesi-rn-adult-health-1-proctored-exam-practice-questions","false","true","runtime-generated","0",""
"qjmm8h2QlJO7gpkfuOuB","quiz","teas-science-practice-test-set-7","teas-science-practice-test-set-7","pillarPages/nursing-entrance-exam/subPages/yrdSf0KpOcuybL1SLnw7/nestedSubPages/uJVUx7wiwgxZ5HPJXNkV/quizzes/gtuKle3JV8tjfVgkJyUM","ATI TEAS Science Practice Test Set 7 Questions and Answers","Practice ATI TEAS Science Set 7 questions and answers covering Human Anatomy and Physiology, Biology, Chemistry, and Scientific Reasoning, with focus on anatomy, physiology, biological processes, and interpreting scientific information.","https://www.nursingmocks.com/teas-science-practice-test-set-7","https://www.nursingmocks.com/teas-science-practice-test-set-7","true","true","","0",""
"qmMUb2ITjgck3sTbQpdf","quiz","rn-comprehensive-predictor-proctored-exam","rn-comprehensive-predictor-proctored-exam","pillarPages/nursing-exit-exam/subPages/S4vSoa5bxDgZ1L5kLOJe/nestedSubPages/QsMAv9L9bzYoFjgdfKgH/quizzes/2AmKZqRVgX8ztjqPlYkt","RN Comprehensive Predictor Proctored Exam | NursingMocks","RN Comprehensive Predictor Proctored Exam practice questions and answers for Nursing Exit Exam review.","https://www.nursingmocks.com/rn-comprehensive-predictor-proctored-exam","https://www.nursingmocks.com/rn-comprehensive-predictor-proctored-exam","false","true","runtime-generated","0",""
"qsxKn03SdvNbmtGd0qlB","quiz","cto1-dosage-calculations-proctored-exam-practice-questions","cto1-dosage-calculations-proctored-exam-practice-questions","pillarPages/nursing-test-bank/subPages/SuT1noZoNGEjKGR1vTbi/nestedSubPages/zMFBI0XMiRsJnnXWhL5S/topics/GXrH3QXIidtKg5Jx0ly4/quizzes/lZ2F8XSQDWyqYuiyiZyD","Cto1 Dosage Calculations Proctored Exam Practice Questions | NursingMocks","Practice with 66 questions from Cto1 Dosage Calculations Proctored Exam Practice Questions.","https://www.nursingmocks.com/cto1-dosage-calculations-proctored-exam-practice-questions","https://www.nursingmocks.com/cto1-dosage-calculations-proctored-exam-practice-questions","false","true","runtime-generated","0",""
"qz9j8d2jWKnlEwjnEuDc","quiz","ati-pn-advanced-med-surg-proctored-exam-practice-questions-set-28","ati-pn-advanced-med-surg-proctored-exam-practice-questions-set-28","pillarPages/nursing-test-bank/subPages/z0xzINtS3EohZNaKosBz/nestedSubPages/lyrHg4RBzN6UafuymMFT/topics/NywbGW22YNeZSM3kuwKk/quizzes/GHGeirIq9kBxLgCe2Wot","ATI PN Advanced Med Surg Proctored Exam Practice Questions - Set 28 | NursingMocks","Practice with 41 questions from ATI PN Advanced Med Surg Proctored Exam Practice Questions - Set 28.","https://www.nursingmocks.com/ati-pn-advanced-med-surg-proctored-exam-practice-questions-set-28","https://www.nursingmocks.com/ati-pn-advanced-med-surg-proctored-exam-practice-questions-set-28","false","true","runtime-generated","0",""
"r0wJLdvKUsVfCAhPfGyY","quiz","pediatrics-proctored-exam-1-practice-questions","pediatrics-proctored-exam-1-practice-questions","pillarPages/nursing-test-bank/subPages/SuT1noZoNGEjKGR1vTbi/nestedSubPages/zMFBI0XMiRsJnnXWhL5S/topics/Hwspg6smTqrELsoRSNmc/quizzes/m6XWREK5itEMmZz5MTTa","Pediatrics Proctored Exam 1 Practice Questions | NursingMocks","Practice with 100 questions from Pediatrics Proctored Exam 1 Practice Questions.","https://www.nursingmocks.com/pediatrics-proctored-exam-1-practice-questions","https://www.nursingmocks.com/pediatrics-proctored-exam-1-practice-questions","false","true","runtime-generated","0",""
"r1kmD6PkPPiEulejxMPT","quiz","hesi-rn-nightdale-college-exam-fundamental-of-nursing-proctored-exam-1-practice-questions","hesi-rn-nightdale-college-exam-fundamental-of-nursing-proctored-exam-1-practice-questions","pillarPages/nursing-test-bank/subPages/SuT1noZoNGEjKGR1vTbi/nestedSubPages/iT55qp9NAFOvZLBAiQzC/topics/70YsvvAfpEoWkJ2zO8Vy/quizzes/J19fGAdSNsesvGbyBvQ2","HESI RN Nightdale College Exam Fundamental of Nursing Proctored Exam 1 Practice Questions | NursingMocks","Practice with 44 questions from HESI RN Nightdale College Exam Fundamental of Nursing Proctored Exam 1 Practice Questions.","https://www.nursingmocks.com/hesi-rn-nightdale-college-exam-fundamental-of-nursing-proctored-exam-1-practice-questions","https://www.nursingmocks.com/hesi-rn-nightdale-college-exam-fundamental-of-nursing-proctored-exam-1-practice-questions","false","true","runtime-generated","0",""
"r3wYnUx0AzBGBSYqjinn","quiz","lpn-basic-nursing-proctored-exam-fundamentals-practice-questions","lpn-basic-nursing-proctored-exam-fundamentals-practice-questions","pillarPages/nursing-test-bank/subPages/z0xzINtS3EohZNaKosBz/nestedSubPages/3K3wv7IGcDcXvSNM9Kxm/topics/XKenRdlHMVfdY4Dl99G2/quizzes/mKvZHuQw9aaNdqJWPjjZ","LPN Basic Nursing Proctored Exam (Fundamentals) Practice Questions | NursingMocks","Practice with 26 questions from LPN Basic Nursing Proctored Exam (Fundamentals) Practice Questions.","https://www.nursingmocks.com/lpn-basic-nursing-proctored-exam-fundamentals-practice-questions","https://www.nursingmocks.com/lpn-basic-nursing-proctored-exam-fundamentals-practice-questions","false","true","runtime-generated","0",""
"r6V7Q87jxFqFr68NEI3V","quiz","ati-pn-med-surg-u13-proctored-exam-practice-questions","ati-pn-med-surg-u13-proctored-exam-practice-questions","pillarPages/nursing-test-bank/subPages/z0xzINtS3EohZNaKosBz/nestedSubPages/lyrHg4RBzN6UafuymMFT/topics/NywbGW22YNeZSM3kuwKk/quizzes/kfVuIF7obR5nV7dzcpNc","ATI PN Med Surg U13 Proctored Exam Practice Questions | NursingMocks","Practice with 44 questions from ATI PN Med Surg U13 Proctored Exam Practice Questions.","https://www.nursingmocks.com/ati-pn-med-surg-u13-proctored-exam-practice-questions","https://www.nursingmocks.com/ati-pn-med-surg-u13-proctored-exam-practice-questions","false","true","runtime-generated","0",""
"r6n1vPmnhrQsTHMfYtFZ","quiz","mca-managing-care-of-adults-proctored-exam-samuel-merit-university-practice-questions","mca-managing-care-of-adults-proctored-exam-samuel-merit-university-practice-questions","pillarPages/nursing-test-bank/subPages/SuT1noZoNGEjKGR1vTbi/nestedSubPages/zMFBI0XMiRsJnnXWhL5S/topics/L2wWtC9VGd9bcVlQMhD1/quizzes/yUDJcrhu6PtKiTcCjwwr","Mca Managing Care of Adults Proctored Exam (Samuel Merit University) Practice Questions | NursingMocks","Practice with 19 questions from Mca Managing Care of Adults Proctored Exam (Samuel Merit University) Practice Questions.","https://www.nursingmocks.com/mca-managing-care-of-adults-proctored-exam-samuel-merit-university-practice-questions","https://www.nursingmocks.com/mca-managing-care-of-adults-proctored-exam-samuel-merit-university-practice-questions","false","true","runtime-generated","0",""
"rIFuZ2VSx71rQa5XZ2ca","quiz","ati-pn-pharmacology-and-dosage-calculation-proctored-exam-practice-questions","ati-pn-pharmacology-and-dosage-calculation-proctored-exam-practice-questions","pillarPages/nursing-test-bank/subPages/z0xzINtS3EohZNaKosBz/nestedSubPages/lyrHg4RBzN6UafuymMFT/topics/NHgx9LFXpsLVcFjsOujF/quizzes/6YEr6snW33ce9iwOdnbB","ATI PN Pharmacology and Dosage Calculation Proctored Exam Practice Questions | NursingMocks","Practice with 45 questions from ATI PN Pharmacology and Dosage Calculation Proctored Exam Practice Questions.","https://www.nursingmocks.com/ati-pn-pharmacology-and-dosage-calculation-proctored-exam-practice-questions","https://www.nursingmocks.com/ati-pn-pharmacology-and-dosage-calculation-proctored-exam-practice-questions","false","true","runtime-generated","0",""
"rJ71lePCuWpH6ECDMjoW","quiz","pathophysiology-proctored-exam-samuel-merit-university-practice-questions-set-7","pathophysiology-proctored-exam-samuel-merit-university-practice-questions-set-7","pillarPages/nursing-test-bank/subPages/SuT1noZoNGEjKGR1vTbi/nestedSubPages/zMFBI0XMiRsJnnXWhL5S/topics/KyUeIK7zxUi2K91H84Bj/quizzes/GXzRTIhq2XdxnQOEHErG","Pathophysiology Proctored Exam (Samuel Merit University) Practice Questions - Set 7 | NursingMocks","Practice with 41 questions from Pathophysiology Proctored Exam (Samuel Merit University) Practice Questions - Set 7.","https://www.nursingmocks.com/pathophysiology-proctored-exam-samuel-merit-university-practice-questions-set-7","https://www.nursingmocks.com/pathophysiology-proctored-exam-samuel-merit-university-practice-questions-set-7","false","true","runtime-generated","0",""
"riCP02MwO28et7F45mCn","quiz","ati-pn-pharmacology-herzing-university-proctored-exam-practice-questions","ati-pn-pharmacology-herzing-university-proctored-exam-practice-questions","pillarPages/nursing-test-bank/subPages/z0xzINtS3EohZNaKosBz/nestedSubPages/lyrHg4RBzN6UafuymMFT/topics/13a3GLxldltUqhIxNzkr/quizzes/vrQgsIZ3IomsauwF6bio","ATI PN Pharmacology Herzing University Proctored Exam Practice Questions | NursingMocks","Practice with 43 questions from ATI PN Pharmacology Herzing University Proctored Exam Practice Questions.","https://www.nursingmocks.com/ati-pn-pharmacology-herzing-university-proctored-exam-practice-questions","https://www.nursingmocks.com/ati-pn-pharmacology-herzing-university-proctored-exam-practice-questions","false","true","runtime-generated","0",""
"rxCMZKzpbBsoTDk7UA2s","quiz","spring-2024-comprehensive-proctored-exam-2-practice-questions","spring-2024-comprehensive-proctored-exam-2-practice-questions","pillarPages/nursing-test-bank/subPages/SuT1noZoNGEjKGR1vTbi/nestedSubPages/zMFBI0XMiRsJnnXWhL5S/topics/sBc3Ee7TKg33PIbmj4Hb/quizzes/shwsUn3VEpO5KJkSHX1u","Spring 2024 Comprehensive Proctored Exam #2 Practice Questions | NursingMocks","Practice with 32 questions from Spring 2024 Comprehensive Proctored Exam #2 Practice Questions.","https://www.nursingmocks.com/spring-2024-comprehensive-proctored-exam-2-practice-questions","https://www.nursingmocks.com/spring-2024-comprehensive-proctored-exam-2-practice-questions","false","true","runtime-generated","0",""
"s1MiDQlTHFRV63VF5dVU","quiz","wgu-rn-hesi-rn-pharmacology-proctored-exam-practice-questions","wgu-rn-hesi-rn-pharmacology-proctored-exam-practice-questions","pillarPages/nursing-test-bank/subPages/SuT1noZoNGEjKGR1vTbi/nestedSubPages/iT55qp9NAFOvZLBAiQzC/topics/l1kSgSxIYg2SRUN8aWqE/quizzes/iCOu66ws5XzFd0XC5nC4","WGU RN HESI RN Pharmacology Proctored Exam Practice Questions | NursingMocks","Practice with 35 questions from WGU RN HESI RN Pharmacology Proctored Exam Practice Questions.","https://www.nursingmocks.com/wgu-rn-hesi-rn-pharmacology-proctored-exam-practice-questions","https://www.nursingmocks.com/wgu-rn-hesi-rn-pharmacology-proctored-exam-practice-questions","false","true","runtime-generated","0",""
"s48bKKMlbKJ4sDlW4kSp","sub","lpn-exit-exams","lpn-exit-exams","pillarPages/nursing-exit-exam/subPages/nkXaaMfkkbvjmrSRwtVq","LPN Exam | Nursing Exit Exam","Content for LPN Exam under Nursing Exit Exam.","https://www.nursingmocks.com/lpn-exit-exams","https://www.nursingmocks.com/lpn-exit-exams","true","true","","0",""
"s5JyrXR2luN3lGO1zDSp","quiz","med-surg-proctored-exam-practice-questions-set-19","med-surg-proctored-exam-practice-questions-set-19","pillarPages/nursing-test-bank/subPages/SuT1noZoNGEjKGR1vTbi/nestedSubPages/zMFBI0XMiRsJnnXWhL5S/topics/4xNDZPMszSkpgRfEsOck/quizzes/kYAOUCGOPnDKVwTnNHHT","Med Surg Proctored Exam Practice Questions - Set 19 | NursingMocks","Practice with 67 questions from Med Surg Proctored Exam Practice Questions - Set 19.","https://www.nursingmocks.com/med-surg-proctored-exam-practice-questions-set-19","https://www.nursingmocks.com/med-surg-proctored-exam-practice-questions-set-19","false","true","runtime-generated","0",""
"s6AC1KB4aPjWdLMwjQeS","quiz","wgu-pathophysiology-proctored-exam-practice-questions-set-9","wgu-pathophysiology-proctored-exam-practice-questions-set-9","pillarPages/nursing-test-bank/subPages/SuT1noZoNGEjKGR1vTbi/nestedSubPages/zMFBI0XMiRsJnnXWhL5S/topics/KyUeIK7zxUi2K91H84Bj/quizzes/poiZC80zhEt3J4cbY0fl","WGU Pathophysiology Proctored Exam Practice Questions - Set 9 | NursingMocks","Practice with 47 questions from WGU Pathophysiology Proctored Exam Practice Questions - Set 9.","https://www.nursingmocks.com/wgu-pathophysiology-proctored-exam-practice-questions-set-9","https://www.nursingmocks.com/wgu-pathophysiology-proctored-exam-practice-questions-set-9","false","true","runtime-generated","0",""
"sCRq4mlapJbpO5tXE47U","quiz","teas-reading-practice-test-set-11","teas-reading-practice-test-set-11","pillarPages/nursing-entrance-exam/subPages/yrdSf0KpOcuybL1SLnw7/nestedSubPages/2JIZgWhm9jUkoNFmkY7R/quizzes/mR7LVDa7EQWk5YBeAFsD","ATI TEAS Reading Practice Test Set 11 Questions and Answers","Strengthen skills with ATI TEAS Reading Set 11 questions and answers covering Key Ideas and Details, Craft and Structure, and Integration of Knowledge and Ideas, with focus on comparing details, identifying conclusions, and following passage logic.","https://www.nursingmocks.com/teas-reading-practice-test-set-11","https://www.nursingmocks.com/teas-reading-practice-test-set-11","true","true","","0",""
"sEkqa3Lgj718XQau3ODL","quiz","hesi-rn-adult-health-proctored-exam-practice-questions-set-9","hesi-rn-adult-health-proctored-exam-practice-questions-set-9","pillarPages/nursing-test-bank/subPages/SuT1noZoNGEjKGR1vTbi/nestedSubPages/iT55qp9NAFOvZLBAiQzC/topics/n2FK9jdRFYQvHbryoAbl/quizzes/O0MNkYzaA0yzGxyY5Hhe","HESI RN Adult Health Proctored Exam Practice Questions - Set 9 | NursingMocks","Practice with 57 questions from HESI RN Adult Health Proctored Exam Practice Questions - Set 9.","https://www.nursingmocks.com/hesi-rn-adult-health-proctored-exam-practice-questions-set-9","https://www.nursingmocks.com/hesi-rn-adult-health-proctored-exam-practice-questions-set-9","false","true","runtime-generated","0",""
"sVR26rv1gB0GQMWeosLS","quiz","ati-pn-maternal-newborn-x1-proctored-exam-practice-questions","ati-pn-maternal-newborn-x1-proctored-exam-practice-questions","pillarPages/nursing-test-bank/subPages/z0xzINtS3EohZNaKosBz/nestedSubPages/lyrHg4RBzN6UafuymMFT/topics/ZwY2vYN2X4tXEKOv2x6h/quizzes/nAAR393FvxRBVisTAOng","ATI PN Maternal Newborn X1 Proctored Exam Practice Questions | NursingMocks","Practice with 48 questions from ATI PN Maternal Newborn X1 Proctored Exam Practice Questions.","https://www.nursingmocks.com/ati-pn-maternal-newborn-x1-proctored-exam-practice-questions","https://www.nursingmocks.com/ati-pn-maternal-newborn-x1-proctored-exam-practice-questions","false","true","runtime-generated","0",""
"sWhVpgY8UI7shLRCfA8I","quiz","hesi-rn-dosage-calculation-d441-proctored-exam-practice-questions","hesi-rn-dosage-calculation-d441-proctored-exam-practice-questions","pillarPages/nursing-test-bank/subPages/SuT1noZoNGEjKGR1vTbi/nestedSubPages/iT55qp9NAFOvZLBAiQzC/topics/dfRlrdGOvpDhVVXIqa0H/quizzes/ceJwZ8LscJrDQkdhuSXm","HESI RN Dosage Calculation D441 Proctored Exam Practice Questions | NursingMocks","Practice with 55 questions from HESI RN Dosage Calculation D441 Proctored Exam Practice Questions.","https://www.nursingmocks.com/hesi-rn-dosage-calculation-d441-proctored-exam-practice-questions","https://www.nursingmocks.com/hesi-rn-dosage-calculation-d441-proctored-exam-practice-questions","false","true","runtime-generated","0",""
"sWqdgu2Yyzwwja08EqCl","quiz","teas-science-practice-test-set-10","teas-science-practice-test-set-10","pillarPages/nursing-entrance-exam/subPages/yrdSf0KpOcuybL1SLnw7/nestedSubPages/uJVUx7wiwgxZ5HPJXNkV/quizzes/ETBx9CBxxtElsMiUWr2r","ATI TEAS Science Practice Test Set 10 Questions and Answers","Work through ATI TEAS Science Set 10 questions and answers covering Human Anatomy and Physiology, Biology, Chemistry, and Scientific Reasoning, with focus on structure and function, biology concepts, and data-based science reasoning.","https://www.nursingmocks.com/teas-science-practice-test-set-10","https://www.nursingmocks.com/teas-science-practice-test-set-10","true","true","","0",""
"sY0pB7kSKZPQ4asaWrub","quiz","hesi-rn-compass-exit-proctored-exam","hesi-rn-compass-exit-proctored-exam","pillarPages/nursing-exit-exam/subPages/S4vSoa5bxDgZ1L5kLOJe/nestedSubPages/MVHmi7FJbSDlPPz28jh5/quizzes/qZv7XC2XE7yqy7ypIeNk","HESI RN Compass Exit Proctored Exam | NursingMocks","HESI RN Compass Exit Proctored Exam practice questions and answers for Nursing Exit Exam review.","https://www.nursingmocks.com/hesi-rn-compass-exit-proctored-exam","https://www.nursingmocks.com/hesi-rn-compass-exit-proctored-exam","false","true","runtime-generated","0",""
"sYnVtxhBjHPRUX4hT0eA","quiz","proctored-exam-4-gastrointestinal-system-practice-questions","proctored-exam-4-gastrointestinal-system-practice-questions","pillarPages/nursing-test-bank/subPages/SuT1noZoNGEjKGR1vTbi/nestedSubPages/zMFBI0XMiRsJnnXWhL5S/topics/Qw9ACv9iC3lU621RemRS/quizzes/CJkhAFmGuULHdX7WTqOE","Proctored Exam 4 Gastrointestinal System Practice Questions | NursingMocks","Practice with 21 questions from Proctored Exam 4 Gastrointestinal System Practice Questions.","https://www.nursingmocks.com/proctored-exam-4-gastrointestinal-system-practice-questions","https://www.nursingmocks.com/proctored-exam-4-gastrointestinal-system-practice-questions","false","true","runtime-generated","0",""
"sZeSUoFiJwrLaeZqJVrH","quiz","hesi-rn-d440-nutrition-science-ocr-proctored-exam-practice-questions","hesi-rn-d440-nutrition-science-ocr-proctored-exam-practice-questions","pillarPages/nursing-test-bank/subPages/SuT1noZoNGEjKGR1vTbi/nestedSubPages/iT55qp9NAFOvZLBAiQzC/topics/ZQ9GxGjFzBFm4ei4NL2w/quizzes/YAUgEcKvl2ywq6MyHODl","HESI RN D440 Nutrition Science Ocr Proctored Exam Practice Questions | NursingMocks","Practice with 54 questions from HESI RN D440 Nutrition Science Ocr Proctored Exam Practice Questions.","https://www.nursingmocks.com/hesi-rn-d440-nutrition-science-ocr-proctored-exam-practice-questions","https://www.nursingmocks.com/hesi-rn-d440-nutrition-science-ocr-proctored-exam-practice-questions","false","true","runtime-generated","0",""
"seDQDR0wBUWigVTDphGk","topic","ati-rn-pathophysiology-practice-questions","ati-rn-pathophysiology-practice-questions","pillarPages/nursing-test-bank/subPages/SuT1noZoNGEjKGR1vTbi/nestedSubPages/Fnnd4c6ae0Uiurk2KUSc/topics/Xjc7rPCUFT5WXR9DZMf7","ATI Pathophysiology Questions | NursingMocks","Study ATI Pathophysiology questions with rationales covering disease processes, clinical signs, risk factors, and nursing implications.","https://www.nursingmocks.com/ati-rn-pathophysiology-practice-questions","https://www.nursingmocks.com/ati-rn-pathophysiology-practice-questions","true","true","","0",""
"si7IfWcnkljP1ZMV61RC","quiz","ati-pn-management-proctored-exam-2023-practice-questions-set-3","ati-pn-management-proctored-exam-2023-practice-questions-set-3","pillarPages/nursing-test-bank/subPages/z0xzINtS3EohZNaKosBz/nestedSubPages/lyrHg4RBzN6UafuymMFT/topics/i0Rf69MPdXLbYTSRdCOW/quizzes/7vTm4dVOz0BwnXRbQyVb","ATI PN Management Proctored Exam 2023 Practice Questions - Set 3 | NursingMocks","Practice with 60 questions from ATI PN Management Proctored Exam 2023 Practice Questions - Set 3.","https://www.nursingmocks.com/ati-pn-management-proctored-exam-2023-practice-questions-set-3","https://www.nursingmocks.com/ati-pn-management-proctored-exam-2023-practice-questions-set-3","false","true","runtime-generated","0",""
"sjMO3LU6Ex3MSZhAKqHS","quiz","fundamentals-final-exam-prof-foster-west-coast-college-practice-questions","fundamentals-final-exam-prof-foster-west-coast-college-practice-questions","pillarPages/nursing-test-bank/subPages/SuT1noZoNGEjKGR1vTbi/nestedSubPages/zMFBI0XMiRsJnnXWhL5S/topics/sBc3Ee7TKg33PIbmj4Hb/quizzes/vh728srsNkoGxG3rM8OT","Fundamentals Final Exam Prof Foster(West Coast College) Practice Questions | NursingMocks","Practice with 65 questions from Fundamentals Final Exam Prof Foster(West Coast College) Practice Questions.","https://www.nursingmocks.com/fundamentals-final-exam-prof-foster-west-coast-college-practice-questions","https://www.nursingmocks.com/fundamentals-final-exam-prof-foster-west-coast-college-practice-questions","false","true","runtime-generated","0",""
"snGWyNi9TfZsK17ydB6J","quiz","med-surg-proctored-exam-neuro-sensory-muscular-hcp-rn-practice-questions","med-surg-proctored-exam-neuro-sensory-muscular-hcp-rn-practice-questions","pillarPages/nursing-test-bank/subPages/SuT1noZoNGEjKGR1vTbi/nestedSubPages/zMFBI0XMiRsJnnXWhL5S/topics/4xNDZPMszSkpgRfEsOck/quizzes/mc6SD8KfH6PXH8uMjGhU","Med Surg Proctored Exam Neuro, Sensory, Muscular. (Hcp RN) Practice Questions | NursingMocks","Practice with 65 questions from Med Surg Proctored Exam Neuro, Sensory, Muscular. (Hcp RN) Practice Questions.","https://www.nursingmocks.com/med-surg-proctored-exam-neuro-sensory-muscular-hcp-rn-practice-questions","https://www.nursingmocks.com/med-surg-proctored-exam-neuro-sensory-muscular-hcp-rn-practice-questions","false","true","runtime-generated","0",""
"sqabR4xZUIz5WEYoqV9b","topic","ati-rn-communication-practice-questions","ati-rn-communication-practice-questions","pillarPages/nursing-test-bank/subPages/SuT1noZoNGEjKGR1vTbi/nestedSubPages/Fnnd4c6ae0Uiurk2KUSc/topics/1xqJ4g7CDCsYYzbg5Ja5","ATI RN Communication Practice Questions | NursingMocks","Practice ATI RN Communication questions covering therapeutic communication, client education, collaboration, cultural care, and nursing interactions.","https://www.nursingmocks.com/ati-rn-communication-practice-questions","https://www.nursingmocks.com/ati-rn-communication-practice-questions","true","true","","0",""
"st0c9L8PTmZ172vsLVuE","quiz","pharmacology-proctored-exam-examplify-mcphs-university-practice-questions","pharmacology-proctored-exam-examplify-mcphs-university-practice-questions","pillarPages/nursing-test-bank/subPages/SuT1noZoNGEjKGR1vTbi/nestedSubPages/zMFBI0XMiRsJnnXWhL5S/topics/qjQzp4HMFByeL1UEKGDd/quizzes/UJLtBWeIxJpzsBUOAVRj","Pharmacology Proctored Exam, Examplify (Mcphs University) Practice Questions | NursingMocks","Practice with 24 questions from Pharmacology Proctored Exam, Examplify (Mcphs University) Practice Questions.","https://www.nursingmocks.com/pharmacology-proctored-exam-examplify-mcphs-university-practice-questions","https://www.nursingmocks.com/pharmacology-proctored-exam-examplify-mcphs-university-practice-questions","false","true","runtime-generated","0",""
"swt3EzejTKvj2EHaFwee","quiz","ati-pn-med-surg-proctored-exam-practice-questions-set-14","ati-pn-med-surg-proctored-exam-practice-questions-set-14","pillarPages/nursing-test-bank/subPages/z0xzINtS3EohZNaKosBz/nestedSubPages/lyrHg4RBzN6UafuymMFT/topics/NywbGW22YNeZSM3kuwKk/quizzes/4MGJngTxlLpNA9gMl6Hs","ATI PN Med Surg Proctored Exam Practice Questions - Set 14 | NursingMocks","Practice with 50 questions from ATI PN Med Surg Proctored Exam Practice Questions - Set 14.","https://www.nursingmocks.com/ati-pn-med-surg-proctored-exam-practice-questions-set-14","https://www.nursingmocks.com/ati-pn-med-surg-proctored-exam-practice-questions-set-14","false","true","runtime-generated","0",""
"t0NtPhoaoiw8jdaA6KU7","quiz","nace-foundations-of-nursing-proctored-exam-2-practice-questions","nace-foundations-of-nursing-proctored-exam-2-practice-questions","pillarPages/nursing-test-bank/subPages/SuT1noZoNGEjKGR1vTbi/nestedSubPages/zMFBI0XMiRsJnnXWhL5S/topics/sBc3Ee7TKg33PIbmj4Hb/quizzes/SAojE9BMdEsRZdk3fQ9T","NACE Foundations of Nursing Proctored Exam 2 Practice Questions | NursingMocks","Practice with 74 questions from NACE Foundations of Nursing Proctored Exam 2 Practice Questions.","https://www.nursingmocks.com/nace-foundations-of-nursing-proctored-exam-2-practice-questions","https://www.nursingmocks.com/nace-foundations-of-nursing-proctored-exam-2-practice-questions","false","true","runtime-generated","0",""
"t21SCHZZs9xpFru8pI7m","topic","hesi-rn-pediatric-nursing-practice-questions","hesi-rn-pediatric-nursing-practice-questions","pillarPages/nursing-test-bank/subPages/SuT1noZoNGEjKGR1vTbi/nestedSubPages/iT55qp9NAFOvZLBAiQzC/topics/uXtCZ4Y6aeLjwMLtC1sD","HESI RN Pediatric Nursing Questions | NursingMocks","Practice HESI RN Pediatric Nursing questions for child health, development, family teaching, safety, and pediatric care.","https://www.nursingmocks.com/hesi-rn-pediatric-nursing-practice-questions","https://www.nursingmocks.com/hesi-rn-pediatric-nursing-practice-questions","true","true","","0",""
"t3PCrkf4zuAOJDASeurE","quiz","ati-pn-n480-advanced-med-surg-proctored-exam-practice-questions","ati-pn-n480-advanced-med-surg-proctored-exam-practice-questions","pillarPages/nursing-test-bank/subPages/z0xzINtS3EohZNaKosBz/nestedSubPages/lyrHg4RBzN6UafuymMFT/topics/NywbGW22YNeZSM3kuwKk/quizzes/ZXeb1ZhbZNAhLC4Lmqwx","ATI PN N480 Advanced Med Surg Proctored Exam Practice Questions | NursingMocks","Practice with 40 questions from ATI PN N480 Advanced Med Surg Proctored Exam Practice Questions.","https://www.nursingmocks.com/ati-pn-n480-advanced-med-surg-proctored-exam-practice-questions","https://www.nursingmocks.com/ati-pn-n480-advanced-med-surg-proctored-exam-practice-questions","false","true","runtime-generated","0",""
"t6QJAawo3kr4x1LhPras","quiz","pathophysiology-final-proctored-exam-nightgale-college-practice-questions","pathophysiology-final-proctored-exam-nightgale-college-practice-questions","pillarPages/nursing-test-bank/subPages/SuT1noZoNGEjKGR1vTbi/nestedSubPages/zMFBI0XMiRsJnnXWhL5S/topics/KyUeIK7zxUi2K91H84Bj/quizzes/iSew8oXZj5qyter92Txf","Pathophysiology Final Proctored Exam(Nightgale College) Practice Questions | NursingMocks","Practice with 49 questions from Pathophysiology Final Proctored Exam(Nightgale College) Practice Questions.","https://www.nursingmocks.com/pathophysiology-final-proctored-exam-nightgale-college-practice-questions","https://www.nursingmocks.com/pathophysiology-final-proctored-exam-nightgale-college-practice-questions","false","true","runtime-generated","0",""
"tF4xZtD9h1ejDqtcE2FT","quiz","nurs-533-01-su25-pediatric-final-proctored-exam-practice-questions","nurs-533-01-su25-pediatric-final-proctored-exam-practice-questions","pillarPages/nursing-test-bank/subPages/SuT1noZoNGEjKGR1vTbi/nestedSubPages/zMFBI0XMiRsJnnXWhL5S/topics/Hwspg6smTqrELsoRSNmc/quizzes/NX9qHuhZYIxvsZauLWzu","NURS 533-01 Su25 Pediatric Final Proctored Exam Practice Questions | NursingMocks","Practice with 62 questions from NURS 533-01 Su25 Pediatric Final Proctored Exam Practice Questions.","https://www.nursingmocks.com/nurs-533-01-su25-pediatric-final-proctored-exam-practice-questions","https://www.nursingmocks.com/nurs-533-01-su25-pediatric-final-proctored-exam-practice-questions","false","true","runtime-generated","0",""
"tI3ImHAzuGVJwKDGHMOv","quiz","safe-medication-quiz-proctored-exam-practice-questions","safe-medication-quiz-proctored-exam-practice-questions","pillarPages/nursing-test-bank/subPages/SuT1noZoNGEjKGR1vTbi/nestedSubPages/zMFBI0XMiRsJnnXWhL5S/topics/qjQzp4HMFByeL1UEKGDd/quizzes/oNpk40TfrPm9Z4eWxDci","Safe Medication Quiz Proctored Exam Practice Questions | NursingMocks","Practice with 15 questions from Safe Medication Quiz Proctored Exam Practice Questions.","https://www.nursingmocks.com/safe-medication-quiz-proctored-exam-practice-questions","https://www.nursingmocks.com/safe-medication-quiz-proctored-exam-practice-questions","false","true","runtime-generated","0",""
"tJLjg9pL1Hnns2efXEdN","quiz","wgu-hesi-rn-d444-adult-health-i-proctored-exam-practice-questions","wgu-hesi-rn-d444-adult-health-i-proctored-exam-practice-questions","pillarPages/nursing-test-bank/subPages/SuT1noZoNGEjKGR1vTbi/nestedSubPages/iT55qp9NAFOvZLBAiQzC/topics/n2FK9jdRFYQvHbryoAbl/quizzes/He2KcLbvZMeH3Bn1YsdY","WGU HESI RN D444 Adult Health I Proctored Exam Practice Questions | NursingMocks","Practice with 60 questions from WGU HESI RN D444 Adult Health I Proctored Exam Practice Questions.","https://www.nursingmocks.com/wgu-hesi-rn-d444-adult-health-i-proctored-exam-practice-questions","https://www.nursingmocks.com/wgu-hesi-rn-d444-adult-health-i-proctored-exam-practice-questions","false","true","runtime-generated","0",""
"tJtX0MKMIRW1EEXdDATQ","quiz","hesi-a2-biology-practice-test-set-3","hesi-a2-biology-practice-test-set-3","pillarPages/nursing-entrance-exam/subPages/rdYGUZ9DzFvAmo6EsrVe/nestedSubPages/4f2Tydp51lxl4u4OtTlL/quizzes/hesi-a2-biology-practice-test-set-3","HESI A2 Biology Practice Test Set 3","Practice HESI A2 Actual Exam Set 3 - Biology questions for HESI A2 preparation.","https://www.nursingmocks.com/hesi-a2-biology-practice-test-set-3","https://www.nursingmocks.com/hesi-a2-biology-practice-test-set-3","false","true","runtime-generated","0",""
"tRuQzMejyD33hdQDTmkB","quiz","hesi-rn-dosage-pre-assessment-2-proctored-exam-practice-questions","hesi-rn-dosage-pre-assessment-2-proctored-exam-practice-questions","pillarPages/nursing-test-bank/subPages/SuT1noZoNGEjKGR1vTbi/nestedSubPages/iT55qp9NAFOvZLBAiQzC/topics/dfRlrdGOvpDhVVXIqa0H/quizzes/kir9AMgQ6tzqCPgoHdOo","HESI RN Dosage Pre-Assessment 2 Proctored Exam Practice Questions | NursingMocks","Practice with 55 questions from HESI RN Dosage Pre-Assessment 2 Proctored Exam Practice Questions.","https://www.nursingmocks.com/hesi-rn-dosage-pre-assessment-2-proctored-exam-practice-questions","https://www.nursingmocks.com/hesi-rn-dosage-pre-assessment-2-proctored-exam-practice-questions","false","true","runtime-generated","0",""
"tVde4t437UHQRRtxOu4r","quiz","anatomy-and-physiology-proctored-exam-i-practice-questions","anatomy-and-physiology-proctored-exam-i-practice-questions","pillarPages/nursing-test-bank/subPages/SuT1noZoNGEjKGR1vTbi/nestedSubPages/zMFBI0XMiRsJnnXWhL5S/topics/PavJlfHXwXRUhopKAOO9/quizzes/byO3U8shEkDwleakBcns","Anatomy and Physiology Proctored Exam I Practice Questions | NursingMocks","Practice with 45 questions from Anatomy and Physiology Proctored Exam I Practice Questions.","https://www.nursingmocks.com/anatomy-and-physiology-proctored-exam-i-practice-questions","https://www.nursingmocks.com/anatomy-and-physiology-proctored-exam-i-practice-questions","false","true","runtime-generated","0",""
"tbIcEpIJRVKBduBSmkoA","quiz","mental-health-kentucky-university-proctored-exam-2-practice-questions","mental-health-kentucky-university-proctored-exam-2-practice-questions","pillarPages/nursing-test-bank/subPages/SuT1noZoNGEjKGR1vTbi/nestedSubPages/zMFBI0XMiRsJnnXWhL5S/topics/dwj41dVBiWR9v4FRpKhC/quizzes/i4u5FZiFsu8B8K1UBREW","Mental Health Kentucky University Proctored Exam 2 Practice Questions | NursingMocks","Practice with 100 questions from Mental Health Kentucky University Proctored Exam 2 Practice Questions.","https://www.nursingmocks.com/mental-health-kentucky-university-proctored-exam-2-practice-questions","https://www.nursingmocks.com/mental-health-kentucky-university-proctored-exam-2-practice-questions","false","true","runtime-generated","0",""
"tgBoJpCGmZokAfrJJdak","quiz","hesi-rn-ob-pediatrics-proctored-exam-practice-questions","hesi-rn-ob-pediatrics-proctored-exam-practice-questions","pillarPages/nursing-test-bank/subPages/SuT1noZoNGEjKGR1vTbi/nestedSubPages/iT55qp9NAFOvZLBAiQzC/topics/uXtCZ4Y6aeLjwMLtC1sD/quizzes/Z3azexrI98Udwxf067xo","HESI RN OB Pediatrics Proctored Exam Practice Questions | NursingMocks","Practice with 44 questions from HESI RN OB Pediatrics Proctored Exam Practice Questions.","https://www.nursingmocks.com/hesi-rn-ob-pediatrics-proctored-exam-practice-questions","https://www.nursingmocks.com/hesi-rn-ob-pediatrics-proctored-exam-practice-questions","false","true","runtime-generated","0",""
"thxHWrUG7ITJMLFQ4Kk1","quiz","mental-health-chapter-1-proctored-exam-2-practice-questions","mental-health-chapter-1-proctored-exam-2-practice-questions","pillarPages/nursing-test-bank/subPages/SuT1noZoNGEjKGR1vTbi/nestedSubPages/zMFBI0XMiRsJnnXWhL5S/topics/dwj41dVBiWR9v4FRpKhC/quizzes/pGr6ybqytAUnJu6X1lMg","Mental Health Chapter 1 - Proctored Exam 2 Practice Questions | NursingMocks","Practice with 41 questions from Mental Health Chapter 1 - Proctored Exam 2 Practice Questions.","https://www.nursingmocks.com/mental-health-chapter-1-proctored-exam-2-practice-questions","https://www.nursingmocks.com/mental-health-chapter-1-proctored-exam-2-practice-questions","false","true","runtime-generated","0",""
"tlogTlkxuvPQDHgFvE7R","quiz","ati-pn-med-surg-proctored-exam-perfusion-practice-questions","ati-pn-med-surg-proctored-exam-perfusion-practice-questions","pillarPages/nursing-test-bank/subPages/z0xzINtS3EohZNaKosBz/nestedSubPages/lyrHg4RBzN6UafuymMFT/topics/NywbGW22YNeZSM3kuwKk/quizzes/9m4aeMbLsL4yPQ1PCjln","ATI PN Med Surg Proctored Exam (Perfusion) Practice Questions | NursingMocks","Practice with 34 questions from ATI PN Med Surg Proctored Exam (Perfusion) Practice Questions.","https://www.nursingmocks.com/ati-pn-med-surg-proctored-exam-perfusion-practice-questions","https://www.nursingmocks.com/ati-pn-med-surg-proctored-exam-perfusion-practice-questions","false","true","runtime-generated","0",""
"txUEqzoDu7sb7E3zCBgl","quiz","ati-pn-pediatrics-nursing-proctored-exam-2023-practice-questions-set-6","ati-pn-pediatrics-nursing-proctored-exam-2023-practice-questions-set-6","pillarPages/nursing-test-bank/subPages/z0xzINtS3EohZNaKosBz/nestedSubPages/lyrHg4RBzN6UafuymMFT/topics/Y0MhOdG0hGVh8AUsgVrz/quizzes/cxtKYH70IPlOQC6L1PrY","ATI PN Pediatrics Nursing Proctored Exam 2023 Practice Questions - Set 6 | NursingMocks","Practice with 64 questions from ATI PN Pediatrics Nursing Proctored Exam 2023 Practice Questions - Set 6.","https://www.nursingmocks.com/ati-pn-pediatrics-nursing-proctored-exam-2023-practice-questions-set-6","https://www.nursingmocks.com/ati-pn-pediatrics-nursing-proctored-exam-2023-practice-questions-set-6","false","true","runtime-generated","0",""
"u0hZAKfyb0r0DYsgh8sZ","quiz","mental-health-proctored-exam-practice-questions-set-9","mental-health-proctored-exam-practice-questions-set-9","pillarPages/nursing-test-bank/subPages/SuT1noZoNGEjKGR1vTbi/nestedSubPages/zMFBI0XMiRsJnnXWhL5S/topics/dwj41dVBiWR9v4FRpKhC/quizzes/9gTxPhSHh1mD3sWL8Dkh","Mental Health Proctored Exam Practice Questions - Set 9 | NursingMocks","Practice with 43 questions from Mental Health Proctored Exam Practice Questions - Set 9.","https://www.nursingmocks.com/mental-health-proctored-exam-practice-questions-set-9","https://www.nursingmocks.com/mental-health-proctored-exam-practice-questions-set-9","false","true","runtime-generated","0",""
"u7YDHCfMCoC6IFjPse5z","quiz","rn-comprehensive-online-practice-2019-b-with-ngn-proctored-exam","rn-comprehensive-online-practice-2019-b-with-ngn-proctored-exam","pillarPages/nursing-exit-exam/subPages/S4vSoa5bxDgZ1L5kLOJe/nestedSubPages/QsMAv9L9bzYoFjgdfKgH/quizzes/datHcype9KPRoXapeDmE","RN Comprehensive Online Practice 2019 B With NGN Proctored Exam | NursingMocks","RN Comprehensive Online Practice 2019 B With NGN Proctored Exam practice questions and answers for Nursing Exit Exam review.","https://www.nursingmocks.com/rn-comprehensive-online-practice-2019-b-with-ngn-proctored-exam","https://www.nursingmocks.com/rn-comprehensive-online-practice-2019-b-with-ngn-proctored-exam","false","true","runtime-generated","0",""
"uBaqCgFrzNiS6ck3ixqm","quiz","ati-pn-pharmacology-2020-proctored-exam-2-practice-questions","ati-pn-pharmacology-2020-proctored-exam-2-practice-questions","pillarPages/nursing-test-bank/subPages/z0xzINtS3EohZNaKosBz/nestedSubPages/lyrHg4RBzN6UafuymMFT/topics/13a3GLxldltUqhIxNzkr/quizzes/lmug906pp1WnG1RzHpyH","ATI PN Pharmacology 2020 Proctored Exam 2 Practice Questions | NursingMocks","Practice with 57 questions from ATI PN Pharmacology 2020 Proctored Exam 2 Practice Questions.","https://www.nursingmocks.com/ati-pn-pharmacology-2020-proctored-exam-2-practice-questions","https://www.nursingmocks.com/ati-pn-pharmacology-2020-proctored-exam-2-practice-questions","false","true","runtime-generated","0",""
"uOICjLsueoYrwxpqvXqy","quiz","ati-lpn-comprehensive-predictor-2023-proctored-exam-form-2","ati-lpn-comprehensive-predictor-2023-proctored-exam-form-2","pillarPages/nursing-exit-exam/subPages/nkXaaMfkkbvjmrSRwtVq/nestedSubPages/ShdTxCRHYWbhmGg06Sgw/quizzes/yptRWKJl0QClxAyZXb2o","4-ATI LPN Comprehensive Predictor 2023 Proctored Exam | NursingMocks","Practice nursing exit exam questions and answers for 4-ATI LPN Comprehensive Predictor 2023 Proctored Exam.","https://www.nursingmocks.com/ati-lpn-comprehensive-predictor-2023-proctored-exam-form-2","https://www.nursingmocks.com/ati-lpn-comprehensive-predictor-2023-proctored-exam-form-2","false","true","runtime-generated","0",""
"uVVTCqqgtx7zYJaWOa6g","quiz","nurs-ao4581-med-surg-proctored-exam-adult-care-texas-university-practice-questions","nurs-ao4581-med-surg-proctored-exam-adult-care-texas-university-practice-questions","pillarPages/nursing-test-bank/subPages/SuT1noZoNGEjKGR1vTbi/nestedSubPages/zMFBI0XMiRsJnnXWhL5S/topics/4xNDZPMszSkpgRfEsOck/quizzes/VHnwaaA4H80rdn8HgYkD","NURS Ao4581 Med Surg Proctored Exam (Adult Care) Texas University) Practice Questions | NursingMocks","Practice with 42 questions from NURS Ao4581 Med Surg Proctored Exam (Adult Care) Texas University) Practice Questions.","https://www.nursingmocks.com/nurs-ao4581-med-surg-proctored-exam-adult-care-texas-university-practice-questions","https://www.nursingmocks.com/nurs-ao4581-med-surg-proctored-exam-adult-care-texas-university-practice-questions","false","true","runtime-generated","0",""
"uXOj11Anl3PaXLcEjSA4","sub","rn-exams","rn-exams","pillarPages/nursing-test-bank/subPages/SuT1noZoNGEjKGR1vTbi","RN Exam Practice Test","RN Exam Practice Test","https://www.nursingmocks.com/rn-exams","https://www.nursingmocks.com/rn-exams","true","true","","0",""
"udbH3y1uerZ9f8bxi9kL","quiz","teas-reading-practice-test-set-9","teas-reading-practice-test-set-9","pillarPages/nursing-entrance-exam/subPages/yrdSf0KpOcuybL1SLnw7/nestedSubPages/2JIZgWhm9jUkoNFmkY7R/quizzes/VN1Ns3W8Jo3kgHVmxMze","ATI TEAS Reading Practice Test Set 9 Questions and Answers","Review ATI TEAS Reading Set 9 questions and answers covering Key Ideas and Details, Craft and Structure, and Integration of Knowledge and Ideas, with focus on summaries, logical connections, and evidence-based reading.","https://www.nursingmocks.com/teas-reading-practice-test-set-9","https://www.nursingmocks.com/teas-reading-practice-test-set-9","true","true","","0",""
"ugXF8qvT4mqX2kNNulRN","quiz","ati-pn-fundamentals-proctored-exam-practice-questions-set-15","ati-pn-fundamentals-proctored-exam-practice-questions-set-15","pillarPages/nursing-test-bank/subPages/z0xzINtS3EohZNaKosBz/nestedSubPages/lyrHg4RBzN6UafuymMFT/topics/1Lb0PkKiTEM2wQOIMDtv/quizzes/IdIZsiRiUM6cFnrl7ThA","ATI PN Fundamentals Proctored Exam Practice Questions - Set 15 | NursingMocks","Practice with 68 questions from ATI PN Fundamentals Proctored Exam Practice Questions - Set 15.","https://www.nursingmocks.com/ati-pn-fundamentals-proctored-exam-practice-questions-set-15","https://www.nursingmocks.com/ati-pn-fundamentals-proctored-exam-practice-questions-set-15","false","true","runtime-generated","0",""
"ukWdY79jz58ZLYkwGwRQ","quiz","nu-406-nursing-leadership-and-management-quiz-5-1-proctored-exam-1-st-joseph-s-college-of-maine-practice-questions","nu-406-nursing-leadership-and-management-quiz-5-1-proctored-exam-1-st-joseph-s-college-of-maine-practice-questions","pillarPages/nursing-test-bank/subPages/SuT1noZoNGEjKGR1vTbi/nestedSubPages/zMFBI0XMiRsJnnXWhL5S/topics/sWcrKSZa84sgLyaVr5Sm/quizzes/Kjdl8aWowjiJIPnrHPqX","Nu 406- Nursing Leadership and Management-Quiz 5.1 - Proctored Exam 1 (St Joseph's College of Maine) Practice Questions | NursingMocks","Practice with 40 questions from Nu 406- Nursing Leadership and Management-Quiz 5.1 - Proctored Exam 1 (St Joseph's College of Maine) Practice Questions.","https://www.nursingmocks.com/nu-406-nursing-leadership-and-management-quiz-5-1-proctored-exam-1-st-joseph-s-college-of-maine-practice-questions","https://www.nursingmocks.com/nu-406-nursing-leadership-and-management-quiz-5-1-proctored-exam-1-st-joseph-s-college-of-maine-practice-questions","false","true","runtime-generated","0",""
"ummoKVTkFldTzTei5zJt","quiz","hesi-rn-246-health-assessment-proctored-exam-nightgale-college-practice-questions","hesi-rn-246-health-assessment-proctored-exam-nightgale-college-practice-questions","pillarPages/nursing-test-bank/subPages/SuT1noZoNGEjKGR1vTbi/nestedSubPages/iT55qp9NAFOvZLBAiQzC/topics/0zSu4efsFf1RPT4W2Xjn/quizzes/jONyS9xJyLTj1VYgyaPr","HESI RN 246 Health Assessment Proctored Exam (Nightgale College) Practice Questions | NursingMocks","Practice with 50 questions from HESI RN 246 Health Assessment Proctored Exam (Nightgale College) Practice Questions.","https://www.nursingmocks.com/hesi-rn-246-health-assessment-proctored-exam-nightgale-college-practice-questions","https://www.nursingmocks.com/hesi-rn-246-health-assessment-proctored-exam-nightgale-college-practice-questions","false","true","runtime-generated","0",""
"upUKTjIRbRdMv7w1rYwb","quiz","examplify-dsn-med-surg-nur-320-proctored-exam-practice-questions","examplify-dsn-med-surg-nur-320-proctored-exam-practice-questions","pillarPages/nursing-test-bank/subPages/SuT1noZoNGEjKGR1vTbi/nestedSubPages/zMFBI0XMiRsJnnXWhL5S/topics/4xNDZPMszSkpgRfEsOck/quizzes/5PNYJNmMXjNwgMOldpjI","Examplify Dsn Med Surg NUR 320 Proctored Exam Practice Questions | NursingMocks","Practice with 43 questions from Examplify Dsn Med Surg NUR 320 Proctored Exam Practice Questions.","https://www.nursingmocks.com/examplify-dsn-med-surg-nur-320-proctored-exam-practice-questions","https://www.nursingmocks.com/examplify-dsn-med-surg-nur-320-proctored-exam-practice-questions","false","true","runtime-generated","0",""
"uqg9i0x1SHXkbXTYYFfM","quiz","hesi-rn-maternal-newborn-proctored-exam-herzing-university-practice-questions","hesi-rn-maternal-newborn-proctored-exam-herzing-university-practice-questions","pillarPages/nursing-test-bank/subPages/SuT1noZoNGEjKGR1vTbi/nestedSubPages/iT55qp9NAFOvZLBAiQzC/topics/ULDy5qJrNGEhyYIuXZvp/quizzes/Yv7glw4YUPScv9uJ0H71","HESI RN Maternal Newborn Proctored Exam (Herzing University) Practice Questions | NursingMocks","Practice with 73 questions from HESI RN Maternal Newborn Proctored Exam (Herzing University) Practice Questions.","https://www.nursingmocks.com/hesi-rn-maternal-newborn-proctored-exam-herzing-university-practice-questions","https://www.nursingmocks.com/hesi-rn-maternal-newborn-proctored-exam-herzing-university-practice-questions","false","true","runtime-generated","0",""
"uroZTmiuws9dzQz3vyPB","topic","ati-rn-comprehensive-predictor-practice-questions","ati-rn-comprehensive-predictor-practice-questions","pillarPages/nursing-test-bank/subPages/SuT1noZoNGEjKGR1vTbi/nestedSubPages/Fnnd4c6ae0Uiurk2KUSc/topics/qUH9xlVuN2zEIKzmwDMg","ATI RN Comprehensive Predictor Questions | NursingMocks","Use ATI RN Comprehensive Predictor questions to review mixed nursing content, clinical judgment, final exam readiness, and rationales.","https://www.nursingmocks.com/ati-rn-comprehensive-predictor-practice-questions","https://www.nursingmocks.com/ati-rn-comprehensive-predictor-practice-questions","true","true","","0",""
"uyHKj4aAGItHLBdgbDV6","quiz","more-questions-on-pathophysiology-of-the-nervous-system-practice-questions","more-questions-on-pathophysiology-of-the-nervous-system-practice-questions","pillarPages/nursing-test-bank/subPages/SuT1noZoNGEjKGR1vTbi/nestedSubPages/zMFBI0XMiRsJnnXWhL5S/topics/KyUeIK7zxUi2K91H84Bj/quizzes/wdtQAhzfepE1gjad4Eqa","More Questions on Pathophysiology of the Nervous System Practice Questions | NursingMocks","Practice with 19 questions from More Questions on Pathophysiology of the Nervous System Practice Questions.","https://www.nursingmocks.com/more-questions-on-pathophysiology-of-the-nervous-system-practice-questions","https://www.nursingmocks.com/more-questions-on-pathophysiology-of-the-nervous-system-practice-questions","false","true","runtime-generated","0",""
"v0Hxrvia00c7MjE4Oqhv","nested","kaplan-admission-practice-test-science","kaplan-admission-practice-test-science","pillarPages/nursing-entrance-exam/subPages/jdJsAeBdy2mJO0kPibeV/nestedSubPages/ZUuIYDcFNZSPDZk9g1I3","Kaplan Admission Practice Test Science | NursingMocks","Content for Kaplan Admission Practice Test Science under Kaplan Admission Test.","https://www.nursingmocks.com/kaplan-admission-practice-test-science","https://www.nursingmocks.com/kaplan-admission-practice-test-science","true","true","","0",""
"v0NBEHBTIdCsaLUnxlIr","quiz","ati-pn-pharmacology-2023-proctored-exam-practice-questions-set-4","ati-pn-pharmacology-2023-proctored-exam-practice-questions-set-4","pillarPages/nursing-test-bank/subPages/z0xzINtS3EohZNaKosBz/nestedSubPages/lyrHg4RBzN6UafuymMFT/topics/13a3GLxldltUqhIxNzkr/quizzes/l8ZisKRGAim1Akyy6e7Y","ATI PN Pharmacology 2023 Proctored Exam Practice Questions - Set 4 | NursingMocks","Practice with 32 questions from ATI PN Pharmacology 2023 Proctored Exam Practice Questions - Set 4.","https://www.nursingmocks.com/ati-pn-pharmacology-2023-proctored-exam-practice-questions-set-4","https://www.nursingmocks.com/ati-pn-pharmacology-2023-proctored-exam-practice-questions-set-4","false","true","runtime-generated","0",""
"v5edKKjbNb3XIUCjjLao","quiz","hesi-rn-foundation-of-nursing-proctored-exam-practice-questions-set-5","hesi-rn-foundation-of-nursing-proctored-exam-practice-questions-set-5","pillarPages/nursing-test-bank/subPages/SuT1noZoNGEjKGR1vTbi/nestedSubPages/iT55qp9NAFOvZLBAiQzC/topics/70YsvvAfpEoWkJ2zO8Vy/quizzes/qgeMcOXGFV2EmreroacJ","HESI RN Foundation of Nursing Proctored Exam Practice Questions - Set 5 | NursingMocks","Practice with 60 questions from HESI RN Foundation of Nursing Proctored Exam Practice Questions - Set 5.","https://www.nursingmocks.com/hesi-rn-foundation-of-nursing-proctored-exam-practice-questions-set-5","https://www.nursingmocks.com/hesi-rn-foundation-of-nursing-proctored-exam-practice-questions-set-5","false","true","runtime-generated","0",""
"v8woOk9xhipei8R9T9EB","quiz","rasmussen-university-mental-and-behavioral-health-nursing-proctored-exam-practice-questions","rasmussen-university-mental-and-behavioral-health-nursing-proctored-exam-practice-questions","pillarPages/nursing-test-bank/subPages/SuT1noZoNGEjKGR1vTbi/nestedSubPages/zMFBI0XMiRsJnnXWhL5S/topics/dwj41dVBiWR9v4FRpKhC/quizzes/KSwdJqNZvz2OIWj54X3B","Rasmussen University Mental and Behavioral Health Nursing Proctored Exam Practice Questions | NursingMocks","Practice with 73 questions from Rasmussen University Mental and Behavioral Health Nursing Proctored Exam Practice Questions.","https://www.nursingmocks.com/rasmussen-university-mental-and-behavioral-health-nursing-proctored-exam-practice-questions","https://www.nursingmocks.com/rasmussen-university-mental-and-behavioral-health-nursing-proctored-exam-practice-questions","false","true","runtime-generated","0",""
"vD1uG9QjbCRMzuAUyUx8","quiz","ati-pn-maternal-newborn-proctored-exam-practice-questions-set-4","ati-pn-maternal-newborn-proctored-exam-practice-questions-set-4","pillarPages/nursing-test-bank/subPages/z0xzINtS3EohZNaKosBz/nestedSubPages/lyrHg4RBzN6UafuymMFT/topics/ZwY2vYN2X4tXEKOv2x6h/quizzes/3yr6vUzORUezPATWG4jN","ATI PN Maternal Newborn Proctored Exam Practice Questions - Set 4 | NursingMocks","Practice with 60 questions from ATI PN Maternal Newborn Proctored Exam Practice Questions - Set 4.","https://www.nursingmocks.com/ati-pn-maternal-newborn-proctored-exam-practice-questions-set-4","https://www.nursingmocks.com/ati-pn-maternal-newborn-proctored-exam-practice-questions-set-4","false","true","runtime-generated","0",""
"vFoGxXgnRt9m5X6KlTid","quiz","ati-pn-fundamentals-proctored-exam-practice-questions-set-5","ati-pn-fundamentals-proctored-exam-practice-questions-set-5","pillarPages/nursing-test-bank/subPages/z0xzINtS3EohZNaKosBz/nestedSubPages/lyrHg4RBzN6UafuymMFT/topics/1Lb0PkKiTEM2wQOIMDtv/quizzes/d1OaRKYuuSLD6vF22aqC","ATI PN Fundamentals Proctored Exam Practice Questions - Set 5 | NursingMocks","Practice with 94 questions from ATI PN Fundamentals Proctored Exam Practice Questions - Set 5.","https://www.nursingmocks.com/ati-pn-fundamentals-proctored-exam-practice-questions-set-5","https://www.nursingmocks.com/ati-pn-fundamentals-proctored-exam-practice-questions-set-5","false","true","runtime-generated","0",""
"vG6SoYj2bL4cR5i4FbuZ","quiz","ati-pn-anatomy-and-physiology-proctored-exam-practice-questions-set-1","ati-pn-anatomy-and-physiology-proctored-exam-practice-questions-set-1","pillarPages/nursing-test-bank/subPages/z0xzINtS3EohZNaKosBz/nestedSubPages/lyrHg4RBzN6UafuymMFT/topics/j5H2Ra9IgckkioC7vNSj/quizzes/vEV3Ov1JMHdvu8tEE8Fx","ATI PN Anatomy and Physiology Proctored Exam Practice Questions - Set 1 | NursingMocks","Practice with 100 questions from ATI PN Anatomy and Physiology Proctored Exam Practice Questions - Set 1.","https://www.nursingmocks.com/ati-pn-anatomy-and-physiology-proctored-exam-practice-questions-set-1","https://www.nursingmocks.com/ati-pn-anatomy-and-physiology-proctored-exam-practice-questions-set-1","false","true","runtime-generated","0",""
"vGNRtLyCxFkjwLwovtSO","topic","ati-pn-health-assessment-practice-questions","ati-pn-health-assessment-practice-questions","pillarPages/nursing-test-bank/subPages/z0xzINtS3EohZNaKosBz/nestedSubPages/lyrHg4RBzN6UafuymMFT/topics/1zv1nip2mGFGPqP308fX","ATI PN Health Assessment Questions | NursingMocks","Practice ATI PN Health Assessment questions on focused assessment, physical findings, documentation, and observation skills.","https://www.nursingmocks.com/ati-pn-health-assessment-practice-questions","https://www.nursingmocks.com/ati-pn-health-assessment-practice-questions","true","true","","0",""
"vPFQ7DT5p5ZjaOH7aay0","quiz","ati-pn-nursing-care-of-children-2020-with-ngn-ii-proctored-exam-practice-questions","ati-pn-nursing-care-of-children-2020-with-ngn-ii-proctored-exam-practice-questions","pillarPages/nursing-test-bank/subPages/z0xzINtS3EohZNaKosBz/nestedSubPages/lyrHg4RBzN6UafuymMFT/topics/Y0MhOdG0hGVh8AUsgVrz/quizzes/tG7jicbah2w4Dbheu8dU","ATI PN Nursing Care of Children 2020 with NGN II Proctored Exam Practice Questions | NursingMocks","Practice with 63 questions from ATI PN Nursing Care of Children 2020 with NGN II Proctored Exam Practice Questions.","https://www.nursingmocks.com/ati-pn-nursing-care-of-children-2020-with-ngn-ii-proctored-exam-practice-questions","https://www.nursingmocks.com/ati-pn-nursing-care-of-children-2020-with-ngn-ii-proctored-exam-practice-questions","false","true","runtime-generated","0",""
"vTMOMOkj43PAe2CtZtXg","quiz","dosage-calculations-rn-adult-medical-surgical-assessment-3-1-proctored-exam-practice-questions","dosage-calculations-rn-adult-medical-surgical-assessment-3-1-proctored-exam-practice-questions","pillarPages/nursing-test-bank/subPages/SuT1noZoNGEjKGR1vTbi/nestedSubPages/zMFBI0XMiRsJnnXWhL5S/topics/GXrH3QXIidtKg5Jx0ly4/quizzes/eaRv518gAdWICQdzyYm8","Dosage Calculations RN Adult Medical Surgical Assessment 3.1 Proctored Exam Practice Questions | NursingMocks","Practice with 35 questions from Dosage Calculations RN Adult Medical Surgical Assessment 3.1 Proctored Exam Practice Questions.","https://www.nursingmocks.com/dosage-calculations-rn-adult-medical-surgical-assessment-3-1-proctored-exam-practice-questions","https://www.nursingmocks.com/dosage-calculations-rn-adult-medical-surgical-assessment-3-1-proctored-exam-practice-questions","false","true","runtime-generated","0",""
"vWD7jWRG2kjBGX4fmCGW","quiz","n361-care-of-adults-proctored-exam-med-surg-exam-practice-questions","n361-care-of-adults-proctored-exam-med-surg-exam-practice-questions","pillarPages/nursing-test-bank/subPages/SuT1noZoNGEjKGR1vTbi/nestedSubPages/zMFBI0XMiRsJnnXWhL5S/topics/4xNDZPMszSkpgRfEsOck/quizzes/oJpKw1EU9PU4PqI098E7","N361 Care of Adults Proctored Exam (Med Surg Exam) Practice Questions | NursingMocks","Practice with 79 questions from N361 Care of Adults Proctored Exam (Med Surg Exam) Practice Questions.","https://www.nursingmocks.com/n361-care-of-adults-proctored-exam-med-surg-exam-practice-questions","https://www.nursingmocks.com/n361-care-of-adults-proctored-exam-med-surg-exam-practice-questions","false","true","runtime-generated","0",""
"veKikgzGWUUANsx9N8C4","quiz","nursing-110-fundamental-proctored-exam-practice-questions","nursing-110-fundamental-proctored-exam-practice-questions","pillarPages/nursing-test-bank/subPages/SuT1noZoNGEjKGR1vTbi/nestedSubPages/zMFBI0XMiRsJnnXWhL5S/topics/sBc3Ee7TKg33PIbmj4Hb/quizzes/E0aULPOYCNLnjnf2LGeD","Nursing 110 Fundamental Proctored Exam Practice Questions | NursingMocks","Practice with 76 questions from Nursing 110 Fundamental Proctored Exam Practice Questions.","https://www.nursingmocks.com/nursing-110-fundamental-proctored-exam-practice-questions","https://www.nursingmocks.com/nursing-110-fundamental-proctored-exam-practice-questions","false","true","runtime-generated","0",""
"vh8tOMM6u7hThT3giBha","quiz","ati-pn-nutrition-proctored-quiz-practice-questions","ati-pn-nutrition-proctored-quiz-practice-questions","pillarPages/nursing-test-bank/subPages/z0xzINtS3EohZNaKosBz/nestedSubPages/lyrHg4RBzN6UafuymMFT/topics/ilQ0n4O4zSgd6exoMQfi/quizzes/cNkAJy10OgzutknKVCo7","ATI PN Nutrition Proctored Quiz Practice Questions | NursingMocks","Practice with 30 questions from ATI PN Nutrition Proctored Quiz Practice Questions.","https://www.nursingmocks.com/ati-pn-nutrition-proctored-quiz-practice-questions","https://www.nursingmocks.com/ati-pn-nutrition-proctored-quiz-practice-questions","false","true","runtime-generated","0",""
"vmOUeAWgfG74k6yPjzkU","quiz","ati-pn-ns-117-fundamentals-proctored-exam-practice-questions","ati-pn-ns-117-fundamentals-proctored-exam-practice-questions","pillarPages/nursing-test-bank/subPages/z0xzINtS3EohZNaKosBz/nestedSubPages/lyrHg4RBzN6UafuymMFT/topics/1Lb0PkKiTEM2wQOIMDtv/quizzes/6wTQNhbMPPezMShrgFpx","ATI PN Ns 117 Fundamentals Proctored Exam Practice Questions | NursingMocks","Practice with 44 questions from ATI PN Ns 117 Fundamentals Proctored Exam Practice Questions.","https://www.nursingmocks.com/ati-pn-ns-117-fundamentals-proctored-exam-practice-questions","https://www.nursingmocks.com/ati-pn-ns-117-fundamentals-proctored-exam-practice-questions","false","true","runtime-generated","0",""
"voh9zxOtYtH9MpR7WqgQ","quiz","ati-pn-obstetrics-nursing-proctored-exam-practice-questions-set-1","ati-pn-obstetrics-nursing-proctored-exam-practice-questions-set-1","pillarPages/nursing-test-bank/subPages/z0xzINtS3EohZNaKosBz/nestedSubPages/lyrHg4RBzN6UafuymMFT/topics/ZwY2vYN2X4tXEKOv2x6h/quizzes/6eVVTNtpECUtyQNzLL76","ATI PN Obstetrics Nursing Proctored Exam Practice Questions - Set 1 | NursingMocks","Practice with 41 questions from ATI PN Obstetrics Nursing Proctored Exam Practice Questions - Set 1.","https://www.nursingmocks.com/ati-pn-obstetrics-nursing-proctored-exam-practice-questions-set-1","https://www.nursingmocks.com/ati-pn-obstetrics-nursing-proctored-exam-practice-questions-set-1","false","true","runtime-generated","0",""
"vot4Veeck68gruwLr1hv","quiz","ati-pn-med-surg-level-2-proctored-exam-practice-questions-set-57","ati-pn-med-surg-level-2-proctored-exam-practice-questions-set-57","pillarPages/nursing-test-bank/subPages/z0xzINtS3EohZNaKosBz/nestedSubPages/lyrHg4RBzN6UafuymMFT/topics/NywbGW22YNeZSM3kuwKk/quizzes/amEkav2d6Q4qtanVVH3u","ATI PN Med Surg Level 2 Proctored Exam Practice Questions - Set 57 | NursingMocks","Practice with 42 questions from ATI PN Med Surg Level 2 Proctored Exam Practice Questions - Set 57.","https://www.nursingmocks.com/ati-pn-med-surg-level-2-proctored-exam-practice-questions-set-57","https://www.nursingmocks.com/ati-pn-med-surg-level-2-proctored-exam-practice-questions-set-57","false","true","runtime-generated","0",""
"vps1ABZZyRit8j6Ei4JX","quiz","rn-maternal-health-2019-proctored-exam-practice-questions","rn-maternal-health-2019-proctored-exam-practice-questions","pillarPages/nursing-test-bank/subPages/SuT1noZoNGEjKGR1vTbi/nestedSubPages/zMFBI0XMiRsJnnXWhL5S/topics/stnDIFRoA0VwLaoxbGv1/quizzes/uVbaI8HwFItTFbUUezCy","RN Maternal Health 2019 Proctored Exam Practice Questions | NursingMocks","Practice with 13 questions from RN Maternal Health 2019 Proctored Exam Practice Questions.","https://www.nursingmocks.com/rn-maternal-health-2019-proctored-exam-practice-questions","https://www.nursingmocks.com/rn-maternal-health-2019-proctored-exam-practice-questions","false","true","runtime-generated","0",""
"vsbs7rqeZIOcTbY3LuJ9","quiz","ati-pn-capstone-proctored-post-assessment-practice-questions","ati-pn-capstone-proctored-post-assessment-practice-questions","pillarPages/nursing-test-bank/subPages/z0xzINtS3EohZNaKosBz/nestedSubPages/lyrHg4RBzN6UafuymMFT/topics/AIrzHbC5yDHk6TUjdEeM/quizzes/PIERkYx3fFiFtmltTkWR","ATI PN Capstone Proctored Post-Assessment Practice Questions | NursingMocks","Practice with 82 questions from ATI PN Capstone Proctored Post-Assessment Practice Questions.","https://www.nursingmocks.com/ati-pn-capstone-proctored-post-assessment-practice-questions","https://www.nursingmocks.com/ati-pn-capstone-proctored-post-assessment-practice-questions","false","true","runtime-generated","0",""
"vt1IUYAXy8xinRQXiCan","quiz","rn-ati-capstone-proctored-comprehensive-assessment-form-b","rn-ati-capstone-proctored-comprehensive-assessment-form-b","pillarPages/nursing-exit-exam/subPages/S4vSoa5bxDgZ1L5kLOJe/nestedSubPages/QsMAv9L9bzYoFjgdfKgH/quizzes/44Low9N8lYDJJPytwMnh","RN ATI Capstone Proctored Comprehensive Assessment Form B | NursingMocks","RN ATI Capstone Proctored Comprehensive Assessment Form B practice questions and answers for Nursing Exit Exam review.","https://www.nursingmocks.com/rn-ati-capstone-proctored-comprehensive-assessment-form-b","https://www.nursingmocks.com/rn-ati-capstone-proctored-comprehensive-assessment-form-b","false","true","runtime-generated","0",""
"vwZVuVi36517D5WZPFnR","topic","hesi-rn-maternity-practice-questions","hesi-rn-maternity-practice-questions","pillarPages/nursing-test-bank/subPages/SuT1noZoNGEjKGR1vTbi/nestedSubPages/iT55qp9NAFOvZLBAiQzC/topics/ULDy5qJrNGEhyYIuXZvp","HESI RN Maternity Questions | NursingMocks","Practice HESI RN Maternity questions for pregnancy, labor, postpartum care, newborn care, and maternal nursing review.","https://www.nursingmocks.com/hesi-rn-maternity-practice-questions","https://www.nursingmocks.com/hesi-rn-maternity-practice-questions","true","true","","0",""
"vxAEYLEkh7EBDFu4zwlk","quiz","n164-med-surg-proctored-exam-samuel-merritt-university-practice-questions","n164-med-surg-proctored-exam-samuel-merritt-university-practice-questions","pillarPages/nursing-test-bank/subPages/SuT1noZoNGEjKGR1vTbi/nestedSubPages/zMFBI0XMiRsJnnXWhL5S/topics/4xNDZPMszSkpgRfEsOck/quizzes/igizUWnttcQzWvQr7C3Y","N164 Med Surg Proctored Exam (Samuel Merritt University) Practice Questions | NursingMocks","Practice with 50 questions from N164 Med Surg Proctored Exam (Samuel Merritt University) Practice Questions.","https://www.nursingmocks.com/n164-med-surg-proctored-exam-samuel-merritt-university-practice-questions","https://www.nursingmocks.com/n164-med-surg-proctored-exam-samuel-merritt-university-practice-questions","false","true","runtime-generated","0",""
"vy3uXgLfx627U7D8bwvP","quiz","hesi-rn-medical-surg-managing-care-of-adult-proctored-exam-practice-questions","hesi-rn-medical-surg-managing-care-of-adult-proctored-exam-practice-questions","pillarPages/nursing-test-bank/subPages/SuT1noZoNGEjKGR1vTbi/nestedSubPages/iT55qp9NAFOvZLBAiQzC/topics/aS23yuUD7OS39aVVutYn/quizzes/Ob4snL9EsjAMRuLzV5vJ","HESI RN Medical Surg (Managing Care of Adult) Proctored Exam Practice Questions | NursingMocks","Practice with 52 questions from HESI RN Medical Surg (Managing Care of Adult) Proctored Exam Practice Questions.","https://www.nursingmocks.com/hesi-rn-medical-surg-managing-care-of-adult-proctored-exam-practice-questions","https://www.nursingmocks.com/hesi-rn-medical-surg-managing-care-of-adult-proctored-exam-practice-questions","false","true","runtime-generated","0",""
"w1IRs1GaOqWdDDRszCci","quiz","hesi-rn-nutrition-wgu-proctored-exam-practice-questions","hesi-rn-nutrition-wgu-proctored-exam-practice-questions","pillarPages/nursing-test-bank/subPages/SuT1noZoNGEjKGR1vTbi/nestedSubPages/iT55qp9NAFOvZLBAiQzC/topics/ZQ9GxGjFzBFm4ei4NL2w/quizzes/Kwi2jXXCkplT1mGiXaY2","HESI RN Nutrition WGU Proctored Exam Practice Questions | NursingMocks","Practice with 47 questions from HESI RN Nutrition WGU Proctored Exam Practice Questions.","https://www.nursingmocks.com/hesi-rn-nutrition-wgu-proctored-exam-practice-questions","https://www.nursingmocks.com/hesi-rn-nutrition-wgu-proctored-exam-practice-questions","false","true","runtime-generated","0",""
"w27dJDJlupkTYomvPDRn","quiz","pediatrics-proctored-exam-practice-questions-set-8","pediatrics-proctored-exam-practice-questions-set-8","pillarPages/nursing-test-bank/subPages/SuT1noZoNGEjKGR1vTbi/nestedSubPages/zMFBI0XMiRsJnnXWhL5S/topics/Hwspg6smTqrELsoRSNmc/quizzes/Mc3uYK5rB4euWmMpuJWb","Pediatrics Proctored Exam Practice Questions - Set 8 | NursingMocks","Practice with 26 questions from Pediatrics Proctored Exam Practice Questions - Set 8.","https://www.nursingmocks.com/pediatrics-proctored-exam-practice-questions-set-8","https://www.nursingmocks.com/pediatrics-proctored-exam-practice-questions-set-8","false","true","runtime-generated","0",""
"w4O9CdSBVyCevktrH2VG","quiz","ati-pn-med-surg-concept-2-proctored-exam-practice-questions","ati-pn-med-surg-concept-2-proctored-exam-practice-questions","pillarPages/nursing-test-bank/subPages/z0xzINtS3EohZNaKosBz/nestedSubPages/lyrHg4RBzN6UafuymMFT/topics/NywbGW22YNeZSM3kuwKk/quizzes/0KfPFo7rADMfTpUrdqQJ","ATI PN Med Surg Concept 2 Proctored Exam Practice Questions | NursingMocks","Practice with 46 questions from ATI PN Med Surg Concept 2 Proctored Exam Practice Questions.","https://www.nursingmocks.com/ati-pn-med-surg-concept-2-proctored-exam-practice-questions","https://www.nursingmocks.com/ati-pn-med-surg-concept-2-proctored-exam-practice-questions","false","true","runtime-generated","0",""
"w4qtqY9L6crbjVXqn0qT","topic","lpn-nursing-course-fundamentals-practice-questions","lpn-nursing-course-fundamentals-practice-questions","pillarPages/nursing-test-bank/subPages/z0xzINtS3EohZNaKosBz/nestedSubPages/3K3wv7IGcDcXvSNM9Kxm/topics/XKenRdlHMVfdY4Dl99G2","LPN Fundamentals Course Exam Questions | NursingMocks","Practice LPN Fundamentals course exam questions for basic nursing care, safety, infection control, nursing process, skills, and client care review.","https://www.nursingmocks.com/lpn-nursing-course-fundamentals-practice-questions","https://www.nursingmocks.com/lpn-nursing-course-fundamentals-practice-questions","true","true","","0",""
"w9Ur4Qt383FHcYQTZt7z","quiz","stu-25sum1-pediatric-competency-proctored-exam-practice-questions","stu-25sum1-pediatric-competency-proctored-exam-practice-questions","pillarPages/nursing-test-bank/subPages/SuT1noZoNGEjKGR1vTbi/nestedSubPages/zMFBI0XMiRsJnnXWhL5S/topics/Hwspg6smTqrELsoRSNmc/quizzes/QyrkhZtOdnJ7Z5AL494M","Stu 25Sum1 Pediatric Competency Proctored Exam Practice Questions | NursingMocks","Practice with 147 questions from Stu 25Sum1 Pediatric Competency Proctored Exam Practice Questions.","https://www.nursingmocks.com/stu-25sum1-pediatric-competency-proctored-exam-practice-questions","https://www.nursingmocks.com/stu-25sum1-pediatric-competency-proctored-exam-practice-questions","false","true","runtime-generated","0",""
"wAFuHxedp13z78OU4iak","quiz","wgu-hesi-rn-med-surg-proctored-exam-practice-questions","wgu-hesi-rn-med-surg-proctored-exam-practice-questions","pillarPages/nursing-test-bank/subPages/SuT1noZoNGEjKGR1vTbi/nestedSubPages/iT55qp9NAFOvZLBAiQzC/topics/aS23yuUD7OS39aVVutYn/quizzes/rNrJlkfbPUYNjoABnIVX","WGU HESI RN Med Surg Proctored Exam Practice Questions | NursingMocks","Practice with 53 questions from WGU HESI RN Med Surg Proctored Exam Practice Questions.","https://www.nursingmocks.com/wgu-hesi-rn-med-surg-proctored-exam-practice-questions","https://www.nursingmocks.com/wgu-hesi-rn-med-surg-proctored-exam-practice-questions","false","true","runtime-generated","0",""
"wHse80oYr9XouRQDiNMr","topic","hesi-rn-pharmacology-practice-questions","hesi-rn-pharmacology-practice-questions","pillarPages/nursing-test-bank/subPages/SuT1noZoNGEjKGR1vTbi/nestedSubPages/iT55qp9NAFOvZLBAiQzC/topics/l1kSgSxIYg2SRUN8aWqE","HESI RN Pharmacology Questions | NursingMocks","Review HESI RN Pharmacology questions on medication safety, drug classes, adverse effects, administration, and client teaching.","https://www.nursingmocks.com/hesi-rn-pharmacology-practice-questions","https://www.nursingmocks.com/hesi-rn-pharmacology-practice-questions","true","true","","0",""
"wJwKUhvmpvQ3XMUFzIHX","quiz","south-merit-college-patho-pharmacology-proctored-exam-practice-questions","south-merit-college-patho-pharmacology-proctored-exam-practice-questions","pillarPages/nursing-test-bank/subPages/SuT1noZoNGEjKGR1vTbi/nestedSubPages/zMFBI0XMiRsJnnXWhL5S/topics/qjQzp4HMFByeL1UEKGDd/quizzes/lm6uuxC2GLziBO1HDoJV","South Merit College Patho-Pharmacology Proctored Exam Practice Questions | NursingMocks","Practice with 43 questions from South Merit College Patho-Pharmacology Proctored Exam Practice Questions.","https://www.nursingmocks.com/south-merit-college-patho-pharmacology-proctored-exam-practice-questions","https://www.nursingmocks.com/south-merit-college-patho-pharmacology-proctored-exam-practice-questions","false","true","runtime-generated","0",""
"wPeihvup7PV9gAmprK9c","quiz","wgu-rn-hesi-rn-health-assessment-proctored-exam-practice-questions","wgu-rn-hesi-rn-health-assessment-proctored-exam-practice-questions","pillarPages/nursing-test-bank/subPages/SuT1noZoNGEjKGR1vTbi/nestedSubPages/iT55qp9NAFOvZLBAiQzC/topics/0zSu4efsFf1RPT4W2Xjn/quizzes/W9H5FEgxDcX4qcvmcFZY","WGU RN HESI RN Health Assessment Proctored Exam Practice Questions | NursingMocks","Practice with 56 questions from WGU RN HESI RN Health Assessment Proctored Exam Practice Questions.","https://www.nursingmocks.com/wgu-rn-hesi-rn-health-assessment-proctored-exam-practice-questions","https://www.nursingmocks.com/wgu-rn-hesi-rn-health-assessment-proctored-exam-practice-questions","false","true","runtime-generated","0",""
"wTw6gepFp1xOlT1y0yHb","quiz","nu-400-mental-health-psychiatric-nursing-proctored-exam-exam-1-week-3-st-joseph-s-college-me-practice-questions","nu-400-mental-health-psychiatric-nursing-proctored-exam-exam-1-week-3-st-joseph-s-college-me-practice-questions","pillarPages/nursing-test-bank/subPages/SuT1noZoNGEjKGR1vTbi/nestedSubPages/zMFBI0XMiRsJnnXWhL5S/topics/dwj41dVBiWR9v4FRpKhC/quizzes/0gMu2GutMrvRrKCcUhZA","Nu 400-Mental Health-Psychiatric Nursing Proctored Exam (Exam 1 Week 3) St. Joseph's College Me Practice Questions | NursingMocks","Practice with 50 questions from Nu 400-Mental Health-Psychiatric Nursing Proctored Exam (Exam 1 Week 3) St. Joseph's College Me Practice Questions.","https://www.nursingmocks.com/nu-400-mental-health-psychiatric-nursing-proctored-exam-exam-1-week-3-st-joseph-s-college-me-practice-questions","https://www.nursingmocks.com/nu-400-mental-health-psychiatric-nursing-proctored-exam-exam-1-week-3-st-joseph-s-college-me-practice-questions","false","true","runtime-generated","0",""
"wURH9S0rCqunoY3AU1AN","quiz","obstetrics-proctored-exam-regular-practice-questions","obstetrics-proctored-exam-regular-practice-questions","pillarPages/nursing-test-bank/subPages/SuT1noZoNGEjKGR1vTbi/nestedSubPages/zMFBI0XMiRsJnnXWhL5S/topics/Hwspg6smTqrELsoRSNmc/quizzes/MVho04RILag2YOD2uYa0","Obstetrics Proctored Exam (Regular) Practice Questions | NursingMocks","Practice with 52 questions from Obstetrics Proctored Exam (Regular) Practice Questions.","https://www.nursingmocks.com/obstetrics-proctored-exam-regular-practice-questions","https://www.nursingmocks.com/obstetrics-proctored-exam-regular-practice-questions","false","true","runtime-generated","0",""
"wVEQNBPpX55lvjLloEMd","quiz","ati-rn-comprehensive-predictor-2023-proctored-exam","ati-rn-comprehensive-predictor-2023-proctored-exam","pillarPages/nursing-exit-exam/subPages/S4vSoa5bxDgZ1L5kLOJe/nestedSubPages/QsMAv9L9bzYoFjgdfKgH/quizzes/u6vxiapFhPTdccYDdmUR","ATI RN Comprehensive Predictor 2023 Proctored Exam | NursingMocks","ATI RN Comprehensive Predictor 2023 Proctored Exam practice questions and answers for Nursing Exit Exam review.","https://www.nursingmocks.com/ati-rn-comprehensive-predictor-2023-proctored-exam","https://www.nursingmocks.com/ati-rn-comprehensive-predictor-2023-proctored-exam","false","true","runtime-generated","0",""
"wVNa7AVRzz4komhr8dm2","quiz","lpn-nursing-1-fundamental-proctored-exam-witcc-college-practice-questions","lpn-nursing-1-fundamental-proctored-exam-witcc-college-practice-questions","pillarPages/nursing-test-bank/subPages/z0xzINtS3EohZNaKosBz/nestedSubPages/3K3wv7IGcDcXvSNM9Kxm/topics/XKenRdlHMVfdY4Dl99G2/quizzes/DkO8F3LpiGK1wU6L0S6O","LPN Nursing 1 Fundamental Proctored Exam (WITCC College) Practice Questions | NursingMocks","Practice with 47 questions from LPN Nursing 1 Fundamental Proctored Exam (WITCC College) Practice Questions.","https://www.nursingmocks.com/lpn-nursing-1-fundamental-proctored-exam-witcc-college-practice-questions","https://www.nursingmocks.com/lpn-nursing-1-fundamental-proctored-exam-witcc-college-practice-questions","false","true","runtime-generated","0",""
"wWJyOKuqocuykzW46484","nested","hesi-lpn-exit-exam","hesi-lpn-exit-exam","pillarPages/nursing-exit-exam/subPages/nkXaaMfkkbvjmrSRwtVq/nestedSubPages/BH31o1XVf6CrhNvQvfOO","HESI | TeasGurus","Content for HESI under LPN Exam.","https://www.nursingmocks.com/hesi-lpn-exit-exam","https://www.nursingmocks.com/hesi-lpn-exit-exam","true","true","","0",""
"waNxXO1W4MAIB6QGheOJ","nested","ati-rn-comprehensive-predictor","ati-rn-comprehensive-predictor","pillarPages/nursing-exit-exam/subPages/S4vSoa5bxDgZ1L5kLOJe/nestedSubPages/QsMAv9L9bzYoFjgdfKgH","ATI | TeasGurus","Content for ATI under RN Exams.","https://www.nursingmocks.com/ati-rn-comprehensive-predictor","https://www.nursingmocks.com/ati-rn-comprehensive-predictor","true","true","","0",""
"wb5ZxCreeHUMJzvjeAWw","quiz","hesi-rn-nursing-research-proctored-exam-practice-questions-set-2","hesi-rn-nursing-research-proctored-exam-practice-questions-set-2","pillarPages/nursing-test-bank/subPages/SuT1noZoNGEjKGR1vTbi/nestedSubPages/iT55qp9NAFOvZLBAiQzC/topics/2CSFdI3p8inciBpSPkZI/quizzes/h7oza2I3qqJPt5xEb5UN","HESI RN Nursing Research Proctored Exam Practice Questions - Set 2 | NursingMocks","Practice with 48 questions from HESI RN Nursing Research Proctored Exam Practice Questions - Set 2.","https://www.nursingmocks.com/hesi-rn-nursing-research-proctored-exam-practice-questions-set-2","https://www.nursingmocks.com/hesi-rn-nursing-research-proctored-exam-practice-questions-set-2","false","true","runtime-generated","0",""
"wbQgjTVVFk3Vb2BdzzEa","quiz","wgu-rn-hesi-rn-pharmocology-proctored-exam-practice-questions","wgu-rn-hesi-rn-pharmocology-proctored-exam-practice-questions","pillarPages/nursing-test-bank/subPages/SuT1noZoNGEjKGR1vTbi/nestedSubPages/iT55qp9NAFOvZLBAiQzC/topics/l1kSgSxIYg2SRUN8aWqE/quizzes/RfDAAWdsnSLsEXiUOc3c","WGU RN HESI RN Pharmocology Proctored Exam Practice Questions | NursingMocks","Practice with 39 questions from WGU RN HESI RN Pharmocology Proctored Exam Practice Questions.","https://www.nursingmocks.com/wgu-rn-hesi-rn-pharmocology-proctored-exam-practice-questions","https://www.nursingmocks.com/wgu-rn-hesi-rn-pharmocology-proctored-exam-practice-questions","false","true","runtime-generated","0",""
"wchNjjPFOcAwLHK81n54","quiz","hesi-pn-exit-2023-ii-proctored-exam","hesi-pn-exit-2023-ii-proctored-exam","pillarPages/nursing-exit-exam/subPages/nkXaaMfkkbvjmrSRwtVq/nestedSubPages/BH31o1XVf6CrhNvQvfOO/quizzes/dhg196Z3vWOEC6yq8bCf","HESI PN Exit 2023 II Proctored Exam | NursingMocks","HESI PN Exit 2023 II Proctored Exam practice questions and answers for Nursing Exit Exam review.","https://www.nursingmocks.com/hesi-pn-exit-2023-ii-proctored-exam","https://www.nursingmocks.com/hesi-pn-exit-2023-ii-proctored-exam","false","true","runtime-generated","0",""
"weslE7zQqUDEGmJJOT5q","quiz","ati-pn-med-surg-proctored-exam-6-practice-questions","ati-pn-med-surg-proctored-exam-6-practice-questions","pillarPages/nursing-test-bank/subPages/z0xzINtS3EohZNaKosBz/nestedSubPages/lyrHg4RBzN6UafuymMFT/topics/NywbGW22YNeZSM3kuwKk/quizzes/YhMqYszzcF2RZBwyF3Jq","ATI PN Med Surg Proctored Exam 6 Practice Questions | NursingMocks","Practice with 50 questions from ATI PN Med Surg Proctored Exam 6 Practice Questions.","https://www.nursingmocks.com/ati-pn-med-surg-proctored-exam-6-practice-questions","https://www.nursingmocks.com/ati-pn-med-surg-proctored-exam-6-practice-questions","false","true","runtime-generated","0",""
"wiBN2EzpGWRtixRdXaeQ","quiz","teas-english-practice-test-set-9","teas-english-practice-test-set-9","pillarPages/nursing-entrance-exam/subPages/yrdSf0KpOcuybL1SLnw7/nestedSubPages/ykWIONcheFBJ7ooEl7WK/quizzes/Xm98bDuZCgMXnlHXpvHY","ATI TEAS English Practice Test Set 9 Questions and Answers","Work through ATI TEAS English and Language Usage Set 9 questions and answers covering Conventions of Standard English, Knowledge of Language, and Using Language and Vocabulary to Express Ideas in Writing, with focus on editing choices, concise wording, and standard grammar patterns.","https://www.nursingmocks.com/teas-english-practice-test-set-9","https://www.nursingmocks.com/teas-english-practice-test-set-9","true","true","","0",""
"wjzmTKuymnlaiyeNG2Dy","topic","lpn-nursing-course-medical-surgical-practice-questions","lpn-nursing-course-medical-surgical-practice-questions","pillarPages/nursing-test-bank/subPages/z0xzINtS3EohZNaKosBz/nestedSubPages/3K3wv7IGcDcXvSNM9Kxm/topics/AlR3KvZbCSZXo21jeLnT","LPN Medical Surgical Course Exam Questions | NursingMocks","Practice LPN Medical Surgical course exam questions for adult health, disease processes, body systems, and clinical judgment.","https://www.nursingmocks.com/lpn-nursing-course-medical-surgical-practice-questions","https://www.nursingmocks.com/lpn-nursing-course-medical-surgical-practice-questions","true","true","","0",""
"wmAGmGzmgolG9tv0N8BM","quiz","college-proctored-exam-2-perfusion-euro-pm-practice-questions","college-proctored-exam-2-perfusion-euro-pm-practice-questions","pillarPages/nursing-test-bank/subPages/SuT1noZoNGEjKGR1vTbi/nestedSubPages/zMFBI0XMiRsJnnXWhL5S/topics/LhvXpmVrfANaLnZ3NZXG/quizzes/m0kkXEx0GACa6e0QAt5t","College Proctored Exam 2 Perfusion Euro Pm Practice Questions | NursingMocks","Practice with 49 questions from College Proctored Exam 2 Perfusion Euro Pm Practice Questions.","https://www.nursingmocks.com/college-proctored-exam-2-perfusion-euro-pm-practice-questions","https://www.nursingmocks.com/college-proctored-exam-2-perfusion-euro-pm-practice-questions","false","true","runtime-generated","0",""
"woMVsBYpiMwyj8oRXd0v","quiz","ati-pn-med-surg-proctored-exam-lv-3-electrolytes-imbalance-practice-questions","ati-pn-med-surg-proctored-exam-lv-3-electrolytes-imbalance-practice-questions","pillarPages/nursing-test-bank/subPages/z0xzINtS3EohZNaKosBz/nestedSubPages/lyrHg4RBzN6UafuymMFT/topics/NywbGW22YNeZSM3kuwKk/quizzes/8l188UWEJcSWsGEWvILF","ATI PN Med Surg Proctored Exam Lv 3 Electrolytes Imbalance Practice Questions | NursingMocks","Practice with 43 questions from ATI PN Med Surg Proctored Exam Lv 3 Electrolytes Imbalance Practice Questions.","https://www.nursingmocks.com/ati-pn-med-surg-proctored-exam-lv-3-electrolytes-imbalance-practice-questions","https://www.nursingmocks.com/ati-pn-med-surg-proctored-exam-lv-3-electrolytes-imbalance-practice-questions","false","true","runtime-generated","0",""
"wpZZh7BY44OGQEChSILr","quiz","ati-pn-fundamental-proctored-exam-paredes-practice-questions","ati-pn-fundamental-proctored-exam-paredes-practice-questions","pillarPages/nursing-test-bank/subPages/z0xzINtS3EohZNaKosBz/nestedSubPages/lyrHg4RBzN6UafuymMFT/topics/1Lb0PkKiTEM2wQOIMDtv/quizzes/T82zzVLXTHRqqJ3VV7jJ","ATI PN Fundamental Proctored Exam - Paredes Practice Questions | NursingMocks","Practice with 50 questions from ATI PN Fundamental Proctored Exam - Paredes Practice Questions.","https://www.nursingmocks.com/ati-pn-fundamental-proctored-exam-paredes-practice-questions","https://www.nursingmocks.com/ati-pn-fundamental-proctored-exam-paredes-practice-questions","false","true","runtime-generated","0",""
"wrYI4gV2ub1dcHijXSvB","quiz","ati-pn-fundamentals-chapter-28-proctored-exam-practice-questions","ati-pn-fundamentals-chapter-28-proctored-exam-practice-questions","pillarPages/nursing-test-bank/subPages/z0xzINtS3EohZNaKosBz/nestedSubPages/lyrHg4RBzN6UafuymMFT/topics/1Lb0PkKiTEM2wQOIMDtv/quizzes/hU7TpdW79EpxoI5d0jTD","ATI PN Fundamentals Chapter 28 Proctored Exam Practice Questions | NursingMocks","Practice with 49 questions from ATI PN Fundamentals Chapter 28 Proctored Exam Practice Questions.","https://www.nursingmocks.com/ati-pn-fundamentals-chapter-28-proctored-exam-practice-questions","https://www.nursingmocks.com/ati-pn-fundamentals-chapter-28-proctored-exam-practice-questions","false","true","runtime-generated","0",""
"wvdFmLNjYWdFBSYpnC3I","quiz","mental-health-kentucky-university-proctored-exam-1-practice-questions","mental-health-kentucky-university-proctored-exam-1-practice-questions","pillarPages/nursing-test-bank/subPages/SuT1noZoNGEjKGR1vTbi/nestedSubPages/zMFBI0XMiRsJnnXWhL5S/topics/dwj41dVBiWR9v4FRpKhC/quizzes/xtmDzLRSsZjv4xRtcwWY","Mental Health Kentucky University Proctored Exam 1 Practice Questions | NursingMocks","Practice with 100 questions from Mental Health Kentucky University Proctored Exam 1 Practice Questions.","https://www.nursingmocks.com/mental-health-kentucky-university-proctored-exam-1-practice-questions","https://www.nursingmocks.com/mental-health-kentucky-university-proctored-exam-1-practice-questions","false","true","runtime-generated","0",""
"x3CwesxAbkOuR9KyZVUK","quiz","rn-hesi-exit-proctored-exam","rn-hesi-exit-proctored-exam","pillarPages/nursing-exit-exam/subPages/S4vSoa5bxDgZ1L5kLOJe/nestedSubPages/MVHmi7FJbSDlPPz28jh5/quizzes/CwlYdZwnkBlqIxHxFt38","RN HESI Exit Proctored Exam | NursingMocks","RN HESI Exit Proctored Exam practice questions and answers for Nursing Exit Exam review.","https://www.nursingmocks.com/rn-hesi-exit-proctored-exam","https://www.nursingmocks.com/rn-hesi-exit-proctored-exam","false","true","runtime-generated","0",""
"xCPSk4tFnjkXw9IaaPQs","quiz","indiana-university-ob-maternal-proctored-exam-3-practice-questions","indiana-university-ob-maternal-proctored-exam-3-practice-questions","pillarPages/nursing-test-bank/subPages/SuT1noZoNGEjKGR1vTbi/nestedSubPages/zMFBI0XMiRsJnnXWhL5S/topics/stnDIFRoA0VwLaoxbGv1/quizzes/xAqYLbW5zgx1n5Q6eqhS","Indiana University OB-Maternal Proctored Exam 3 Practice Questions | NursingMocks","Practice with 45 questions from Indiana University OB-Maternal Proctored Exam 3 Practice Questions.","https://www.nursingmocks.com/indiana-university-ob-maternal-proctored-exam-3-practice-questions","https://www.nursingmocks.com/indiana-university-ob-maternal-proctored-exam-3-practice-questions","false","true","runtime-generated","0",""
"xG2Oa0MJ5cBb2dWIwD1W","quiz","hesi-rn-wgu-medical-adult-health-1-proctored-exam-practice-questions","hesi-rn-wgu-medical-adult-health-1-proctored-exam-practice-questions","pillarPages/nursing-test-bank/subPages/SuT1noZoNGEjKGR1vTbi/nestedSubPages/iT55qp9NAFOvZLBAiQzC/topics/n2FK9jdRFYQvHbryoAbl/quizzes/yRd2U4HCj0dIEFR322Hl","HESI RN WGU Medical Adult Health 1 Proctored Exam Practice Questions | NursingMocks","Practice with 59 questions from HESI RN WGU Medical Adult Health 1 Proctored Exam Practice Questions.","https://www.nursingmocks.com/hesi-rn-wgu-medical-adult-health-1-proctored-exam-practice-questions","https://www.nursingmocks.com/hesi-rn-wgu-medical-adult-health-1-proctored-exam-practice-questions","false","true","runtime-generated","0",""
"xGnUTp0TO7gGTzErhz4f","quiz","nightdale-college-hesi-rn-pharmacology-rn-proctored-exam-practice-questions","nightdale-college-hesi-rn-pharmacology-rn-proctored-exam-practice-questions","pillarPages/nursing-test-bank/subPages/SuT1noZoNGEjKGR1vTbi/nestedSubPages/iT55qp9NAFOvZLBAiQzC/topics/l1kSgSxIYg2SRUN8aWqE/quizzes/hybuaiBeJWjuk2YUIR1W","Nightdale College HESI RN Pharmacology RN Proctored Exam Practice Questions | NursingMocks","Practice with 47 questions from Nightdale College HESI RN Pharmacology RN Proctored Exam Practice Questions.","https://www.nursingmocks.com/nightdale-college-hesi-rn-pharmacology-rn-proctored-exam-practice-questions","https://www.nursingmocks.com/nightdale-college-hesi-rn-pharmacology-rn-proctored-exam-practice-questions","false","true","runtime-generated","0",""
"xJzPP3olLFd4keMP4FpP","quiz","hesi-rn-med-surg-proctored-exam-resp-git-cvs-mchps-university-practice-questions","hesi-rn-med-surg-proctored-exam-resp-git-cvs-mchps-university-practice-questions","pillarPages/nursing-test-bank/subPages/SuT1noZoNGEjKGR1vTbi/nestedSubPages/iT55qp9NAFOvZLBAiQzC/topics/aS23yuUD7OS39aVVutYn/quizzes/iZWdR0wUC7nFXhXywVoO","HESI RN Med Surg Proctored Exam (Resp, Git, Cvs) Mchps University Practice Questions | NursingMocks","Practice with 60 questions from HESI RN Med Surg Proctored Exam (Resp, Git, Cvs) Mchps University Practice Questions.","https://www.nursingmocks.com/hesi-rn-med-surg-proctored-exam-resp-git-cvs-mchps-university-practice-questions","https://www.nursingmocks.com/hesi-rn-med-surg-proctored-exam-resp-git-cvs-mchps-university-practice-questions","false","true","runtime-generated","0",""
"xNgWTmBu3H4XR7UKhHUq","quiz","ati-pn-adult-medical-surgical-2020-proctored-exam-2-practice-questions","ati-pn-adult-medical-surgical-2020-proctored-exam-2-practice-questions","pillarPages/nursing-test-bank/subPages/z0xzINtS3EohZNaKosBz/nestedSubPages/lyrHg4RBzN6UafuymMFT/topics/NywbGW22YNeZSM3kuwKk/quizzes/qED6ERK93cWJDcrWnG6B","ATI PN Adult Medical Surgical 2020 - Proctored Exam 2 Practice Questions | NursingMocks","Practice with 91 questions from ATI PN Adult Medical Surgical 2020 - Proctored Exam 2 Practice Questions.","https://www.nursingmocks.com/ati-pn-adult-medical-surgical-2020-proctored-exam-2-practice-questions","https://www.nursingmocks.com/ati-pn-adult-medical-surgical-2020-proctored-exam-2-practice-questions","false","true","runtime-generated","0",""
"xTexTQb7lNEIMAmtTIX6","quiz","ati-pn-custom-pharmacology-proctored-exam-practice-questions","ati-pn-custom-pharmacology-proctored-exam-practice-questions","pillarPages/nursing-test-bank/subPages/z0xzINtS3EohZNaKosBz/nestedSubPages/lyrHg4RBzN6UafuymMFT/topics/13a3GLxldltUqhIxNzkr/quizzes/q0uzkifZIEm5JBtx5ykI","ATI PN Custom Pharmacology Proctored Exam Practice Questions | NursingMocks","Practice with 40 questions from ATI PN Custom Pharmacology Proctored Exam Practice Questions.","https://www.nursingmocks.com/ati-pn-custom-pharmacology-proctored-exam-practice-questions","https://www.nursingmocks.com/ati-pn-custom-pharmacology-proctored-exam-practice-questions","false","true","runtime-generated","0",""
"xYvzTmdFYJcSMGtmqPmB","nested","ati-teas-math-practice-test","ati-teas-math-practice-test","pillarPages/nursing-entrance-exam/subPages/yrdSf0KpOcuybL1SLnw7/nestedSubPages/e9EcRCWTbyKVpyLXUKzd","ATI TEAS Math Practice Test: Questions & Answers | NursingMocks","Practice for the ATI TEAS Math section with exam-style questions and answers covering Numbers and Algebra, Measurement and Data, calculations, conversions, and word problems.","https://www.nursingmocks.com/ati-teas-math-practice-test","https://www.nursingmocks.com/ati-teas-math-practice-test","true","true","","0",""
"xfnHvHL5DzFppa9djm2G","quiz","pediatrics-midterm-v1-2023-test-3-proctored-exam-practice-questions","pediatrics-midterm-v1-2023-test-3-proctored-exam-practice-questions","pillarPages/nursing-test-bank/subPages/SuT1noZoNGEjKGR1vTbi/nestedSubPages/zMFBI0XMiRsJnnXWhL5S/topics/Hwspg6smTqrELsoRSNmc/quizzes/SIjNxNjDOzbqDEL1htLL","Pediatrics Midterm V1 2023 Test 3 Proctored Exam Practice Questions | NursingMocks","Practice with 75 questions from Pediatrics Midterm V1 2023 Test 3 Proctored Exam Practice Questions.","https://www.nursingmocks.com/pediatrics-midterm-v1-2023-test-3-proctored-exam-practice-questions","https://www.nursingmocks.com/pediatrics-midterm-v1-2023-test-3-proctored-exam-practice-questions","false","true","runtime-generated","0",""
"xiYagz3QGGl2N8MhfZOA","quiz","teas-science-practice-test-set-9","teas-science-practice-test-set-9","pillarPages/nursing-entrance-exam/subPages/yrdSf0KpOcuybL1SLnw7/nestedSubPages/uJVUx7wiwgxZ5HPJXNkV/quizzes/5Vp0mXJvZRYH8qzeugav","ATI TEAS Science Practice Test Set 9 Questions and Answers","Study with ATI TEAS Science Set 9 questions and answers covering Human Anatomy and Physiology, Biology, Chemistry, and Scientific Reasoning, with focus on human biology, chemical principles, and scientific method questions.","https://www.nursingmocks.com/teas-science-practice-test-set-9","https://www.nursingmocks.com/teas-science-practice-test-set-9","true","true","","0",""
"xmBw2EDuyhDsS2kzAIwb","quiz","ati-lpn-comprehensive-predictor-proctored-exam","ati-lpn-comprehensive-predictor-proctored-exam","pillarPages/nursing-exit-exam/subPages/nkXaaMfkkbvjmrSRwtVq/nestedSubPages/ShdTxCRHYWbhmGg06Sgw/quizzes/T56moNn1qjUb8M6GIRO6","ATI LPN Comprehensive Predictor Proctored Exam | NursingMocks","ATI LPN Comprehensive Predictor Proctored Exam practice questions and answers for Nursing Exit Exam review.","https://www.nursingmocks.com/ati-lpn-comprehensive-predictor-proctored-exam","https://www.nursingmocks.com/ati-lpn-comprehensive-predictor-proctored-exam","false","true","runtime-generated","0",""
"xnRQbEJyyXr3eWbLQA6L","quiz","ati-pn-pharmacology-2020-proctored-exam-practice-questions-set-22","ati-pn-pharmacology-2020-proctored-exam-practice-questions-set-22","pillarPages/nursing-test-bank/subPages/z0xzINtS3EohZNaKosBz/nestedSubPages/lyrHg4RBzN6UafuymMFT/topics/13a3GLxldltUqhIxNzkr/quizzes/3hQCmuGaoqGhDxN3hSp3","ATI PN Pharmacology 2020 Proctored Exam Practice Questions - Set 22 | NursingMocks","Practice with 61 questions from ATI PN Pharmacology 2020 Proctored Exam Practice Questions - Set 22.","https://www.nursingmocks.com/ati-pn-pharmacology-2020-proctored-exam-practice-questions-set-22","https://www.nursingmocks.com/ati-pn-pharmacology-2020-proctored-exam-practice-questions-set-22","false","true","runtime-generated","0",""
"xpHdCKp17LlNnRTOPEUe","quiz","rn-mental-health-proctored-exam-practice-questions","rn-mental-health-proctored-exam-practice-questions","pillarPages/nursing-test-bank/subPages/SuT1noZoNGEjKGR1vTbi/nestedSubPages/zMFBI0XMiRsJnnXWhL5S/topics/dwj41dVBiWR9v4FRpKhC/quizzes/jlClWgbiccVolsEakTTA","RN Mental Health Proctored Exam Practice Questions | NursingMocks","Practice with 63 questions from RN Mental Health Proctored Exam Practice Questions.","https://www.nursingmocks.com/rn-mental-health-proctored-exam-practice-questions","https://www.nursingmocks.com/rn-mental-health-proctored-exam-practice-questions","false","true","runtime-generated","0",""
"xvsJq2nNR6vCmsVNCRiK","quiz","health-assessment-nus-140-proctored-exam-central-pennsylvania-community-college-practice-questions","health-assessment-nus-140-proctored-exam-central-pennsylvania-community-college-practice-questions","pillarPages/nursing-test-bank/subPages/SuT1noZoNGEjKGR1vTbi/nestedSubPages/zMFBI0XMiRsJnnXWhL5S/topics/XQlgh9zsLrRK6vilmJPA/quizzes/QT4PRzm3DIlGIsveaqPg","Health Assessment Nus 140 Proctored Exam (Central Pennsylvania Community College) Practice Questions | NursingMocks","Practice with 60 questions from Health Assessment Nus 140 Proctored Exam (Central Pennsylvania Community College) Practice Questions.","https://www.nursingmocks.com/health-assessment-nus-140-proctored-exam-central-pennsylvania-community-college-practice-questions","https://www.nursingmocks.com/health-assessment-nus-140-proctored-exam-central-pennsylvania-community-college-practice-questions","false","true","runtime-generated","0",""
"xxTSkfwqayQC0FYhwUdz","quiz","ati-pn-maternal-newborn-proctored-exam-practice-questions-set-16","ati-pn-maternal-newborn-proctored-exam-practice-questions-set-16","pillarPages/nursing-test-bank/subPages/z0xzINtS3EohZNaKosBz/nestedSubPages/lyrHg4RBzN6UafuymMFT/topics/ZwY2vYN2X4tXEKOv2x6h/quizzes/H9OIb6stuQTogTuCToAY","ATI PN Maternal Newborn Proctored Exam Practice Questions - Set 16 | NursingMocks","Practice with 50 questions from ATI PN Maternal Newborn Proctored Exam Practice Questions - Set 16.","https://www.nursingmocks.com/ati-pn-maternal-newborn-proctored-exam-practice-questions-set-16","https://www.nursingmocks.com/ati-pn-maternal-newborn-proctored-exam-practice-questions-set-16","false","true","runtime-generated","0",""
"y2wIVBYJuj3dB0AqbFZJ","quiz","fundamentals-proctored-exam-practice-questions-set-9","fundamentals-proctored-exam-practice-questions-set-9","pillarPages/nursing-test-bank/subPages/SuT1noZoNGEjKGR1vTbi/nestedSubPages/zMFBI0XMiRsJnnXWhL5S/topics/sBc3Ee7TKg33PIbmj4Hb/quizzes/X96N9IVaTAtpt8yHLzLK","Fundamentals Proctored Exam Practice Questions - Set 9 | NursingMocks","Practice with 40 questions from Fundamentals Proctored Exam Practice Questions - Set 9.","https://www.nursingmocks.com/fundamentals-proctored-exam-practice-questions-set-9","https://www.nursingmocks.com/fundamentals-proctored-exam-practice-questions-set-9","false","true","runtime-generated","0",""
"yND8gtpspYcyf7ZvwQFw","quiz","miami-regional-university-ob-maternity-care-of-women-new-born-and-children-proctored-exam-practice-questions","miami-regional-university-ob-maternity-care-of-women-new-born-and-children-proctored-exam-practice-questions","pillarPages/nursing-test-bank/subPages/SuT1noZoNGEjKGR1vTbi/nestedSubPages/zMFBI0XMiRsJnnXWhL5S/topics/stnDIFRoA0VwLaoxbGv1/quizzes/nkKnt4ORGuQNLZr184j4","Miami Regional University OB Maternity Care of Women New Born and Children Proctored Exam Practice Questions | NursingMocks","Practice with 82 questions from Miami Regional University OB Maternity Care of Women New Born and Children Proctored Exam Practice Questions.","https://www.nursingmocks.com/miami-regional-university-ob-maternity-care-of-women-new-born-and-children-proctored-exam-practice-questions","https://www.nursingmocks.com/miami-regional-university-ob-maternity-care-of-women-new-born-and-children-proctored-exam-practice-questions","false","true","runtime-generated","0",""
"yNyHjVytryWChRJ3MHJ8","quiz","clinical-nursing-foundations-proctored-exam-university-of-texas-2252-nurs-3632-600-practice-questions","clinical-nursing-foundations-proctored-exam-university-of-texas-2252-nurs-3632-600-practice-questions","pillarPages/nursing-test-bank/subPages/SuT1noZoNGEjKGR1vTbi/nestedSubPages/zMFBI0XMiRsJnnXWhL5S/topics/sBc3Ee7TKg33PIbmj4Hb/quizzes/HKONL3IwGDzhbs7FcrHS","Clinical Nursing Foundations Proctored Exam - University of Texas - 2252-NURS-3632-600 Practice Questions | NursingMocks","Practice with 46 questions from Clinical Nursing Foundations Proctored Exam - University of Texas - 2252-NURS-3632-600 Practice Questions.","https://www.nursingmocks.com/clinical-nursing-foundations-proctored-exam-university-of-texas-2252-nurs-3632-600-practice-questions","https://www.nursingmocks.com/clinical-nursing-foundations-proctored-exam-university-of-texas-2252-nurs-3632-600-practice-questions","false","true","runtime-generated","0",""
"yRA0x2NsYkFpO8qriIHu","topic","ati-pn-gerontology-practice-questions","ati-pn-gerontology-practice-questions","pillarPages/nursing-test-bank/subPages/z0xzINtS3EohZNaKosBz/nestedSubPages/lyrHg4RBzN6UafuymMFT/topics/dmp305oqVwM00NwUtbbj","ATI PN Gerontology Practice Questions | NursingMocks","Review ATI PN Gerontology questions for older-adult assessment, chronic care, medication concerns, safety, and nursing support.","https://www.nursingmocks.com/ati-pn-gerontology-practice-questions","https://www.nursingmocks.com/ati-pn-gerontology-practice-questions","true","true","","0",""
"yRjHtdWCw2Py3LQQh6k5","topic","rn-nursing-course-pathophysiology-practice-questions","rn-nursing-course-pathophysiology-practice-questions","pillarPages/nursing-test-bank/subPages/SuT1noZoNGEjKGR1vTbi/nestedSubPages/zMFBI0XMiRsJnnXWhL5S/topics/KyUeIK7zxUi2K91H84Bj","RN Pathophysiology Course Exam Questions | NursingMocks","Review RN Pathophysiology course exam questions for disease mechanisms, clinical manifestations, complications, and nursing implications.","https://www.nursingmocks.com/rn-nursing-course-pathophysiology-practice-questions","https://www.nursingmocks.com/rn-nursing-course-pathophysiology-practice-questions","true","true","","0",""
"ySfq63RXxuUIYqLi4lpi","quiz","anatomy-and-physiology-proctored-exam-ivy-college-practice-questions","anatomy-and-physiology-proctored-exam-ivy-college-practice-questions","pillarPages/nursing-test-bank/subPages/SuT1noZoNGEjKGR1vTbi/nestedSubPages/zMFBI0XMiRsJnnXWhL5S/topics/PavJlfHXwXRUhopKAOO9/quizzes/rQN0p8ogFbi2pV1ghVoG","Anatomy and Physiology Proctored Exam (Ivy College) Practice Questions | NursingMocks","Practice with 107 questions from Anatomy and Physiology Proctored Exam (Ivy College) Practice Questions.","https://www.nursingmocks.com/anatomy-and-physiology-proctored-exam-ivy-college-practice-questions","https://www.nursingmocks.com/anatomy-and-physiology-proctored-exam-ivy-college-practice-questions","false","true","runtime-generated","0",""
"ya1CixBeSRFOx5KXdCtZ","quiz","ivytech-community-college-nursing-fundamentals-proctored-exam-1-practice-questions","ivytech-community-college-nursing-fundamentals-proctored-exam-1-practice-questions","pillarPages/nursing-test-bank/subPages/SuT1noZoNGEjKGR1vTbi/nestedSubPages/zMFBI0XMiRsJnnXWhL5S/topics/sBc3Ee7TKg33PIbmj4Hb/quizzes/dBkyAq1LlWgPCK2o4G4P","Ivytech Community College Nursing Fundamentals Proctored Exam 1 Practice Questions | NursingMocks","Practice with 25 questions from Ivytech Community College Nursing Fundamentals Proctored Exam 1 Practice Questions.","https://www.nursingmocks.com/ivytech-community-college-nursing-fundamentals-proctored-exam-1-practice-questions","https://www.nursingmocks.com/ivytech-community-college-nursing-fundamentals-proctored-exam-1-practice-questions","false","true","runtime-generated","0",""
"ycVUtmkrcMRj1vHwiQCL","quiz","teas-english-practice-test-set-11","teas-english-practice-test-set-11","pillarPages/nursing-entrance-exam/subPages/yrdSf0KpOcuybL1SLnw7/nestedSubPages/ykWIONcheFBJ7ooEl7WK/quizzes/cPcCbrma7Yg8yhlhPJN6","ATI TEAS English Practice Test Set 11 Questions and Answers","Use ATI TEAS English and Language Usage Set 11 questions and answers covering Conventions of Standard English, Knowledge of Language, and Using Language and Vocabulary to Express Ideas in Writing, with focus on language conventions, word meaning, and clear written communication.","https://www.nursingmocks.com/teas-english-practice-test-set-11","https://www.nursingmocks.com/teas-english-practice-test-set-11","true","true","","0",""
"ykWsgaOYmV76JejBuHoB","quiz","rn-pharmacology-2019-proctored-exam-5-practice-questions","rn-pharmacology-2019-proctored-exam-5-practice-questions","pillarPages/nursing-test-bank/subPages/SuT1noZoNGEjKGR1vTbi/nestedSubPages/zMFBI0XMiRsJnnXWhL5S/topics/qjQzp4HMFByeL1UEKGDd/quizzes/fzQgNjkQqXzA2eUwp9oT","RN Pharmacology 2019 Proctored Exam 5 Practice Questions | NursingMocks","Practice with 53 questions from RN Pharmacology 2019 Proctored Exam 5 Practice Questions.","https://www.nursingmocks.com/rn-pharmacology-2019-proctored-exam-5-practice-questions","https://www.nursingmocks.com/rn-pharmacology-2019-proctored-exam-5-practice-questions","false","true","runtime-generated","0",""
"ymHvS5bSIYwEM0XnSt4e","quiz","ati-pn-fundamentals-safety-and-mobility-proctored-exam-practice-questions","ati-pn-fundamentals-safety-and-mobility-proctored-exam-practice-questions","pillarPages/nursing-test-bank/subPages/z0xzINtS3EohZNaKosBz/nestedSubPages/lyrHg4RBzN6UafuymMFT/topics/1Lb0PkKiTEM2wQOIMDtv/quizzes/uENMZSvrCzflOTfMcY9L","ATI PN Fundamentals - Safety and Mobility Proctored Exam Practice Questions | NursingMocks","Practice with 24 questions from ATI PN Fundamentals - Safety and Mobility Proctored Exam Practice Questions.","https://www.nursingmocks.com/ati-pn-fundamentals-safety-and-mobility-proctored-exam-practice-questions","https://www.nursingmocks.com/ati-pn-fundamentals-safety-and-mobility-proctored-exam-practice-questions","false","true","runtime-generated","0",""
"ys8Ea0CuhYZ4APl8XpIJ","quiz","foundations-of-nursing-cardiology-proctored-exam-practice-questions","foundations-of-nursing-cardiology-proctored-exam-practice-questions","pillarPages/nursing-test-bank/subPages/SuT1noZoNGEjKGR1vTbi/nestedSubPages/zMFBI0XMiRsJnnXWhL5S/topics/sBc3Ee7TKg33PIbmj4Hb/quizzes/U7eGPYKa8EScPVdIVy3W","Foundations of Nursing Cardiology Proctored Exam Practice Questions | NursingMocks","Practice with 64 questions from Foundations of Nursing Cardiology Proctored Exam Practice Questions.","https://www.nursingmocks.com/foundations-of-nursing-cardiology-proctored-exam-practice-questions","https://www.nursingmocks.com/foundations-of-nursing-cardiology-proctored-exam-practice-questions","false","true","runtime-generated","0",""
"ytLmkP6DoqBJRphIj51b","topic","ati-rn-gerontology-practice-questions","ati-rn-gerontology-practice-questions","pillarPages/nursing-test-bank/subPages/SuT1noZoNGEjKGR1vTbi/nestedSubPages/Fnnd4c6ae0Uiurk2KUSc/topics/dUz9AiqnzT7TVRB0Wjwf","ATI RN Gerontology Practice Questions | NursingMocks","Review ATI Gerontology questions with rationales on older adult assessment, age-related changes, chronic care, medications, and safety.","https://www.nursingmocks.com/ati-rn-gerontology-practice-questions","https://www.nursingmocks.com/ati-rn-gerontology-practice-questions","true","true","","0",""
"yvegcu4FUJAcKLXOgNMG","quiz","ati-rn-comprehensive-predictor-2023-updated-proctored-exam","ati-rn-comprehensive-predictor-2023-updated-proctored-exam","pillarPages/nursing-exit-exam/subPages/S4vSoa5bxDgZ1L5kLOJe/nestedSubPages/QsMAv9L9bzYoFjgdfKgH/quizzes/Wv2wR23Z1P84F1RVhyDv","ATI RN Comprehensive Predictor 2023 Updated Proctored Exam | NursingMocks","ATI RN Comprehensive Predictor 2023 Updated Proctored Exam practice questions and answers for Nursing Exit Exam review.","https://www.nursingmocks.com/ati-rn-comprehensive-predictor-2023-updated-proctored-exam","https://www.nursingmocks.com/ati-rn-comprehensive-predictor-2023-updated-proctored-exam","false","true","runtime-generated","0",""
"yvyQx504QKZlNnv7GTWa","topic","rn-nursing-course-pharmacology-practice-questions","rn-nursing-course-pharmacology-practice-questions","pillarPages/nursing-test-bank/subPages/SuT1noZoNGEjKGR1vTbi/nestedSubPages/zMFBI0XMiRsJnnXWhL5S/topics/qjQzp4HMFByeL1UEKGDd","RN Pharmacology Course Exam Questions | NursingMocks","Review RN Pharmacology course exam questions on medication safety, drug classes, adverse effects, administration, and client teaching.","https://www.nursingmocks.com/rn-nursing-course-pharmacology-practice-questions","https://www.nursingmocks.com/rn-nursing-course-pharmacology-practice-questions","true","true","","0",""
"z4AD5UrV9jQZCeOHc3QD","quiz","hesi-rn-exit-v-proctored-exam","hesi-rn-exit-v-proctored-exam","pillarPages/nursing-exit-exam/subPages/S4vSoa5bxDgZ1L5kLOJe/nestedSubPages/MVHmi7FJbSDlPPz28jh5/quizzes/doIKz7Pm54MNqEnHRFhJ","HESI RN Exit V Proctored Exam | NursingMocks","HESI RN Exit V Proctored Exam practice questions and answers for Nursing Exit Exam review.","https://www.nursingmocks.com/hesi-rn-exit-v-proctored-exam","https://www.nursingmocks.com/hesi-rn-exit-v-proctored-exam","false","true","runtime-generated","0",""
"zFzM8XmNrITLiYQhPxIn","quiz","lpn-fundamentals-nursing-wlpnp1150-n01-exam-6-10-proctored-exam-bucks-county-college-practice-questions","lpn-fundamentals-nursing-wlpnp1150-n01-exam-6-10-proctored-exam-bucks-county-college-practice-questions","pillarPages/nursing-test-bank/subPages/z0xzINtS3EohZNaKosBz/nestedSubPages/3K3wv7IGcDcXvSNM9Kxm/topics/XKenRdlHMVfdY4Dl99G2/quizzes/C8FWxmku7SBgAdXOIQo5","LPN Fundamentals Nursing Wlpnp1150.N01 Exam 6-10 Proctored Exam (Bucks County College) Practice Questions | NursingMocks","Practice with 50 questions from LPN Fundamentals Nursing Wlpnp1150.N01 Exam 6-10 Proctored Exam (Bucks County College) Practice Questions.","https://www.nursingmocks.com/lpn-fundamentals-nursing-wlpnp1150-n01-exam-6-10-proctored-exam-bucks-county-college-practice-questions","https://www.nursingmocks.com/lpn-fundamentals-nursing-wlpnp1150-n01-exam-6-10-proctored-exam-bucks-county-college-practice-questions","false","true","runtime-generated","0",""
"zGqvwyEjzKRIK7rNA9c6","quiz","ati-pn-fundamentals-proctored-exam-practice-questions-set-34","ati-pn-fundamentals-proctored-exam-practice-questions-set-34","pillarPages/nursing-test-bank/subPages/z0xzINtS3EohZNaKosBz/nestedSubPages/lyrHg4RBzN6UafuymMFT/topics/1Lb0PkKiTEM2wQOIMDtv/quizzes/eH6kuY8wgOrznZrLswnu","ATI PN Fundamentals Proctored Exam Practice Questions - Set 34 | NursingMocks","Practice with 46 questions from ATI PN Fundamentals Proctored Exam Practice Questions - Set 34.","https://www.nursingmocks.com/ati-pn-fundamentals-proctored-exam-practice-questions-set-34","https://www.nursingmocks.com/ati-pn-fundamentals-proctored-exam-practice-questions-set-34","false","true","runtime-generated","0",""
"zL0l76l9yuUgnVE72jjQ","quiz","pharmacology-proctored-exam-regular-practice-questions","pharmacology-proctored-exam-regular-practice-questions","pillarPages/nursing-test-bank/subPages/SuT1noZoNGEjKGR1vTbi/nestedSubPages/zMFBI0XMiRsJnnXWhL5S/topics/qjQzp4HMFByeL1UEKGDd/quizzes/HPvm89k5oCTcnITktuX4","Pharmacology Proctored Exam (Regular) Practice Questions | NursingMocks","Practice with 40 questions from Pharmacology Proctored Exam (Regular) Practice Questions.","https://www.nursingmocks.com/pharmacology-proctored-exam-regular-practice-questions","https://www.nursingmocks.com/pharmacology-proctored-exam-regular-practice-questions","false","true","runtime-generated","0",""
"zR4XneEyIfDZPMCxLU2m","quiz","postpartum-amd-newborn-care-proctored-exam-practice-questions","postpartum-amd-newborn-care-proctored-exam-practice-questions","pillarPages/nursing-test-bank/subPages/SuT1noZoNGEjKGR1vTbi/nestedSubPages/zMFBI0XMiRsJnnXWhL5S/topics/stnDIFRoA0VwLaoxbGv1/quizzes/CsgrJmHMNEmR5GYzw23N","Postpartum Amd Newborn Care Proctored Exam Practice Questions | NursingMocks","Practice with 41 questions from Postpartum Amd Newborn Care Proctored Exam Practice Questions.","https://www.nursingmocks.com/postpartum-amd-newborn-care-proctored-exam-practice-questions","https://www.nursingmocks.com/postpartum-amd-newborn-care-proctored-exam-practice-questions","false","true","runtime-generated","0",""
"zWOUceuTY0PtxYmNzxgZ","quiz","med-surg-proctored-exam-uta-university-practice-questions","med-surg-proctored-exam-uta-university-practice-questions","pillarPages/nursing-test-bank/subPages/SuT1noZoNGEjKGR1vTbi/nestedSubPages/zMFBI0XMiRsJnnXWhL5S/topics/4xNDZPMszSkpgRfEsOck/quizzes/FsrStFU89AAgOdqpGmAI","Med Surg Proctored Exam (Uta University) Practice Questions | NursingMocks","Practice with 58 questions from Med Surg Proctored Exam (Uta University) Practice Questions.","https://www.nursingmocks.com/med-surg-proctored-exam-uta-university-practice-questions","https://www.nursingmocks.com/med-surg-proctored-exam-uta-university-practice-questions","false","true","runtime-generated","0",""
"zbFgE4S4SvrVkzucr60c","quiz","ati-pn-pediatrics-ii-proctored-exam-practice-questions","ati-pn-pediatrics-ii-proctored-exam-practice-questions","pillarPages/nursing-test-bank/subPages/z0xzINtS3EohZNaKosBz/nestedSubPages/lyrHg4RBzN6UafuymMFT/topics/Y0MhOdG0hGVh8AUsgVrz/quizzes/Dg6pEAaEt77YaEtxu3rL","ATI PN Pediatrics II Proctored Exam Practice Questions | NursingMocks","Practice with 50 questions from ATI PN Pediatrics II Proctored Exam Practice Questions.","https://www.nursingmocks.com/ati-pn-pediatrics-ii-proctored-exam-practice-questions","https://www.nursingmocks.com/ati-pn-pediatrics-ii-proctored-exam-practice-questions","false","true","runtime-generated","0",""
"zfEjprqPeI7VUHsezdMD","quiz","nurs2523-lpn-med-surg-proctored-exam-durham-college-practice-questions","nurs2523-lpn-med-surg-proctored-exam-durham-college-practice-questions","pillarPages/nursing-test-bank/subPages/z0xzINtS3EohZNaKosBz/nestedSubPages/3K3wv7IGcDcXvSNM9Kxm/topics/AlR3KvZbCSZXo21jeLnT/quizzes/zpU6wl4heztM4TCj6U8l","Nurs2523 LPN Med Surg Proctored Exam (Durham College) Practice Questions | NursingMocks","Practice with 40 questions from Nurs2523 LPN Med Surg Proctored Exam (Durham College) Practice Questions.","https://www.nursingmocks.com/nurs2523-lpn-med-surg-proctored-exam-durham-college-practice-questions","https://www.nursingmocks.com/nurs2523-lpn-med-surg-proctored-exam-durham-college-practice-questions","false","true","runtime-generated","0",""
"zh3P6pLgOwyvAzHgBMEc","quiz","anatomy-and-physiology-ii-proctored-exam-practice-questions","anatomy-and-physiology-ii-proctored-exam-practice-questions","pillarPages/nursing-test-bank/subPages/SuT1noZoNGEjKGR1vTbi/nestedSubPages/zMFBI0XMiRsJnnXWhL5S/topics/PavJlfHXwXRUhopKAOO9/quizzes/bVY7ph3k0FivWqvX1orm","Anatomy and Physiology II Proctored Exam Practice Questions | NursingMocks","Practice with 39 questions from Anatomy and Physiology II Proctored Exam Practice Questions.","https://www.nursingmocks.com/anatomy-and-physiology-ii-proctored-exam-practice-questions","https://www.nursingmocks.com/anatomy-and-physiology-ii-proctored-exam-practice-questions","false","true","runtime-generated","0",""
"zi3PHxxKNlgj5ZS0GIFE","quiz","med-surg-2-proctored-exam-mdc-college-practice-questions","med-surg-2-proctored-exam-mdc-college-practice-questions","pillarPages/nursing-test-bank/subPages/SuT1noZoNGEjKGR1vTbi/nestedSubPages/zMFBI0XMiRsJnnXWhL5S/topics/4xNDZPMszSkpgRfEsOck/quizzes/jGlaGdH0UfpmLcD5P3jU","Med Surg 2 Proctored Exam (Mdc College) Practice Questions | NursingMocks","Practice with 110 questions from Med Surg 2 Proctored Exam (Mdc College) Practice Questions.","https://www.nursingmocks.com/med-surg-2-proctored-exam-mdc-college-practice-questions","https://www.nursingmocks.com/med-surg-2-proctored-exam-mdc-college-practice-questions","false","true","runtime-generated","0",""
"zjj0TDcZmNpa6StjK8Y9","quiz","ati-pn-pediatrics-nursing-proctored-exam-2023-practice-questions-set-7","ati-pn-pediatrics-nursing-proctored-exam-2023-practice-questions-set-7","pillarPages/nursing-test-bank/subPages/z0xzINtS3EohZNaKosBz/nestedSubPages/lyrHg4RBzN6UafuymMFT/topics/Y0MhOdG0hGVh8AUsgVrz/quizzes/QO5q9l4Q2QMNEaDorVQs","ATI PN Pediatrics Nursing Proctored Exam 2023 Practice Questions - Set 7 | NursingMocks","Practice with 62 questions from ATI PN Pediatrics Nursing Proctored Exam 2023 Practice Questions - Set 7.","https://www.nursingmocks.com/ati-pn-pediatrics-nursing-proctored-exam-2023-practice-questions-set-7","https://www.nursingmocks.com/ati-pn-pediatrics-nursing-proctored-exam-2023-practice-questions-set-7","false","true","runtime-generated","0",""
"zn3rUYXPzwoyj0PmMra2","quiz","hesi-rn-adult-health-1-proctored-exam-d444-objective-assessment-practice-questions","hesi-rn-adult-health-1-proctored-exam-d444-objective-assessment-practice-questions","pillarPages/nursing-test-bank/subPages/SuT1noZoNGEjKGR1vTbi/nestedSubPages/iT55qp9NAFOvZLBAiQzC/topics/n2FK9jdRFYQvHbryoAbl/quizzes/hCbYi8cL12U9iS9UPteH","HESI RN Adult Health 1 Proctored Exam - D444 Objective Assessment Practice Questions | NursingMocks","Practice with 30 questions from HESI RN Adult Health 1 Proctored Exam - D444 Objective Assessment Practice Questions.","https://www.nursingmocks.com/hesi-rn-adult-health-1-proctored-exam-d444-objective-assessment-practice-questions","https://www.nursingmocks.com/hesi-rn-adult-health-1-proctored-exam-d444-objective-assessment-practice-questions","false","true","runtime-generated","0",""
"ztls0wwjn8ko0Smf5MWa","quiz","smith-chason-college-son-los-angeles-adn-nurs-146-gero-final-proctored-exam-practice-questions","smith-chason-college-son-los-angeles-adn-nurs-146-gero-final-proctored-exam-practice-questions","pillarPages/nursing-test-bank/subPages/SuT1noZoNGEjKGR1vTbi/nestedSubPages/zMFBI0XMiRsJnnXWhL5S/topics/L2wWtC9VGd9bcVlQMhD1/quizzes/wOK2h2CBZpw6zVsAf2cj","Smith Chason College Son Los Angeles Adn NURS 146 Gero Final Proctored Exam Practice Questions | NursingMocks","Practice with 100 questions from Smith Chason College Son Los Angeles Adn NURS 146 Gero Final Proctored Exam Practice Questions.","https://www.nursingmocks.com/smith-chason-college-son-los-angeles-adn-nurs-146-gero-final-proctored-exam-practice-questions","https://www.nursingmocks.com/smith-chason-college-son-los-angeles-adn-nurs-146-gero-final-proctored-exam-practice-questions","false","true","runtime-generated","0",""
"zyTSBaCWh8JqpDgvntF4","quiz","ati-pn-nurse-teaching-proctored-exam-practice-questions","ati-pn-nurse-teaching-proctored-exam-practice-questions","pillarPages/nursing-test-bank/subPages/z0xzINtS3EohZNaKosBz/nestedSubPages/lyrHg4RBzN6UafuymMFT/topics/1Lb0PkKiTEM2wQOIMDtv/quizzes/ZkRdmAAqHlQhXUxl8YUQ","ATI PN Nurse Teaching Proctored Exam Practice Questions | NursingMocks","Practice with 58 questions from ATI PN Nurse Teaching Proctored Exam Practice Questions.","https://www.nursingmocks.com/ati-pn-nurse-teaching-proctored-exam-practice-questions","https://www.nursingmocks.com/ati-pn-nurse-teaching-proctored-exam-practice-questions","false","true","runtime-generated","0",""
