"pillarId","subPageName","nestedPageName","topicName","quizTitle","slug","questionCount","path"
"nursing-entrance-exam","Kaplan Admission Test","Kaplan Admission Practice Test Reading","","Kaplan Admission Practice Test Reading","kaplan-admission-practice-test-reading-quiz-1","26","pillarPages/nursing-entrance-exam/subPages/jdJsAeBdy2mJO0kPibeV/nestedSubPages/BT8THcHxTeoM71ANVzUH/quizzes/grPbKJvqj8MaSZbVzK0E"
"nursing-entrance-exam","Kaplan Admission Test","Kaplan Admission Practice Test Writing","","Kaplan Admission Practice Test Writing","kaplan-admission-practice-test-writing-quiz-1","21","pillarPages/nursing-entrance-exam/subPages/jdJsAeBdy2mJO0kPibeV/nestedSubPages/Iz4T9Aq3e9r72hKG0kUG/quizzes/6EtQMYnu9wvDlC0Yo4I1"
"nursing-entrance-exam","Kaplan Admission Test","Kaplan Admission Practice Test Science","","Kaplan Admission Practice Test Science","kaplan-admission-practice-test-science-quiz-1","26","pillarPages/nursing-entrance-exam/subPages/jdJsAeBdy2mJO0kPibeV/nestedSubPages/ZUuIYDcFNZSPDZk9g1I3/quizzes/rNAYxvzQIex3I3Ypm1kB"
"nursing-entrance-exam","Kaplan Admission Test","Kaplan Admission Practice Test Math","","Kaplan Admission Practice Test Math","kaplan-admission-practice-test-math-quiz-1","28","pillarPages/nursing-entrance-exam/subPages/jdJsAeBdy2mJO0kPibeV/nestedSubPages/iVUj9c4WQFuO14UqurOl/quizzes/py13NezSfgkbMwtkalLY"
"nursing-entrance-exam","ATI TEAS 7","ATI TEAS Reading Practice Test","","TEAS Reading Practice Test Set 2","teas-reading-practice-test-set-2","88","pillarPages/nursing-entrance-exam/subPages/yrdSf0KpOcuybL1SLnw7/nestedSubPages/2JIZgWhm9jUkoNFmkY7R/quizzes/15BJZ9M7ZzW0shv3jcPl"
"nursing-entrance-exam","ATI TEAS 7","ATI TEAS Reading Practice Test","","TEAS Reading Practice Test Set 10","teas-reading-practice-test-set-10","44","pillarPages/nursing-entrance-exam/subPages/yrdSf0KpOcuybL1SLnw7/nestedSubPages/2JIZgWhm9jUkoNFmkY7R/quizzes/1Q1BfIfJvBSGTfEswUs6"
"nursing-entrance-exam","ATI TEAS 7","ATI TEAS Reading Practice Test","","TEAS Reading Practice Test Set 12","teas-reading-practice-test-set-12","44","pillarPages/nursing-entrance-exam/subPages/yrdSf0KpOcuybL1SLnw7/nestedSubPages/2JIZgWhm9jUkoNFmkY7R/quizzes/5NTvfpVOtE5a560DsykQ"
"nursing-entrance-exam","ATI TEAS 7","ATI TEAS Reading Practice Test","","TEAS Reading Practice Test Set 6","teas-reading-practice-test-set-6","44","pillarPages/nursing-entrance-exam/subPages/yrdSf0KpOcuybL1SLnw7/nestedSubPages/2JIZgWhm9jUkoNFmkY7R/quizzes/8xmVvFmwDEEo4qyUN4PB"
"nursing-entrance-exam","ATI TEAS 7","ATI TEAS Reading Practice Test","","TEAS Reading Practice Test Set 13","teas-reading-practice-test-set-13","44","pillarPages/nursing-entrance-exam/subPages/yrdSf0KpOcuybL1SLnw7/nestedSubPages/2JIZgWhm9jUkoNFmkY7R/quizzes/DdOaj7o2STEkWwbqKigF"
"nursing-entrance-exam","ATI TEAS 7","ATI TEAS Reading Practice Test","","TEAS Reading Practice Test Set 8","teas-reading-practice-test-set-8","21","pillarPages/nursing-entrance-exam/subPages/yrdSf0KpOcuybL1SLnw7/nestedSubPages/2JIZgWhm9jUkoNFmkY7R/quizzes/KE4W8od6saoSm7hkp00V"
"nursing-entrance-exam","ATI TEAS 7","ATI TEAS Reading Practice Test","","TEAS Reading Practice Test Set 15","teas-reading-practice-test-set-15","45","pillarPages/nursing-entrance-exam/subPages/yrdSf0KpOcuybL1SLnw7/nestedSubPages/2JIZgWhm9jUkoNFmkY7R/quizzes/R8xoEcO05QfGke6epALS"
"nursing-entrance-exam","ATI TEAS 7","ATI TEAS Reading Practice Test","","TEAS Reading Practice Test Set 7","teas-reading-practice-test-set-7","47","pillarPages/nursing-entrance-exam/subPages/yrdSf0KpOcuybL1SLnw7/nestedSubPages/2JIZgWhm9jUkoNFmkY7R/quizzes/SXUhU5ldn3Tw8AaS1tri"
"nursing-entrance-exam","ATI TEAS 7","ATI TEAS Reading Practice Test","","TEAS Reading Practice Test Set 9","teas-reading-practice-test-set-9","44","pillarPages/nursing-entrance-exam/subPages/yrdSf0KpOcuybL1SLnw7/nestedSubPages/2JIZgWhm9jUkoNFmkY7R/quizzes/VN1Ns3W8Jo3kgHVmxMze"
"nursing-entrance-exam","ATI TEAS 7","ATI TEAS Reading Practice Test","","TEAS Reading Practice Test Set 1","teas-reading-practice-test-set-1","44","pillarPages/nursing-entrance-exam/subPages/yrdSf0KpOcuybL1SLnw7/nestedSubPages/2JIZgWhm9jUkoNFmkY7R/quizzes/eNCAkl1f48I13l0ohsbL"
"nursing-entrance-exam","ATI TEAS 7","ATI TEAS Reading Practice Test","","TEAS Reading Practice Test Set 14","teas-reading-practice-test-set-14","49","pillarPages/nursing-entrance-exam/subPages/yrdSf0KpOcuybL1SLnw7/nestedSubPages/2JIZgWhm9jUkoNFmkY7R/quizzes/fS0tPhwfWPmZ7p1qLhkC"
"nursing-entrance-exam","ATI TEAS 7","ATI TEAS Reading Practice Test","","TEAS Reading Practice Test Set 3","teas-reading-practice-test-set-3","69","pillarPages/nursing-entrance-exam/subPages/yrdSf0KpOcuybL1SLnw7/nestedSubPages/2JIZgWhm9jUkoNFmkY7R/quizzes/kD4oQPOQqrEb3IzASVS1"
"nursing-entrance-exam","ATI TEAS 7","ATI TEAS Reading Practice Test","","TEAS Reading Practice Test Set 11","teas-reading-practice-test-set-11","19","pillarPages/nursing-entrance-exam/subPages/yrdSf0KpOcuybL1SLnw7/nestedSubPages/2JIZgWhm9jUkoNFmkY7R/quizzes/mR7LVDa7EQWk5YBeAFsD"
"nursing-entrance-exam","ATI TEAS 7","ATI TEAS Reading Practice Test","","TEAS Reading Practice Test Set 16","teas-reading-practice-test-set-16","44","pillarPages/nursing-entrance-exam/subPages/yrdSf0KpOcuybL1SLnw7/nestedSubPages/2JIZgWhm9jUkoNFmkY7R/quizzes/qdPBG0cUyM12WznCL1yH"
"nursing-entrance-exam","ATI TEAS 7","ATI TEAS Math Practice Test","","TEAS Math Practice Test Set 13","teas-math-practice-test-set-13","38","pillarPages/nursing-entrance-exam/subPages/yrdSf0KpOcuybL1SLnw7/nestedSubPages/e9EcRCWTbyKVpyLXUKzd/quizzes/0JtFd1AYoWvYcJtUlxfa"
"nursing-entrance-exam","ATI TEAS 7","ATI TEAS Math Practice Test","","TEAS Math Practice Test Set 1","teas-math-practice-test-set-1","38","pillarPages/nursing-entrance-exam/subPages/yrdSf0KpOcuybL1SLnw7/nestedSubPages/e9EcRCWTbyKVpyLXUKzd/quizzes/3KVRmArpLdurDdIdi3S0"
"nursing-entrance-exam","ATI TEAS 7","ATI TEAS Math Practice Test","","TEAS Math Practice Test Set 2","teas-math-practice-test-set-2","37","pillarPages/nursing-entrance-exam/subPages/yrdSf0KpOcuybL1SLnw7/nestedSubPages/e9EcRCWTbyKVpyLXUKzd/quizzes/C8oSuKgoQqrjMN6IQDcn"
"nursing-entrance-exam","ATI TEAS 7","ATI TEAS Math Practice Test","","TEAS Math Practice Test Set 3","teas-math-practice-test-set-3","35","pillarPages/nursing-entrance-exam/subPages/yrdSf0KpOcuybL1SLnw7/nestedSubPages/e9EcRCWTbyKVpyLXUKzd/quizzes/F3udSLa0H0faEPrQaV3U"
"nursing-entrance-exam","ATI TEAS 7","ATI TEAS Math Practice Test","","TEAS Math Practice Test Set 16","teas-math-practice-test-set-16","38","pillarPages/nursing-entrance-exam/subPages/yrdSf0KpOcuybL1SLnw7/nestedSubPages/e9EcRCWTbyKVpyLXUKzd/quizzes/IftpKs2gUa9OxXtMRbh3"
"nursing-entrance-exam","ATI TEAS 7","ATI TEAS Math Practice Test","","TEAS Math Practice Test Set 14","teas-math-practice-test-set-14","39","pillarPages/nursing-entrance-exam/subPages/yrdSf0KpOcuybL1SLnw7/nestedSubPages/e9EcRCWTbyKVpyLXUKzd/quizzes/LIi0LBEmXKLcLv0e8m3I"
"nursing-entrance-exam","ATI TEAS 7","ATI TEAS Math Practice Test","","TEAS Math Practice Test Set 9","teas-math-practice-test-set-9","38","pillarPages/nursing-entrance-exam/subPages/yrdSf0KpOcuybL1SLnw7/nestedSubPages/e9EcRCWTbyKVpyLXUKzd/quizzes/ZEWlsdPiaV3eZ6DLazrv"
"nursing-entrance-exam","ATI TEAS 7","ATI TEAS Math Practice Test","","TEAS Math Practice Test Set 15","teas-math-practice-test-set-15","39","pillarPages/nursing-entrance-exam/subPages/yrdSf0KpOcuybL1SLnw7/nestedSubPages/e9EcRCWTbyKVpyLXUKzd/quizzes/ci7XXrNZpyPVT4uksNue"
"nursing-entrance-exam","ATI TEAS 7","ATI TEAS Math Practice Test","","TEAS Math Practice Test Set 12","teas-math-practice-test-set-12","40","pillarPages/nursing-entrance-exam/subPages/yrdSf0KpOcuybL1SLnw7/nestedSubPages/e9EcRCWTbyKVpyLXUKzd/quizzes/ehjVrzL4dJP0Bii6btYm"
"nursing-entrance-exam","ATI TEAS 7","ATI TEAS Math Practice Test","","TEAS Math Practice Test Set 7","teas-math-practice-test-set-7","40","pillarPages/nursing-entrance-exam/subPages/yrdSf0KpOcuybL1SLnw7/nestedSubPages/e9EcRCWTbyKVpyLXUKzd/quizzes/gg8CLwVXq1pVrZxqKLMd"
"nursing-entrance-exam","ATI TEAS 7","ATI TEAS Math Practice Test","","TEAS Math Practice Test Set 8","teas-math-practice-test-set-8","18","pillarPages/nursing-entrance-exam/subPages/yrdSf0KpOcuybL1SLnw7/nestedSubPages/e9EcRCWTbyKVpyLXUKzd/quizzes/m9bPVWGpPk85VtHCz0yX"
"nursing-entrance-exam","ATI TEAS 7","ATI TEAS Math Practice Test","","TEAS Math Practice Test Set 6","teas-math-practice-test-set-6","41","pillarPages/nursing-entrance-exam/subPages/yrdSf0KpOcuybL1SLnw7/nestedSubPages/e9EcRCWTbyKVpyLXUKzd/quizzes/rRulXMeohYgiEAcLmjiZ"
"nursing-entrance-exam","ATI TEAS 7","ATI TEAS Math Practice Test","","TEAS Math Practice Test Set 11","teas-math-practice-test-set-11","21","pillarPages/nursing-entrance-exam/subPages/yrdSf0KpOcuybL1SLnw7/nestedSubPages/e9EcRCWTbyKVpyLXUKzd/quizzes/wm20wssdsah839RR1SLn"
"nursing-entrance-exam","ATI TEAS 7","ATI TEAS Math Practice Test","","TEAS Math Practice Test Set 10","teas-math-practice-test-set-10","38","pillarPages/nursing-entrance-exam/subPages/yrdSf0KpOcuybL1SLnw7/nestedSubPages/e9EcRCWTbyKVpyLXUKzd/quizzes/z92YY14uxYfs8h9YvNXq"
"nursing-entrance-exam","ATI TEAS 7","ATI TEAS Science Practice Test","","TEAS Science Practice Test Set 13","teas-science-practice-test-set-13","51","pillarPages/nursing-entrance-exam/subPages/yrdSf0KpOcuybL1SLnw7/nestedSubPages/uJVUx7wiwgxZ5HPJXNkV/quizzes/0M5GAnL3YfFymcZ97W1d"
"nursing-entrance-exam","ATI TEAS 7","ATI TEAS Science Practice Test","","TEAS Science Practice Test Set 9","teas-science-practice-test-set-9","49","pillarPages/nursing-entrance-exam/subPages/yrdSf0KpOcuybL1SLnw7/nestedSubPages/uJVUx7wiwgxZ5HPJXNkV/quizzes/5Vp0mXJvZRYH8qzeugav"
"nursing-entrance-exam","ATI TEAS 7","ATI TEAS Science Practice Test","","TEAS Science Practice Test Set 10","teas-science-practice-test-set-10","50","pillarPages/nursing-entrance-exam/subPages/yrdSf0KpOcuybL1SLnw7/nestedSubPages/uJVUx7wiwgxZ5HPJXNkV/quizzes/ETBx9CBxxtElsMiUWr2r"
"nursing-entrance-exam","ATI TEAS 7","ATI TEAS Science Practice Test","","TEAS Science Practice Test Set 11","teas-science-practice-test-set-11","26","pillarPages/nursing-entrance-exam/subPages/yrdSf0KpOcuybL1SLnw7/nestedSubPages/uJVUx7wiwgxZ5HPJXNkV/quizzes/NOu29y5q7Cm459xGO6J4"
"nursing-entrance-exam","ATI TEAS 7","ATI TEAS Science Practice Test","","TEAS Science Practice Test Set 3","teas-science-practice-test-set-3","51","pillarPages/nursing-entrance-exam/subPages/yrdSf0KpOcuybL1SLnw7/nestedSubPages/uJVUx7wiwgxZ5HPJXNkV/quizzes/PZcRFfW9egi6tu4on6wi"
"nursing-entrance-exam","ATI TEAS 7","ATI TEAS Science Practice Test","","TEAS Science Practice Test Set 1","teas-science-practice-test-set-1","50","pillarPages/nursing-entrance-exam/subPages/yrdSf0KpOcuybL1SLnw7/nestedSubPages/uJVUx7wiwgxZ5HPJXNkV/quizzes/UvEuW1Z0fRO17XHXu1x2"
"nursing-entrance-exam","ATI TEAS 7","ATI TEAS Science Practice Test","","TEAS Science Practice Test Set 6","teas-science-practice-test-set-6","53","pillarPages/nursing-entrance-exam/subPages/yrdSf0KpOcuybL1SLnw7/nestedSubPages/uJVUx7wiwgxZ5HPJXNkV/quizzes/XpcEyjkwv0v5BgqypxxZ"
"nursing-entrance-exam","ATI TEAS 7","ATI TEAS Science Practice Test","","TEAS Science Practice Test Set 16","teas-science-practice-test-set-16","50","pillarPages/nursing-entrance-exam/subPages/yrdSf0KpOcuybL1SLnw7/nestedSubPages/uJVUx7wiwgxZ5HPJXNkV/quizzes/ZbYXynRJRw9OmOPqbrnE"
"nursing-entrance-exam","ATI TEAS 7","ATI TEAS Science Practice Test","","TEAS Science Practice Test Set 12","teas-science-practice-test-set-12","52","pillarPages/nursing-entrance-exam/subPages/yrdSf0KpOcuybL1SLnw7/nestedSubPages/uJVUx7wiwgxZ5HPJXNkV/quizzes/blek3a3uvnkK43zakrtQ"
"nursing-entrance-exam","ATI TEAS 7","ATI TEAS Science Practice Test","","TEAS Science Practice Test Set 7","teas-science-practice-test-set-7","53","pillarPages/nursing-entrance-exam/subPages/yrdSf0KpOcuybL1SLnw7/nestedSubPages/uJVUx7wiwgxZ5HPJXNkV/quizzes/gtuKle3JV8tjfVgkJyUM"
"nursing-entrance-exam","ATI TEAS 7","ATI TEAS Science Practice Test","","TEAS Science Practice Test Set 2","teas-science-practice-test-set-2","46","pillarPages/nursing-entrance-exam/subPages/yrdSf0KpOcuybL1SLnw7/nestedSubPages/uJVUx7wiwgxZ5HPJXNkV/quizzes/uATEJmnYDUxhccUtLq5m"
"nursing-entrance-exam","ATI TEAS 7","ATI TEAS Science Practice Test","","TEAS Science Practice Test Set 15","teas-science-practice-test-set-15","53","pillarPages/nursing-entrance-exam/subPages/yrdSf0KpOcuybL1SLnw7/nestedSubPages/uJVUx7wiwgxZ5HPJXNkV/quizzes/uMOXcJU1m3JgCidP4eSJ"
"nursing-entrance-exam","ATI TEAS 7","ATI TEAS Science Practice Test","","TEAS Science Practice Test Set 8","teas-science-practice-test-set-8","25","pillarPages/nursing-entrance-exam/subPages/yrdSf0KpOcuybL1SLnw7/nestedSubPages/uJVUx7wiwgxZ5HPJXNkV/quizzes/umNkptw2XbbrjGNSsyt0"
"nursing-entrance-exam","ATI TEAS 7","ATI TEAS Science Practice Test","","TEAS Science Practice Test Set 14","teas-science-practice-test-set-14","55","pillarPages/nursing-entrance-exam/subPages/yrdSf0KpOcuybL1SLnw7/nestedSubPages/uJVUx7wiwgxZ5HPJXNkV/quizzes/ws1uYtDiQROAfJCXe0nY"
"nursing-entrance-exam","ATI TEAS 7","ATI TEAS English Practice Test","","TEAS English Practice Test Set 15","teas-english-practice-test-set-15","38","pillarPages/nursing-entrance-exam/subPages/yrdSf0KpOcuybL1SLnw7/nestedSubPages/ykWIONcheFBJ7ooEl7WK/quizzes/3KVLAfDxTrwFyVJn2Uqc"
"nursing-entrance-exam","ATI TEAS 7","ATI TEAS English Practice Test","","TEAS English Practice Test Set 6","teas-english-practice-test-set-6","37","pillarPages/nursing-entrance-exam/subPages/yrdSf0KpOcuybL1SLnw7/nestedSubPages/ykWIONcheFBJ7ooEl7WK/quizzes/3QnlEkG493V1yvUnCrWJ"
"nursing-entrance-exam","ATI TEAS 7","ATI TEAS English Practice Test","","TEAS English Practice Test Set 2","teas-english-practice-test-set-2","36","pillarPages/nursing-entrance-exam/subPages/yrdSf0KpOcuybL1SLnw7/nestedSubPages/ykWIONcheFBJ7ooEl7WK/quizzes/7rIYkvuZpCUq0uBF6lSX"
"nursing-entrance-exam","ATI TEAS 7","ATI TEAS English Practice Test","","TEAS English Practice Test Set 14","teas-english-practice-test-set-14","36","pillarPages/nursing-entrance-exam/subPages/yrdSf0KpOcuybL1SLnw7/nestedSubPages/ykWIONcheFBJ7ooEl7WK/quizzes/8lYboipYsfViTxjdOQGZ"
"nursing-entrance-exam","ATI TEAS 7","ATI TEAS English Practice Test","","TEAS English Practice Test Set 8","teas-english-practice-test-set-8","16","pillarPages/nursing-entrance-exam/subPages/yrdSf0KpOcuybL1SLnw7/nestedSubPages/ykWIONcheFBJ7ooEl7WK/quizzes/8obTXxgarYKCJaiZAd66"
"nursing-entrance-exam","ATI TEAS 7","ATI TEAS English Practice Test","","TEAS English Practice Test Set 12","teas-english-practice-test-set-12","34","pillarPages/nursing-entrance-exam/subPages/yrdSf0KpOcuybL1SLnw7/nestedSubPages/ykWIONcheFBJ7ooEl7WK/quizzes/Ibx5WEnKHv6K0Mnfp3yg"
"nursing-entrance-exam","ATI TEAS 7","ATI TEAS English Practice Test","","TEAS English Practice Test Set 1","teas-english-practice-test-set-1","35","pillarPages/nursing-entrance-exam/subPages/yrdSf0KpOcuybL1SLnw7/nestedSubPages/ykWIONcheFBJ7ooEl7WK/quizzes/K8LSANKE4TTUE3pe4LNB"
"nursing-entrance-exam","ATI TEAS 7","ATI TEAS English Practice Test","","TEAS English Practice Test Set 7","teas-english-practice-test-set-7","40","pillarPages/nursing-entrance-exam/subPages/yrdSf0KpOcuybL1SLnw7/nestedSubPages/ykWIONcheFBJ7ooEl7WK/quizzes/OPjejH7bkdIPUK2eHcm9"
"nursing-entrance-exam","ATI TEAS 7","ATI TEAS English Practice Test","","TEAS English Practice Test Set 3","teas-english-practice-test-set-3","48","pillarPages/nursing-entrance-exam/subPages/yrdSf0KpOcuybL1SLnw7/nestedSubPages/ykWIONcheFBJ7ooEl7WK/quizzes/P6cBY4FAPBHo6oBETWFT"
"nursing-entrance-exam","ATI TEAS 7","ATI TEAS English Practice Test","","TEAS English Practice Test Set 9","teas-english-practice-test-set-9","37","pillarPages/nursing-entrance-exam/subPages/yrdSf0KpOcuybL1SLnw7/nestedSubPages/ykWIONcheFBJ7ooEl7WK/quizzes/Xm98bDuZCgMXnlHXpvHY"
"nursing-entrance-exam","ATI TEAS 7","ATI TEAS English Practice Test","","TEAS English Practice Test Set 11","teas-english-practice-test-set-11","19","pillarPages/nursing-entrance-exam/subPages/yrdSf0KpOcuybL1SLnw7/nestedSubPages/ykWIONcheFBJ7ooEl7WK/quizzes/cPcCbrma7Yg8yhlhPJN6"
"nursing-entrance-exam","ATI TEAS 7","ATI TEAS English Practice Test","","TEAS English Practice Test Set 10","teas-english-practice-test-set-10","37","pillarPages/nursing-entrance-exam/subPages/yrdSf0KpOcuybL1SLnw7/nestedSubPages/ykWIONcheFBJ7ooEl7WK/quizzes/q46KihvoTsR8S2HEvMub"
"nursing-entrance-exam","ATI TEAS 7","ATI TEAS English Practice Test","","TEAS English Practice Test Set 13","teas-english-practice-test-set-13","37","pillarPages/nursing-entrance-exam/subPages/yrdSf0KpOcuybL1SLnw7/nestedSubPages/ykWIONcheFBJ7ooEl7WK/quizzes/u1FZJxKWJpTOPwtrNB3B"
"nursing-entrance-exam","ATI TEAS 7","ATI TEAS English Practice Test","","TEAS English Practice Test Set 16","teas-english-practice-test-set-16","37","pillarPages/nursing-entrance-exam/subPages/yrdSf0KpOcuybL1SLnw7/nestedSubPages/ykWIONcheFBJ7ooEl7WK/quizzes/vQ9mppphFwU4bztSDv0H"
"nursing-exit-exam","RN Exams","HESI","","HESI RN Exit 3 Proctored Exam","hesi-rn-exit-3-proctored-exam","120","pillarPages/nursing-exit-exam/subPages/S4vSoa5bxDgZ1L5kLOJe/nestedSubPages/MVHmi7FJbSDlPPz28jh5/quizzes/60rC5j9a7U8D2lBXeoVT"
"nursing-exit-exam","RN Exams","HESI","","HESI RN Compass Exit B Proctored Exam","hesi-rn-compass-exit-b-proctored-exam","121","pillarPages/nursing-exit-exam/subPages/S4vSoa5bxDgZ1L5kLOJe/nestedSubPages/MVHmi7FJbSDlPPz28jh5/quizzes/BU6VjVfuanoVQ2WBdPlL"
"nursing-exit-exam","RN Exams","HESI","","RN HESI Exit Proctored Exam","rn-hesi-exit-proctored-exam","150","pillarPages/nursing-exit-exam/subPages/S4vSoa5bxDgZ1L5kLOJe/nestedSubPages/MVHmi7FJbSDlPPz28jh5/quizzes/CwlYdZwnkBlqIxHxFt38"
"nursing-exit-exam","RN Exams","HESI","","HESI RN Exit Proctored Exam Form 6","hesi-rn-exit-proctored-exam-form-6","105","pillarPages/nursing-exit-exam/subPages/S4vSoa5bxDgZ1L5kLOJe/nestedSubPages/MVHmi7FJbSDlPPz28jh5/quizzes/CytguaDnZYmHeG2UG0pm"
"nursing-exit-exam","RN Exams","HESI","","HESI RN Exit Proctored Exam Form 4","hesi-rn-exit-proctored-exam-form-4","127","pillarPages/nursing-exit-exam/subPages/S4vSoa5bxDgZ1L5kLOJe/nestedSubPages/MVHmi7FJbSDlPPz28jh5/quizzes/DQHDUUvXgxyvLijFsw9K"
"nursing-exit-exam","RN Exams","HESI","","HESI RN Exit 1 Proctored Exam","hesi-rn-exit-1-proctored-exam","110","pillarPages/nursing-exit-exam/subPages/S4vSoa5bxDgZ1L5kLOJe/nestedSubPages/MVHmi7FJbSDlPPz28jh5/quizzes/H3nkE3A7rwhckNQRsYCn"
"nursing-exit-exam","RN Exams","HESI","","HESI RN Exit Proctored Exam","hesi-rn-exit-proctored-exam","130","pillarPages/nursing-exit-exam/subPages/S4vSoa5bxDgZ1L5kLOJe/nestedSubPages/MVHmi7FJbSDlPPz28jh5/quizzes/VLk4lC6xIlgchUT23njY"
"nursing-exit-exam","RN Exams","HESI","","HESI RN Exit Proctored Exam Form 7","hesi-rn-exit-proctored-exam-form-7","117","pillarPages/nursing-exit-exam/subPages/S4vSoa5bxDgZ1L5kLOJe/nestedSubPages/MVHmi7FJbSDlPPz28jh5/quizzes/WXEHiTaR9PDixDjKDlf8"
"nursing-exit-exam","RN Exams","HESI","","HESI RN Exit Proctored Exam Form 3","hesi-rn-exit-proctored-exam-form-3","125","pillarPages/nursing-exit-exam/subPages/S4vSoa5bxDgZ1L5kLOJe/nestedSubPages/MVHmi7FJbSDlPPz28jh5/quizzes/YeWh2pzxrGVPHcnVVNwZ"
"nursing-exit-exam","RN Exams","HESI","","HESI Exit RN With NGN Proctored Exam","hesi-exit-rn-with-ngn-proctored-exam","107","pillarPages/nursing-exit-exam/subPages/S4vSoa5bxDgZ1L5kLOJe/nestedSubPages/MVHmi7FJbSDlPPz28jh5/quizzes/dXziIZr6Za4QgQUBkAQi"
"nursing-exit-exam","RN Exams","HESI","","HESI RN Exit V Proctored Exam","hesi-rn-exit-v-proctored-exam","111","pillarPages/nursing-exit-exam/subPages/S4vSoa5bxDgZ1L5kLOJe/nestedSubPages/MVHmi7FJbSDlPPz28jh5/quizzes/doIKz7Pm54MNqEnHRFhJ"
"nursing-exit-exam","RN Exams","HESI","","HESI Compass B Exit Proctored Exam","hesi-compass-b-exit-proctored-exam","68","pillarPages/nursing-exit-exam/subPages/S4vSoa5bxDgZ1L5kLOJe/nestedSubPages/MVHmi7FJbSDlPPz28jh5/quizzes/gCvVKm52hSETkS45zYso"
"nursing-exit-exam","RN Exams","HESI","","HESI Compass Exit Proctored Exam","hesi-compass-exit-proctored-exam","84","pillarPages/nursing-exit-exam/subPages/S4vSoa5bxDgZ1L5kLOJe/nestedSubPages/MVHmi7FJbSDlPPz28jh5/quizzes/mSfj9Ge3mWS89bQPjuzd"
"nursing-exit-exam","RN Exams","HESI","","HESI RN Exit Exam IV Proctored Exam","hesi-rn-exit-exam-iv-proctored-exam","104","pillarPages/nursing-exit-exam/subPages/S4vSoa5bxDgZ1L5kLOJe/nestedSubPages/MVHmi7FJbSDlPPz28jh5/quizzes/nRXVfbpxyciENjlM8JkK"
"nursing-exit-exam","RN Exams","HESI","","HESI Exit II Proctored Exam","hesi-exit-ii-proctored-exam","117","pillarPages/nursing-exit-exam/subPages/S4vSoa5bxDgZ1L5kLOJe/nestedSubPages/MVHmi7FJbSDlPPz28jh5/quizzes/nriuJWbd68nHMlvq86Ko"
"nursing-exit-exam","RN Exams","HESI","","HESI RN Compass Exit Proctored Exam","hesi-rn-compass-exit-proctored-exam","60","pillarPages/nursing-exit-exam/subPages/S4vSoa5bxDgZ1L5kLOJe/nestedSubPages/MVHmi7FJbSDlPPz28jh5/quizzes/qZv7XC2XE7yqy7ypIeNk"
"nursing-exit-exam","RN Exams","HESI","","HESI RN Exit Proctored Exam Form 5","hesi-rn-exit-proctored-exam-form-5","129","pillarPages/nursing-exit-exam/subPages/S4vSoa5bxDgZ1L5kLOJe/nestedSubPages/MVHmi7FJbSDlPPz28jh5/quizzes/rIMvao2LkGHw478Nwydf"
"nursing-exit-exam","RN Exams","HESI","","HESI RN Exit Proctored Exam Form 2","hesi-rn-exit-proctored-exam-form-2","127","pillarPages/nursing-exit-exam/subPages/S4vSoa5bxDgZ1L5kLOJe/nestedSubPages/MVHmi7FJbSDlPPz28jh5/quizzes/x06emEognC65qULQiuee"
"nursing-exit-exam","RN Exams","HESI","","HESI RN Exit VI Proctored Exam","hesi-rn-exit-vi-proctored-exam","129","pillarPages/nursing-exit-exam/subPages/S4vSoa5bxDgZ1L5kLOJe/nestedSubPages/MVHmi7FJbSDlPPz28jh5/quizzes/ywoRFeYghzpCkG9NKJIA"
"nursing-exit-exam","RN Exams","ATI","","RN Comprehensive Predictor Proctored Exam","rn-comprehensive-predictor-proctored-exam","178","pillarPages/nursing-exit-exam/subPages/S4vSoa5bxDgZ1L5kLOJe/nestedSubPages/QsMAv9L9bzYoFjgdfKgH/quizzes/2AmKZqRVgX8ztjqPlYkt"
"nursing-exit-exam","RN Exams","ATI","","ATI Comprehensive Predictor 2023 Proctored Exam","ati-comprehensive-predictor-2023-proctored-exam","179","pillarPages/nursing-exit-exam/subPages/S4vSoa5bxDgZ1L5kLOJe/nestedSubPages/QsMAv9L9bzYoFjgdfKgH/quizzes/3Bt8tM2V3bulUqha8Vut"
"nursing-exit-exam","RN Exams","ATI","","RN ATI Capstone Proctored Comprehensive Assessment Form B","rn-ati-capstone-proctored-comprehensive-assessment-form-b","71","pillarPages/nursing-exit-exam/subPages/S4vSoa5bxDgZ1L5kLOJe/nestedSubPages/QsMAv9L9bzYoFjgdfKgH/quizzes/44Low9N8lYDJJPytwMnh"
"nursing-exit-exam","RN Exams","ATI","","ATI RN Comprehensive Predictor 2023 Proctored Exam Form 3","ati-rn-comprehensive-predictor-2023-proctored-exam-form-3","159","pillarPages/nursing-exit-exam/subPages/S4vSoa5bxDgZ1L5kLOJe/nestedSubPages/QsMAv9L9bzYoFjgdfKgH/quizzes/4b9ZGlgK7CqJUZ5UVnDo"
"nursing-exit-exam","RN Exams","ATI","","ATI RN Comprehensive Per 2023 Proctored Exam","ati-rn-comprehensive-per-2023-proctored-exam","128","pillarPages/nursing-exit-exam/subPages/S4vSoa5bxDgZ1L5kLOJe/nestedSubPages/QsMAv9L9bzYoFjgdfKgH/quizzes/5mxqPcR9vToegwoc5n4I"
"nursing-exit-exam","RN Exams","ATI","","RN Comprehensive Predictor 2023 Proctored Exam","rn-comprehensive-predictor-2023-proctored-exam","145","pillarPages/nursing-exit-exam/subPages/S4vSoa5bxDgZ1L5kLOJe/nestedSubPages/QsMAv9L9bzYoFjgdfKgH/quizzes/7NR8TSkiLcI5yGHu5j9P"
"nursing-exit-exam","RN Exams","ATI","","RN Comprehensive Predictor 2023 Proctored Exam Form 3","rn-comprehensive-predictor-2023-proctored-exam-form-3","151","pillarPages/nursing-exit-exam/subPages/S4vSoa5bxDgZ1L5kLOJe/nestedSubPages/QsMAv9L9bzYoFjgdfKgH/quizzes/IiHMzzI8LfJoTo4mpK3v"
"nursing-exit-exam","RN Exams","ATI","","RN Comprehensive Predictor 2023 Proctored Exam Form 2","rn-comprehensive-predictor-2023-proctored-exam-form-2","180","pillarPages/nursing-exit-exam/subPages/S4vSoa5bxDgZ1L5kLOJe/nestedSubPages/QsMAv9L9bzYoFjgdfKgH/quizzes/QeWx2CpcfM7Rcr6HSi6o"
"nursing-exit-exam","RN Exams","ATI","","RN ATI Comprehensive Predictor 2023 Proctored Exam","rn-ati-comprehensive-predictor-2023-proctored-exam","142","pillarPages/nursing-exit-exam/subPages/S4vSoa5bxDgZ1L5kLOJe/nestedSubPages/QsMAv9L9bzYoFjgdfKgH/quizzes/WKomPJ6gFxboSjPJkv0h"
"nursing-exit-exam","RN Exams","ATI","","ATI RN Comprehensive Predictor 2023 Updated Proctored Exam","ati-rn-comprehensive-predictor-2023-updated-proctored-exam","179","pillarPages/nursing-exit-exam/subPages/S4vSoa5bxDgZ1L5kLOJe/nestedSubPages/QsMAv9L9bzYoFjgdfKgH/quizzes/Wv2wR23Z1P84F1RVhyDv"
"nursing-exit-exam","RN Exams","ATI","","RN Comprehensive Online Practice 2019 B With NGN Proctored Exam","rn-comprehensive-online-practice-2019-b-with-ngn-proctored-exam","179","pillarPages/nursing-exit-exam/subPages/S4vSoa5bxDgZ1L5kLOJe/nestedSubPages/QsMAv9L9bzYoFjgdfKgH/quizzes/datHcype9KPRoXapeDmE"
"nursing-exit-exam","RN Exams","ATI","","ATI RN Predictor Assessment Exit Proctored Exam","ati-rn-predictor-assessment-exit-proctored-exam","164","pillarPages/nursing-exit-exam/subPages/S4vSoa5bxDgZ1L5kLOJe/nestedSubPages/QsMAv9L9bzYoFjgdfKgH/quizzes/jwhIMJskDdQTRHYYUgny"
"nursing-exit-exam","RN Exams","ATI","","RN Comprehensive Predictor Proctored Exam (National U CA San Diego)","rn-comprehensive-predictor-proctored-exam-national-u-ca-san-diego","177","pillarPages/nursing-exit-exam/subPages/S4vSoa5bxDgZ1L5kLOJe/nestedSubPages/QsMAv9L9bzYoFjgdfKgH/quizzes/kL0S902iR5V8xN6A0dsn"
"nursing-exit-exam","RN Exams","ATI","","ATI Comprehensive Predictor 2023 Exit Proctored Exam A","ati-comprehensive-predictor-2023-exit-proctored-exam-a","139","pillarPages/nursing-exit-exam/subPages/S4vSoa5bxDgZ1L5kLOJe/nestedSubPages/QsMAv9L9bzYoFjgdfKgH/quizzes/kpIDuI00sFiNtKQ3XGcg"
"nursing-exit-exam","RN Exams","ATI","","ATI RN Comprehensive Predictor 2023 Retake 1 Proctored Exam","ati-rn-comprehensive-predictor-2023-retake-1-proctored-exam","187","pillarPages/nursing-exit-exam/subPages/S4vSoa5bxDgZ1L5kLOJe/nestedSubPages/QsMAv9L9bzYoFjgdfKgH/quizzes/mEBhNztauhOgWhy70kYa"
"nursing-exit-exam","RN Exams","ATI","","ATI Comprehensive Predictor 2023 Exit Proctored Exam A Form 2","ati-comprehensive-predictor-2023-exit-proctored-exam-a-form-2","175","pillarPages/nursing-exit-exam/subPages/S4vSoa5bxDgZ1L5kLOJe/nestedSubPages/QsMAv9L9bzYoFjgdfKgH/quizzes/qlGZcedKkSagCWPKLsTZ"
"nursing-exit-exam","RN Exams","ATI","","VATI ATI Comprehensive Predictor 2023 Proctored Exam","vati-ati-comprehensive-predictor-2023-proctored-exam","178","pillarPages/nursing-exit-exam/subPages/S4vSoa5bxDgZ1L5kLOJe/nestedSubPages/QsMAv9L9bzYoFjgdfKgH/quizzes/rw8qWNY44gw9BYs2tD6N"
"nursing-exit-exam","RN Exams","ATI","","ATI RN Comprehensive 2023 With NGN Proctored Exam","ati-rn-comprehensive-2023-with-ngn-proctored-exam","164","pillarPages/nursing-exit-exam/subPages/S4vSoa5bxDgZ1L5kLOJe/nestedSubPages/QsMAv9L9bzYoFjgdfKgH/quizzes/t6tQe9ZGrjJtYXfuUvzC"
"nursing-exit-exam","RN Exams","ATI","","ATI RN Comprehensive Predictor 2023 Proctored Exam Form 2","ati-rn-comprehensive-predictor-2023-proctored-exam-form-2","44","pillarPages/nursing-exit-exam/subPages/S4vSoa5bxDgZ1L5kLOJe/nestedSubPages/QsMAv9L9bzYoFjgdfKgH/quizzes/tvVIOaw6SCI8xOS1oOuO"
"nursing-exit-exam","RN Exams","ATI","","RN Comprehensive Predictor 2023 Proctored Exam Form 4","rn-comprehensive-predictor-2023-proctored-exam-form-4","170","pillarPages/nursing-exit-exam/subPages/S4vSoa5bxDgZ1L5kLOJe/nestedSubPages/QsMAv9L9bzYoFjgdfKgH/quizzes/u0ku2YOVWhMXMxFL3BCd"
"nursing-exit-exam","RN Exams","ATI","","ATI RN Comprehensive Predictor 2023 Proctored Exam","ati-rn-comprehensive-predictor-2023-proctored-exam","175","pillarPages/nursing-exit-exam/subPages/S4vSoa5bxDgZ1L5kLOJe/nestedSubPages/QsMAv9L9bzYoFjgdfKgH/quizzes/u6vxiapFhPTdccYDdmUR"
"nursing-exit-exam","RN Exams","ATI","","ATI RN Comprehensive Predictor 2023 Retake Proctored Exam","ati-rn-comprehensive-predictor-2023-retake-proctored-exam","176","pillarPages/nursing-exit-exam/subPages/S4vSoa5bxDgZ1L5kLOJe/nestedSubPages/QsMAv9L9bzYoFjgdfKgH/quizzes/vOWWI2x8xlwrKNXMCmY5"
"nursing-exit-exam","RN Exams","ATI","","RN Comprehensive Predictor 2023 Proctored Exam - St. Joseph","rn-comprehensive-predictor-2023-proctored-exam-st-joseph","176","pillarPages/nursing-exit-exam/subPages/S4vSoa5bxDgZ1L5kLOJe/nestedSubPages/QsMAv9L9bzYoFjgdfKgH/quizzes/yClJPYFC3IGZqbTdB3ub"
"nursing-exit-exam","LPN Exams","HESI","","HESI LPN Exit Proctored Exam","hesi-lpn-exit-proctored-exam","110","pillarPages/nursing-exit-exam/subPages/nkXaaMfkkbvjmrSRwtVq/nestedSubPages/BH31o1XVf6CrhNvQvfOO/quizzes/EKLCvU7yv7U6sWoQS3cF"
"nursing-exit-exam","LPN Exams","HESI","","HESI PN Exit Proctored Exam Three","hesi-pn-exit-proctored-exam-three","150","pillarPages/nursing-exit-exam/subPages/nkXaaMfkkbvjmrSRwtVq/nestedSubPages/BH31o1XVf6CrhNvQvfOO/quizzes/EKTNaGyGmcfZjeNqxQsJ"
"nursing-exit-exam","LPN Exams","HESI","","HESI LPN Exit Test 11 Proctored Exam","hesi-lpn-exit-test-11-proctored-exam","71","pillarPages/nursing-exit-exam/subPages/nkXaaMfkkbvjmrSRwtVq/nestedSubPages/BH31o1XVf6CrhNvQvfOO/quizzes/KBpvcT4BvKOwKowcCVIk"
"nursing-exit-exam","LPN Exams","HESI","","HESI LPN Exit Proctored Exam Form 2","hesi-lpn-exit-proctored-exam-form-2","291","pillarPages/nursing-exit-exam/subPages/nkXaaMfkkbvjmrSRwtVq/nestedSubPages/BH31o1XVf6CrhNvQvfOO/quizzes/OhiCydCR6nyBRLEbewMi"
"nursing-exit-exam","LPN Exams","HESI","","HESI PN Exit Proctored Exam","hesi-pn-exit-proctored-exam","150","pillarPages/nursing-exit-exam/subPages/nkXaaMfkkbvjmrSRwtVq/nestedSubPages/BH31o1XVf6CrhNvQvfOO/quizzes/RTNgnHeEmAWXRlcaSinx"
"nursing-exit-exam","LPN Exams","HESI","","HESI PN Exit Proctored Exam 2","hesi-pn-exit-proctored-exam-2","74","pillarPages/nursing-exit-exam/subPages/nkXaaMfkkbvjmrSRwtVq/nestedSubPages/BH31o1XVf6CrhNvQvfOO/quizzes/bD48RgpbvD3i24SYHHsb"
"nursing-exit-exam","LPN Exams","HESI","","HESI PN Exit 2023 II Proctored Exam","hesi-pn-exit-2023-ii-proctored-exam","150","pillarPages/nursing-exit-exam/subPages/nkXaaMfkkbvjmrSRwtVq/nestedSubPages/BH31o1XVf6CrhNvQvfOO/quizzes/dhg196Z3vWOEC6yq8bCf"
"nursing-exit-exam","LPN Exams","HESI","","HESI PN Exit 2023 Proctored Exam","hesi-pn-exit-2023-proctored-exam","150","pillarPages/nursing-exit-exam/subPages/nkXaaMfkkbvjmrSRwtVq/nestedSubPages/BH31o1XVf6CrhNvQvfOO/quizzes/g5dEyFi8r6Q8RdNlklGT"
"nursing-exit-exam","LPN Exams","HESI","","HESI LPN Exit Exam IV Proctored Exam","hesi-lpn-exit-exam-iv-proctored-exam","126","pillarPages/nursing-exit-exam/subPages/nkXaaMfkkbvjmrSRwtVq/nestedSubPages/BH31o1XVf6CrhNvQvfOO/quizzes/loM9ZGTe9mAST7p6WrHc"
"nursing-exit-exam","LPN Exams","HESI","","HESI Exit LPN Proctored Exam 1","hesi-exit-lpn-proctored-exam-1","73","pillarPages/nursing-exit-exam/subPages/nkXaaMfkkbvjmrSRwtVq/nestedSubPages/BH31o1XVf6CrhNvQvfOO/quizzes/x0hOLTw0YPqt8bdhog4P"
"nursing-exit-exam","LPN Exams","ATI","","PN Comprehensive Predictor 2023 Proctored Exam Form 2","pn-comprehensive-predictor-2023-proctored-exam-form-2","174","pillarPages/nursing-exit-exam/subPages/nkXaaMfkkbvjmrSRwtVq/nestedSubPages/ShdTxCRHYWbhmGg06Sgw/quizzes/1dBbdop6CG5ZUaAR5Ojk"
"nursing-exit-exam","LPN Exams","ATI","","PN Comprehensive Predictor 2023 Proctored Exam Form 3","pn-comprehensive-predictor-2023-proctored-exam-form-3","179","pillarPages/nursing-exit-exam/subPages/nkXaaMfkkbvjmrSRwtVq/nestedSubPages/ShdTxCRHYWbhmGg06Sgw/quizzes/4FIPxrbfxMxd49Z2O82X"
"nursing-exit-exam","LPN Exams","ATI","","ATI PN Comprehensive Predictor 2023 Proctored Exam","ati-pn-comprehensive-predictor-2023-proctored-exam","178","pillarPages/nursing-exit-exam/subPages/nkXaaMfkkbvjmrSRwtVq/nestedSubPages/ShdTxCRHYWbhmGg06Sgw/quizzes/7yOPBQK1AMK0cztnZmrv"
"nursing-exit-exam","LPN Exams","ATI","","ATI PN Exit 2023 Proctored Exam","ati-pn-exit-2023-proctored-exam","179","pillarPages/nursing-exit-exam/subPages/nkXaaMfkkbvjmrSRwtVq/nestedSubPages/ShdTxCRHYWbhmGg06Sgw/quizzes/CJz10nQrY3WFsdZvAoFV"
"nursing-exit-exam","LPN Exams","ATI","","ATI LPN Comprehensive Predictor 2023 Proctored Exam 3","ati-lpn-comprehensive-predictor-2023-proctored-exam-3","180","pillarPages/nursing-exit-exam/subPages/nkXaaMfkkbvjmrSRwtVq/nestedSubPages/ShdTxCRHYWbhmGg06Sgw/quizzes/DNyJSFoInPSiHbasG8jO"
"nursing-exit-exam","LPN Exams","ATI","","ATI LPN Comprehensive Predictor 2023 Proctored Exam","ati-lpn-comprehensive-predictor-2023-proctored-exam","32","pillarPages/nursing-exit-exam/subPages/nkXaaMfkkbvjmrSRwtVq/nestedSubPages/ShdTxCRHYWbhmGg06Sgw/quizzes/EmymgdDcm9romnoheHBP"
"nursing-exit-exam","LPN Exams","ATI","","PN Comprehensive Predictor PN 2020 Proctored Exam","pn-comprehensive-predictor-pn-2020-proctored-exam","180","pillarPages/nursing-exit-exam/subPages/nkXaaMfkkbvjmrSRwtVq/nestedSubPages/ShdTxCRHYWbhmGg06Sgw/quizzes/LDLjU0O0XVhoyQn0qtEm"
"nursing-exit-exam","LPN Exams","ATI","","ATI LPN Comprehensive Predictor 2023 Retake Proctored Exam","ati-lpn-comprehensive-predictor-2023-retake-proctored-exam","180","pillarPages/nursing-exit-exam/subPages/nkXaaMfkkbvjmrSRwtVq/nestedSubPages/ShdTxCRHYWbhmGg06Sgw/quizzes/PsZ63j7LR3i3XlccIO9q"
"nursing-exit-exam","LPN Exams","ATI","","ATI LPN Comprehensive Predictor Proctored Exam","ati-lpn-comprehensive-predictor-proctored-exam","99","pillarPages/nursing-exit-exam/subPages/nkXaaMfkkbvjmrSRwtVq/nestedSubPages/ShdTxCRHYWbhmGg06Sgw/quizzes/T56moNn1qjUb8M6GIRO6"
"nursing-exit-exam","LPN Exams","ATI","","ATI PN Comprehensive Predictor 2023 - Proctored Exam 1","ati-pn-comprehensive-predictor-2023-proctored-exam-1","179","pillarPages/nursing-exit-exam/subPages/nkXaaMfkkbvjmrSRwtVq/nestedSubPages/ShdTxCRHYWbhmGg06Sgw/quizzes/URUrEkzNhWuiX0qzXK45"
"nursing-exit-exam","LPN Exams","ATI","","PN Comprehensive Predictor 2023 Proctored Exam","pn-comprehensive-predictor-2023-proctored-exam","148","pillarPages/nursing-exit-exam/subPages/nkXaaMfkkbvjmrSRwtVq/nestedSubPages/ShdTxCRHYWbhmGg06Sgw/quizzes/Vocj5Ih0PRWIxrUPOjRx"
"nursing-exit-exam","LPN Exams","ATI","","ATI PN Comprehensive Predictor 2023 Proctored Exam Form 2","ati-pn-comprehensive-predictor-2023-proctored-exam-form-2","168","pillarPages/nursing-exit-exam/subPages/nkXaaMfkkbvjmrSRwtVq/nestedSubPages/ShdTxCRHYWbhmGg06Sgw/quizzes/j713hlGJ9h6NB9ntKO81"
"nursing-exit-exam","LPN Exams","ATI","","VATI PN Comprehensive Predictor 2020 Proctored Exam","vati-pn-comprehensive-predictor-2020-proctored-exam","180","pillarPages/nursing-exit-exam/subPages/nkXaaMfkkbvjmrSRwtVq/nestedSubPages/ShdTxCRHYWbhmGg06Sgw/quizzes/qjOgIh4lCH9JhxsoZg9x"
"nursing-exit-exam","LPN Exams","ATI","","ATI PN Comprehensive Predictor 2023 Proctored Exam 4","ati-pn-comprehensive-predictor-2023-proctored-exam-4","178","pillarPages/nursing-exit-exam/subPages/nkXaaMfkkbvjmrSRwtVq/nestedSubPages/ShdTxCRHYWbhmGg06Sgw/quizzes/uCJDDiHB4c4FriQUKOy6"
"nursing-exit-exam","LPN Exams","ATI","","ATI LPN Comprehensive Predictor 2023 Proctored Exam Form 2","ati-lpn-comprehensive-predictor-2023-proctored-exam-form-2","178","pillarPages/nursing-exit-exam/subPages/nkXaaMfkkbvjmrSRwtVq/nestedSubPages/ShdTxCRHYWbhmGg06Sgw/quizzes/yptRWKJl0QClxAyZXb2o"
"nursing-test-bank","RN Exams","RN Certifications","Phlebotomy Certification","Phlebotomy Certification Proctored Exam Practice Questions","phlebotomy-certification-proctored-exam-practice-questions","116","pillarPages/nursing-test-bank/subPages/SuT1noZoNGEjKGR1vTbi/nestedSubPages/Xm9CE6gN7AB8T4YZKMNa/topics/S3CdPETwhcGfYKwqrEFO/quizzes/qXpFpzqp3xJiLBUO2Ugd"
"nursing-test-bank","RN Exams","RN Certifications","CNA Certification","CNA Certification Proctored Exam Practice Questions","cna-certification-proctored-exam-practice-questions","171","pillarPages/nursing-test-bank/subPages/SuT1noZoNGEjKGR1vTbi/nestedSubPages/Xm9CE6gN7AB8T4YZKMNa/topics/mLQLcSPuJFwx9Xk2SZ7f/quizzes/u3cMcVU0OzoeMRTBxGPo"
"nursing-test-bank","RN Exams","HESI RN Exams","Health Assessment","HESI RN Health Assessment WGU D344 Proctored Exam Practice Questions","hesi-rn-health-assessment-wgu-d344-proctored-exam-practice-questions","61","pillarPages/nursing-test-bank/subPages/SuT1noZoNGEjKGR1vTbi/nestedSubPages/iT55qp9NAFOvZLBAiQzC/topics/0zSu4efsFf1RPT4W2Xjn/quizzes/AMu3OJDocG3Hj2RcXy6X"
"nursing-test-bank","RN Exams","HESI RN Exams","Health Assessment","HESI RN Health Assessment Proctored Exam Practice Questions - Set 3","hesi-rn-health-assessment-proctored-exam-practice-questions-set-3","65","pillarPages/nursing-test-bank/subPages/SuT1noZoNGEjKGR1vTbi/nestedSubPages/iT55qp9NAFOvZLBAiQzC/topics/0zSu4efsFf1RPT4W2Xjn/quizzes/AjyirqBc8UZigcalHOr3"
"nursing-test-bank","RN Exams","HESI RN Exams","Health Assessment","HESI RN Health Assessment Proctored Exam Practice Questions - Set 12","hesi-rn-health-assessment-proctored-exam-practice-questions-set-12","58","pillarPages/nursing-test-bank/subPages/SuT1noZoNGEjKGR1vTbi/nestedSubPages/iT55qp9NAFOvZLBAiQzC/topics/0zSu4efsFf1RPT4W2Xjn/quizzes/HaaCQJVhg85l6RYP04GK"
"nursing-test-bank","RN Exams","HESI RN Exams","Health Assessment","HESI RN Health Assessment Proctored Exam (Retest) Practice Questions","hesi-rn-health-assessment-proctored-exam-retest-practice-questions","58","pillarPages/nursing-test-bank/subPages/SuT1noZoNGEjKGR1vTbi/nestedSubPages/iT55qp9NAFOvZLBAiQzC/topics/0zSu4efsFf1RPT4W2Xjn/quizzes/ISjx1BUuiOZcQStLDUUT"
"nursing-test-bank","RN Exams","HESI RN Exams","Health Assessment","HESI RN Health Assessment Proctored Exam Practice Questions - Set 4","hesi-rn-health-assessment-proctored-exam-practice-questions-set-4","50","pillarPages/nursing-test-bank/subPages/SuT1noZoNGEjKGR1vTbi/nestedSubPages/iT55qp9NAFOvZLBAiQzC/topics/0zSu4efsFf1RPT4W2Xjn/quizzes/RIcEqUYAbza4ncsEF3oW"
"nursing-test-bank","RN Exams","HESI RN Exams","Health Assessment","HESI RN Health Assesment Proctored Exam Practice Questions","hesi-rn-health-assesment-proctored-exam-practice-questions","52","pillarPages/nursing-test-bank/subPages/SuT1noZoNGEjKGR1vTbi/nestedSubPages/iT55qp9NAFOvZLBAiQzC/topics/0zSu4efsFf1RPT4W2Xjn/quizzes/TIFtBx2U3StI7ylq6HJK"
"nursing-test-bank","RN Exams","HESI RN Exams","Health Assessment","HESI RN Health and Wellness Through Nutritional Science Proctored Exam - D440 Practice Questions","hesi-rn-health-and-wellness-through-nutritional-science-proctored-exam-d440-practice-questions","54","pillarPages/nursing-test-bank/subPages/SuT1noZoNGEjKGR1vTbi/nestedSubPages/iT55qp9NAFOvZLBAiQzC/topics/0zSu4efsFf1RPT4W2Xjn/quizzes/Vo7IRFTboP7a2eBnQ9fW"
"nursing-test-bank","RN Exams","HESI RN Exams","Health Assessment","WGU RN HESI RN Health Assessment Proctored Exam Practice Questions","wgu-rn-hesi-rn-health-assessment-proctored-exam-practice-questions","56","pillarPages/nursing-test-bank/subPages/SuT1noZoNGEjKGR1vTbi/nestedSubPages/iT55qp9NAFOvZLBAiQzC/topics/0zSu4efsFf1RPT4W2Xjn/quizzes/W9H5FEgxDcX4qcvmcFZY"
"nursing-test-bank","RN Exams","HESI RN Exams","Health Assessment","HESI RN D443 Health Assessment Proctored Exam Practice Questions","hesi-rn-d443-health-assessment-proctored-exam-practice-questions","56","pillarPages/nursing-test-bank/subPages/SuT1noZoNGEjKGR1vTbi/nestedSubPages/iT55qp9NAFOvZLBAiQzC/topics/0zSu4efsFf1RPT4W2Xjn/quizzes/hnGA4JK6080RwTx3WZ35"
"nursing-test-bank","RN Exams","HESI RN Exams","Health Assessment","HESI RN Health Assessment Proctored Exam Practice Questions - Set 15","hesi-rn-health-assessment-proctored-exam-practice-questions-set-15","50","pillarPages/nursing-test-bank/subPages/SuT1noZoNGEjKGR1vTbi/nestedSubPages/iT55qp9NAFOvZLBAiQzC/topics/0zSu4efsFf1RPT4W2Xjn/quizzes/iWDZXv53kM1Yl4aF89hJ"
"nursing-test-bank","RN Exams","HESI RN Exams","Health Assessment","HESI RN 246 Health Assessment Proctored Exam (Nightgale College) Practice Questions","hesi-rn-246-health-assessment-proctored-exam-nightgale-college-practice-questions","50","pillarPages/nursing-test-bank/subPages/SuT1noZoNGEjKGR1vTbi/nestedSubPages/iT55qp9NAFOvZLBAiQzC/topics/0zSu4efsFf1RPT4W2Xjn/quizzes/jONyS9xJyLTj1VYgyaPr"
"nursing-test-bank","RN Exams","HESI RN Exams","Health Assessment","HESI RN Health Assessment Proctored Exam Practice Questions - Set 10","hesi-rn-health-assessment-proctored-exam-practice-questions-set-10","56","pillarPages/nursing-test-bank/subPages/SuT1noZoNGEjKGR1vTbi/nestedSubPages/iT55qp9NAFOvZLBAiQzC/topics/0zSu4efsFf1RPT4W2Xjn/quizzes/qEb1Tiv8JYweZrmrHVpe"
"nursing-test-bank","RN Exams","HESI RN Exams","Health Assessment","HESI RN Health Assessment Proctored Exam Practice Questions - Set 9","hesi-rn-health-assessment-proctored-exam-practice-questions-set-9","59","pillarPages/nursing-test-bank/subPages/SuT1noZoNGEjKGR1vTbi/nestedSubPages/iT55qp9NAFOvZLBAiQzC/topics/0zSu4efsFf1RPT4W2Xjn/quizzes/sOn0pbKMGL11VBrnpykI"
"nursing-test-bank","RN Exams","HESI RN Exams","Health Assessment","HESI RN Health Assessment Proctored Exam Practice Questions - Set 13","hesi-rn-health-assessment-proctored-exam-practice-questions-set-13","85","pillarPages/nursing-test-bank/subPages/SuT1noZoNGEjKGR1vTbi/nestedSubPages/iT55qp9NAFOvZLBAiQzC/topics/0zSu4efsFf1RPT4W2Xjn/quizzes/se0AdeGgDu0iVJ4rHbWl"
"nursing-test-bank","RN Exams","HESI RN Exams","Health Assessment","HESI RN Health Assessment Proctored Exam Practice Questions - Set 7","hesi-rn-health-assessment-proctored-exam-practice-questions-set-7","57","pillarPages/nursing-test-bank/subPages/SuT1noZoNGEjKGR1vTbi/nestedSubPages/iT55qp9NAFOvZLBAiQzC/topics/0zSu4efsFf1RPT4W2Xjn/quizzes/vdXhH028081wPPONObfb"
"nursing-test-bank","RN Exams","HESI RN Exams","Nursing Research","HESI RN Nursing Research II Proctored Exam Practice Questions","hesi-rn-nursing-research-ii-proctored-exam-practice-questions","54","pillarPages/nursing-test-bank/subPages/SuT1noZoNGEjKGR1vTbi/nestedSubPages/iT55qp9NAFOvZLBAiQzC/topics/2CSFdI3p8inciBpSPkZI/quizzes/GACZKuuRGeiIOlbbGUnP"
"nursing-test-bank","RN Exams","HESI RN Exams","Nursing Research","HESI RN Nursing Research Proctored Exam Practice Questions - Set 1","hesi-rn-nursing-research-proctored-exam-practice-questions-set-1","54","pillarPages/nursing-test-bank/subPages/SuT1noZoNGEjKGR1vTbi/nestedSubPages/iT55qp9NAFOvZLBAiQzC/topics/2CSFdI3p8inciBpSPkZI/quizzes/Me26vk3jfhfdUw9etL06"
"nursing-test-bank","RN Exams","HESI RN Exams","Nursing Research","HESI RN Nursing Research Proctored Exam Practice Questions - Set 2","hesi-rn-nursing-research-proctored-exam-practice-questions-set-2","48","pillarPages/nursing-test-bank/subPages/SuT1noZoNGEjKGR1vTbi/nestedSubPages/iT55qp9NAFOvZLBAiQzC/topics/2CSFdI3p8inciBpSPkZI/quizzes/h7oza2I3qqJPt5xEb5UN"
"nursing-test-bank","RN Exams","HESI RN Exams","Nursing Research","HESI RN Nursing Research Proctored Exam Practice Questions - Set 4","hesi-rn-nursing-research-proctored-exam-practice-questions-set-4","47","pillarPages/nursing-test-bank/subPages/SuT1noZoNGEjKGR1vTbi/nestedSubPages/iT55qp9NAFOvZLBAiQzC/topics/2CSFdI3p8inciBpSPkZI/quizzes/yQQI5HpHwujR2zjEmVuD"
"nursing-test-bank","RN Exams","HESI RN Exams","Leadership","HESI RN Leadership RN Samuel Merit Proctored Exam Practice Questions","hesi-rn-leadership-rn-samuel-merit-proctored-exam-practice-questions","47","pillarPages/nursing-test-bank/subPages/SuT1noZoNGEjKGR1vTbi/nestedSubPages/iT55qp9NAFOvZLBAiQzC/topics/30nccr09IVuWd4PtZ4XA/quizzes/PyPhYIlC0XY5JFFZyPVK"
"nursing-test-bank","RN Exams","HESI RN Exams","Leadership","HESI RN Leadership Proctored Exam Practice Questions","hesi-rn-leadership-proctored-exam-practice-questions","49","pillarPages/nursing-test-bank/subPages/SuT1noZoNGEjKGR1vTbi/nestedSubPages/iT55qp9NAFOvZLBAiQzC/topics/30nccr09IVuWd4PtZ4XA/quizzes/byegyFwRRkBAxewuKhDm"
"nursing-test-bank","RN Exams","HESI RN Exams","Fundamentals","HESI RN Fundamentals Proctored Exam Practice Questions - Set 1","hesi-rn-fundamentals-proctored-exam-practice-questions-set-1","78","pillarPages/nursing-test-bank/subPages/SuT1noZoNGEjKGR1vTbi/nestedSubPages/iT55qp9NAFOvZLBAiQzC/topics/70YsvvAfpEoWkJ2zO8Vy/quizzes/0cTzTwyD8nRclStjmBB7"
"nursing-test-bank","RN Exams","HESI RN Exams","Fundamentals","HESI RN Bsn 225 Fundamentals Proctored Exam Practice Questions","hesi-rn-bsn-225-fundamentals-proctored-exam-practice-questions","31","pillarPages/nursing-test-bank/subPages/SuT1noZoNGEjKGR1vTbi/nestedSubPages/iT55qp9NAFOvZLBAiQzC/topics/70YsvvAfpEoWkJ2zO8Vy/quizzes/5UpZr03B422j7AIH3KWJ"
"nursing-test-bank","RN Exams","HESI RN Exams","Fundamentals","HESI RN Fundamentals of Nursing Proctored Exam Practice Questions","hesi-rn-fundamentals-of-nursing-proctored-exam-practice-questions","43","pillarPages/nursing-test-bank/subPages/SuT1noZoNGEjKGR1vTbi/nestedSubPages/iT55qp9NAFOvZLBAiQzC/topics/70YsvvAfpEoWkJ2zO8Vy/quizzes/GDhuFtIUI1q65M7ZeW11"
"nursing-test-bank","RN Exams","HESI RN Exams","Fundamentals","HESI RN Nightdale College Exam Fundamental of Nursing Proctored Exam 1 Practice Questions","hesi-rn-nightdale-college-exam-fundamental-of-nursing-proctored-exam-1-practice-questions","44","pillarPages/nursing-test-bank/subPages/SuT1noZoNGEjKGR1vTbi/nestedSubPages/iT55qp9NAFOvZLBAiQzC/topics/70YsvvAfpEoWkJ2zO8Vy/quizzes/J19fGAdSNsesvGbyBvQ2"
"nursing-test-bank","RN Exams","HESI RN Exams","Fundamentals","HESI RN WGU Foundation of Nursing Proctored Exam Practice Questions","hesi-rn-wgu-foundation-of-nursing-proctored-exam-practice-questions","68","pillarPages/nursing-test-bank/subPages/SuT1noZoNGEjKGR1vTbi/nestedSubPages/iT55qp9NAFOvZLBAiQzC/topics/70YsvvAfpEoWkJ2zO8Vy/quizzes/KYEST79DJtzAqSE595ZR"
"nursing-test-bank","RN Exams","HESI RN Exams","Fundamentals","HESI RN Fundamentals Proctored Exam Practice Questions - Set 4","hesi-rn-fundamentals-proctored-exam-practice-questions-set-4","58","pillarPages/nursing-test-bank/subPages/SuT1noZoNGEjKGR1vTbi/nestedSubPages/iT55qp9NAFOvZLBAiQzC/topics/70YsvvAfpEoWkJ2zO8Vy/quizzes/LXsLTMgqRFNQinfpvFDn"
"nursing-test-bank","RN Exams","HESI RN Exams","Fundamentals","HESI RN Foundation of Nursing Proctored Exam Practice Questions - Set 1","hesi-rn-foundation-of-nursing-proctored-exam-practice-questions-set-1","49","pillarPages/nursing-test-bank/subPages/SuT1noZoNGEjKGR1vTbi/nestedSubPages/iT55qp9NAFOvZLBAiQzC/topics/70YsvvAfpEoWkJ2zO8Vy/quizzes/NfPJ265rq9c8di4ztbOj"
"nursing-test-bank","RN Exams","HESI RN Exams","Fundamentals","HESI RN Foundation of Nursing WGU Proctored Exam Practice Questions","hesi-rn-foundation-of-nursing-wgu-proctored-exam-practice-questions","56","pillarPages/nursing-test-bank/subPages/SuT1noZoNGEjKGR1vTbi/nestedSubPages/iT55qp9NAFOvZLBAiQzC/topics/70YsvvAfpEoWkJ2zO8Vy/quizzes/VwI7ZDJkdwonDjEtu6w9"
"nursing-test-bank","RN Exams","HESI RN Exams","Fundamentals","HESI RN Foundation of Nursing Proctored Exam Practice Questions - Set 2","hesi-rn-foundation-of-nursing-proctored-exam-practice-questions-set-2","54","pillarPages/nursing-test-bank/subPages/SuT1noZoNGEjKGR1vTbi/nestedSubPages/iT55qp9NAFOvZLBAiQzC/topics/70YsvvAfpEoWkJ2zO8Vy/quizzes/X1eaDnp3sJTf7o7Sb1sI"
"nursing-test-bank","RN Exams","HESI RN Exams","Fundamentals","HESI RN Fundamentals with NGN Proctored Exam Practice Questions","hesi-rn-fundamentals-with-ngn-proctored-exam-practice-questions","51","pillarPages/nursing-test-bank/subPages/SuT1noZoNGEjKGR1vTbi/nestedSubPages/iT55qp9NAFOvZLBAiQzC/topics/70YsvvAfpEoWkJ2zO8Vy/quizzes/YUbZPDUnP6yc7WlCK3MP"
"nursing-test-bank","RN Exams","HESI RN Exams","Fundamentals","HESI RN Fundamentals Proctored Exam 1 Practice Questions","hesi-rn-fundamentals-proctored-exam-1-practice-questions","55","pillarPages/nursing-test-bank/subPages/SuT1noZoNGEjKGR1vTbi/nestedSubPages/iT55qp9NAFOvZLBAiQzC/topics/70YsvvAfpEoWkJ2zO8Vy/quizzes/iBkKx6OWA10QLFKipTAz"
"nursing-test-bank","RN Exams","HESI RN Exams","Fundamentals","HESI RN Fundamentals Practice Questions","hesi-rn-fundamentals-practice-questions","24","pillarPages/nursing-test-bank/subPages/SuT1noZoNGEjKGR1vTbi/nestedSubPages/iT55qp9NAFOvZLBAiQzC/topics/70YsvvAfpEoWkJ2zO8Vy/quizzes/jppxpyNY4Yqz03KMoGBa"
"nursing-test-bank","RN Exams","HESI RN Exams","Fundamentals","HESI RN Fundamentals Proctored Exam Practice Questions - Set 6","hesi-rn-fundamentals-proctored-exam-practice-questions-set-6","57","pillarPages/nursing-test-bank/subPages/SuT1noZoNGEjKGR1vTbi/nestedSubPages/iT55qp9NAFOvZLBAiQzC/topics/70YsvvAfpEoWkJ2zO8Vy/quizzes/n6qNafptcceqRrMFXAA1"
"nursing-test-bank","RN Exams","HESI RN Exams","Fundamentals","HESI RN Foundation of Nursing Proctored Exam Practice Questions - Set 5","hesi-rn-foundation-of-nursing-proctored-exam-practice-questions-set-5","60","pillarPages/nursing-test-bank/subPages/SuT1noZoNGEjKGR1vTbi/nestedSubPages/iT55qp9NAFOvZLBAiQzC/topics/70YsvvAfpEoWkJ2zO8Vy/quizzes/qgeMcOXGFV2EmreroacJ"
"nursing-test-bank","RN Exams","HESI RN Exams","Fundamentals","WGU HESI RN Foundation of Nursing Proctored Exam Practice Questions","wgu-hesi-rn-foundation-of-nursing-proctored-exam-practice-questions","51","pillarPages/nursing-test-bank/subPages/SuT1noZoNGEjKGR1vTbi/nestedSubPages/iT55qp9NAFOvZLBAiQzC/topics/70YsvvAfpEoWkJ2zO8Vy/quizzes/scUQyNlRvgEmdkevnnJk"
"nursing-test-bank","RN Exams","HESI RN Exams","Fundamentals","HESI RN Fundamentals Proctored Exam Practice Questions - Set 5","hesi-rn-fundamentals-proctored-exam-practice-questions-set-5","59","pillarPages/nursing-test-bank/subPages/SuT1noZoNGEjKGR1vTbi/nestedSubPages/iT55qp9NAFOvZLBAiQzC/topics/70YsvvAfpEoWkJ2zO8Vy/quizzes/uzZLVqOMNfT2uesP8Ydb"
"nursing-test-bank","RN Exams","HESI RN Exams","Information Technology in Nursing","WGU HESI RN Information Technology in Nursing Practice Proctored Exam Practice Questions","wgu-hesi-rn-information-technology-in-nursing-practice-proctored-exam-practice-questions","60","pillarPages/nursing-test-bank/subPages/SuT1noZoNGEjKGR1vTbi/nestedSubPages/iT55qp9NAFOvZLBAiQzC/topics/8ys3SWgnclB200ysUQRS/quizzes/7qRRaOJJhfpuiRBuxPrv"
"nursing-test-bank","RN Exams","HESI RN Exams","Pathophysiology","HESI RN Pathophisiology Proctored Exam Practice Questions","hesi-rn-pathophisiology-proctored-exam-practice-questions","49","pillarPages/nursing-test-bank/subPages/SuT1noZoNGEjKGR1vTbi/nestedSubPages/iT55qp9NAFOvZLBAiQzC/topics/BvVKX25piwII9DcZQJSe/quizzes/CNJR8igW64Gic3dPhZ11"
"nursing-test-bank","RN Exams","HESI RN Exams","CAT","HESI RN Cat Proctored Exam Practice Questions","hesi-rn-cat-proctored-exam-practice-questions","79","pillarPages/nursing-test-bank/subPages/SuT1noZoNGEjKGR1vTbi/nestedSubPages/iT55qp9NAFOvZLBAiQzC/topics/CMoNbGuvq6grfTjWoBDO/quizzes/PHAZwI4NzpaacH1ALO8k"
"nursing-test-bank","RN Exams","HESI RN Exams","Community Health","HESI RN Community and Population Health Proctored Exam Practice Questions","hesi-rn-community-and-population-health-proctored-exam-practice-questions","60","pillarPages/nursing-test-bank/subPages/SuT1noZoNGEjKGR1vTbi/nestedSubPages/iT55qp9NAFOvZLBAiQzC/topics/KMxUPDNscYEZBOVA2kMH/quizzes/LmPsnFV03bAR36wsrAS3"
"nursing-test-bank","RN Exams","HESI RN Exams","Community Health","HESI RN Community Health and Population Proctored Exam (WGU) Practice Questions","hesi-rn-community-health-and-population-proctored-exam-wgu-practice-questions","53","pillarPages/nursing-test-bank/subPages/SuT1noZoNGEjKGR1vTbi/nestedSubPages/iT55qp9NAFOvZLBAiQzC/topics/KMxUPDNscYEZBOVA2kMH/quizzes/WO7zi3jUqvkMqnvBc8ZG"
"nursing-test-bank","RN Exams","HESI RN Exams","Community Health","HESI RN Community Health with NGN Proctored Exam Practice Questions","hesi-rn-community-health-with-ngn-proctored-exam-practice-questions","57","pillarPages/nursing-test-bank/subPages/SuT1noZoNGEjKGR1vTbi/nestedSubPages/iT55qp9NAFOvZLBAiQzC/topics/KMxUPDNscYEZBOVA2kMH/quizzes/fBQtiA6nxvQrTPfYAlf2"
"nursing-test-bank","RN Exams","HESI RN Exams","Community Health","HESI RN Community and Population Health Final Exam Practice Questions","hesi-rn-community-and-population-health-final-exam-practice-questions","56","pillarPages/nursing-test-bank/subPages/SuT1noZoNGEjKGR1vTbi/nestedSubPages/iT55qp9NAFOvZLBAiQzC/topics/KMxUPDNscYEZBOVA2kMH/quizzes/tBKxe8jJXbERsEZ6Adox"
"nursing-test-bank","RN Exams","HESI RN Exams","Maternity","HESI RN Maternal Newborn Proctored Exam Practice Questions - Set 4","hesi-rn-maternal-newborn-proctored-exam-practice-questions-set-4","52","pillarPages/nursing-test-bank/subPages/SuT1noZoNGEjKGR1vTbi/nestedSubPages/iT55qp9NAFOvZLBAiQzC/topics/ULDy5qJrNGEhyYIuXZvp/quizzes/B7G9VusMXp0er21SDP4U"
"nursing-test-bank","RN Exams","HESI RN Exams","Maternity","HESI RN Maternity Proctored Exam 7N Practice Questions","hesi-rn-maternity-proctored-exam-7n-practice-questions","48","pillarPages/nursing-test-bank/subPages/SuT1noZoNGEjKGR1vTbi/nestedSubPages/iT55qp9NAFOvZLBAiQzC/topics/ULDy5qJrNGEhyYIuXZvp/quizzes/DjNkEod6ghwiBqH4gG6k"
"nursing-test-bank","RN Exams","HESI RN Exams","Maternity","HESI RN N404 Maternity and Pediatrics Proctored Exam Practice Questions","hesi-rn-n404-maternity-and-pediatrics-proctored-exam-practice-questions","60","pillarPages/nursing-test-bank/subPages/SuT1noZoNGEjKGR1vTbi/nestedSubPages/iT55qp9NAFOvZLBAiQzC/topics/ULDy5qJrNGEhyYIuXZvp/quizzes/NJtNYy42c5ikVfM1Nwet"
"nursing-test-bank","RN Exams","HESI RN Exams","Maternity","HESI RN Maternal Newborn Proctored Exam Practice Questions - Set 3","hesi-rn-maternal-newborn-proctored-exam-practice-questions-set-3","44","pillarPages/nursing-test-bank/subPages/SuT1noZoNGEjKGR1vTbi/nestedSubPages/iT55qp9NAFOvZLBAiQzC/topics/ULDy5qJrNGEhyYIuXZvp/quizzes/VfX9wDChJqGovTWIuR3f"
"nursing-test-bank","RN Exams","HESI RN Exams","Maternity","Samuel Merrit University Oaklands HESI RN Maternity (Labor and Delivery) Proctored Exam Practice Questions","samuel-merrit-university-oaklands-hesi-rn-maternity-labor-and-delivery-proctored-exam-practice-questions","44","pillarPages/nursing-test-bank/subPages/SuT1noZoNGEjKGR1vTbi/nestedSubPages/iT55qp9NAFOvZLBAiQzC/topics/ULDy5qJrNGEhyYIuXZvp/quizzes/XV6W7KKmWvctobe9Vf9C"
"nursing-test-bank","RN Exams","HESI RN Exams","Maternity","Care Hope College RN HESI RN Maternity Proctored Exam Practice Questions","care-hope-college-rn-hesi-rn-maternity-proctored-exam-practice-questions","55","pillarPages/nursing-test-bank/subPages/SuT1noZoNGEjKGR1vTbi/nestedSubPages/iT55qp9NAFOvZLBAiQzC/topics/ULDy5qJrNGEhyYIuXZvp/quizzes/XpnHDdWeOIlVpr35ojRH"
"nursing-test-bank","RN Exams","HESI RN Exams","Maternity","HESI RN Maternal Newborn Proctored Exam (Herzing University) Practice Questions","hesi-rn-maternal-newborn-proctored-exam-herzing-university-practice-questions","73","pillarPages/nursing-test-bank/subPages/SuT1noZoNGEjKGR1vTbi/nestedSubPages/iT55qp9NAFOvZLBAiQzC/topics/ULDy5qJrNGEhyYIuXZvp/quizzes/Yv7glw4YUPScv9uJ0H71"
"nursing-test-bank","RN Exams","HESI RN Exams","Nutrition","HESI RN Nutrition Proctored Exam Practice Questions","hesi-rn-nutrition-proctored-exam-practice-questions","49","pillarPages/nursing-test-bank/subPages/SuT1noZoNGEjKGR1vTbi/nestedSubPages/iT55qp9NAFOvZLBAiQzC/topics/ZQ9GxGjFzBFm4ei4NL2w/quizzes/FKE3etUpbI0lRz1qCm2Z"
"nursing-test-bank","RN Exams","HESI RN Exams","Nutrition","HESI RN Nutrition WGU Proctored Exam Practice Questions","hesi-rn-nutrition-wgu-proctored-exam-practice-questions","47","pillarPages/nursing-test-bank/subPages/SuT1noZoNGEjKGR1vTbi/nestedSubPages/iT55qp9NAFOvZLBAiQzC/topics/ZQ9GxGjFzBFm4ei4NL2w/quizzes/Kwi2jXXCkplT1mGiXaY2"
"nursing-test-bank","RN Exams","HESI RN Exams","Nutrition","HESI RN D440 Nutrition Science Ocr Proctored Exam Practice Questions","hesi-rn-d440-nutrition-science-ocr-proctored-exam-practice-questions","54","pillarPages/nursing-test-bank/subPages/SuT1noZoNGEjKGR1vTbi/nestedSubPages/iT55qp9NAFOvZLBAiQzC/topics/ZQ9GxGjFzBFm4ei4NL2w/quizzes/YAUgEcKvl2ywq6MyHODl"
"nursing-test-bank","RN Exams","HESI RN Exams","Medical Surgical","HESI RN Med Surg Proctored Exam 3 Practice Questions","hesi-rn-med-surg-proctored-exam-3-practice-questions","80","pillarPages/nursing-test-bank/subPages/SuT1noZoNGEjKGR1vTbi/nestedSubPages/iT55qp9NAFOvZLBAiQzC/topics/aS23yuUD7OS39aVVutYn/quizzes/68pkBTmBBTcwFROhjBbQ"
"nursing-test-bank","RN Exams","HESI RN Exams","Medical Surgical","HESI RN Med Surg Proctored Exam 1 Practice Questions","hesi-rn-med-surg-proctored-exam-1-practice-questions","53","pillarPages/nursing-test-bank/subPages/SuT1noZoNGEjKGR1vTbi/nestedSubPages/iT55qp9NAFOvZLBAiQzC/topics/aS23yuUD7OS39aVVutYn/quizzes/7gorf5DAGRgMTLQ2tP79"
"nursing-test-bank","RN Exams","HESI RN Exams","Medical Surgical","HESI RN Medical Surgical Proctored Exam Practice Questions - Set 20","hesi-rn-medical-surgical-proctored-exam-practice-questions-set-20","44","pillarPages/nursing-test-bank/subPages/SuT1noZoNGEjKGR1vTbi/nestedSubPages/iT55qp9NAFOvZLBAiQzC/topics/aS23yuUD7OS39aVVutYn/quizzes/EXLiFBVNpmLsBVcIw2Mm"
"nursing-test-bank","RN Exams","HESI RN Exams","Medical Surgical","HESI RN Med-Surg Proctored Exam (Mcphs University) Practice Questions","hesi-rn-med-surg-proctored-exam-mcphs-university-practice-questions","59","pillarPages/nursing-test-bank/subPages/SuT1noZoNGEjKGR1vTbi/nestedSubPages/iT55qp9NAFOvZLBAiQzC/topics/aS23yuUD7OS39aVVutYn/quizzes/EjMpi4tE8olgaZKvkRBq"
"nursing-test-bank","RN Exams","HESI RN Exams","Medical Surgical","HESI RN Med Surg Proctored Exam 2 Practice Questions","hesi-rn-med-surg-proctored-exam-2-practice-questions","46","pillarPages/nursing-test-bank/subPages/SuT1noZoNGEjKGR1vTbi/nestedSubPages/iT55qp9NAFOvZLBAiQzC/topics/aS23yuUD7OS39aVVutYn/quizzes/HsjU9k0PBBb9l5g5aXV4"
"nursing-test-bank","RN Exams","HESI RN Exams","Medical Surgical","HESI RN Medical Surgical Nursing Proctored Exam Practice Questions","hesi-rn-medical-surgical-nursing-proctored-exam-practice-questions","58","pillarPages/nursing-test-bank/subPages/SuT1noZoNGEjKGR1vTbi/nestedSubPages/iT55qp9NAFOvZLBAiQzC/topics/aS23yuUD7OS39aVVutYn/quizzes/IHAh9XiKapQiPTKQE9vp"
"nursing-test-bank","RN Exams","HESI RN Exams","Medical Surgical","HESI RN Med Surg Proctored Exam Practice Questions - Set 17","hesi-rn-med-surg-proctored-exam-practice-questions-set-17","40","pillarPages/nursing-test-bank/subPages/SuT1noZoNGEjKGR1vTbi/nestedSubPages/iT55qp9NAFOvZLBAiQzC/topics/aS23yuUD7OS39aVVutYn/quizzes/L6gkODn0fR5nW6lmO9oP"
"nursing-test-bank","RN Exams","HESI RN Exams","Medical Surgical","HESI RN Medical Surg (Managing Care of Adult) Proctored Exam Practice Questions","hesi-rn-medical-surg-managing-care-of-adult-proctored-exam-practice-questions","52","pillarPages/nursing-test-bank/subPages/SuT1noZoNGEjKGR1vTbi/nestedSubPages/iT55qp9NAFOvZLBAiQzC/topics/aS23yuUD7OS39aVVutYn/quizzes/Ob4snL9EsjAMRuLzV5vJ"
"nursing-test-bank","RN Exams","HESI RN Exams","Medical Surgical","HESI RN D446 Adult Care 0A1 Med Surg Proctored Exam (WGU) Practice Questions","hesi-rn-d446-adult-care-0a1-med-surg-proctored-exam-wgu-practice-questions","59","pillarPages/nursing-test-bank/subPages/SuT1noZoNGEjKGR1vTbi/nestedSubPages/iT55qp9NAFOvZLBAiQzC/topics/aS23yuUD7OS39aVVutYn/quizzes/Q5FCjnksF9yfL4lifO5Y"
"nursing-test-bank","RN Exams","HESI RN Exams","Medical Surgical","HESI RN Med Surg Proctored Exam Practice Questions - Set 11","hesi-rn-med-surg-proctored-exam-practice-questions-set-11","54","pillarPages/nursing-test-bank/subPages/SuT1noZoNGEjKGR1vTbi/nestedSubPages/iT55qp9NAFOvZLBAiQzC/topics/aS23yuUD7OS39aVVutYn/quizzes/RC5k5gS4J3fAcMSGLpro"
"nursing-test-bank","RN Exams","HESI RN Exams","Medical Surgical","HESI RN Medsurg Proctored Exam Practice Questions","hesi-rn-medsurg-proctored-exam-practice-questions","48","pillarPages/nursing-test-bank/subPages/SuT1noZoNGEjKGR1vTbi/nestedSubPages/iT55qp9NAFOvZLBAiQzC/topics/aS23yuUD7OS39aVVutYn/quizzes/ScdcrKn67q8pfBDNi2s2"
"nursing-test-bank","RN Exams","HESI RN Exams","Medical Surgical","HESI RN Medical Surgical Proctored Exam (Cardiac) Practice Questions","hesi-rn-medical-surgical-proctored-exam-cardiac-practice-questions","58","pillarPages/nursing-test-bank/subPages/SuT1noZoNGEjKGR1vTbi/nestedSubPages/iT55qp9NAFOvZLBAiQzC/topics/aS23yuUD7OS39aVVutYn/quizzes/ViaAMSUcu2drUbAf9EBK"
"nursing-test-bank","RN Exams","HESI RN Exams","Medical Surgical","Samuel Merrit University, HESI RN Med Surg Proctored Exam Practice Questions","samuel-merrit-university-hesi-rn-med-surg-proctored-exam-practice-questions","45","pillarPages/nursing-test-bank/subPages/SuT1noZoNGEjKGR1vTbi/nestedSubPages/iT55qp9NAFOvZLBAiQzC/topics/aS23yuUD7OS39aVVutYn/quizzes/Y1TMyYWNr4trzAuIbWtu"
"nursing-test-bank","RN Exams","HESI RN Exams","Medical Surgical","HESI RN Med Surg Proctored Exam Practice Questions - Set 18","hesi-rn-med-surg-proctored-exam-practice-questions-set-18","34","pillarPages/nursing-test-bank/subPages/SuT1noZoNGEjKGR1vTbi/nestedSubPages/iT55qp9NAFOvZLBAiQzC/topics/aS23yuUD7OS39aVVutYn/quizzes/Ym7zIiOGStg77ErrE2cK"
"nursing-test-bank","RN Exams","HESI RN Exams","Medical Surgical","HESI RN Med Surg Adult Health Proctored Exam Practice Questions","hesi-rn-med-surg-adult-health-proctored-exam-practice-questions","45","pillarPages/nursing-test-bank/subPages/SuT1noZoNGEjKGR1vTbi/nestedSubPages/iT55qp9NAFOvZLBAiQzC/topics/aS23yuUD7OS39aVVutYn/quizzes/ZKOxLRyPt0GrDrDpGKsl"
"nursing-test-bank","RN Exams","HESI RN Exams","Medical Surgical","HESI RN Med Surg Proctored Exam (Resp, Git, Cvs) Mchps University Practice Questions","hesi-rn-med-surg-proctored-exam-resp-git-cvs-mchps-university-practice-questions","60","pillarPages/nursing-test-bank/subPages/SuT1noZoNGEjKGR1vTbi/nestedSubPages/iT55qp9NAFOvZLBAiQzC/topics/aS23yuUD7OS39aVVutYn/quizzes/iZWdR0wUC7nFXhXywVoO"
"nursing-test-bank","RN Exams","HESI RN Exams","Medical Surgical","HESI RN Med-Surg 3 Proctored Exam Practice Questions","hesi-rn-med-surg-3-proctored-exam-practice-questions","51","pillarPages/nursing-test-bank/subPages/SuT1noZoNGEjKGR1vTbi/nestedSubPages/iT55qp9NAFOvZLBAiQzC/topics/aS23yuUD7OS39aVVutYn/quizzes/izTMfmhoYZaRo4TSvWpf"
"nursing-test-bank","RN Exams","HESI RN Exams","Medical Surgical","HESI RN Med Surg Hematological System Proctored Exam Practice Questions","hesi-rn-med-surg-hematological-system-proctored-exam-practice-questions","54","pillarPages/nursing-test-bank/subPages/SuT1noZoNGEjKGR1vTbi/nestedSubPages/iT55qp9NAFOvZLBAiQzC/topics/aS23yuUD7OS39aVVutYn/quizzes/pIPw4U2UewaFkWcJngl0"
"nursing-test-bank","RN Exams","HESI RN Exams","Medical Surgical","HESI RN Medical Surgical Proctored Exam Practice Questions - Set 15","hesi-rn-medical-surgical-proctored-exam-practice-questions-set-15","52","pillarPages/nursing-test-bank/subPages/SuT1noZoNGEjKGR1vTbi/nestedSubPages/iT55qp9NAFOvZLBAiQzC/topics/aS23yuUD7OS39aVVutYn/quizzes/q8N98jdIKb3bG4hRJMZB"
"nursing-test-bank","RN Exams","HESI RN Exams","Medical Surgical","HESI RN Med Surg 2 Proctored Exam Practice Questions","hesi-rn-med-surg-2-proctored-exam-practice-questions","41","pillarPages/nursing-test-bank/subPages/SuT1noZoNGEjKGR1vTbi/nestedSubPages/iT55qp9NAFOvZLBAiQzC/topics/aS23yuUD7OS39aVVutYn/quizzes/qzMaDefuJlROZo48d5ua"
"nursing-test-bank","RN Exams","HESI RN Exams","Medical Surgical","WGU HESI RN Med Surg Proctored Exam Practice Questions","wgu-hesi-rn-med-surg-proctored-exam-practice-questions","53","pillarPages/nursing-test-bank/subPages/SuT1noZoNGEjKGR1vTbi/nestedSubPages/iT55qp9NAFOvZLBAiQzC/topics/aS23yuUD7OS39aVVutYn/quizzes/rNrJlkfbPUYNjoABnIVX"
"nursing-test-bank","RN Exams","HESI RN Exams","Medical Surgical","HESI RN Medical Surgical Proctored Exam Practice Questions - Set 10","hesi-rn-medical-surgical-proctored-exam-practice-questions-set-10","54","pillarPages/nursing-test-bank/subPages/SuT1noZoNGEjKGR1vTbi/nestedSubPages/iT55qp9NAFOvZLBAiQzC/topics/aS23yuUD7OS39aVVutYn/quizzes/sNM1IugmAdTO8OABWf1q"
"nursing-test-bank","RN Exams","HESI RN Exams","Medical Surgical","HESI RN Medical Surgical Proctored Exam Practice Questions - Set 19","hesi-rn-medical-surgical-proctored-exam-practice-questions-set-19","39","pillarPages/nursing-test-bank/subPages/SuT1noZoNGEjKGR1vTbi/nestedSubPages/iT55qp9NAFOvZLBAiQzC/topics/aS23yuUD7OS39aVVutYn/quizzes/v3JaSYDr88r1J3rXqpTJ"
"nursing-test-bank","RN Exams","HESI RN Exams","Dosage Calculations","WGU HESI RN Dosage Calculation Proctored Exam Practice Questions","wgu-hesi-rn-dosage-calculation-proctored-exam-practice-questions","52","pillarPages/nursing-test-bank/subPages/SuT1noZoNGEjKGR1vTbi/nestedSubPages/iT55qp9NAFOvZLBAiQzC/topics/dfRlrdGOvpDhVVXIqa0H/quizzes/17Z1HkCyEz2VncRiHgJt"
"nursing-test-bank","RN Exams","HESI RN Exams","Dosage Calculations","HESI RN Dosage Calculation WGU Proctored Exam Practice Questions","hesi-rn-dosage-calculation-wgu-proctored-exam-practice-questions","56","pillarPages/nursing-test-bank/subPages/SuT1noZoNGEjKGR1vTbi/nestedSubPages/iT55qp9NAFOvZLBAiQzC/topics/dfRlrdGOvpDhVVXIqa0H/quizzes/41W9jpEeZxMQyMGRZ9Lg"
"nursing-test-bank","RN Exams","HESI RN Exams","Dosage Calculations","HESI RN Dosage Calculation Proctored Exam Practice Questions - Set 11","hesi-rn-dosage-calculation-proctored-exam-practice-questions-set-11","56","pillarPages/nursing-test-bank/subPages/SuT1noZoNGEjKGR1vTbi/nestedSubPages/iT55qp9NAFOvZLBAiQzC/topics/dfRlrdGOvpDhVVXIqa0H/quizzes/9WOH5pavyKugwfu7ogZn"
"nursing-test-bank","RN Exams","HESI RN Exams","Dosage Calculations","HESI RN Dosage Calculations Care Proctored Exam Practice Questions","hesi-rn-dosage-calculations-care-proctored-exam-practice-questions","41","pillarPages/nursing-test-bank/subPages/SuT1noZoNGEjKGR1vTbi/nestedSubPages/iT55qp9NAFOvZLBAiQzC/topics/dfRlrdGOvpDhVVXIqa0H/quizzes/DWWkDQoSqCmgK6qjsHK1"
"nursing-test-bank","RN Exams","HESI RN Exams","Dosage Calculations","HESI RN Dosage Calculation Proctored Exam Practice Questions - Set 1","hesi-rn-dosage-calculation-proctored-exam-practice-questions-set-1","40","pillarPages/nursing-test-bank/subPages/SuT1noZoNGEjKGR1vTbi/nestedSubPages/iT55qp9NAFOvZLBAiQzC/topics/dfRlrdGOvpDhVVXIqa0H/quizzes/GP7hIHmLyM8Y1SdmELTc"
"nursing-test-bank","RN Exams","HESI RN Exams","Dosage Calculations","HESI RN Medical Dosage Calculation Proctored Exam Practice Questions","hesi-rn-medical-dosage-calculation-proctored-exam-practice-questions","53","pillarPages/nursing-test-bank/subPages/SuT1noZoNGEjKGR1vTbi/nestedSubPages/iT55qp9NAFOvZLBAiQzC/topics/dfRlrdGOvpDhVVXIqa0H/quizzes/IUdGGvJac4Axr8wMYYJr"
"nursing-test-bank","RN Exams","HESI RN Exams","Dosage Calculations","HESI RN Dosage Calculation IV Proctored Exam Practice Questions","hesi-rn-dosage-calculation-iv-proctored-exam-practice-questions","56","pillarPages/nursing-test-bank/subPages/SuT1noZoNGEjKGR1vTbi/nestedSubPages/iT55qp9NAFOvZLBAiQzC/topics/dfRlrdGOvpDhVVXIqa0H/quizzes/ImHYBSM0oEsoRQDsV2ht"
"nursing-test-bank","RN Exams","HESI RN Exams","Dosage Calculations","HESI RN Dosage Calculations Proctored Exam Practice Questions - Set 3","hesi-rn-dosage-calculations-proctored-exam-practice-questions-set-3","54","pillarPages/nursing-test-bank/subPages/SuT1noZoNGEjKGR1vTbi/nestedSubPages/iT55qp9NAFOvZLBAiQzC/topics/dfRlrdGOvpDhVVXIqa0H/quizzes/JhNf05IJwo7a3tHlTSKZ"
"nursing-test-bank","RN Exams","HESI RN Exams","Dosage Calculations","HESI RN Dosage Calculation Proctored Exam Practice Questions - Set 4","hesi-rn-dosage-calculation-proctored-exam-practice-questions-set-4","57","pillarPages/nursing-test-bank/subPages/SuT1noZoNGEjKGR1vTbi/nestedSubPages/iT55qp9NAFOvZLBAiQzC/topics/dfRlrdGOvpDhVVXIqa0H/quizzes/KXkIAIdmuvGAhSoQlqS6"
"nursing-test-bank","RN Exams","HESI RN Exams","Dosage Calculations","HESI RN Dosage Calculations Proctored Exam Practice Questions - Set 15","hesi-rn-dosage-calculations-proctored-exam-practice-questions-set-15","32","pillarPages/nursing-test-bank/subPages/SuT1noZoNGEjKGR1vTbi/nestedSubPages/iT55qp9NAFOvZLBAiQzC/topics/dfRlrdGOvpDhVVXIqa0H/quizzes/SVVQfOKYIggLRcDTT7b5"
"nursing-test-bank","RN Exams","HESI RN Exams","Dosage Calculations","HESI RN Med Surg Dosage Calculations Proctored Exam Practice Questions","hesi-rn-med-surg-dosage-calculations-proctored-exam-practice-questions","55","pillarPages/nursing-test-bank/subPages/SuT1noZoNGEjKGR1vTbi/nestedSubPages/iT55qp9NAFOvZLBAiQzC/topics/dfRlrdGOvpDhVVXIqa0H/quizzes/TRipbezAYlsDVRHfiEeK"
"nursing-test-bank","RN Exams","HESI RN Exams","Dosage Calculations","HESI RN Dosage Calculation D441 Proctored Exam Practice Questions","hesi-rn-dosage-calculation-d441-proctored-exam-practice-questions","55","pillarPages/nursing-test-bank/subPages/SuT1noZoNGEjKGR1vTbi/nestedSubPages/iT55qp9NAFOvZLBAiQzC/topics/dfRlrdGOvpDhVVXIqa0H/quizzes/ceJwZ8LscJrDQkdhuSXm"
"nursing-test-bank","RN Exams","HESI RN Exams","Dosage Calculations","HESI RN Dosage Calculation Proctored Exam Practice Questions - Set 6","hesi-rn-dosage-calculation-proctored-exam-practice-questions-set-6","50","pillarPages/nursing-test-bank/subPages/SuT1noZoNGEjKGR1vTbi/nestedSubPages/iT55qp9NAFOvZLBAiQzC/topics/dfRlrdGOvpDhVVXIqa0H/quizzes/iRh6LiEuUJG9QK0K9GtC"
"nursing-test-bank","RN Exams","HESI RN Exams","Dosage Calculations","HESI RN Dosage Calculations II Proctored Exam Practice Questions","hesi-rn-dosage-calculations-ii-proctored-exam-practice-questions","55","pillarPages/nursing-test-bank/subPages/SuT1noZoNGEjKGR1vTbi/nestedSubPages/iT55qp9NAFOvZLBAiQzC/topics/dfRlrdGOvpDhVVXIqa0H/quizzes/kE7Y6XgRVvsOOBaQrL7g"
"nursing-test-bank","RN Exams","HESI RN Exams","Dosage Calculations","HESI RN Dosage Pre-Assessment 2 Proctored Exam Practice Questions","hesi-rn-dosage-pre-assessment-2-proctored-exam-practice-questions","55","pillarPages/nursing-test-bank/subPages/SuT1noZoNGEjKGR1vTbi/nestedSubPages/iT55qp9NAFOvZLBAiQzC/topics/dfRlrdGOvpDhVVXIqa0H/quizzes/kir9AMgQ6tzqCPgoHdOo"
"nursing-test-bank","RN Exams","HESI RN Exams","Dosage Calculations","HESI RN Dosage Calculation Proctored Exam Practice Questions - Set 2","hesi-rn-dosage-calculation-proctored-exam-practice-questions-set-2","51","pillarPages/nursing-test-bank/subPages/SuT1noZoNGEjKGR1vTbi/nestedSubPages/iT55qp9NAFOvZLBAiQzC/topics/dfRlrdGOvpDhVVXIqa0H/quizzes/rEzixDoU0KmYlFGpEDwo"
"nursing-test-bank","RN Exams","HESI RN Exams","Dosage Calculations","HESI RN Dosage Calculations III Proctored Exam Practice Questions","hesi-rn-dosage-calculations-iii-proctored-exam-practice-questions","56","pillarPages/nursing-test-bank/subPages/SuT1noZoNGEjKGR1vTbi/nestedSubPages/iT55qp9NAFOvZLBAiQzC/topics/dfRlrdGOvpDhVVXIqa0H/quizzes/zuwMQ3oZHOwdpQtgo3Mc"
"nursing-test-bank","RN Exams","HESI RN Exams","Specialty","HESI RN Nursing Specialty Proctored Exam Practice Questions","hesi-rn-nursing-specialty-proctored-exam-practice-questions","78","pillarPages/nursing-test-bank/subPages/SuT1noZoNGEjKGR1vTbi/nestedSubPages/iT55qp9NAFOvZLBAiQzC/topics/gx1Mz09EBpIQzjCZZiAo/quizzes/50Vc24eyb5pWydhL8OyE"
"nursing-test-bank","RN Exams","HESI RN Exams","Biology","HESI RN Biology Proctored Exam Practice Questions","hesi-rn-biology-proctored-exam-practice-questions","24","pillarPages/nursing-test-bank/subPages/SuT1noZoNGEjKGR1vTbi/nestedSubPages/iT55qp9NAFOvZLBAiQzC/topics/hQ9i2jdugpRUC2Nk733R/quizzes/FXpMnrf3mM2SA0D5wCKn"
"nursing-test-bank","RN Exams","HESI RN Exams","Pharmacology","HESI RN Pharmacology Proctored Exam 2 Practice Questions","hesi-rn-pharmacology-proctored-exam-2-practice-questions","36","pillarPages/nursing-test-bank/subPages/SuT1noZoNGEjKGR1vTbi/nestedSubPages/iT55qp9NAFOvZLBAiQzC/topics/l1kSgSxIYg2SRUN8aWqE/quizzes/Aa85bCPVVatc7XdHzpeL"
"nursing-test-bank","RN Exams","HESI RN Exams","Pharmacology","HESI RN 311 Pharmacology Proctored Exam Practice Questions","hesi-rn-311-pharmacology-proctored-exam-practice-questions","41","pillarPages/nursing-test-bank/subPages/SuT1noZoNGEjKGR1vTbi/nestedSubPages/iT55qp9NAFOvZLBAiQzC/topics/l1kSgSxIYg2SRUN8aWqE/quizzes/D08Epnz22yl4JMrF3taj"
"nursing-test-bank","RN Exams","HESI RN Exams","Pharmacology","HESI RN Pharmacology Proctored Exam Practice Questions - Set 18","hesi-rn-pharmacology-proctored-exam-practice-questions-set-18","31","pillarPages/nursing-test-bank/subPages/SuT1noZoNGEjKGR1vTbi/nestedSubPages/iT55qp9NAFOvZLBAiQzC/topics/l1kSgSxIYg2SRUN8aWqE/quizzes/PBYyAradyrKZiNMdHj8Y"
"nursing-test-bank","RN Exams","HESI RN Exams","Pharmacology","HESI RN 315 Pharmacology Proctored Exam Practice Questions","hesi-rn-315-pharmacology-proctored-exam-practice-questions","60","pillarPages/nursing-test-bank/subPages/SuT1noZoNGEjKGR1vTbi/nestedSubPages/iT55qp9NAFOvZLBAiQzC/topics/l1kSgSxIYg2SRUN8aWqE/quizzes/Qpl3AjZdlXTE5lYbL7Ea"
"nursing-test-bank","RN Exams","HESI RN Exams","Pharmacology","WGU RN HESI RN Pharmocology Proctored Exam Practice Questions","wgu-rn-hesi-rn-pharmocology-proctored-exam-practice-questions","39","pillarPages/nursing-test-bank/subPages/SuT1noZoNGEjKGR1vTbi/nestedSubPages/iT55qp9NAFOvZLBAiQzC/topics/l1kSgSxIYg2SRUN8aWqE/quizzes/RfDAAWdsnSLsEXiUOc3c"
"nursing-test-bank","RN Exams","HESI RN Exams","Pharmacology","HESI RN Pharmacology Proctored Exam Practice Questions - Set 14","hesi-rn-pharmacology-proctored-exam-practice-questions-set-14","44","pillarPages/nursing-test-bank/subPages/SuT1noZoNGEjKGR1vTbi/nestedSubPages/iT55qp9NAFOvZLBAiQzC/topics/l1kSgSxIYg2SRUN8aWqE/quizzes/VH2k6gGciAJZ0qjLyi20"
"nursing-test-bank","RN Exams","HESI RN Exams","Pharmacology","WGU HESI RN Pharmacology 1 Proctored Exam Practice Questions","wgu-hesi-rn-pharmacology-1-proctored-exam-practice-questions","44","pillarPages/nursing-test-bank/subPages/SuT1noZoNGEjKGR1vTbi/nestedSubPages/iT55qp9NAFOvZLBAiQzC/topics/l1kSgSxIYg2SRUN8aWqE/quizzes/cYcc5dugruimK0blyaVh"
"nursing-test-bank","RN Exams","HESI RN Exams","Pharmacology","HESI RN Pharmacology 106A Proctored Exam Practice Questions","hesi-rn-pharmacology-106a-proctored-exam-practice-questions","36","pillarPages/nursing-test-bank/subPages/SuT1noZoNGEjKGR1vTbi/nestedSubPages/iT55qp9NAFOvZLBAiQzC/topics/l1kSgSxIYg2SRUN8aWqE/quizzes/cmhDZTYTAG3xRNneHLef"
"nursing-test-bank","RN Exams","HESI RN Exams","Pharmacology","HESI RN 301 Pharmacology Final Exam Practice Questions","hesi-rn-301-pharmacology-final-exam-practice-questions","51","pillarPages/nursing-test-bank/subPages/SuT1noZoNGEjKGR1vTbi/nestedSubPages/iT55qp9NAFOvZLBAiQzC/topics/l1kSgSxIYg2SRUN8aWqE/quizzes/dijJv6bQwk0AUQF62XUD"
"nursing-test-bank","RN Exams","HESI RN Exams","Pharmacology","Nightdale College HESI RN Pharmacology RN Proctored Exam Practice Questions","nightdale-college-hesi-rn-pharmacology-rn-proctored-exam-practice-questions","47","pillarPages/nursing-test-bank/subPages/SuT1noZoNGEjKGR1vTbi/nestedSubPages/iT55qp9NAFOvZLBAiQzC/topics/l1kSgSxIYg2SRUN8aWqE/quizzes/hybuaiBeJWjuk2YUIR1W"
"nursing-test-bank","RN Exams","HESI RN Exams","Pharmacology","WGU RN HESI RN Pharmacology Proctored Exam Practice Questions","wgu-rn-hesi-rn-pharmacology-proctored-exam-practice-questions","35","pillarPages/nursing-test-bank/subPages/SuT1noZoNGEjKGR1vTbi/nestedSubPages/iT55qp9NAFOvZLBAiQzC/topics/l1kSgSxIYg2SRUN8aWqE/quizzes/iCOu66ws5XzFd0XC5nC4"
"nursing-test-bank","RN Exams","HESI RN Exams","Pharmacology","HESI RN Pharmacology Proctored Exam Practice Questions - Set 4","hesi-rn-pharmacology-proctored-exam-practice-questions-set-4","56","pillarPages/nursing-test-bank/subPages/SuT1noZoNGEjKGR1vTbi/nestedSubPages/iT55qp9NAFOvZLBAiQzC/topics/l1kSgSxIYg2SRUN8aWqE/quizzes/kFvSNjsxq3f0sTyKIpER"
"nursing-test-bank","RN Exams","HESI RN Exams","Pharmacology","HESI RN Pharmacology Proctored Exam 3 Practice Questions","hesi-rn-pharmacology-proctored-exam-3-practice-questions","40","pillarPages/nursing-test-bank/subPages/SuT1noZoNGEjKGR1vTbi/nestedSubPages/iT55qp9NAFOvZLBAiQzC/topics/l1kSgSxIYg2SRUN8aWqE/quizzes/pq9f4ibhECjJmhWUrEMp"
"nursing-test-bank","RN Exams","HESI RN Exams","Pharmacology","HESI RN Pharmacology Proctored Exam Practice Questions - Set 21","hesi-rn-pharmacology-proctored-exam-practice-questions-set-21","46","pillarPages/nursing-test-bank/subPages/SuT1noZoNGEjKGR1vTbi/nestedSubPages/iT55qp9NAFOvZLBAiQzC/topics/l1kSgSxIYg2SRUN8aWqE/quizzes/qbEPM58bDTbW2voS8Exo"
"nursing-test-bank","RN Exams","HESI RN Exams","Pharmacology","HESI RN Bsn 315 RN Pharmacology 35504 Proctored Exam Practice Questions","hesi-rn-bsn-315-rn-pharmacology-35504-proctored-exam-practice-questions","58","pillarPages/nursing-test-bank/subPages/SuT1noZoNGEjKGR1vTbi/nestedSubPages/iT55qp9NAFOvZLBAiQzC/topics/l1kSgSxIYg2SRUN8aWqE/quizzes/rMbdJW8otv1eXcxfPKOd"
"nursing-test-bank","RN Exams","HESI RN Exams","Pharmacology","HESI RN Bsn 225 RN Pharmacology Proctored Exam Practice Questions","hesi-rn-bsn-225-rn-pharmacology-proctored-exam-practice-questions","53","pillarPages/nursing-test-bank/subPages/SuT1noZoNGEjKGR1vTbi/nestedSubPages/iT55qp9NAFOvZLBAiQzC/topics/l1kSgSxIYg2SRUN8aWqE/quizzes/rjjb2p3ny9vDG6Brf6Ku"
"nursing-test-bank","RN Exams","HESI RN Exams","Pharmacology","Care Hope College RN HESI RN Pharmacology Proctored Exam Practice Questions","care-hope-college-rn-hesi-rn-pharmacology-proctored-exam-practice-questions","55","pillarPages/nursing-test-bank/subPages/SuT1noZoNGEjKGR1vTbi/nestedSubPages/iT55qp9NAFOvZLBAiQzC/topics/l1kSgSxIYg2SRUN8aWqE/quizzes/sKZMeQzmBGcCJOFgI3HK"
"nursing-test-bank","RN Exams","HESI RN Exams","Pharmacology","HESI RN Pharmacology Proctored Exam Practice Questions - Set 11","hesi-rn-pharmacology-proctored-exam-practice-questions-set-11","54","pillarPages/nursing-test-bank/subPages/SuT1noZoNGEjKGR1vTbi/nestedSubPages/iT55qp9NAFOvZLBAiQzC/topics/l1kSgSxIYg2SRUN8aWqE/quizzes/saAtWUrXJQCUdorkzwea"
"nursing-test-bank","RN Exams","HESI RN Exams","Pharmacology","HESI RN D441 Pharmacology 0A1 Proctored Exam Practice Questions","hesi-rn-d441-pharmacology-0a1-proctored-exam-practice-questions","43","pillarPages/nursing-test-bank/subPages/SuT1noZoNGEjKGR1vTbi/nestedSubPages/iT55qp9NAFOvZLBAiQzC/topics/l1kSgSxIYg2SRUN8aWqE/quizzes/usXeyzts1WV3adDwiBLw"
"nursing-test-bank","RN Exams","HESI RN Exams","Pharmacology","HESI RN Pharmacology Proctored Exam Practice Questions - Set 1","hesi-rn-pharmacology-proctored-exam-practice-questions-set-1","80","pillarPages/nursing-test-bank/subPages/SuT1noZoNGEjKGR1vTbi/nestedSubPages/iT55qp9NAFOvZLBAiQzC/topics/l1kSgSxIYg2SRUN8aWqE/quizzes/yiA8WSnYtUMq5286yDdo"
"nursing-test-bank","RN Exams","HESI RN Exams","Pharmacology","HESI RN Patho Pharmacology Proctored Exam Practice Questions","hesi-rn-patho-pharmacology-proctored-exam-practice-questions","54","pillarPages/nursing-test-bank/subPages/SuT1noZoNGEjKGR1vTbi/nestedSubPages/iT55qp9NAFOvZLBAiQzC/topics/l1kSgSxIYg2SRUN8aWqE/quizzes/z4vMfLRnbI7ZBer3z6yF"
"nursing-test-bank","RN Exams","HESI RN Exams","Capstone","HESI RN Capstone Proctored Exam Practice Questions","hesi-rn-capstone-proctored-exam-practice-questions","124","pillarPages/nursing-test-bank/subPages/SuT1noZoNGEjKGR1vTbi/nestedSubPages/iT55qp9NAFOvZLBAiQzC/topics/lvqRire0T0tV9yFAb26O/quizzes/0YjvcFhmPmhn39UaVsQp"
"nursing-test-bank","RN Exams","HESI RN Exams","Adult Health","HESI RN D446 Adult II Proctored Exam Practice Questions","hesi-rn-d446-adult-ii-proctored-exam-practice-questions","56","pillarPages/nursing-test-bank/subPages/SuT1noZoNGEjKGR1vTbi/nestedSubPages/iT55qp9NAFOvZLBAiQzC/topics/n2FK9jdRFYQvHbryoAbl/quizzes/47fzvg6qv6wls1MhsFnZ"
"nursing-test-bank","RN Exams","HESI RN Exams","Adult Health","HESI RN Adult Health 1 Proctored Exam (WGU) Practice Questions","hesi-rn-adult-health-1-proctored-exam-wgu-practice-questions","59","pillarPages/nursing-test-bank/subPages/SuT1noZoNGEjKGR1vTbi/nestedSubPages/iT55qp9NAFOvZLBAiQzC/topics/n2FK9jdRFYQvHbryoAbl/quizzes/CgCMAHmWpn9lnuNpdWMY"
"nursing-test-bank","RN Exams","HESI RN Exams","Adult Health","WGU HESI RN D444 Adult Health I Proctored Exam Practice Questions","wgu-hesi-rn-d444-adult-health-i-proctored-exam-practice-questions","60","pillarPages/nursing-test-bank/subPages/SuT1noZoNGEjKGR1vTbi/nestedSubPages/iT55qp9NAFOvZLBAiQzC/topics/n2FK9jdRFYQvHbryoAbl/quizzes/He2KcLbvZMeH3Bn1YsdY"
"nursing-test-bank","RN Exams","HESI RN Exams","Adult Health","HESI RN Adult Health Proctored Exam Practice Questions - Set 8","hesi-rn-adult-health-proctored-exam-practice-questions-set-8","57","pillarPages/nursing-test-bank/subPages/SuT1noZoNGEjKGR1vTbi/nestedSubPages/iT55qp9NAFOvZLBAiQzC/topics/n2FK9jdRFYQvHbryoAbl/quizzes/J8G9P7ngjYS9XTUaQoTb"
"nursing-test-bank","RN Exams","HESI RN Exams","Adult Health","HESI RN Adult Health Proctored Exam Practice Questions - Set 9","hesi-rn-adult-health-proctored-exam-practice-questions-set-9","57","pillarPages/nursing-test-bank/subPages/SuT1noZoNGEjKGR1vTbi/nestedSubPages/iT55qp9NAFOvZLBAiQzC/topics/n2FK9jdRFYQvHbryoAbl/quizzes/O0MNkYzaA0yzGxyY5Hhe"
"nursing-test-bank","RN Exams","HESI RN Exams","Adult Health","HESI RN Adult Health 1 Proctored Exam Practice Questions","hesi-rn-adult-health-1-proctored-exam-practice-questions","49","pillarPages/nursing-test-bank/subPages/SuT1noZoNGEjKGR1vTbi/nestedSubPages/iT55qp9NAFOvZLBAiQzC/topics/n2FK9jdRFYQvHbryoAbl/quizzes/bNhUp2jHjOZTICwKsByz"
"nursing-test-bank","RN Exams","HESI RN Exams","Adult Health","WGU HESI RN Adult Health Proctored Exam Practice Questions","wgu-hesi-rn-adult-health-proctored-exam-practice-questions","82","pillarPages/nursing-test-bank/subPages/SuT1noZoNGEjKGR1vTbi/nestedSubPages/iT55qp9NAFOvZLBAiQzC/topics/n2FK9jdRFYQvHbryoAbl/quizzes/dX8MoJ4cEOha6Q47enT8"
"nursing-test-bank","RN Exams","HESI RN Exams","Adult Health","HESI RN Adult Health 1 Proctored Exam - D444 Objective Assessment Practice Questions","hesi-rn-adult-health-1-proctored-exam-d444-objective-assessment-practice-questions","30","pillarPages/nursing-test-bank/subPages/SuT1noZoNGEjKGR1vTbi/nestedSubPages/iT55qp9NAFOvZLBAiQzC/topics/n2FK9jdRFYQvHbryoAbl/quizzes/hCbYi8cL12U9iS9UPteH"
"nursing-test-bank","RN Exams","HESI RN Exams","Adult Health","HESI RN Adult Health II Proctored Exam (WGU) Practice Questions","hesi-rn-adult-health-ii-proctored-exam-wgu-practice-questions","56","pillarPages/nursing-test-bank/subPages/SuT1noZoNGEjKGR1vTbi/nestedSubPages/iT55qp9NAFOvZLBAiQzC/topics/n2FK9jdRFYQvHbryoAbl/quizzes/j3JxKbfHG2rRiupnMWYG"
"nursing-test-bank","RN Exams","HESI RN Exams","Adult Health","HESI RN Adult Health Proctored Exam (Med Surg) Practice Questions","hesi-rn-adult-health-proctored-exam-med-surg-practice-questions","25","pillarPages/nursing-test-bank/subPages/SuT1noZoNGEjKGR1vTbi/nestedSubPages/iT55qp9NAFOvZLBAiQzC/topics/n2FK9jdRFYQvHbryoAbl/quizzes/pbRsMo4XFQmz6nhLvNF1"
"nursing-test-bank","RN Exams","HESI RN Exams","Adult Health","HESI RN WGU Medical Adult Health 1 Proctored Exam Practice Questions","hesi-rn-wgu-medical-adult-health-1-proctored-exam-practice-questions","59","pillarPages/nursing-test-bank/subPages/SuT1noZoNGEjKGR1vTbi/nestedSubPages/iT55qp9NAFOvZLBAiQzC/topics/n2FK9jdRFYQvHbryoAbl/quizzes/yRd2U4HCj0dIEFR322Hl"
"nursing-test-bank","RN Exams","HESI RN Exams","Mental Health","HESI RN Mental Health Proctored Exam Practice Questions - Set 5","hesi-rn-mental-health-proctored-exam-practice-questions-set-5","42","pillarPages/nursing-test-bank/subPages/SuT1noZoNGEjKGR1vTbi/nestedSubPages/iT55qp9NAFOvZLBAiQzC/topics/nWHmcLCOYFPkjaWIHcVu/quizzes/5m4GPD0E75Fkn6fr0m9J"
"nursing-test-bank","RN Exams","HESI RN Exams","Mental Health","HESI RN Mental Health Proctored Exam Practice Questions - Set 7","hesi-rn-mental-health-proctored-exam-practice-questions-set-7","38","pillarPages/nursing-test-bank/subPages/SuT1noZoNGEjKGR1vTbi/nestedSubPages/iT55qp9NAFOvZLBAiQzC/topics/nWHmcLCOYFPkjaWIHcVu/quizzes/6nsPTPAqouKWgBE6AzAA"
"nursing-test-bank","RN Exams","HESI RN Exams","Mental Health","HESI RN Mental Health Proctored Exam 1 Practice Questions","hesi-rn-mental-health-proctored-exam-1-practice-questions","53","pillarPages/nursing-test-bank/subPages/SuT1noZoNGEjKGR1vTbi/nestedSubPages/iT55qp9NAFOvZLBAiQzC/topics/nWHmcLCOYFPkjaWIHcVu/quizzes/94bLRI8bY1LvIIhxqXRt"
"nursing-test-bank","RN Exams","HESI RN Exams","Mental Health","HESI RN Mental Health 2023 Proctored Exam Practice Questions","hesi-rn-mental-health-2023-proctored-exam-practice-questions","46","pillarPages/nursing-test-bank/subPages/SuT1noZoNGEjKGR1vTbi/nestedSubPages/iT55qp9NAFOvZLBAiQzC/topics/nWHmcLCOYFPkjaWIHcVu/quizzes/GAq5H4FAanG67E4LkJbc"
"nursing-test-bank","RN Exams","HESI RN Exams","Mental Health","HESI RN Care Hope Mental Health Proctored Exam Practice Questions","hesi-rn-care-hope-mental-health-proctored-exam-practice-questions","49","pillarPages/nursing-test-bank/subPages/SuT1noZoNGEjKGR1vTbi/nestedSubPages/iT55qp9NAFOvZLBAiQzC/topics/nWHmcLCOYFPkjaWIHcVu/quizzes/Kq2XIDwVJGMlgQ5nleMy"
"nursing-test-bank","RN Exams","HESI RN Exams","Mental Health","HESI RN Nur2520 Psychiatric Nursing Proctored Exam 2 Practice Questions","hesi-rn-nur2520-psychiatric-nursing-proctored-exam-2-practice-questions","40","pillarPages/nursing-test-bank/subPages/SuT1noZoNGEjKGR1vTbi/nestedSubPages/iT55qp9NAFOvZLBAiQzC/topics/nWHmcLCOYFPkjaWIHcVu/quizzes/N5QCeoVFPwGlHnbEn530"
"nursing-test-bank","RN Exams","HESI RN Exams","Mental Health","HESI RN Mental Health with NGN Proctored Exam Practice Questions","hesi-rn-mental-health-with-ngn-proctored-exam-practice-questions","51","pillarPages/nursing-test-bank/subPages/SuT1noZoNGEjKGR1vTbi/nestedSubPages/iT55qp9NAFOvZLBAiQzC/topics/nWHmcLCOYFPkjaWIHcVu/quizzes/UyHAAPlQZRHvXnDJe8BT"
"nursing-test-bank","RN Exams","HESI RN Exams","Mental Health","HESI RN Psychiatric and Mental Health Proctored Exam Practice Questions","hesi-rn-psychiatric-and-mental-health-proctored-exam-practice-questions","37","pillarPages/nursing-test-bank/subPages/SuT1noZoNGEjKGR1vTbi/nestedSubPages/iT55qp9NAFOvZLBAiQzC/topics/nWHmcLCOYFPkjaWIHcVu/quizzes/w7grV2cj0602NokNWMo8"
"nursing-test-bank","RN Exams","HESI RN Exams","Management","HESI RN Management NGN Proctored Exam Practice Questions","hesi-rn-management-ngn-proctored-exam-practice-questions","48","pillarPages/nursing-test-bank/subPages/SuT1noZoNGEjKGR1vTbi/nestedSubPages/iT55qp9NAFOvZLBAiQzC/topics/nrL3cZ4iiUEsGvXHsmfO/quizzes/XNwhzaBqJbqbGZGboYx6"
"nursing-test-bank","RN Exams","HESI RN Exams","Milestones","HESI RN Milestones Proctored Exam Practice Questions - Set 2","hesi-rn-milestones-proctored-exam-practice-questions-set-2","45","pillarPages/nursing-test-bank/subPages/SuT1noZoNGEjKGR1vTbi/nestedSubPages/iT55qp9NAFOvZLBAiQzC/topics/uB91yHbugrkUWJTjsoS7/quizzes/oI7im2Zh6yoFehy2INGB"
"nursing-test-bank","RN Exams","HESI RN Exams","Milestones","HESI RN Milestones Proctored Exam Practice Questions - Set 1","hesi-rn-milestones-proctored-exam-practice-questions-set-1","84","pillarPages/nursing-test-bank/subPages/SuT1noZoNGEjKGR1vTbi/nestedSubPages/iT55qp9NAFOvZLBAiQzC/topics/uB91yHbugrkUWJTjsoS7/quizzes/sjiX2XcH4e91twKAKlaO"
"nursing-test-bank","RN Exams","HESI RN Exams","Pediatric Nursing","HESI RN Care of Women and Pediatric Nursing Proctored Exam Practice Questions","hesi-rn-care-of-women-and-pediatric-nursing-proctored-exam-practice-questions","38","pillarPages/nursing-test-bank/subPages/SuT1noZoNGEjKGR1vTbi/nestedSubPages/iT55qp9NAFOvZLBAiQzC/topics/uXtCZ4Y6aeLjwMLtC1sD/quizzes/IprjTI26Jlcowt45TLXt"
"nursing-test-bank","RN Exams","HESI RN Exams","Pediatric Nursing","HESI RN Pediatrics Proctored Exam 2 Practice Questions - Set 9","hesi-rn-pediatrics-proctored-exam-2-practice-questions-set-9","48","pillarPages/nursing-test-bank/subPages/SuT1noZoNGEjKGR1vTbi/nestedSubPages/iT55qp9NAFOvZLBAiQzC/topics/uXtCZ4Y6aeLjwMLtC1sD/quizzes/PTYmm8TVoT2XIkzfURws"
"nursing-test-bank","RN Exams","HESI RN Exams","Pediatric Nursing","HESI RN Pediatrics & Care of Woman Proctored Exam Practice Questions","hesi-rn-pediatrics-and-care-of-woman-proctored-exam-practice-questions","43","pillarPages/nursing-test-bank/subPages/SuT1noZoNGEjKGR1vTbi/nestedSubPages/iT55qp9NAFOvZLBAiQzC/topics/uXtCZ4Y6aeLjwMLtC1sD/quizzes/YglGoXJXVyOpWJ4czKYx"
"nursing-test-bank","RN Exams","HESI RN Exams","Pediatric Nursing","HESI RN OB Pediatrics Proctored Exam Practice Questions","hesi-rn-ob-pediatrics-proctored-exam-practice-questions","44","pillarPages/nursing-test-bank/subPages/SuT1noZoNGEjKGR1vTbi/nestedSubPages/iT55qp9NAFOvZLBAiQzC/topics/uXtCZ4Y6aeLjwMLtC1sD/quizzes/Z3azexrI98Udwxf067xo"
"nursing-test-bank","RN Exams","HESI RN Exams","Pediatric Nursing","HESI RN Pediatric and Women's Health Proctored Exam Practice Questions","hesi-rn-pediatric-and-women-s-health-proctored-exam-practice-questions","27","pillarPages/nursing-test-bank/subPages/SuT1noZoNGEjKGR1vTbi/nestedSubPages/iT55qp9NAFOvZLBAiQzC/topics/uXtCZ4Y6aeLjwMLtC1sD/quizzes/cTd8xtEFSTlmJjm2nvRJ"
"nursing-test-bank","RN Exams","HESI RN Exams","Pediatric Nursing","HESI RN OB Maternity Proctored Exam Practice Questions","hesi-rn-ob-maternity-proctored-exam-practice-questions","60","pillarPages/nursing-test-bank/subPages/SuT1noZoNGEjKGR1vTbi/nestedSubPages/iT55qp9NAFOvZLBAiQzC/topics/uXtCZ4Y6aeLjwMLtC1sD/quizzes/hvoSALWcTHUf7nr41g8g"
"nursing-test-bank","RN Exams","HESI RN Exams","Pediatric Nursing","HESI RN Pediatric and Women Health Proctored Exam Practice Questions","hesi-rn-pediatric-and-women-health-proctored-exam-practice-questions","59","pillarPages/nursing-test-bank/subPages/SuT1noZoNGEjKGR1vTbi/nestedSubPages/iT55qp9NAFOvZLBAiQzC/topics/uXtCZ4Y6aeLjwMLtC1sD/quizzes/s4Zo3OYJORFwlHrABnEy"
"nursing-test-bank","RN Exams","HESI RN Exams","Pediatric Nursing","HESI RN Pediatric N158 Proctored Exam Practice Questions","hesi-rn-pediatric-n158-proctored-exam-practice-questions","54","pillarPages/nursing-test-bank/subPages/SuT1noZoNGEjKGR1vTbi/nestedSubPages/iT55qp9NAFOvZLBAiQzC/topics/uXtCZ4Y6aeLjwMLtC1sD/quizzes/uJTwYodwdygEyCDOcir6"
"nursing-test-bank","RN Exams","HESI RN Exams","Pediatric Nursing","HESI RN Pediatrics Proctored Exam 2 Practice Questions - Set 7","hesi-rn-pediatrics-proctored-exam-2-practice-questions-set-7","53","pillarPages/nursing-test-bank/subPages/SuT1noZoNGEjKGR1vTbi/nestedSubPages/iT55qp9NAFOvZLBAiQzC/topics/uXtCZ4Y6aeLjwMLtC1sD/quizzes/v25vrShk6cfOSUbetqT4"
"nursing-test-bank","RN Exams","HESI RN Exams","Pediatric Nursing","HESI RN Pediatrics Proctored Exam Practice Questions","hesi-rn-pediatrics-proctored-exam-practice-questions","52","pillarPages/nursing-test-bank/subPages/SuT1noZoNGEjKGR1vTbi/nestedSubPages/iT55qp9NAFOvZLBAiQzC/topics/uXtCZ4Y6aeLjwMLtC1sD/quizzes/yGsP77irr4N9kMS9DAxq"
"nursing-test-bank","RN Exams","RN Nursing Course Exams","Medical Surgical","Med Surg Final Proctored Exam (Samuel Merit University) Practice Questions","med-surg-final-proctored-exam-samuel-merit-university-practice-questions","65","pillarPages/nursing-test-bank/subPages/SuT1noZoNGEjKGR1vTbi/nestedSubPages/zMFBI0XMiRsJnnXWhL5S/topics/4xNDZPMszSkpgRfEsOck/quizzes/0SbfniyCBh0BMz2303gr"
"nursing-test-bank","RN Exams","RN Nursing Course Exams","Medical Surgical","Med Surg Proctored Exam Practice Questions - Set 22","med-surg-proctored-exam-practice-questions-set-22","60","pillarPages/nursing-test-bank/subPages/SuT1noZoNGEjKGR1vTbi/nestedSubPages/zMFBI0XMiRsJnnXWhL5S/topics/4xNDZPMszSkpgRfEsOck/quizzes/17x5zcpTW7i6gPd4EPa0"
"nursing-test-bank","RN Exams","RN Nursing Course Exams","Medical Surgical","Indiana University Medical Surgical Nursing Proctored Exam 1 Practice Questions","indiana-university-medical-surgical-nursing-proctored-exam-1-practice-questions","41","pillarPages/nursing-test-bank/subPages/SuT1noZoNGEjKGR1vTbi/nestedSubPages/zMFBI0XMiRsJnnXWhL5S/topics/4xNDZPMszSkpgRfEsOck/quizzes/1HrnnXqjQx5wTl9DHKcB"
"nursing-test-bank","RN Exams","RN Nursing Course Exams","Medical Surgical","Med Surg Exam Antelope Valley College Proctored Exam Practice Questions","med-surg-exam-antelope-valley-college-proctored-exam-practice-questions","83","pillarPages/nursing-test-bank/subPages/SuT1noZoNGEjKGR1vTbi/nestedSubPages/zMFBI0XMiRsJnnXWhL5S/topics/4xNDZPMszSkpgRfEsOck/quizzes/1KCrK4A7jTdGH0p0YB5a"
"nursing-test-bank","RN Exams","RN Nursing Course Exams","Medical Surgical","RN Adult Medical Surgical 2019 with NGN Proctored Exam Practice Questions","rn-adult-medical-surgical-2019-with-ngn-proctored-exam-practice-questions","66","pillarPages/nursing-test-bank/subPages/SuT1noZoNGEjKGR1vTbi/nestedSubPages/zMFBI0XMiRsJnnXWhL5S/topics/4xNDZPMszSkpgRfEsOck/quizzes/1t6IJSH8VKZ5ie0oOklo"
"nursing-test-bank","RN Exams","RN Nursing Course Exams","Medical Surgical","Nur3380 Applying the Nursing Process to Alterations in Health Exam 1 Practice Questions","nur3380-applying-the-nursing-process-to-alterations-in-health-exam-1-practice-questions","75","pillarPages/nursing-test-bank/subPages/SuT1noZoNGEjKGR1vTbi/nestedSubPages/zMFBI0XMiRsJnnXWhL5S/topics/4xNDZPMszSkpgRfEsOck/quizzes/3u3P05qoktaouu85tPUu"
"nursing-test-bank","RN Exams","RN Nursing Course Exams","Medical Surgical","Med Surg Proctored Exam (Montgomery College) Practice Questions","med-surg-proctored-exam-montgomery-college-practice-questions","38","pillarPages/nursing-test-bank/subPages/SuT1noZoNGEjKGR1vTbi/nestedSubPages/zMFBI0XMiRsJnnXWhL5S/topics/4xNDZPMszSkpgRfEsOck/quizzes/3xxwb2QPpoETFPdcY1Tv"
"nursing-test-bank","RN Exams","RN Nursing Course Exams","Medical Surgical","Med Surg Proctored Exam (Cni College) Practice Questions - Set 52","med-surg-proctored-exam-cni-college-practice-questions-set-52","50","pillarPages/nursing-test-bank/subPages/SuT1noZoNGEjKGR1vTbi/nestedSubPages/zMFBI0XMiRsJnnXWhL5S/topics/4xNDZPMszSkpgRfEsOck/quizzes/4DyZxWg19FyERcuhR5kX"
"nursing-test-bank","RN Exams","RN Nursing Course Exams","Medical Surgical","Med Surg Regular Proctored Exam Practice Questions","med-surg-regular-proctored-exam-practice-questions","60","pillarPages/nursing-test-bank/subPages/SuT1noZoNGEjKGR1vTbi/nestedSubPages/zMFBI0XMiRsJnnXWhL5S/topics/4xNDZPMszSkpgRfEsOck/quizzes/4se4MhGFbIyvCbnznX8G"
"nursing-test-bank","RN Exams","RN Nursing Course Exams","Medical Surgical","RN Adult Medical Surgical 2019 Proctored Exam 4 Practice Questions","rn-adult-medical-surgical-2019-proctored-exam-4-practice-questions","63","pillarPages/nursing-test-bank/subPages/SuT1noZoNGEjKGR1vTbi/nestedSubPages/zMFBI0XMiRsJnnXWhL5S/topics/4xNDZPMszSkpgRfEsOck/quizzes/4uyPbfy1Zv0WdUj0PVfc"
"nursing-test-bank","RN Exams","RN Nursing Course Exams","Medical Surgical","Examplify Dsn Med Surg NUR 320 Proctored Exam Practice Questions","examplify-dsn-med-surg-nur-320-proctored-exam-practice-questions","43","pillarPages/nursing-test-bank/subPages/SuT1noZoNGEjKGR1vTbi/nestedSubPages/zMFBI0XMiRsJnnXWhL5S/topics/4xNDZPMszSkpgRfEsOck/quizzes/5PNYJNmMXjNwgMOldpjI"
"nursing-test-bank","RN Exams","RN Nursing Course Exams","Medical Surgical","Med Surg 2 Miami Regional University Proctored Exam Practice Questions","med-surg-2-miami-regional-university-proctored-exam-practice-questions","90","pillarPages/nursing-test-bank/subPages/SuT1noZoNGEjKGR1vTbi/nestedSubPages/zMFBI0XMiRsJnnXWhL5S/topics/4xNDZPMszSkpgRfEsOck/quizzes/5iTdZGPC5F1NHWAvxvH4"
"nursing-test-bank","RN Exams","RN Nursing Course Exams","Medical Surgical","Med Surg Mca 3 Proctored Exam 3 Practice Questions","med-surg-mca-3-proctored-exam-3-practice-questions","49","pillarPages/nursing-test-bank/subPages/SuT1noZoNGEjKGR1vTbi/nestedSubPages/zMFBI0XMiRsJnnXWhL5S/topics/4xNDZPMszSkpgRfEsOck/quizzes/6HpuycgUYa2g2oglH6eP"
"nursing-test-bank","RN Exams","RN Nursing Course Exams","Medical Surgical","Med Surg Proctored Exam (Examplify) Practice Questions - Set 4","med-surg-proctored-exam-examplify-practice-questions-set-4","53","pillarPages/nursing-test-bank/subPages/SuT1noZoNGEjKGR1vTbi/nestedSubPages/zMFBI0XMiRsJnnXWhL5S/topics/4xNDZPMszSkpgRfEsOck/quizzes/6cpQ0NEE2alhbNfhjpZi"
"nursing-test-bank","RN Exams","RN Nursing Course Exams","Medical Surgical","NUR 215 Mental Health Proctored Exam Practice Questions","nur-215-mental-health-proctored-exam-practice-questions","46","pillarPages/nursing-test-bank/subPages/SuT1noZoNGEjKGR1vTbi/nestedSubPages/zMFBI0XMiRsJnnXWhL5S/topics/4xNDZPMszSkpgRfEsOck/quizzes/6m3hgRF07WrIW2gtqrOf"
"nursing-test-bank","RN Exams","RN Nursing Course Exams","Medical Surgical","Med Surg Proctored Exam (Herzing University Nss123) Practice Questions","med-surg-proctored-exam-herzing-university-nss123-practice-questions","53","pillarPages/nursing-test-bank/subPages/SuT1noZoNGEjKGR1vTbi/nestedSubPages/zMFBI0XMiRsJnnXWhL5S/topics/4xNDZPMszSkpgRfEsOck/quizzes/7NcDGMGtPnfkipJ9KIo9"
"nursing-test-bank","RN Exams","RN Nursing Course Exams","Medical Surgical","Med Surg Proctored Exam Practice Questions - Set 5","med-surg-proctored-exam-practice-questions-set-5","98","pillarPages/nursing-test-bank/subPages/SuT1noZoNGEjKGR1vTbi/nestedSubPages/zMFBI0XMiRsJnnXWhL5S/topics/4xNDZPMszSkpgRfEsOck/quizzes/9H8PUyPX9NWQsASETPT0"
"nursing-test-bank","RN Exams","RN Nursing Course Exams","Medical Surgical","NUR 304 Med Surg Proctored Exam (Examplify Mchps) Practice Questions","nur-304-med-surg-proctored-exam-examplify-mchps-practice-questions","43","pillarPages/nursing-test-bank/subPages/SuT1noZoNGEjKGR1vTbi/nestedSubPages/zMFBI0XMiRsJnnXWhL5S/topics/4xNDZPMszSkpgRfEsOck/quizzes/9hUVDYUNECuIT0OC3iK9"
"nursing-test-bank","RN Exams","RN Nursing Course Exams","Medical Surgical","NURS 612 Nursing Care for Adult Proctored Exam (Med Surg) Exemplify Practice Questions","nurs-612-nursing-care-for-adult-proctored-exam-med-surg-exemplify-practice-questions","25","pillarPages/nursing-test-bank/subPages/SuT1noZoNGEjKGR1vTbi/nestedSubPages/zMFBI0XMiRsJnnXWhL5S/topics/4xNDZPMszSkpgRfEsOck/quizzes/AFgAo8a6TiUjsOFx1Yoi"
"nursing-test-bank","RN Exams","RN Nursing Course Exams","Medical Surgical","Med Surg Proctored Exam Montgomery College Practice Questions","med-surg-proctored-exam-montgomery-college-practice-questions-set-58","45","pillarPages/nursing-test-bank/subPages/SuT1noZoNGEjKGR1vTbi/nestedSubPages/zMFBI0XMiRsJnnXWhL5S/topics/4xNDZPMszSkpgRfEsOck/quizzes/ATqbB6626W4L0bvp4zed"
"nursing-test-bank","RN Exams","RN Nursing Course Exams","Medical Surgical","Massbay Community College Med Surg Proctored Exam 2 Practice Questions","massbay-community-college-med-surg-proctored-exam-2-practice-questions","44","pillarPages/nursing-test-bank/subPages/SuT1noZoNGEjKGR1vTbi/nestedSubPages/zMFBI0XMiRsJnnXWhL5S/topics/4xNDZPMszSkpgRfEsOck/quizzes/CsAVBmMHwhix5tS2VbHr"
"nursing-test-bank","RN Exams","RN Nursing Course Exams","Medical Surgical","Med Surg Proctored Exam 1 Practice Questions","med-surg-proctored-exam-1-practice-questions","27","pillarPages/nursing-test-bank/subPages/SuT1noZoNGEjKGR1vTbi/nestedSubPages/zMFBI0XMiRsJnnXWhL5S/topics/4xNDZPMszSkpgRfEsOck/quizzes/DxDHsUII46yEZIORt5SH"
"nursing-test-bank","RN Exams","RN Nursing Course Exams","Medical Surgical","Med Surg Proctored Exam Practice Questions - Set 14","med-surg-proctored-exam-practice-questions-set-14","51","pillarPages/nursing-test-bank/subPages/SuT1noZoNGEjKGR1vTbi/nestedSubPages/zMFBI0XMiRsJnnXWhL5S/topics/4xNDZPMszSkpgRfEsOck/quizzes/FRXHFtNu8RU37uZsFKmn"
"nursing-test-bank","RN Exams","RN Nursing Course Exams","Medical Surgical","N3661 Med Surg Proctored Exam (Care of Adults) Uta University Practice Questions","n3661-med-surg-proctored-exam-care-of-adults-uta-university-practice-questions","60","pillarPages/nursing-test-bank/subPages/SuT1noZoNGEjKGR1vTbi/nestedSubPages/zMFBI0XMiRsJnnXWhL5S/topics/4xNDZPMszSkpgRfEsOck/quizzes/FfQKKAwaswizFp6NIBg6"
"nursing-test-bank","RN Exams","RN Nursing Course Exams","Medical Surgical","Med Surg Final Proctored Exam (Ecpi College) Practice Questions","med-surg-final-proctored-exam-ecpi-college-practice-questions","95","pillarPages/nursing-test-bank/subPages/SuT1noZoNGEjKGR1vTbi/nestedSubPages/zMFBI0XMiRsJnnXWhL5S/topics/4xNDZPMszSkpgRfEsOck/quizzes/FoE905x55NTSrqcoeVH8"
"nursing-test-bank","RN Exams","RN Nursing Course Exams","Medical Surgical","Med Surg Proctored Exam (Uta University) Practice Questions","med-surg-proctored-exam-uta-university-practice-questions","58","pillarPages/nursing-test-bank/subPages/SuT1noZoNGEjKGR1vTbi/nestedSubPages/zMFBI0XMiRsJnnXWhL5S/topics/4xNDZPMszSkpgRfEsOck/quizzes/FsrStFU89AAgOdqpGmAI"
"nursing-test-bank","RN Exams","RN Nursing Course Exams","Medical Surgical","Med Surg 2 Proctored Exam (Ichs) Practice Questions","med-surg-2-proctored-exam-ichs-practice-questions","80","pillarPages/nursing-test-bank/subPages/SuT1noZoNGEjKGR1vTbi/nestedSubPages/zMFBI0XMiRsJnnXWhL5S/topics/4xNDZPMszSkpgRfEsOck/quizzes/HhdFhInc1Cj5nscSm1Ll"
"nursing-test-bank","RN Exams","RN Nursing Course Exams","Medical Surgical","Med Surg Proctored Exam (Ecpi College) Practice Questions - Set 34","med-surg-proctored-exam-ecpi-college-practice-questions-set-34","36","pillarPages/nursing-test-bank/subPages/SuT1noZoNGEjKGR1vTbi/nestedSubPages/zMFBI0XMiRsJnnXWhL5S/topics/4xNDZPMszSkpgRfEsOck/quizzes/HqocejCljqCPsNcjTnp0"
"nursing-test-bank","RN Exams","RN Nursing Course Exams","Medical Surgical","Med Surg Proctored Exam (Respiratory) Practice Questions","med-surg-proctored-exam-respiratory-practice-questions","46","pillarPages/nursing-test-bank/subPages/SuT1noZoNGEjKGR1vTbi/nestedSubPages/zMFBI0XMiRsJnnXWhL5S/topics/4xNDZPMszSkpgRfEsOck/quizzes/I8esNA76I7cPQqu0Fbf8"
"nursing-test-bank","RN Exams","RN Nursing Course Exams","Medical Surgical","Med Surg, Urinary, Fluid and Electrolytes Proctored Exam Practice Questions","med-surg-urinary-fluid-and-electrolytes-proctored-exam-practice-questions","40","pillarPages/nursing-test-bank/subPages/SuT1noZoNGEjKGR1vTbi/nestedSubPages/zMFBI0XMiRsJnnXWhL5S/topics/4xNDZPMszSkpgRfEsOck/quizzes/LKFAjcjPKi7cfgtIX6fH"
"nursing-test-bank","RN Exams","RN Nursing Course Exams","Medical Surgical","Med Surg Proctored Exam - Warren County Community College Practice Questions","med-surg-proctored-exam-warren-county-community-college-practice-questions","51","pillarPages/nursing-test-bank/subPages/SuT1noZoNGEjKGR1vTbi/nestedSubPages/zMFBI0XMiRsJnnXWhL5S/topics/4xNDZPMszSkpgRfEsOck/quizzes/MCUoBJtACotEI6NzCNhv"
"nursing-test-bank","RN Exams","RN Nursing Course Exams","Medical Surgical","Medical-Surgical Nursing 2 (Nursa 225 01C) - University of Charleton Proctored Exam Practice Questions","medical-surgical-nursing-2-nursa-225-01c-university-of-charleton-proctored-exam-practice-questions","51","pillarPages/nursing-test-bank/subPages/SuT1noZoNGEjKGR1vTbi/nestedSubPages/zMFBI0XMiRsJnnXWhL5S/topics/4xNDZPMszSkpgRfEsOck/quizzes/N7nkIxbX3ZUT6Iuhr6RS"
"nursing-test-bank","RN Exams","RN Nursing Course Exams","Medical Surgical","NURS 215 Med Surg Proctored Exam (Examplify) Practice Questions","nurs-215-med-surg-proctored-exam-examplify-practice-questions","39","pillarPages/nursing-test-bank/subPages/SuT1noZoNGEjKGR1vTbi/nestedSubPages/zMFBI0XMiRsJnnXWhL5S/topics/4xNDZPMszSkpgRfEsOck/quizzes/OXxQvBVHrUFxqjUqyLvF"
"nursing-test-bank","RN Exams","RN Nursing Course Exams","Medical Surgical","NUR 612 Med Surg Proctored Exam (St Thomas University) Practice Questions","nur-612-med-surg-proctored-exam-st-thomas-university-practice-questions","10","pillarPages/nursing-test-bank/subPages/SuT1noZoNGEjKGR1vTbi/nestedSubPages/zMFBI0XMiRsJnnXWhL5S/topics/4xNDZPMszSkpgRfEsOck/quizzes/OcjRXBPzCD8rWuHM9Qch"
"nursing-test-bank","RN Exams","RN Nursing Course Exams","Medical Surgical","Medical Surgical Nursing Proctored Exam (Viterbo University) Practice Questions - Set 44","medical-surgical-nursing-proctored-exam-viterbo-university-practice-questions-set-44","61","pillarPages/nursing-test-bank/subPages/SuT1noZoNGEjKGR1vTbi/nestedSubPages/zMFBI0XMiRsJnnXWhL5S/topics/4xNDZPMszSkpgRfEsOck/quizzes/PNDHAOBehP5kd2BJBMND"
"nursing-test-bank","RN Exams","RN Nursing Course Exams","Medical Surgical","NUR 250 Med Surg Proctored Exam (Care of Patients Across Life Span) (Excelsior University) Practice Questions","nur-250-med-surg-proctored-exam-care-of-patients-across-life-span-excelsior-university-practice-questions","53","pillarPages/nursing-test-bank/subPages/SuT1noZoNGEjKGR1vTbi/nestedSubPages/zMFBI0XMiRsJnnXWhL5S/topics/4xNDZPMszSkpgRfEsOck/quizzes/PuzjCXqc4ybDIGDBAkja"
"nursing-test-bank","RN Exams","RN Nursing Course Exams","Medical Surgical","Med Surg RN Proctored Exam (Lippincott) Practice Questions","med-surg-rn-proctored-exam-lippincott-practice-questions","93","pillarPages/nursing-test-bank/subPages/SuT1noZoNGEjKGR1vTbi/nestedSubPages/zMFBI0XMiRsJnnXWhL5S/topics/4xNDZPMszSkpgRfEsOck/quizzes/QhN9e2GqAQjjHEo3JXvi"
"nursing-test-bank","RN Exams","RN Nursing Course Exams","Medical Surgical","Medical Surgical Nursing Proctored Exam (Viterbo University) Practice Questions - Set 46","medical-surgical-nursing-proctored-exam-viterbo-university-practice-questions-set-46","89","pillarPages/nursing-test-bank/subPages/SuT1noZoNGEjKGR1vTbi/nestedSubPages/zMFBI0XMiRsJnnXWhL5S/topics/4xNDZPMszSkpgRfEsOck/quizzes/RTv3X6aWTvNLPz45g8pz"
"nursing-test-bank","RN Exams","RN Nursing Course Exams","Medical Surgical","Ivytech Community College Med Surg Final Proctored Exam Practice Questions","ivytech-community-college-med-surg-final-proctored-exam-practice-questions","32","pillarPages/nursing-test-bank/subPages/SuT1noZoNGEjKGR1vTbi/nestedSubPages/zMFBI0XMiRsJnnXWhL5S/topics/4xNDZPMszSkpgRfEsOck/quizzes/Sb3TOS4jWJdPK8F2GFbL"
"nursing-test-bank","RN Exams","RN Nursing Course Exams","Medical Surgical","NUR 113 Med Surg Proctored Exam (Coastal Alabama College) Practice Questions - Set 17","nur-113-med-surg-proctored-exam-coastal-alabama-college-practice-questions-set-17","50","pillarPages/nursing-test-bank/subPages/SuT1noZoNGEjKGR1vTbi/nestedSubPages/zMFBI0XMiRsJnnXWhL5S/topics/4xNDZPMszSkpgRfEsOck/quizzes/TJZbZThlpGEqdgtuAKU6"
"nursing-test-bank","RN Exams","RN Nursing Course Exams","Medical Surgical","NUR 390 Med Surg Proctored Exam Practice Questions","nur-390-med-surg-proctored-exam-practice-questions","79","pillarPages/nursing-test-bank/subPages/SuT1noZoNGEjKGR1vTbi/nestedSubPages/zMFBI0XMiRsJnnXWhL5S/topics/4xNDZPMszSkpgRfEsOck/quizzes/TVAod29CFDQY4ADDtBSp"
"nursing-test-bank","RN Exams","RN Nursing Course Exams","Medical Surgical","Med Surg Proctored Exam (Cni College) Practice Questions - Set 27","med-surg-proctored-exam-cni-college-practice-questions-set-27","50","pillarPages/nursing-test-bank/subPages/SuT1noZoNGEjKGR1vTbi/nestedSubPages/zMFBI0XMiRsJnnXWhL5S/topics/4xNDZPMszSkpgRfEsOck/quizzes/UMUpMxf65LAN0AnFrsaV"
"nursing-test-bank","RN Exams","RN Nursing Course Exams","Medical Surgical","NURS Ao4581 Med Surg Proctored Exam (Adult Care) Texas University) Practice Questions","nurs-ao4581-med-surg-proctored-exam-adult-care-texas-university-practice-questions","42","pillarPages/nursing-test-bank/subPages/SuT1noZoNGEjKGR1vTbi/nestedSubPages/zMFBI0XMiRsJnnXWhL5S/topics/4xNDZPMszSkpgRfEsOck/quizzes/VHnwaaA4H80rdn8HgYkD"
"nursing-test-bank","RN Exams","RN Nursing Course Exams","Medical Surgical","Medical Surgery Proctored Exam 2 Practice Questions","medical-surgery-proctored-exam-2-practice-questions","43","pillarPages/nursing-test-bank/subPages/SuT1noZoNGEjKGR1vTbi/nestedSubPages/zMFBI0XMiRsJnnXWhL5S/topics/4xNDZPMszSkpgRfEsOck/quizzes/VtddcxeKR8gZeGb2Ffx4"
"nursing-test-bank","RN Exams","RN Nursing Course Exams","Medical Surgical","NURS 326 Med Surg Proctored Exam (Roseman University, Examplify) Practice Questions","nurs-326-med-surg-proctored-exam-roseman-university-examplify-practice-questions","54","pillarPages/nursing-test-bank/subPages/SuT1noZoNGEjKGR1vTbi/nestedSubPages/zMFBI0XMiRsJnnXWhL5S/topics/4xNDZPMszSkpgRfEsOck/quizzes/WSYkeX7vCnhie7EdaAHc"
"nursing-test-bank","RN Exams","RN Nursing Course Exams","Medical Surgical","Medical-Surgical Proctored Exam 3 Practice Questions","medical-surgical-proctored-exam-3-practice-questions","45","pillarPages/nursing-test-bank/subPages/SuT1noZoNGEjKGR1vTbi/nestedSubPages/zMFBI0XMiRsJnnXWhL5S/topics/4xNDZPMszSkpgRfEsOck/quizzes/YdELYIsxLMQJr4MsEhHk"
"nursing-test-bank","RN Exams","RN Nursing Course Exams","Medical Surgical","Final Med Surg Comprehensive Proctored Exam (Brooklyn University) Practice Questions","final-med-surg-comprehensive-proctored-exam-brooklyn-university-practice-questions","82","pillarPages/nursing-test-bank/subPages/SuT1noZoNGEjKGR1vTbi/nestedSubPages/zMFBI0XMiRsJnnXWhL5S/topics/4xNDZPMszSkpgRfEsOck/quizzes/Zf2aNEbbvgxm85Uhdvkl"
"nursing-test-bank","RN Exams","RN Nursing Course Exams","Medical Surgical","Med Surg Proctored Exam - Regular Practice Questions","med-surg-proctored-exam-regular-practice-questions-set-41","51","pillarPages/nursing-test-bank/subPages/SuT1noZoNGEjKGR1vTbi/nestedSubPages/zMFBI0XMiRsJnnXWhL5S/topics/4xNDZPMszSkpgRfEsOck/quizzes/aSx8oeNBNSxMjepsIi7Q"
"nursing-test-bank","RN Exams","RN Nursing Course Exams","Medical Surgical","Ivy Tech Medical Surgical NRSG 102 Proctored Exam Practice Questions","ivy-tech-medical-surgical-nrsg-102-proctored-exam-practice-questions","43","pillarPages/nursing-test-bank/subPages/SuT1noZoNGEjKGR1vTbi/nestedSubPages/zMFBI0XMiRsJnnXWhL5S/topics/4xNDZPMszSkpgRfEsOck/quizzes/bUBeItWYTuHExeTbXhLV"
"nursing-test-bank","RN Exams","RN Nursing Course Exams","Medical Surgical","Med Surg Proctored Exam Practice Questions - Set 78","med-surg-proctored-exam-practice-questions-set-78","87","pillarPages/nursing-test-bank/subPages/SuT1noZoNGEjKGR1vTbi/nestedSubPages/zMFBI0XMiRsJnnXWhL5S/topics/4xNDZPMszSkpgRfEsOck/quizzes/bxEnceOHYKbq97fBDGLt"
"nursing-test-bank","RN Exams","RN Nursing Course Exams","Medical Surgical","RN Medical Surgical Midterm Form a Proctored Exam Practice Questions","rn-medical-surgical-midterm-form-a-proctored-exam-practice-questions","89","pillarPages/nursing-test-bank/subPages/SuT1noZoNGEjKGR1vTbi/nestedSubPages/zMFBI0XMiRsJnnXWhL5S/topics/4xNDZPMszSkpgRfEsOck/quizzes/d8yH9B1PD714x6VVQCTn"
"nursing-test-bank","RN Exams","RN Nursing Course Exams","Medical Surgical","NURS 2212-2225 Med Surg 3 Final Proctored Exam Practice Questions","nurs-2212-2225-med-surg-3-final-proctored-exam-practice-questions","93","pillarPages/nursing-test-bank/subPages/SuT1noZoNGEjKGR1vTbi/nestedSubPages/zMFBI0XMiRsJnnXWhL5S/topics/4xNDZPMszSkpgRfEsOck/quizzes/fxfVtxN6G5PBSVe3En8l"
"nursing-test-bank","RN Exams","RN Nursing Course Exams","Medical Surgical","NUR 113 Med Surg Proctored Exam (Coastal Alabama College) Practice Questions - Set 21","nur-113-med-surg-proctored-exam-coastal-alabama-college-practice-questions-set-21","50","pillarPages/nursing-test-bank/subPages/SuT1noZoNGEjKGR1vTbi/nestedSubPages/zMFBI0XMiRsJnnXWhL5S/topics/4xNDZPMszSkpgRfEsOck/quizzes/g4NLcEo1hLjUrUGPqwOn"
"nursing-test-bank","RN Exams","RN Nursing Course Exams","Medical Surgical","Med Surg Proctored Exam(Nursing Care of Clients with Complex Health Conditions) Temu University Practice Questions","med-surg-proctored-exam-nursing-care-of-clients-with-complex-health-conditions-temu-university-practice-questions","68","pillarPages/nursing-test-bank/subPages/SuT1noZoNGEjKGR1vTbi/nestedSubPages/zMFBI0XMiRsJnnXWhL5S/topics/4xNDZPMszSkpgRfEsOck/quizzes/h9tJOovuQjbYzNxwkygP"
"nursing-test-bank","RN Exams","RN Nursing Course Exams","Medical Surgical","Ichs (Florida International College of Health Sciences) Med Surg 1 Proctored Exam Practice Questions","ichs-florida-international-college-of-health-sciences-med-surg-1-proctored-exam-practice-questions","53","pillarPages/nursing-test-bank/subPages/SuT1noZoNGEjKGR1vTbi/nestedSubPages/zMFBI0XMiRsJnnXWhL5S/topics/4xNDZPMszSkpgRfEsOck/quizzes/hZWNMmInlhzDixtJcnPQ"
"nursing-test-bank","RN Exams","RN Nursing Course Exams","Medical Surgical","Med Surg Proctored Exam Practice Questions - Set 15","med-surg-proctored-exam-practice-questions-set-15","98","pillarPages/nursing-test-bank/subPages/SuT1noZoNGEjKGR1vTbi/nestedSubPages/zMFBI0XMiRsJnnXWhL5S/topics/4xNDZPMszSkpgRfEsOck/quizzes/iNBMfTiCFqE5vLMAXKYk"
"nursing-test-bank","RN Exams","RN Nursing Course Exams","Medical Surgical","N164 Med Surg Proctored Exam (Samuel Merritt University) Practice Questions","n164-med-surg-proctored-exam-samuel-merritt-university-practice-questions","50","pillarPages/nursing-test-bank/subPages/SuT1noZoNGEjKGR1vTbi/nestedSubPages/zMFBI0XMiRsJnnXWhL5S/topics/4xNDZPMszSkpgRfEsOck/quizzes/igizUWnttcQzWvQr7C3Y"
"nursing-test-bank","RN Exams","RN Nursing Course Exams","Medical Surgical","NURS 400 Cni Complex Health Concepts Proctored Exam (Med Surg Exam) Practice Questions","nurs-400-cni-complex-health-concepts-proctored-exam-med-surg-exam-practice-questions","75","pillarPages/nursing-test-bank/subPages/SuT1noZoNGEjKGR1vTbi/nestedSubPages/zMFBI0XMiRsJnnXWhL5S/topics/4xNDZPMszSkpgRfEsOck/quizzes/iwYaxJHXv9Kpwdx73rJW"
"nursing-test-bank","RN Exams","RN Nursing Course Exams","Medical Surgical","Med Surg 2 Proctored Exam (Mdc College) Practice Questions","med-surg-2-proctored-exam-mdc-college-practice-questions","110","pillarPages/nursing-test-bank/subPages/SuT1noZoNGEjKGR1vTbi/nestedSubPages/zMFBI0XMiRsJnnXWhL5S/topics/4xNDZPMszSkpgRfEsOck/quizzes/jGlaGdH0UfpmLcD5P3jU"
"nursing-test-bank","RN Exams","RN Nursing Course Exams","Medical Surgical","Ivytech Community College Med Surg II Proctored Exam Practice Questions","ivytech-community-college-med-surg-ii-proctored-exam-practice-questions","36","pillarPages/nursing-test-bank/subPages/SuT1noZoNGEjKGR1vTbi/nestedSubPages/zMFBI0XMiRsJnnXWhL5S/topics/4xNDZPMszSkpgRfEsOck/quizzes/jkePgEzGiRLNWUzuAQ2K"
"nursing-test-bank","RN Exams","RN Nursing Course Exams","Medical Surgical","Med Surg Proctored Exam Practice Questions - Set 19","med-surg-proctored-exam-practice-questions-set-19","67","pillarPages/nursing-test-bank/subPages/SuT1noZoNGEjKGR1vTbi/nestedSubPages/zMFBI0XMiRsJnnXWhL5S/topics/4xNDZPMszSkpgRfEsOck/quizzes/kYAOUCGOPnDKVwTnNHHT"
"nursing-test-bank","RN Exams","RN Nursing Course Exams","Medical Surgical","Nu 390 Nursing of the Adult Proctored Exam (Med Surg Exam) Practice Questions","nu-390-nursing-of-the-adult-proctored-exam-med-surg-exam-practice-questions","44","pillarPages/nursing-test-bank/subPages/SuT1noZoNGEjKGR1vTbi/nestedSubPages/zMFBI0XMiRsJnnXWhL5S/topics/4xNDZPMszSkpgRfEsOck/quizzes/lU0NMSSdxhXaYvXTbpNi"
"nursing-test-bank","RN Exams","RN Nursing Course Exams","Medical Surgical","Med Surg Proctored Exam (Ecpi College) Practice Questions - Set 28","med-surg-proctored-exam-ecpi-college-practice-questions-set-28","43","pillarPages/nursing-test-bank/subPages/SuT1noZoNGEjKGR1vTbi/nestedSubPages/zMFBI0XMiRsJnnXWhL5S/topics/4xNDZPMszSkpgRfEsOck/quizzes/ldAqaYXxdwfwF8YsqPN2"
"nursing-test-bank","RN Exams","RN Nursing Course Exams","Medical Surgical","Med Surg Proctored Exam 3 Practice Questions","med-surg-proctored-exam-3-practice-questions","41","pillarPages/nursing-test-bank/subPages/SuT1noZoNGEjKGR1vTbi/nestedSubPages/zMFBI0XMiRsJnnXWhL5S/topics/4xNDZPMszSkpgRfEsOck/quizzes/lebFu8klEDivsuA5H3PG"
"nursing-test-bank","RN Exams","RN Nursing Course Exams","Medical Surgical","Med Surg Proctored Exam Neuro, Sensory, Muscular. (Hcp RN) Practice Questions","med-surg-proctored-exam-neuro-sensory-muscular-hcp-rn-practice-questions","65","pillarPages/nursing-test-bank/subPages/SuT1noZoNGEjKGR1vTbi/nestedSubPages/zMFBI0XMiRsJnnXWhL5S/topics/4xNDZPMszSkpgRfEsOck/quizzes/mc6SD8KfH6PXH8uMjGhU"
"nursing-test-bank","RN Exams","RN Nursing Course Exams","Medical Surgical","Med Surg Proctored Exam (Examplify) Practice Questions - Set 12","med-surg-proctored-exam-examplify-practice-questions-set-12","44","pillarPages/nursing-test-bank/subPages/SuT1noZoNGEjKGR1vTbi/nestedSubPages/zMFBI0XMiRsJnnXWhL5S/topics/4xNDZPMszSkpgRfEsOck/quizzes/nOMgvEhh0gzm3HEADaL9"
"nursing-test-bank","RN Exams","RN Nursing Course Exams","Medical Surgical","N361 Care of Adults Proctored Exam (Med Surg Exam) Practice Questions","n361-care-of-adults-proctored-exam-med-surg-exam-practice-questions","79","pillarPages/nursing-test-bank/subPages/SuT1noZoNGEjKGR1vTbi/nestedSubPages/zMFBI0XMiRsJnnXWhL5S/topics/4xNDZPMszSkpgRfEsOck/quizzes/oJpKw1EU9PU4PqI098E7"
"nursing-test-bank","RN Exams","RN Nursing Course Exams","Medical Surgical","Med Surg Proctored Exam Practice Questions - Set 37","med-surg-proctored-exam-practice-questions-set-37","65","pillarPages/nursing-test-bank/subPages/SuT1noZoNGEjKGR1vTbi/nestedSubPages/zMFBI0XMiRsJnnXWhL5S/topics/4xNDZPMszSkpgRfEsOck/quizzes/oar2ziAapKkrLXGLV1dv"
"nursing-test-bank","RN Exams","RN Nursing Course Exams","Medical Surgical","Med Surg Proctored Exam (Broward College) Practice Questions","med-surg-proctored-exam-broward-college-practice-questions","45","pillarPages/nursing-test-bank/subPages/SuT1noZoNGEjKGR1vTbi/nestedSubPages/zMFBI0XMiRsJnnXWhL5S/topics/4xNDZPMszSkpgRfEsOck/quizzes/pRBrxJgu969oO9A6Wttm"
"nursing-test-bank","RN Exams","RN Nursing Course Exams","Medical Surgical","Med Surg Proctored Exam(River Valley College) Practice Questions","med-surg-proctored-exam-river-valley-college-practice-questions","69","pillarPages/nursing-test-bank/subPages/SuT1noZoNGEjKGR1vTbi/nestedSubPages/zMFBI0XMiRsJnnXWhL5S/topics/4xNDZPMszSkpgRfEsOck/quizzes/pwCekJaxzlbrAJBLiOAo"
"nursing-test-bank","RN Exams","RN Nursing Course Exams","Medical Surgical","Nur390 Med Surg 390 Proctored Exam Practice Questions","nur390-med-surg-390-proctored-exam-practice-questions","32","pillarPages/nursing-test-bank/subPages/SuT1noZoNGEjKGR1vTbi/nestedSubPages/zMFBI0XMiRsJnnXWhL5S/topics/4xNDZPMszSkpgRfEsOck/quizzes/rEOXVnTB1XC8xh0974yk"
"nursing-test-bank","RN Exams","RN Nursing Course Exams","Medical Surgical","Nu 390 Med Surg Proctored Exam, Nursing of the Adult 2(Sjcme College) Practice Questions","nu-390-med-surg-proctored-exam-nursing-of-the-adult-2-sjcme-college-practice-questions","51","pillarPages/nursing-test-bank/subPages/SuT1noZoNGEjKGR1vTbi/nestedSubPages/zMFBI0XMiRsJnnXWhL5S/topics/4xNDZPMszSkpgRfEsOck/quizzes/tPNZyd0WS3QCZHgWlXSK"
"nursing-test-bank","RN Exams","RN Nursing Course Exams","Medical Surgical","Med Surg Proctored Exam 5 Practice Questions","med-surg-proctored-exam-5-practice-questions","68","pillarPages/nursing-test-bank/subPages/SuT1noZoNGEjKGR1vTbi/nestedSubPages/zMFBI0XMiRsJnnXWhL5S/topics/4xNDZPMszSkpgRfEsOck/quizzes/tV0VQVywHvEiNbG354yG"
"nursing-test-bank","RN Exams","RN Nursing Course Exams","Medical Surgical","Med Surg Proctored Exam Practice Questions - Set 29","med-surg-proctored-exam-practice-questions-set-29","50","pillarPages/nursing-test-bank/subPages/SuT1noZoNGEjKGR1vTbi/nestedSubPages/zMFBI0XMiRsJnnXWhL5S/topics/4xNDZPMszSkpgRfEsOck/quizzes/tf6gDqQZSQ3wBzJUvup3"
"nursing-test-bank","RN Exams","RN Nursing Course Exams","Medical Surgical","Med Surg Proctored Exam (Mca Samuel Merit University) Practice Questions","med-surg-proctored-exam-mca-samuel-merit-university-practice-questions","47","pillarPages/nursing-test-bank/subPages/SuT1noZoNGEjKGR1vTbi/nestedSubPages/zMFBI0XMiRsJnnXWhL5S/topics/4xNDZPMszSkpgRfEsOck/quizzes/wTyKUPHA9rBsdfjMqfDF"
"nursing-test-bank","RN Exams","RN Nursing Course Exams","Medical Surgical","Nur113 Med Surg Proctored Exam (Complex Concepts) Coastal Alabama University Practice Questions","nur113-med-surg-proctored-exam-complex-concepts-coastal-alabama-university-practice-questions","50","pillarPages/nursing-test-bank/subPages/SuT1noZoNGEjKGR1vTbi/nestedSubPages/zMFBI0XMiRsJnnXWhL5S/topics/4xNDZPMszSkpgRfEsOck/quizzes/xoUxCA0rj1JOWFQgAXwa"
"nursing-test-bank","RN Exams","RN Nursing Course Exams","Medical Surgical","Med Surg Proctored Exam (Cni College) Practice Questions - Set 57","med-surg-proctored-exam-cni-college-practice-questions-set-57","55","pillarPages/nursing-test-bank/subPages/SuT1noZoNGEjKGR1vTbi/nestedSubPages/zMFBI0XMiRsJnnXWhL5S/topics/4xNDZPMszSkpgRfEsOck/quizzes/yXINuiHNupyhUA8oW0rO"
"nursing-test-bank","RN Exams","RN Nursing Course Exams","Medical Surgical","Med Surg Proctored Exam (Regular) Practice Questions","med-surg-proctored-exam-regular-practice-questions","55","pillarPages/nursing-test-bank/subPages/SuT1noZoNGEjKGR1vTbi/nestedSubPages/zMFBI0XMiRsJnnXWhL5S/topics/4xNDZPMszSkpgRfEsOck/quizzes/zx7Nbjndb95SeBJLVeZq"
"nursing-test-bank","RN Exams","RN Nursing Course Exams","Multidimensional Care","Nursing 2356 Multidimensional Care Proctored Exam Practice Questions - Set 3","nursing-2356-multidimensional-care-proctored-exam-practice-questions-set-3","42","pillarPages/nursing-test-bank/subPages/SuT1noZoNGEjKGR1vTbi/nestedSubPages/zMFBI0XMiRsJnnXWhL5S/topics/5wsEQxaa4oxFg4kMLWiR/quizzes/9bU6rV6GPy7jRtH6oPIp"
"nursing-test-bank","RN Exams","RN Nursing Course Exams","Multidimensional Care","Nursing 2356 Multidimensional Care Proctored Exam Practice Questions - Set 2","nursing-2356-multidimensional-care-proctored-exam-practice-questions-set-2","46","pillarPages/nursing-test-bank/subPages/SuT1noZoNGEjKGR1vTbi/nestedSubPages/zMFBI0XMiRsJnnXWhL5S/topics/5wsEQxaa4oxFg4kMLWiR/quizzes/Gyso6NnRhZtIeayTARUe"
"nursing-test-bank","RN Exams","RN Nursing Course Exams","Multidimensional Care","Multidimensional Module II Final Exam Proctored Exam Practice Questions","multidimensional-module-ii-final-exam-proctored-exam-practice-questions","99","pillarPages/nursing-test-bank/subPages/SuT1noZoNGEjKGR1vTbi/nestedSubPages/zMFBI0XMiRsJnnXWhL5S/topics/5wsEQxaa4oxFg4kMLWiR/quizzes/LIuViyE6abX1LqRbGlzO"
"nursing-test-bank","RN Exams","RN Nursing Course Exams","Nutrition","Nutrition Proctored Exam(Final) Practice Questions","nutrition-proctored-exam-final-practice-questions","46","pillarPages/nursing-test-bank/subPages/SuT1noZoNGEjKGR1vTbi/nestedSubPages/zMFBI0XMiRsJnnXWhL5S/topics/8tULxFs8rXbWFtrCCixJ/quizzes/Ft8vCMeCYkNqcjwr6EO5"
"nursing-test-bank","RN Exams","RN Nursing Course Exams","Nutrition","Nut 200G Nutrition Proctored Exam (Hellen Fuld Nursing College) Practice Questions","nut-200g-nutrition-proctored-exam-hellen-fuld-nursing-college-practice-questions","19","pillarPages/nursing-test-bank/subPages/SuT1noZoNGEjKGR1vTbi/nestedSubPages/zMFBI0XMiRsJnnXWhL5S/topics/8tULxFs8rXbWFtrCCixJ/quizzes/cXq2LvnV07f9cUKmWkpd"
"nursing-test-bank","RN Exams","RN Nursing Course Exams","Microbiology","Microbiology Proctored Exam (Hennepin Tech) Practice Questions","microbiology-proctored-exam-hennepin-tech-practice-questions","51","pillarPages/nursing-test-bank/subPages/SuT1noZoNGEjKGR1vTbi/nestedSubPages/zMFBI0XMiRsJnnXWhL5S/topics/9DamWJdFDUGMGLjGeQbF/quizzes/RNmomA1NAuWoGHEEIwjg"
"nursing-test-bank","RN Exams","RN Nursing Course Exams","Microbiology","Fa25 Biol Microbiology (Hennepin Technical College) Proctored Exam Practice Questions","fa25-biol-microbiology-hennepin-technical-college-proctored-exam-practice-questions","48","pillarPages/nursing-test-bank/subPages/SuT1noZoNGEjKGR1vTbi/nestedSubPages/zMFBI0XMiRsJnnXWhL5S/topics/9DamWJdFDUGMGLjGeQbF/quizzes/sMiqWY1MXy35WUzoAALE"
"nursing-test-bank","RN Exams","RN Nursing Course Exams","Microbiology","Microbiology Quiz Proctored Exam Practice Questions","microbiology-quiz-proctored-exam-practice-questions","25","pillarPages/nursing-test-bank/subPages/SuT1noZoNGEjKGR1vTbi/nestedSubPages/zMFBI0XMiRsJnnXWhL5S/topics/9DamWJdFDUGMGLjGeQbF/quizzes/uzC7VCBh8l2fK5PVwwf8"
"nursing-test-bank","RN Exams","RN Nursing Course Exams","Endocrinology","Endocrinology Midterm Proctored Exam Practice Questions","endocrinology-midterm-proctored-exam-practice-questions","42","pillarPages/nursing-test-bank/subPages/SuT1noZoNGEjKGR1vTbi/nestedSubPages/zMFBI0XMiRsJnnXWhL5S/topics/A9zXNbSKb0vVjEfyHpKx/quizzes/zO8CExvnfl8bdJlX06eq"
"nursing-test-bank","RN Exams","RN Nursing Course Exams","Critical Care","Proctored Exam 1 ICU Cardiac, Respiratory, Neuro, Renal, Shock Skills Practice Questions","proctored-exam-1-icu-cardiac-respiratory-neuro-renal-shock-skills-practice-questions","55","pillarPages/nursing-test-bank/subPages/SuT1noZoNGEjKGR1vTbi/nestedSubPages/zMFBI0XMiRsJnnXWhL5S/topics/ClP0t5MZQ8KQGRehmVDG/quizzes/V2mAjcJZqxNbTfGowPWc"
"nursing-test-bank","RN Exams","RN Nursing Course Exams","Critical Care","Med Surg Proctored Exam (Critical Care Regular Exam) Practice Questions","med-surg-proctored-exam-critical-care-regular-exam-practice-questions","83","pillarPages/nursing-test-bank/subPages/SuT1noZoNGEjKGR1vTbi/nestedSubPages/zMFBI0XMiRsJnnXWhL5S/topics/ClP0t5MZQ8KQGRehmVDG/quizzes/zv9SFziJ2zXkKpDkhLpJ"
"nursing-test-bank","RN Exams","RN Nursing Course Exams","Dimensions of Nursing Practice","Module 6 Dimensions of Nursing Practice Proctored Exam Practice Questions","module-6-dimensions-of-nursing-practice-proctored-exam-practice-questions","50","pillarPages/nursing-test-bank/subPages/SuT1noZoNGEjKGR1vTbi/nestedSubPages/zMFBI0XMiRsJnnXWhL5S/topics/DN3QPHblwrFWRn1uoplD/quizzes/eoPKGZ9qwOh932GbcOWR"
"nursing-test-bank","RN Exams","RN Nursing Course Exams","Dosage Calculations","Dosage Calculation RN Fundamentals Proctored Assesment Practice Questions","dosage-calculation-rn-fundamentals-proctored-assesment-practice-questions","27","pillarPages/nursing-test-bank/subPages/SuT1noZoNGEjKGR1vTbi/nestedSubPages/zMFBI0XMiRsJnnXWhL5S/topics/GXrH3QXIidtKg5Jx0ly4/quizzes/08H3sNvQcyE1ZMiVk5xR"
"nursing-test-bank","RN Exams","RN Nursing Course Exams","Dosage Calculations","Medication Dosage Ct01 Proctored Exam Practice Questions","medication-dosage-ct01-proctored-exam-practice-questions","39","pillarPages/nursing-test-bank/subPages/SuT1noZoNGEjKGR1vTbi/nestedSubPages/zMFBI0XMiRsJnnXWhL5S/topics/GXrH3QXIidtKg5Jx0ly4/quizzes/GGouT7drOTTIz6SAisPU"
"nursing-test-bank","RN Exams","RN Nursing Course Exams","Dosage Calculations","Dosage Calculation Proctored Exam Practice Questions - Set 18","dosage-calculation-proctored-exam-practice-questions-set-18","56","pillarPages/nursing-test-bank/subPages/SuT1noZoNGEjKGR1vTbi/nestedSubPages/zMFBI0XMiRsJnnXWhL5S/topics/GXrH3QXIidtKg5Jx0ly4/quizzes/GMx2hPFXjBhHG8Fz9fav"
"nursing-test-bank","RN Exams","RN Nursing Course Exams","Dosage Calculations","Dosage Calculation Proctored Exam (Hellen Fuld College) Practice Questions","dosage-calculation-proctored-exam-hellen-fuld-college-practice-questions","63","pillarPages/nursing-test-bank/subPages/SuT1noZoNGEjKGR1vTbi/nestedSubPages/zMFBI0XMiRsJnnXWhL5S/topics/GXrH3QXIidtKg5Jx0ly4/quizzes/OzprYz9UolhiYdDE0zZg"
"nursing-test-bank","RN Exams","RN Nursing Course Exams","Dosage Calculations","Dosage Medication Administration Proctored Exam Practice Questions","dosage-medication-administration-proctored-exam-practice-questions","20","pillarPages/nursing-test-bank/subPages/SuT1noZoNGEjKGR1vTbi/nestedSubPages/zMFBI0XMiRsJnnXWhL5S/topics/GXrH3QXIidtKg5Jx0ly4/quizzes/ZJaANBynOsJy9NlXmYhG"
"nursing-test-bank","RN Exams","RN Nursing Course Exams","Dosage Calculations","Dosage Calculation Proctored Exam Practice Questions - Set 6","dosage-calculation-proctored-exam-practice-questions-set-6","49","pillarPages/nursing-test-bank/subPages/SuT1noZoNGEjKGR1vTbi/nestedSubPages/zMFBI0XMiRsJnnXWhL5S/topics/GXrH3QXIidtKg5Jx0ly4/quizzes/cWWMYoOYm0HtySXPjVBi"
"nursing-test-bank","RN Exams","RN Nursing Course Exams","Dosage Calculations","Nu 405 Medical Calculations Proctored Exam Practice Questions","nu-405-medical-calculations-proctored-exam-practice-questions","20","pillarPages/nursing-test-bank/subPages/SuT1noZoNGEjKGR1vTbi/nestedSubPages/zMFBI0XMiRsJnnXWhL5S/topics/GXrH3QXIidtKg5Jx0ly4/quizzes/di4P9BdC6N2E9gFfGhKz"
"nursing-test-bank","RN Exams","RN Nursing Course Exams","Dosage Calculations","Dosage Calculations RN Adult Medical Surgical Assessment 3.1 Proctored Exam Practice Questions","dosage-calculations-rn-adult-medical-surgical-assessment-3-1-proctored-exam-practice-questions","35","pillarPages/nursing-test-bank/subPages/SuT1noZoNGEjKGR1vTbi/nestedSubPages/zMFBI0XMiRsJnnXWhL5S/topics/GXrH3QXIidtKg5Jx0ly4/quizzes/eaRv518gAdWICQdzyYm8"
"nursing-test-bank","RN Exams","RN Nursing Course Exams","Dosage Calculations","Dosage Calculations Proctored Exam 2 Practice Questions","dosage-calculations-proctored-exam-2-practice-questions","69","pillarPages/nursing-test-bank/subPages/SuT1noZoNGEjKGR1vTbi/nestedSubPages/zMFBI0XMiRsJnnXWhL5S/topics/GXrH3QXIidtKg5Jx0ly4/quizzes/fICyMQBv3reovoSBr4Xr"
"nursing-test-bank","RN Exams","RN Nursing Course Exams","Dosage Calculations","NURS 4Th Sem Mce A-Fall 2025 Dosage Calculation Proctored Exam (Montgomery College) Practice Questions","nurs-4th-sem-mce-a-fall-2025-dosage-calculation-proctored-exam-montgomery-college-practice-questions","25","pillarPages/nursing-test-bank/subPages/SuT1noZoNGEjKGR1vTbi/nestedSubPages/zMFBI0XMiRsJnnXWhL5S/topics/GXrH3QXIidtKg5Jx0ly4/quizzes/gConpVBsaj0QKhvOtHhT"
"nursing-test-bank","RN Exams","RN Nursing Course Exams","Dosage Calculations","Dosage Calculation RN Critical Care Proctored Assessment 3.2 Practice Questions","dosage-calculation-rn-critical-care-proctored-assessment-3-2-practice-questions","35","pillarPages/nursing-test-bank/subPages/SuT1noZoNGEjKGR1vTbi/nestedSubPages/zMFBI0XMiRsJnnXWhL5S/topics/GXrH3QXIidtKg5Jx0ly4/quizzes/hnSW1ooY4uOjaQDZp7Zl"
"nursing-test-bank","RN Exams","RN Nursing Course Exams","Dosage Calculations","Dosage Calculation RN Maternal Newborn Proctored Assessment 3.1 Practice Questions","dosage-calculation-rn-maternal-newborn-proctored-assessment-3-1-practice-questions","37","pillarPages/nursing-test-bank/subPages/SuT1noZoNGEjKGR1vTbi/nestedSubPages/zMFBI0XMiRsJnnXWhL5S/topics/GXrH3QXIidtKg5Jx0ly4/quizzes/iO3RmC9uNSX8I4HBWTL7"
"nursing-test-bank","RN Exams","RN Nursing Course Exams","Dosage Calculations","Dosage Calculation RN Adult Medical Surgical Proctored Assessment 3 Practice Questions","dosage-calculation-rn-adult-medical-surgical-proctored-assessment-3-practice-questions","36","pillarPages/nursing-test-bank/subPages/SuT1noZoNGEjKGR1vTbi/nestedSubPages/zMFBI0XMiRsJnnXWhL5S/topics/GXrH3QXIidtKg5Jx0ly4/quizzes/jIB4RVthu4r49RLKairS"
"nursing-test-bank","RN Exams","RN Nursing Course Exams","Dosage Calculations","Cto1 Dosage Calculations Proctored Exam Practice Questions","cto1-dosage-calculations-proctored-exam-practice-questions","66","pillarPages/nursing-test-bank/subPages/SuT1noZoNGEjKGR1vTbi/nestedSubPages/zMFBI0XMiRsJnnXWhL5S/topics/GXrH3QXIidtKg5Jx0ly4/quizzes/lZ2F8XSQDWyqYuiyiZyD"
"nursing-test-bank","RN Exams","RN Nursing Course Exams","Dosage Calculations","WGU Dosage Calculations Proctored Exam Practice Questions","wgu-dosage-calculations-proctored-exam-practice-questions","53","pillarPages/nursing-test-bank/subPages/SuT1noZoNGEjKGR1vTbi/nestedSubPages/zMFBI0XMiRsJnnXWhL5S/topics/GXrH3QXIidtKg5Jx0ly4/quizzes/n4eQ8kSBfebqJBO1X0hg"
"nursing-test-bank","RN Exams","RN Nursing Course Exams","Dosage Calculations","NUR 114 Dosage Calculation Proctored Exam Practice Questions","nur-114-dosage-calculation-proctored-exam-practice-questions","30","pillarPages/nursing-test-bank/subPages/SuT1noZoNGEjKGR1vTbi/nestedSubPages/zMFBI0XMiRsJnnXWhL5S/topics/GXrH3QXIidtKg5Jx0ly4/quizzes/uBM2uRBtxFXMDz6WTfVB"
"nursing-test-bank","RN Exams","RN Nursing Course Exams","Dosage Calculations","Dosage Calculation RN Maternal Newborn Proctored Assessment 3.2 Practice Questions","dosage-calculation-rn-maternal-newborn-proctored-assessment-3-2-practice-questions","34","pillarPages/nursing-test-bank/subPages/SuT1noZoNGEjKGR1vTbi/nestedSubPages/zMFBI0XMiRsJnnXWhL5S/topics/GXrH3QXIidtKg5Jx0ly4/quizzes/yIpScNyHvbc8iyYqqtUc"
"nursing-test-bank","RN Exams","RN Nursing Course Exams","Pediatrics","OB Pediatric Cumulative Exam Test 4 V 1 2023 Proctored Exam Practice Questions","ob-pediatric-cumulative-exam-test-4-v-1-2023-proctored-exam-practice-questions","46","pillarPages/nursing-test-bank/subPages/SuT1noZoNGEjKGR1vTbi/nestedSubPages/zMFBI0XMiRsJnnXWhL5S/topics/Hwspg6smTqrELsoRSNmc/quizzes/1O07SFA6aAKFjjIgFpaH"
"nursing-test-bank","RN Exams","RN Nursing Course Exams","Pediatrics","NUR 315 Pediatrics and Maternity Proctored Exam Practice Questions","nur-315-pediatrics-and-maternity-proctored-exam-practice-questions","50","pillarPages/nursing-test-bank/subPages/SuT1noZoNGEjKGR1vTbi/nestedSubPages/zMFBI0XMiRsJnnXWhL5S/topics/Hwspg6smTqrELsoRSNmc/quizzes/7TYLXQVo89kGq3yWz03r"
"nursing-test-bank","RN Exams","RN Nursing Course Exams","Pediatrics","Nur404w Mcphs Obstetrics Maternity Proctored Exam(Examplify) Practice Questions","nur404w-mcphs-obstetrics-maternity-proctored-exam-examplify-practice-questions","54","pillarPages/nursing-test-bank/subPages/SuT1noZoNGEjKGR1vTbi/nestedSubPages/zMFBI0XMiRsJnnXWhL5S/topics/Hwspg6smTqrELsoRSNmc/quizzes/8SaAzAhJXSsmGotleYXW"
"nursing-test-bank","RN Exams","RN Nursing Course Exams","Pediatrics","NACE Care of the Child Proctored Exam Practice Questions","nace-care-of-the-child-proctored-exam-practice-questions","101","pillarPages/nursing-test-bank/subPages/SuT1noZoNGEjKGR1vTbi/nestedSubPages/zMFBI0XMiRsJnnXWhL5S/topics/Hwspg6smTqrELsoRSNmc/quizzes/AYSUZRiGJcX9dYI3h0x6"
"nursing-test-bank","RN Exams","RN Nursing Course Exams","Pediatrics","Peds Proctored Exam 1 Practice Questions","peds-proctored-exam-1-practice-questions","63","pillarPages/nursing-test-bank/subPages/SuT1noZoNGEjKGR1vTbi/nestedSubPages/zMFBI0XMiRsJnnXWhL5S/topics/Hwspg6smTqrELsoRSNmc/quizzes/An1NdVK56pvL5Kd3iv5I"
"nursing-test-bank","RN Exams","RN Nursing Course Exams","Pediatrics","N158 Nursing Care of Infants Proctored Exam (Pediatrics) Practice Questions","n158-nursing-care-of-infants-proctored-exam-pediatrics-practice-questions","43","pillarPages/nursing-test-bank/subPages/SuT1noZoNGEjKGR1vTbi/nestedSubPages/zMFBI0XMiRsJnnXWhL5S/topics/Hwspg6smTqrELsoRSNmc/quizzes/BBVk541z5kz8ulopOPsf"
"nursing-test-bank","RN Exams","RN Nursing Course Exams","Pediatrics","Samuel Merit Pediatric Proctored Exam Practice Questions","samuel-merit-pediatric-proctored-exam-practice-questions","36","pillarPages/nursing-test-bank/subPages/SuT1noZoNGEjKGR1vTbi/nestedSubPages/zMFBI0XMiRsJnnXWhL5S/topics/Hwspg6smTqrELsoRSNmc/quizzes/CGjvDrAEupG3cFCHcu0G"
"nursing-test-bank","RN Exams","RN Nursing Course Exams","Pediatrics","Final Exam OB + Community Proctored Exam Practice Questions","final-exam-ob-community-proctored-exam-practice-questions","60","pillarPages/nursing-test-bank/subPages/SuT1noZoNGEjKGR1vTbi/nestedSubPages/zMFBI0XMiRsJnnXWhL5S/topics/Hwspg6smTqrELsoRSNmc/quizzes/CXN6VOjouNBvymhTcxmX"
"nursing-test-bank","RN Exams","RN Nursing Course Exams","Pediatrics","Pediatrics Proctored Exam (Samuel Merit University) Practice Questions","pediatrics-proctored-exam-samuel-merit-university-practice-questions","38","pillarPages/nursing-test-bank/subPages/SuT1noZoNGEjKGR1vTbi/nestedSubPages/zMFBI0XMiRsJnnXWhL5S/topics/Hwspg6smTqrELsoRSNmc/quizzes/Ci9ifZrR97tTDD0yjaw4"
"nursing-test-bank","RN Exams","RN Nursing Course Exams","Pediatrics","Pediatric Proctored Exam (Regular) Practice Questions","pediatric-proctored-exam-regular-practice-questions","45","pillarPages/nursing-test-bank/subPages/SuT1noZoNGEjKGR1vTbi/nestedSubPages/zMFBI0XMiRsJnnXWhL5S/topics/Hwspg6smTqrELsoRSNmc/quizzes/HcbNiXzNRFGufOFHWr5Y"
"nursing-test-bank","RN Exams","RN Nursing Course Exams","Pediatrics","Ucww School Pediatric Nursing Proctored Exam 2 Practice Questions","ucww-school-pediatric-nursing-proctored-exam-2-practice-questions","40","pillarPages/nursing-test-bank/subPages/SuT1noZoNGEjKGR1vTbi/nestedSubPages/zMFBI0XMiRsJnnXWhL5S/topics/Hwspg6smTqrELsoRSNmc/quizzes/Lg1SKKVWGsWkGi0opzni"
"nursing-test-bank","RN Exams","RN Nursing Course Exams","Pediatrics","Obstetrics Proctored Exam (Regular) Practice Questions","obstetrics-proctored-exam-regular-practice-questions","52","pillarPages/nursing-test-bank/subPages/SuT1noZoNGEjKGR1vTbi/nestedSubPages/zMFBI0XMiRsJnnXWhL5S/topics/Hwspg6smTqrELsoRSNmc/quizzes/MVho04RILag2YOD2uYa0"
"nursing-test-bank","RN Exams","RN Nursing Course Exams","Pediatrics","Pediatrics Proctored Exam Practice Questions - Set 8","pediatrics-proctored-exam-practice-questions-set-8","26","pillarPages/nursing-test-bank/subPages/SuT1noZoNGEjKGR1vTbi/nestedSubPages/zMFBI0XMiRsJnnXWhL5S/topics/Hwspg6smTqrELsoRSNmc/quizzes/Mc3uYK5rB4euWmMpuJWb"
"nursing-test-bank","RN Exams","RN Nursing Course Exams","Pediatrics","NURS 533-01 Su25 Pediatric Final Proctored Exam Practice Questions","nurs-533-01-su25-pediatric-final-proctored-exam-practice-questions","62","pillarPages/nursing-test-bank/subPages/SuT1noZoNGEjKGR1vTbi/nestedSubPages/zMFBI0XMiRsJnnXWhL5S/topics/Hwspg6smTqrELsoRSNmc/quizzes/NX9qHuhZYIxvsZauLWzu"
"nursing-test-bank","RN Exams","RN Nursing Course Exams","Pediatrics","Maternity Pediatrics Nursing Proctored Exam (Viterbo University) Practice Questions","maternity-pediatrics-nursing-proctored-exam-viterbo-university-practice-questions","72","pillarPages/nursing-test-bank/subPages/SuT1noZoNGEjKGR1vTbi/nestedSubPages/zMFBI0XMiRsJnnXWhL5S/topics/Hwspg6smTqrELsoRSNmc/quizzes/OhtUUM7qldLmWTgTA9nA"
"nursing-test-bank","RN Exams","RN Nursing Course Exams","Pediatrics","Ivytech Community College Lawrence Campus Pediatric Proctored Exam Practice Questions","ivytech-community-college-lawrence-campus-pediatric-proctored-exam-practice-questions","38","pillarPages/nursing-test-bank/subPages/SuT1noZoNGEjKGR1vTbi/nestedSubPages/zMFBI0XMiRsJnnXWhL5S/topics/Hwspg6smTqrELsoRSNmc/quizzes/QIUrkYJp0QqoB7yqKR1s"
"nursing-test-bank","RN Exams","RN Nursing Course Exams","Pediatrics","Stu 25Sum1 Pediatric Competency Proctored Exam Practice Questions","stu-25sum1-pediatric-competency-proctored-exam-practice-questions","147","pillarPages/nursing-test-bank/subPages/SuT1noZoNGEjKGR1vTbi/nestedSubPages/zMFBI0XMiRsJnnXWhL5S/topics/Hwspg6smTqrELsoRSNmc/quizzes/QyrkhZtOdnJ7Z5AL494M"
"nursing-test-bank","RN Exams","RN Nursing Course Exams","Pediatrics","Pediatrics and Maternity Proctored Exam (Examplify) Practice Questions","pediatrics-and-maternity-proctored-exam-examplify-practice-questions","50","pillarPages/nursing-test-bank/subPages/SuT1noZoNGEjKGR1vTbi/nestedSubPages/zMFBI0XMiRsJnnXWhL5S/topics/Hwspg6smTqrELsoRSNmc/quizzes/RKflUdcJraZbTY20ZRkt"
"nursing-test-bank","RN Exams","RN Nursing Course Exams","Pediatrics","Pediatrics Midterm V1 2023 Test 3 Proctored Exam Practice Questions","pediatrics-midterm-v1-2023-test-3-proctored-exam-practice-questions","75","pillarPages/nursing-test-bank/subPages/SuT1noZoNGEjKGR1vTbi/nestedSubPages/zMFBI0XMiRsJnnXWhL5S/topics/Hwspg6smTqrELsoRSNmc/quizzes/SIjNxNjDOzbqDEL1htLL"
"nursing-test-bank","RN Exams","RN Nursing Course Exams","Pediatrics","N158 Pediatrics Proctored Exam Practice Questions","n158-pediatrics-proctored-exam-practice-questions","32","pillarPages/nursing-test-bank/subPages/SuT1noZoNGEjKGR1vTbi/nestedSubPages/zMFBI0XMiRsJnnXWhL5S/topics/Hwspg6smTqrELsoRSNmc/quizzes/TlvHVpWtfmv3JjWY0Rhx"
"nursing-test-bank","RN Exams","RN Nursing Course Exams","Pediatrics","Samuel Merrit University Pediatric Proctored Exam Practice Questions","samuel-merrit-university-pediatric-proctored-exam-practice-questions","44","pillarPages/nursing-test-bank/subPages/SuT1noZoNGEjKGR1vTbi/nestedSubPages/zMFBI0XMiRsJnnXWhL5S/topics/Hwspg6smTqrELsoRSNmc/quizzes/UVeG8zC3exnSC6sl5oqr"
"nursing-test-bank","RN Exams","RN Nursing Course Exams","Pediatrics","International College of Health Sciences Ichs OB Pediatrics Proctored Exam Practice Questions","international-college-of-health-sciences-ichs-ob-pediatrics-proctored-exam-practice-questions","72","pillarPages/nursing-test-bank/subPages/SuT1noZoNGEjKGR1vTbi/nestedSubPages/zMFBI0XMiRsJnnXWhL5S/topics/Hwspg6smTqrELsoRSNmc/quizzes/WbwrlJz5xPPIvWKZYni2"
"nursing-test-bank","RN Exams","RN Nursing Course Exams","Pediatrics","Samuel Merrit University Pediatric Proctored Exam 2 Practice Questions","samuel-merrit-university-pediatric-proctored-exam-2-practice-questions","39","pillarPages/nursing-test-bank/subPages/SuT1noZoNGEjKGR1vTbi/nestedSubPages/zMFBI0XMiRsJnnXWhL5S/topics/Hwspg6smTqrELsoRSNmc/quizzes/XOGg3fjv6MKSGg4njCLT"
"nursing-test-bank","RN Exams","RN Nursing Course Exams","Pediatrics","RN Pediatrics Nursing (Marymount University) Proctored Exam Practice Questions","rn-pediatrics-nursing-marymount-university-proctored-exam-practice-questions","66","pillarPages/nursing-test-bank/subPages/SuT1noZoNGEjKGR1vTbi/nestedSubPages/zMFBI0XMiRsJnnXWhL5S/topics/Hwspg6smTqrELsoRSNmc/quizzes/YoVrSeoi4mQGWVdBbThY"
"nursing-test-bank","RN Exams","RN Nursing Course Exams","Pediatrics","Samuel Merrit University Pediatric Proctored Exam 1 Practice Questions","samuel-merrit-university-pediatric-proctored-exam-1-practice-questions","43","pillarPages/nursing-test-bank/subPages/SuT1noZoNGEjKGR1vTbi/nestedSubPages/zMFBI0XMiRsJnnXWhL5S/topics/Hwspg6smTqrELsoRSNmc/quizzes/arEiuWU2DvbLYigOPRbU"
"nursing-test-bank","RN Exams","RN Nursing Course Exams","Pediatrics","Ivytech Community College Obstetrics and Pediatrics Proctored Exam Practice Questions","ivytech-community-college-obstetrics-and-pediatrics-proctored-exam-practice-questions","37","pillarPages/nursing-test-bank/subPages/SuT1noZoNGEjKGR1vTbi/nestedSubPages/zMFBI0XMiRsJnnXWhL5S/topics/Hwspg6smTqrELsoRSNmc/quizzes/brVt9AMvFGCbruCMYR5b"
"nursing-test-bank","RN Exams","RN Nursing Course Exams","Pediatrics","Simmons U Bsn Pediatrics Proctored Exam Practice Questions","simmons-u-bsn-pediatrics-proctored-exam-practice-questions","35","pillarPages/nursing-test-bank/subPages/SuT1noZoNGEjKGR1vTbi/nestedSubPages/zMFBI0XMiRsJnnXWhL5S/topics/Hwspg6smTqrELsoRSNmc/quizzes/dzCCJVP4iyDUtULPGg3G"
"nursing-test-bank","RN Exams","RN Nursing Course Exams","Pediatrics","Pediatrics & Maternity Proctored Exam (Examplify) Practice Questions","pediatrics-and-maternity-proctored-exam-examplify-practice-questions-set-13","51","pillarPages/nursing-test-bank/subPages/SuT1noZoNGEjKGR1vTbi/nestedSubPages/zMFBI0XMiRsJnnXWhL5S/topics/Hwspg6smTqrELsoRSNmc/quizzes/kNGXr91yzlg5ckDeAsPY"
"nursing-test-bank","RN Exams","RN Nursing Course Exams","Pediatrics","Pediatrics Proctored Exam 1 Practice Questions","pediatrics-proctored-exam-1-practice-questions","100","pillarPages/nursing-test-bank/subPages/SuT1noZoNGEjKGR1vTbi/nestedSubPages/zMFBI0XMiRsJnnXWhL5S/topics/Hwspg6smTqrELsoRSNmc/quizzes/m6XWREK5itEMmZz5MTTa"
"nursing-test-bank","RN Exams","RN Nursing Course Exams","Pediatrics","Peds Proctored Exam (Week 3 Exam) Practice Questions","peds-proctored-exam-week-3-exam-practice-questions","49","pillarPages/nursing-test-bank/subPages/SuT1noZoNGEjKGR1vTbi/nestedSubPages/zMFBI0XMiRsJnnXWhL5S/topics/Hwspg6smTqrELsoRSNmc/quizzes/pZK8StNc4oCW6ESbMUqb"
"nursing-test-bank","RN Exams","RN Nursing Course Exams","Pediatrics","NURS 2258-4331 Pediatrics Proctored Exam Practice Questions","nurs-2258-4331-pediatrics-proctored-exam-practice-questions","51","pillarPages/nursing-test-bank/subPages/SuT1noZoNGEjKGR1vTbi/nestedSubPages/zMFBI0XMiRsJnnXWhL5S/topics/Hwspg6smTqrELsoRSNmc/quizzes/tUjgDj6E9DbU0ew9MxwW"
"nursing-test-bank","RN Exams","RN Nursing Course Exams","Pediatrics","OB and Pedeatrics Proctored Exam (Hcp Bridge) Practice Questions","ob-and-pedeatrics-proctored-exam-hcp-bridge-practice-questions","65","pillarPages/nursing-test-bank/subPages/SuT1noZoNGEjKGR1vTbi/nestedSubPages/zMFBI0XMiRsJnnXWhL5S/topics/Hwspg6smTqrELsoRSNmc/quizzes/vggPwwFcmYZKmuMI8MJL"
"nursing-test-bank","RN Exams","RN Nursing Course Exams","Pediatrics","Pediatrics Proctored Exam Practice Questions - Set 6","pediatrics-proctored-exam-practice-questions-set-6","44","pillarPages/nursing-test-bank/subPages/SuT1noZoNGEjKGR1vTbi/nestedSubPages/zMFBI0XMiRsJnnXWhL5S/topics/Hwspg6smTqrELsoRSNmc/quizzes/wPwMBunD2J1EZQaY0TBA"
"nursing-test-bank","RN Exams","RN Nursing Course Exams","Pediatrics","Pediatrics Proctored Exam Practice Questions - Set 2","pediatrics-proctored-exam-practice-questions-set-2","64","pillarPages/nursing-test-bank/subPages/SuT1noZoNGEjKGR1vTbi/nestedSubPages/zMFBI0XMiRsJnnXWhL5S/topics/Hwspg6smTqrELsoRSNmc/quizzes/yxrXczf6Otuw8eBRYWGb"
"nursing-test-bank","RN Exams","RN Nursing Course Exams","Pathophysiology","Pathophysiology Proctored Exam Practice Questions - Set 13","pathophysiology-proctored-exam-practice-questions-set-13","48","pillarPages/nursing-test-bank/subPages/SuT1noZoNGEjKGR1vTbi/nestedSubPages/zMFBI0XMiRsJnnXWhL5S/topics/KyUeIK7zxUi2K91H84Bj/quizzes/1DJLOkzTDYRSf5kwpxwA"
"nursing-test-bank","RN Exams","RN Nursing Course Exams","Pathophysiology","Pathophysiology WGU Proctored Exam Practice Questions","pathophysiology-wgu-proctored-exam-practice-questions","50","pillarPages/nursing-test-bank/subPages/SuT1noZoNGEjKGR1vTbi/nestedSubPages/zMFBI0XMiRsJnnXWhL5S/topics/KyUeIK7zxUi2K91H84Bj/quizzes/1ottNbqrn9BKdhfQUijS"
"nursing-test-bank","RN Exams","RN Nursing Course Exams","Pathophysiology","Essentials of Pathophysiology Proctored Exam Practice Questions","essentials-of-pathophysiology-proctored-exam-practice-questions","52","pillarPages/nursing-test-bank/subPages/SuT1noZoNGEjKGR1vTbi/nestedSubPages/zMFBI0XMiRsJnnXWhL5S/topics/KyUeIK7zxUi2K91H84Bj/quizzes/4bhGI8HISxYx23ICXJE9"
"nursing-test-bank","RN Exams","RN Nursing Course Exams","Pathophysiology","Pathophysiology Proctored Exam Practice Questions - Set 19","pathophysiology-proctored-exam-practice-questions-set-19","39","pillarPages/nursing-test-bank/subPages/SuT1noZoNGEjKGR1vTbi/nestedSubPages/zMFBI0XMiRsJnnXWhL5S/topics/KyUeIK7zxUi2K91H84Bj/quizzes/68sizV4bbcIxM5XTC7Vr"
"nursing-test-bank","RN Exams","RN Nursing Course Exams","Pathophysiology","Pathophysiology Proctored Exam (Samuel Merit University) Practice Questions - Set 6","pathophysiology-proctored-exam-samuel-merit-university-practice-questions-set-6","45","pillarPages/nursing-test-bank/subPages/SuT1noZoNGEjKGR1vTbi/nestedSubPages/zMFBI0XMiRsJnnXWhL5S/topics/KyUeIK7zxUi2K91H84Bj/quizzes/CMtHQWnW4Lr63WHV3IDY"
"nursing-test-bank","RN Exams","RN Nursing Course Exams","Pathophysiology","Pathophysiology Proctored Exam (Samuel Merit University) Practice Questions - Set 7","pathophysiology-proctored-exam-samuel-merit-university-practice-questions-set-7","41","pillarPages/nursing-test-bank/subPages/SuT1noZoNGEjKGR1vTbi/nestedSubPages/zMFBI0XMiRsJnnXWhL5S/topics/KyUeIK7zxUi2K91H84Bj/quizzes/GXzRTIhq2XdxnQOEHErG"
"nursing-test-bank","RN Exams","RN Nursing Course Exams","Pathophysiology","Pathophysiology Proctored Exam 3 Practice Questions","pathophysiology-proctored-exam-3-practice-questions","52","pillarPages/nursing-test-bank/subPages/SuT1noZoNGEjKGR1vTbi/nestedSubPages/zMFBI0XMiRsJnnXWhL5S/topics/KyUeIK7zxUi2K91H84Bj/quizzes/LA9wEitpg4QGUCIgITZi"
"nursing-test-bank","RN Exams","RN Nursing Course Exams","Pathophysiology","Pathophysiology Proctored Exam (WGU) Practice Questions","pathophysiology-proctored-exam-wgu-practice-questions","49","pillarPages/nursing-test-bank/subPages/SuT1noZoNGEjKGR1vTbi/nestedSubPages/zMFBI0XMiRsJnnXWhL5S/topics/KyUeIK7zxUi2K91H84Bj/quizzes/P67aOvmDV4XpnfhM7w6j"
"nursing-test-bank","RN Exams","RN Nursing Course Exams","Pathophysiology","Nurs366 Pathology Proctored Exam(Colorado Christian University) Practice Questions","nurs366-pathology-proctored-exam-colorado-christian-university-practice-questions","39","pillarPages/nursing-test-bank/subPages/SuT1noZoNGEjKGR1vTbi/nestedSubPages/zMFBI0XMiRsJnnXWhL5S/topics/KyUeIK7zxUi2K91H84Bj/quizzes/PuXUH4zIr3AoxmFlMrQ6"
"nursing-test-bank","RN Exams","RN Nursing Course Exams","Pathophysiology","Pathophysiology Proctored Exam Practice Questions - Set 8","pathophysiology-proctored-exam-practice-questions-set-8","40","pillarPages/nursing-test-bank/subPages/SuT1noZoNGEjKGR1vTbi/nestedSubPages/zMFBI0XMiRsJnnXWhL5S/topics/KyUeIK7zxUi2K91H84Bj/quizzes/RQz8L07RKwcfFBR6EYIE"
"nursing-test-bank","RN Exams","RN Nursing Course Exams","Pathophysiology","WGU Pathophysiology Proctored Exam Practice Questions - Set 18","wgu-pathophysiology-proctored-exam-practice-questions-set-18","52","pillarPages/nursing-test-bank/subPages/SuT1noZoNGEjKGR1vTbi/nestedSubPages/zMFBI0XMiRsJnnXWhL5S/topics/KyUeIK7zxUi2K91H84Bj/quizzes/eoxvBnBQI6hdzIrkCEbo"
"nursing-test-bank","RN Exams","RN Nursing Course Exams","Pathophysiology","Pathophisiology Proctored Exam Practice Questions","pathophisiology-proctored-exam-practice-questions","40","pillarPages/nursing-test-bank/subPages/SuT1noZoNGEjKGR1vTbi/nestedSubPages/zMFBI0XMiRsJnnXWhL5S/topics/KyUeIK7zxUi2K91H84Bj/quizzes/erb1BNm74DzBIORwnNPe"
"nursing-test-bank","RN Exams","RN Nursing Course Exams","Pathophysiology","Pathophysiology Final Proctored Exam(Nightgale College) Practice Questions","pathophysiology-final-proctored-exam-nightgale-college-practice-questions","49","pillarPages/nursing-test-bank/subPages/SuT1noZoNGEjKGR1vTbi/nestedSubPages/zMFBI0XMiRsJnnXWhL5S/topics/KyUeIK7zxUi2K91H84Bj/quizzes/iSew8oXZj5qyter92Txf"
"nursing-test-bank","RN Exams","RN Nursing Course Exams","Pathophysiology","WGU Pathophysiology Proctored Exam Practice Questions - Set 9","wgu-pathophysiology-proctored-exam-practice-questions-set-9","47","pillarPages/nursing-test-bank/subPages/SuT1noZoNGEjKGR1vTbi/nestedSubPages/zMFBI0XMiRsJnnXWhL5S/topics/KyUeIK7zxUi2K91H84Bj/quizzes/poiZC80zhEt3J4cbY0fl"
"nursing-test-bank","RN Exams","RN Nursing Course Exams","Pathophysiology","Pathophisiology Proctored Exam (Chamberin University) Practice Questions","pathophisiology-proctored-exam-chamberin-university-practice-questions","73","pillarPages/nursing-test-bank/subPages/SuT1noZoNGEjKGR1vTbi/nestedSubPages/zMFBI0XMiRsJnnXWhL5S/topics/KyUeIK7zxUi2K91H84Bj/quizzes/tXpaLPEEcPPI6ZykMyrZ"
"nursing-test-bank","RN Exams","RN Nursing Course Exams","Pathophysiology","More Questions on Pathophysiology of the Nervous System Practice Questions","more-questions-on-pathophysiology-of-the-nervous-system-practice-questions","19","pillarPages/nursing-test-bank/subPages/SuT1noZoNGEjKGR1vTbi/nestedSubPages/zMFBI0XMiRsJnnXWhL5S/topics/KyUeIK7zxUi2K91H84Bj/quizzes/wdtQAhzfepE1gjad4Eqa"
"nursing-test-bank","RN Exams","RN Nursing Course Exams","Pathophysiology","Patho Proctored Exam 4 Summer 23 Practice Questions","patho-proctored-exam-4-summer-23-practice-questions","30","pillarPages/nursing-test-bank/subPages/SuT1noZoNGEjKGR1vTbi/nestedSubPages/zMFBI0XMiRsJnnXWhL5S/topics/KyUeIK7zxUi2K91H84Bj/quizzes/ydwfZFJZFCRyBblrw9mZ"
"nursing-test-bank","RN Exams","RN Nursing Course Exams","Pathophysiology","Pathophysiology Proctored Exam Practice Questions - Set 1","pathophysiology-proctored-exam-practice-questions-set-1","60","pillarPages/nursing-test-bank/subPages/SuT1noZoNGEjKGR1vTbi/nestedSubPages/zMFBI0XMiRsJnnXWhL5S/topics/KyUeIK7zxUi2K91H84Bj/quizzes/zyFDr6cqupKNbh5pXjRM"
"nursing-test-bank","RN Exams","RN Nursing Course Exams","Adult Health","NUR 215 (Caring Adults Clients) Med Surg Proctored Exam Practice Questions","nur-215-caring-adults-clients-med-surg-proctored-exam-practice-questions","49","pillarPages/nursing-test-bank/subPages/SuT1noZoNGEjKGR1vTbi/nestedSubPages/zMFBI0XMiRsJnnXWhL5S/topics/L2wWtC9VGd9bcVlQMhD1/quizzes/83C5Hj3zQCnwgY0xgkYk"
"nursing-test-bank","RN Exams","RN Nursing Course Exams","Adult Health","Mca Proctored Exam (Managing Care for Adults) Samuel Merit University Practice Questions","mca-proctored-exam-managing-care-for-adults-samuel-merit-university-practice-questions","79","pillarPages/nursing-test-bank/subPages/SuT1noZoNGEjKGR1vTbi/nestedSubPages/zMFBI0XMiRsJnnXWhL5S/topics/L2wWtC9VGd9bcVlQMhD1/quizzes/8DW1voFSDNXLLY3vtlfw"
"nursing-test-bank","RN Exams","RN Nursing Course Exams","Adult Health","Pnu Adult Health II Spring 2023 Proctored Exam 2 Practice Questions","pnu-adult-health-ii-spring-2023-proctored-exam-2-practice-questions","50","pillarPages/nursing-test-bank/subPages/SuT1noZoNGEjKGR1vTbi/nestedSubPages/zMFBI0XMiRsJnnXWhL5S/topics/L2wWtC9VGd9bcVlQMhD1/quizzes/8QHlFcMuvxDtESolxrmh"
"nursing-test-bank","RN Exams","RN Nursing Course Exams","Adult Health","Adult Health Proctored Exam (Viterbo University) Practice Questions","adult-health-proctored-exam-viterbo-university-practice-questions","49","pillarPages/nursing-test-bank/subPages/SuT1noZoNGEjKGR1vTbi/nestedSubPages/zMFBI0XMiRsJnnXWhL5S/topics/L2wWtC9VGd9bcVlQMhD1/quizzes/9bxLZXIATk6nNFXf7XK2"
"nursing-test-bank","RN Exams","RN Nursing Course Exams","Adult Health","NURS 612 Adult Gerontology Ap1.25 Apea St Thomas University Proctored Exam Practice Questions","nurs-612-adult-gerontology-ap1-25-apea-st-thomas-university-proctored-exam-practice-questions","25","pillarPages/nursing-test-bank/subPages/SuT1noZoNGEjKGR1vTbi/nestedSubPages/zMFBI0XMiRsJnnXWhL5S/topics/L2wWtC9VGd9bcVlQMhD1/quizzes/BV2HG7FXkNfG9EjkpdnS"
"nursing-test-bank","RN Exams","RN Nursing Course Exams","Adult Health","Adult Health Med Surg Proctored Exam (Viterbo University) Practice Questions","adult-health-med-surg-proctored-exam-viterbo-university-practice-questions","80","pillarPages/nursing-test-bank/subPages/SuT1noZoNGEjKGR1vTbi/nestedSubPages/zMFBI0XMiRsJnnXWhL5S/topics/L2wWtC9VGd9bcVlQMhD1/quizzes/a5iVq0fBncAIKKk6TNCG"
"nursing-test-bank","RN Exams","RN Nursing Course Exams","Adult Health","Managing Adult Care 1 Proctored Exam (Samuel Merit University) Practice Questions","managing-adult-care-1-proctored-exam-samuel-merit-university-practice-questions","40","pillarPages/nursing-test-bank/subPages/SuT1noZoNGEjKGR1vTbi/nestedSubPages/zMFBI0XMiRsJnnXWhL5S/topics/L2wWtC9VGd9bcVlQMhD1/quizzes/fR3sOMFY8C10vvSEEDBT"
"nursing-test-bank","RN Exams","RN Nursing Course Exams","Adult Health","N127 Managing Care of Adults I-II Proctored Exam 3 Samuel Merit University Practice Questions","n127-managing-care-of-adults-i-ii-proctored-exam-3-samuel-merit-university-practice-questions","45","pillarPages/nursing-test-bank/subPages/SuT1noZoNGEjKGR1vTbi/nestedSubPages/zMFBI0XMiRsJnnXWhL5S/topics/L2wWtC9VGd9bcVlQMhD1/quizzes/jvI1lTNQIwRVIf6HUsnn"
"nursing-test-bank","RN Exams","RN Nursing Course Exams","Adult Health","Smith Chason College Son Los Angeles Adn NURS 146 Gero Final Proctored Exam Practice Questions","smith-chason-college-son-los-angeles-adn-nurs-146-gero-final-proctored-exam-practice-questions","100","pillarPages/nursing-test-bank/subPages/SuT1noZoNGEjKGR1vTbi/nestedSubPages/zMFBI0XMiRsJnnXWhL5S/topics/L2wWtC9VGd9bcVlQMhD1/quizzes/wOK2h2CBZpw6zVsAf2cj"
"nursing-test-bank","RN Exams","RN Nursing Course Exams","Adult Health","Mca Managing Care of Adults Proctored Exam (Samuel Merit University) Practice Questions","mca-managing-care-of-adults-proctored-exam-samuel-merit-university-practice-questions","19","pillarPages/nursing-test-bank/subPages/SuT1noZoNGEjKGR1vTbi/nestedSubPages/zMFBI0XMiRsJnnXWhL5S/topics/L2wWtC9VGd9bcVlQMhD1/quizzes/yUDJcrhu6PtKiTcCjwwr"
"nursing-test-bank","RN Exams","RN Nursing Course Exams","Perfusion","College Proctored Exam 2 Perfusion Euro Pm Practice Questions","college-proctored-exam-2-perfusion-euro-pm-practice-questions","49","pillarPages/nursing-test-bank/subPages/SuT1noZoNGEjKGR1vTbi/nestedSubPages/zMFBI0XMiRsJnnXWhL5S/topics/LhvXpmVrfANaLnZ3NZXG/quizzes/m0kkXEx0GACa6e0QAt5t"
"nursing-test-bank","RN Exams","RN Nursing Course Exams","Anatomy and Physiology","Anatomy & Physiology Proctored Exam Practice Questions","anatomy-and-physiology-proctored-exam-practice-questions","73","pillarPages/nursing-test-bank/subPages/SuT1noZoNGEjKGR1vTbi/nestedSubPages/zMFBI0XMiRsJnnXWhL5S/topics/PavJlfHXwXRUhopKAOO9/quizzes/3HV99peZlDL74vJR9KKW"
"nursing-test-bank","RN Exams","RN Nursing Course Exams","Anatomy and Physiology","Anatomy and Physiology Proctored Exam Practice Questions - Set 12","anatomy-and-physiology-proctored-exam-practice-questions-set-12","29","pillarPages/nursing-test-bank/subPages/SuT1noZoNGEjKGR1vTbi/nestedSubPages/zMFBI0XMiRsJnnXWhL5S/topics/PavJlfHXwXRUhopKAOO9/quizzes/6Bcl2LsmOPp4H20jNiDO"
"nursing-test-bank","RN Exams","RN Nursing Course Exams","Anatomy and Physiology","Anatomy and Physiology. Skeletal Tissue, the Skeleton, Joints Proctored Exam Practice Questions","anatomy-and-physiology-skeletal-tissue-the-skeleton-joints-proctored-exam-practice-questions","44","pillarPages/nursing-test-bank/subPages/SuT1noZoNGEjKGR1vTbi/nestedSubPages/zMFBI0XMiRsJnnXWhL5S/topics/PavJlfHXwXRUhopKAOO9/quizzes/CGw9cOSlpPGmWYNQAite"
"nursing-test-bank","RN Exams","RN Nursing Course Exams","Anatomy and Physiology","WGU Anatomy and Physiology with Lab Proctored Exam Practice Questions","wgu-anatomy-and-physiology-with-lab-proctored-exam-practice-questions","75","pillarPages/nursing-test-bank/subPages/SuT1noZoNGEjKGR1vTbi/nestedSubPages/zMFBI0XMiRsJnnXWhL5S/topics/PavJlfHXwXRUhopKAOO9/quizzes/JiTRK53o9XOgEIuYKher"
"nursing-test-bank","RN Exams","RN Nursing Course Exams","Anatomy and Physiology","Anatomy and Physiology Proctored Exam Practice Questions - Set 13","anatomy-and-physiology-proctored-exam-practice-questions-set-13","48","pillarPages/nursing-test-bank/subPages/SuT1noZoNGEjKGR1vTbi/nestedSubPages/zMFBI0XMiRsJnnXWhL5S/topics/PavJlfHXwXRUhopKAOO9/quizzes/KwnwfkaWsIjiJvvIGfci"
"nursing-test-bank","RN Exams","RN Nursing Course Exams","Anatomy and Physiology","Anatomy and Physiology Proctored Exam 1 Practice Questions","anatomy-and-physiology-proctored-exam-1-practice-questions","48","pillarPages/nursing-test-bank/subPages/SuT1noZoNGEjKGR1vTbi/nestedSubPages/zMFBI0XMiRsJnnXWhL5S/topics/PavJlfHXwXRUhopKAOO9/quizzes/Mlxfx6PNVErtTTuusAuc"
"nursing-test-bank","RN Exams","RN Nursing Course Exams","Anatomy and Physiology","Bio 117 Anatomy and Physiology Proctored Exam (Examplify) Practice Questions","bio-117-anatomy-and-physiology-proctored-exam-examplify-practice-questions","54","pillarPages/nursing-test-bank/subPages/SuT1noZoNGEjKGR1vTbi/nestedSubPages/zMFBI0XMiRsJnnXWhL5S/topics/PavJlfHXwXRUhopKAOO9/quizzes/NRchtpIEf1EmVru3dVF0"
"nursing-test-bank","RN Exams","RN Nursing Course Exams","Anatomy and Physiology","Anatomy and Physiology Proctored Exam Practice Questions - Set 6","anatomy-and-physiology-proctored-exam-practice-questions-set-6","100","pillarPages/nursing-test-bank/subPages/SuT1noZoNGEjKGR1vTbi/nestedSubPages/zMFBI0XMiRsJnnXWhL5S/topics/PavJlfHXwXRUhopKAOO9/quizzes/Px3PmFCkzXu2KYNRos9R"
"nursing-test-bank","RN Exams","RN Nursing Course Exams","Anatomy and Physiology","Anatomy and Physiology Proctored Exam Practice Questions - Set 2","anatomy-and-physiology-proctored-exam-practice-questions-set-2","101","pillarPages/nursing-test-bank/subPages/SuT1noZoNGEjKGR1vTbi/nestedSubPages/zMFBI0XMiRsJnnXWhL5S/topics/PavJlfHXwXRUhopKAOO9/quizzes/SO2IjWgQx9QmtSofyYfP"
"nursing-test-bank","RN Exams","RN Nursing Course Exams","Anatomy and Physiology","Human Anatomy and Physiology II Proctored Exam (Arizona College) Practice Questions","human-anatomy-and-physiology-ii-proctored-exam-arizona-college-practice-questions","64","pillarPages/nursing-test-bank/subPages/SuT1noZoNGEjKGR1vTbi/nestedSubPages/zMFBI0XMiRsJnnXWhL5S/topics/PavJlfHXwXRUhopKAOO9/quizzes/bKoK4y8WHnxwj3XAEtgl"
"nursing-test-bank","RN Exams","RN Nursing Course Exams","Anatomy and Physiology","Anatomy and Physiology II Proctored Exam Practice Questions","anatomy-and-physiology-ii-proctored-exam-practice-questions","39","pillarPages/nursing-test-bank/subPages/SuT1noZoNGEjKGR1vTbi/nestedSubPages/zMFBI0XMiRsJnnXWhL5S/topics/PavJlfHXwXRUhopKAOO9/quizzes/bVY7ph3k0FivWqvX1orm"
"nursing-test-bank","RN Exams","RN Nursing Course Exams","Anatomy and Physiology","Anatomy and Physiology Proctored Exam I Practice Questions","anatomy-and-physiology-proctored-exam-i-practice-questions","45","pillarPages/nursing-test-bank/subPages/SuT1noZoNGEjKGR1vTbi/nestedSubPages/zMFBI0XMiRsJnnXWhL5S/topics/PavJlfHXwXRUhopKAOO9/quizzes/byO3U8shEkDwleakBcns"
"nursing-test-bank","RN Exams","RN Nursing Course Exams","Anatomy and Physiology","Anatomy and Physiology Proctored Exam (Bio 210) Practice Questions","anatomy-and-physiology-proctored-exam-bio-210-practice-questions","99","pillarPages/nursing-test-bank/subPages/SuT1noZoNGEjKGR1vTbi/nestedSubPages/zMFBI0XMiRsJnnXWhL5S/topics/PavJlfHXwXRUhopKAOO9/quizzes/elqQNBhHvKZXqmgvjyJh"
"nursing-test-bank","RN Exams","RN Nursing Course Exams","Anatomy and Physiology","LPN Anatomy and Physiology Proctored Exam Practice Questions","lpn-anatomy-and-physiology-proctored-exam-practice-questions","50","pillarPages/nursing-test-bank/subPages/SuT1noZoNGEjKGR1vTbi/nestedSubPages/zMFBI0XMiRsJnnXWhL5S/topics/PavJlfHXwXRUhopKAOO9/quizzes/obLgG1dl2HKxhBWFu5sv"
"nursing-test-bank","RN Exams","RN Nursing Course Exams","Anatomy and Physiology","Anatomy and Physiology Proctored Exam (Ivy College) Practice Questions","anatomy-and-physiology-proctored-exam-ivy-college-practice-questions","107","pillarPages/nursing-test-bank/subPages/SuT1noZoNGEjKGR1vTbi/nestedSubPages/zMFBI0XMiRsJnnXWhL5S/topics/PavJlfHXwXRUhopKAOO9/quizzes/rQN0p8ogFbi2pV1ghVoG"
"nursing-test-bank","RN Exams","RN Nursing Course Exams","Anatomy and Physiology","Anatomy and Physiology Proctored Exam Practice Questions - Set 5","anatomy-and-physiology-proctored-exam-practice-questions-set-5","43","pillarPages/nursing-test-bank/subPages/SuT1noZoNGEjKGR1vTbi/nestedSubPages/zMFBI0XMiRsJnnXWhL5S/topics/PavJlfHXwXRUhopKAOO9/quizzes/shHudszIJhQYLSh7McFo"
"nursing-test-bank","RN Exams","RN Nursing Course Exams","Anatomy and Physiology","Anatomy and Physiology Proctored Exam (Hellen Fuld College) Practice Questions","anatomy-and-physiology-proctored-exam-hellen-fuld-college-practice-questions","89","pillarPages/nursing-test-bank/subPages/SuT1noZoNGEjKGR1vTbi/nestedSubPages/zMFBI0XMiRsJnnXWhL5S/topics/PavJlfHXwXRUhopKAOO9/quizzes/vbUtWNhWiZSW4oPvmnW0"
"nursing-test-bank","RN Exams","RN Nursing Course Exams","Anatomy and Physiology","Anatomy and Physiology Proctored Exam Practice Questions - Set 10","anatomy-and-physiology-proctored-exam-practice-questions-set-10","48","pillarPages/nursing-test-bank/subPages/SuT1noZoNGEjKGR1vTbi/nestedSubPages/zMFBI0XMiRsJnnXWhL5S/topics/PavJlfHXwXRUhopKAOO9/quizzes/xgzVBGqVgEjv1E2j4904"
"nursing-test-bank","RN Exams","RN Nursing Course Exams","Gastrointestinal System","Gastrointestinal Disorders Proctored Exam 4 Practice Questions","gastrointestinal-disorders-proctored-exam-4-practice-questions","40","pillarPages/nursing-test-bank/subPages/SuT1noZoNGEjKGR1vTbi/nestedSubPages/zMFBI0XMiRsJnnXWhL5S/topics/Qw9ACv9iC3lU621RemRS/quizzes/0mj6Kmji24hySqNiAzmt"
"nursing-test-bank","RN Exams","RN Nursing Course Exams","Gastrointestinal System","Proctored Exam#4 Chapter 30 Practice Questions","proctored-exam-4-chapter-30-practice-questions","21","pillarPages/nursing-test-bank/subPages/SuT1noZoNGEjKGR1vTbi/nestedSubPages/zMFBI0XMiRsJnnXWhL5S/topics/Qw9ACv9iC3lU621RemRS/quizzes/2Zs44B6nY29wQpraqQo0"
"nursing-test-bank","RN Exams","RN Nursing Course Exams","Gastrointestinal System","Proctored Exam 4 Gastrointestinal System Practice Questions","proctored-exam-4-gastrointestinal-system-practice-questions","21","pillarPages/nursing-test-bank/subPages/SuT1noZoNGEjKGR1vTbi/nestedSubPages/zMFBI0XMiRsJnnXWhL5S/topics/Qw9ACv9iC3lU621RemRS/quizzes/CJkhAFmGuULHdX7WTqOE"
"nursing-test-bank","RN Exams","RN Nursing Course Exams","Health Assessment","Health Assessment Proctored Exam Practice Questions - Set 1","health-assessment-proctored-exam-practice-questions-set-1","46","pillarPages/nursing-test-bank/subPages/SuT1noZoNGEjKGR1vTbi/nestedSubPages/zMFBI0XMiRsJnnXWhL5S/topics/XQlgh9zsLrRK6vilmJPA/quizzes/6aA7KAug9A8g2waCziGr"
"nursing-test-bank","RN Exams","RN Nursing Course Exams","Health Assessment","Health Assessment Proctored Exam (Samuel Merit University) Practice Questions","health-assessment-proctored-exam-samuel-merit-university-practice-questions","46","pillarPages/nursing-test-bank/subPages/SuT1noZoNGEjKGR1vTbi/nestedSubPages/zMFBI0XMiRsJnnXWhL5S/topics/XQlgh9zsLrRK6vilmJPA/quizzes/Dqs3aisYn3RXuQpLzafU"
"nursing-test-bank","RN Exams","RN Nursing Course Exams","Health Assessment","Holistic Health Assessment Proctored Exam (Regular Exam) Practice Questions","holistic-health-assessment-proctored-exam-regular-exam-practice-questions","49","pillarPages/nursing-test-bank/subPages/SuT1noZoNGEjKGR1vTbi/nestedSubPages/zMFBI0XMiRsJnnXWhL5S/topics/XQlgh9zsLrRK6vilmJPA/quizzes/J9Rzeem3ggA9xT1sEGyc"
"nursing-test-bank","RN Exams","RN Nursing Course Exams","Health Assessment","Health Assessment Nus 140 Proctored Exam (Central Pennsylvania Community College) Practice Questions","health-assessment-nus-140-proctored-exam-central-pennsylvania-community-college-practice-questions","60","pillarPages/nursing-test-bank/subPages/SuT1noZoNGEjKGR1vTbi/nestedSubPages/zMFBI0XMiRsJnnXWhL5S/topics/XQlgh9zsLrRK6vilmJPA/quizzes/QT4PRzm3DIlGIsveaqPg"
"nursing-test-bank","RN Exams","RN Nursing Course Exams","Health Assessment","Health Assessment Proctored Exam (Durham College) Practice Questions","health-assessment-proctored-exam-durham-college-practice-questions","50","pillarPages/nursing-test-bank/subPages/SuT1noZoNGEjKGR1vTbi/nestedSubPages/zMFBI0XMiRsJnnXWhL5S/topics/XQlgh9zsLrRK6vilmJPA/quizzes/UFyENmVEmmORvTGjBKrm"
"nursing-test-bank","RN Exams","RN Nursing Course Exams","Health Assessment","Health and Wellness Proctored Exam (Chamberlain University Examplify) Practice Questions","health-and-wellness-proctored-exam-chamberlain-university-examplify-practice-questions","58","pillarPages/nursing-test-bank/subPages/SuT1noZoNGEjKGR1vTbi/nestedSubPages/zMFBI0XMiRsJnnXWhL5S/topics/XQlgh9zsLrRK6vilmJPA/quizzes/tzAiAFxhTuQLrUhgSp8N"
"nursing-test-bank","RN Exams","RN Nursing Course Exams","Health Assessment","Health Assessment Proctored Exam Practice Questions - Set 4","health-assessment-proctored-exam-practice-questions-set-4","46","pillarPages/nursing-test-bank/subPages/SuT1noZoNGEjKGR1vTbi/nestedSubPages/zMFBI0XMiRsJnnXWhL5S/topics/XQlgh9zsLrRK6vilmJPA/quizzes/vJDnpdwTIyEsfitripeZ"
"nursing-test-bank","RN Exams","RN Nursing Course Exams","Growth and Development","CLEP Human Growth and Development Proctored Exam Practice Questions","clep-human-growth-and-development-proctored-exam-practice-questions","89","pillarPages/nursing-test-bank/subPages/SuT1noZoNGEjKGR1vTbi/nestedSubPages/zMFBI0XMiRsJnnXWhL5S/topics/YM8tzC0du9CIecKaOGWM/quizzes/XC7XBpkyGLB42Cp3cvf2"
"nursing-test-bank","RN Exams","RN Nursing Course Exams","Growth and Development","Human Growth and Development Proctored Exam (Spring 2025) Practice Questions","human-growth-and-development-proctored-exam-spring-2025-practice-questions","55","pillarPages/nursing-test-bank/subPages/SuT1noZoNGEjKGR1vTbi/nestedSubPages/zMFBI0XMiRsJnnXWhL5S/topics/YM8tzC0du9CIecKaOGWM/quizzes/vHduObqopRKj7K4Jh0Gm"
"nursing-test-bank","RN Exams","RN Nursing Course Exams","Mental Health","Nu 400-Mental Health-Psychiatric Nursing Proctored Exam (Exam 1 Week 3) St. Joseph's College Me Practice Questions","nu-400-mental-health-psychiatric-nursing-proctored-exam-exam-1-week-3-st-joseph-s-college-me-practice-questions","50","pillarPages/nursing-test-bank/subPages/SuT1noZoNGEjKGR1vTbi/nestedSubPages/zMFBI0XMiRsJnnXWhL5S/topics/dwj41dVBiWR9v4FRpKhC/quizzes/0gMu2GutMrvRrKCcUhZA"
"nursing-test-bank","RN Exams","RN Nursing Course Exams","Mental Health","Fall 2022 N 517 Mental Health Proctored Exam 2 Practice Questions","fall-2022-n-517-mental-health-proctored-exam-2-practice-questions","24","pillarPages/nursing-test-bank/subPages/SuT1noZoNGEjKGR1vTbi/nestedSubPages/zMFBI0XMiRsJnnXWhL5S/topics/dwj41dVBiWR9v4FRpKhC/quizzes/1uQc2ECMja7BEtQtJLgH"
"nursing-test-bank","RN Exams","RN Nursing Course Exams","Mental Health","NUR 422 Exam#3 Worcester Fall 2025 Mental Health Proctored Exam - (Massachusetts Mcphs) Practice Questions","nur-422-exam-3-worcester-fall-2025-mental-health-proctored-exam-massachusetts-mcphs-practice-questions","46","pillarPages/nursing-test-bank/subPages/SuT1noZoNGEjKGR1vTbi/nestedSubPages/zMFBI0XMiRsJnnXWhL5S/topics/dwj41dVBiWR9v4FRpKhC/quizzes/3mBbjovJzDl6QzHn3yIx"
"nursing-test-bank","RN Exams","RN Nursing Course Exams","Mental Health","Mental Health Proctored Exam Practice Questions - Set 9","mental-health-proctored-exam-practice-questions-set-9","43","pillarPages/nursing-test-bank/subPages/SuT1noZoNGEjKGR1vTbi/nestedSubPages/zMFBI0XMiRsJnnXWhL5S/topics/dwj41dVBiWR9v4FRpKhC/quizzes/9gTxPhSHh1mD3sWL8Dkh"
"nursing-test-bank","RN Exams","RN Nursing Course Exams","Mental Health","Mental Health - Proctored Exam 2 Practice Questions","mental-health-proctored-exam-2-practice-questions","56","pillarPages/nursing-test-bank/subPages/SuT1noZoNGEjKGR1vTbi/nestedSubPages/zMFBI0XMiRsJnnXWhL5S/topics/dwj41dVBiWR9v4FRpKhC/quizzes/Ah6gtaXJBw27bNWCRpwN"
"nursing-test-bank","RN Exams","RN Nursing Course Exams","Mental Health","Mental and Behavioural Nursing Proctored Exam Practice Questions","mental-and-behavioural-nursing-proctored-exam-practice-questions","55","pillarPages/nursing-test-bank/subPages/SuT1noZoNGEjKGR1vTbi/nestedSubPages/zMFBI0XMiRsJnnXWhL5S/topics/dwj41dVBiWR9v4FRpKhC/quizzes/FE2lBzxcGATkOay2vKnF"
"nursing-test-bank","RN Exams","RN Nursing Course Exams","Mental Health","Mental Health Proctored Exam(Examplify) Practice Questions","mental-health-proctored-exam-examplify-practice-questions","42","pillarPages/nursing-test-bank/subPages/SuT1noZoNGEjKGR1vTbi/nestedSubPages/zMFBI0XMiRsJnnXWhL5S/topics/dwj41dVBiWR9v4FRpKhC/quizzes/HSwWr4lZfNsrWzlqFYy2"
"nursing-test-bank","RN Exams","RN Nursing Course Exams","Mental Health","Rasmussen University Mental and Behavioral Health Nursing Proctored Exam Practice Questions","rasmussen-university-mental-and-behavioral-health-nursing-proctored-exam-practice-questions","73","pillarPages/nursing-test-bank/subPages/SuT1noZoNGEjKGR1vTbi/nestedSubPages/zMFBI0XMiRsJnnXWhL5S/topics/dwj41dVBiWR9v4FRpKhC/quizzes/KSwdJqNZvz2OIWj54X3B"
"nursing-test-bank","RN Exams","RN Nursing Course Exams","Mental Health","RN Mental Health 2019 with NGN Proctored Exam Practice Questions","rn-mental-health-2019-with-ngn-proctored-exam-practice-questions","69","pillarPages/nursing-test-bank/subPages/SuT1noZoNGEjKGR1vTbi/nestedSubPages/zMFBI0XMiRsJnnXWhL5S/topics/dwj41dVBiWR9v4FRpKhC/quizzes/MJvJDtKGfrbVrqoAxLTu"
"nursing-test-bank","RN Exams","RN Nursing Course Exams","Mental Health","Mental Proctored Exam(Samuel Merit University) Practice Questions","mental-proctored-exam-samuel-merit-university-practice-questions","18","pillarPages/nursing-test-bank/subPages/SuT1noZoNGEjKGR1vTbi/nestedSubPages/zMFBI0XMiRsJnnXWhL5S/topics/dwj41dVBiWR9v4FRpKhC/quizzes/Mc0wDquDHzoerfONC92g"
"nursing-test-bank","RN Exams","RN Nursing Course Exams","Mental Health","N2281 Mental Health Proctored Exam Practice Questions","n2281-mental-health-proctored-exam-practice-questions","47","pillarPages/nursing-test-bank/subPages/SuT1noZoNGEjKGR1vTbi/nestedSubPages/zMFBI0XMiRsJnnXWhL5S/topics/dwj41dVBiWR9v4FRpKhC/quizzes/YU4NeUxXEyZuzkRvD4Oq"
"nursing-test-bank","RN Exams","RN Nursing Course Exams","Mental Health","NUR 215 Mental Health Proctored Exam (Montgomery Community College) Practice Questions","nur-215-mental-health-proctored-exam-montgomery-community-college-practice-questions","46","pillarPages/nursing-test-bank/subPages/SuT1noZoNGEjKGR1vTbi/nestedSubPages/zMFBI0XMiRsJnnXWhL5S/topics/dwj41dVBiWR9v4FRpKhC/quizzes/YvaXyuuCzRxqMsq9L0Ys"
"nursing-test-bank","RN Exams","RN Nursing Course Exams","Mental Health","Mental Health Northern Kentucky University Proctored Exam 6 Practice Questions","mental-health-northern-kentucky-university-proctored-exam-6-practice-questions","92","pillarPages/nursing-test-bank/subPages/SuT1noZoNGEjKGR1vTbi/nestedSubPages/zMFBI0XMiRsJnnXWhL5S/topics/dwj41dVBiWR9v4FRpKhC/quizzes/ZNSB5dnD5paUoNApNFuN"
"nursing-test-bank","RN Exams","RN Nursing Course Exams","Mental Health","Mental Health Proctored Exam Practice Questions - Set 11","mental-health-proctored-exam-practice-questions-set-11","51","pillarPages/nursing-test-bank/subPages/SuT1noZoNGEjKGR1vTbi/nestedSubPages/zMFBI0XMiRsJnnXWhL5S/topics/dwj41dVBiWR9v4FRpKhC/quizzes/exC4UgNA0gzVj4dO98Uy"
"nursing-test-bank","RN Exams","RN Nursing Course Exams","Mental Health","N3381 Mental Health Proctored Exam (Uta University) Practice Questions","n3381-mental-health-proctored-exam-uta-university-practice-questions","54","pillarPages/nursing-test-bank/subPages/SuT1noZoNGEjKGR1vTbi/nestedSubPages/zMFBI0XMiRsJnnXWhL5S/topics/dwj41dVBiWR9v4FRpKhC/quizzes/fIgQnwfdiZyCshBYplpF"
"nursing-test-bank","RN Exams","RN Nursing Course Exams","Mental Health","Mental Health Kentucky University Proctored Exam 2 Practice Questions","mental-health-kentucky-university-proctored-exam-2-practice-questions","100","pillarPages/nursing-test-bank/subPages/SuT1noZoNGEjKGR1vTbi/nestedSubPages/zMFBI0XMiRsJnnXWhL5S/topics/dwj41dVBiWR9v4FRpKhC/quizzes/i4u5FZiFsu8B8K1UBREW"
"nursing-test-bank","RN Exams","RN Nursing Course Exams","Mental Health","RN Mental Health Proctored Exam Practice Questions","rn-mental-health-proctored-exam-practice-questions","63","pillarPages/nursing-test-bank/subPages/SuT1noZoNGEjKGR1vTbi/nestedSubPages/zMFBI0XMiRsJnnXWhL5S/topics/dwj41dVBiWR9v4FRpKhC/quizzes/jlClWgbiccVolsEakTTA"
"nursing-test-bank","RN Exams","RN Nursing Course Exams","Mental Health","Mental Health Kentucky University Proctored Exam 3 Practice Questions","mental-health-kentucky-university-proctored-exam-3-practice-questions","108","pillarPages/nursing-test-bank/subPages/SuT1noZoNGEjKGR1vTbi/nestedSubPages/zMFBI0XMiRsJnnXWhL5S/topics/dwj41dVBiWR9v4FRpKhC/quizzes/k6gX1LvDPttyNR1E6UnJ"
"nursing-test-bank","RN Exams","RN Nursing Course Exams","Mental Health","Mental Health Proctored Exam (Viterbo University) Practice Questions","mental-health-proctored-exam-viterbo-university-practice-questions","43","pillarPages/nursing-test-bank/subPages/SuT1noZoNGEjKGR1vTbi/nestedSubPages/zMFBI0XMiRsJnnXWhL5S/topics/dwj41dVBiWR9v4FRpKhC/quizzes/lgR8jsFzZ1bYx2IUANgc"
"nursing-test-bank","RN Exams","RN Nursing Course Exams","Mental Health","Mental Health Proctored Exam (East Los Ángeles College) Practice Questions","mental-health-proctored-exam-east-los-ngeles-college-practice-questions","106","pillarPages/nursing-test-bank/subPages/SuT1noZoNGEjKGR1vTbi/nestedSubPages/zMFBI0XMiRsJnnXWhL5S/topics/dwj41dVBiWR9v4FRpKhC/quizzes/okNvkBeUArGOHRs1NMN0"
"nursing-test-bank","RN Exams","RN Nursing Course Exams","Mental Health","Mental Health Chapter 1 - Proctored Exam 2 Practice Questions","mental-health-chapter-1-proctored-exam-2-practice-questions","41","pillarPages/nursing-test-bank/subPages/SuT1noZoNGEjKGR1vTbi/nestedSubPages/zMFBI0XMiRsJnnXWhL5S/topics/dwj41dVBiWR9v4FRpKhC/quizzes/pGr6ybqytAUnJu6X1lMg"
"nursing-test-bank","RN Exams","RN Nursing Course Exams","Mental Health","Nu 400-Mental Health Psychiatric Proctored Exam (Exam 2 Week 6)- St Joseph’S College of Maine Practice Questions","nu-400-mental-health-psychiatric-proctored-exam-exam-2-week-6-st-joseph-s-college-of-maine-practice-questions","50","pillarPages/nursing-test-bank/subPages/SuT1noZoNGEjKGR1vTbi/nestedSubPages/zMFBI0XMiRsJnnXWhL5S/topics/dwj41dVBiWR9v4FRpKhC/quizzes/ptkzrOXsvHSm0KR3y3yn"
"nursing-test-bank","RN Exams","RN Nursing Course Exams","Mental Health","Mental Health Proctored Exam Practice Questions - Set 10","mental-health-proctored-exam-practice-questions-set-10","41","pillarPages/nursing-test-bank/subPages/SuT1noZoNGEjKGR1vTbi/nestedSubPages/zMFBI0XMiRsJnnXWhL5S/topics/dwj41dVBiWR9v4FRpKhC/quizzes/tqZexHKRKjnlwGNrgTMx"
"nursing-test-bank","RN Exams","RN Nursing Course Exams","Mental Health","Mental and Behavioral Health Nursing Exam Practice Questions","mental-and-behavioral-health-nursing-exam-practice-questions","78","pillarPages/nursing-test-bank/subPages/SuT1noZoNGEjKGR1vTbi/nestedSubPages/zMFBI0XMiRsJnnXWhL5S/topics/dwj41dVBiWR9v4FRpKhC/quizzes/xClIxqPsOMrFF8rG2Luc"
"nursing-test-bank","RN Exams","RN Nursing Course Exams","Mental Health","Ns 228 Bsn Final Proctored Exam 2022 Practice Questions","ns-228-bsn-final-proctored-exam-2022-practice-questions","68","pillarPages/nursing-test-bank/subPages/SuT1noZoNGEjKGR1vTbi/nestedSubPages/zMFBI0XMiRsJnnXWhL5S/topics/dwj41dVBiWR9v4FRpKhC/quizzes/xc7TJp1boF8uAzbXQazT"
"nursing-test-bank","RN Exams","RN Nursing Course Exams","Mental Health","Mental Health Kentucky University Proctored Exam 1 Practice Questions","mental-health-kentucky-university-proctored-exam-1-practice-questions","100","pillarPages/nursing-test-bank/subPages/SuT1noZoNGEjKGR1vTbi/nestedSubPages/zMFBI0XMiRsJnnXWhL5S/topics/dwj41dVBiWR9v4FRpKhC/quizzes/xtmDzLRSsZjv4xRtcwWY"
"nursing-test-bank","RN Exams","RN Nursing Course Exams","Nursing Specialty","Ny Bsn Proctored Exam Practice Questions","ny-bsn-proctored-exam-practice-questions","33","pillarPages/nursing-test-bank/subPages/SuT1noZoNGEjKGR1vTbi/nestedSubPages/zMFBI0XMiRsJnnXWhL5S/topics/p4ym32tSh4yvL8X18NJ6/quizzes/cvItxAZCxyr7dSMMaU6u"
"nursing-test-bank","RN Exams","RN Nursing Course Exams","Nursing Specialty","Wright NRSG 110 Proctored Exam 2 Practice Questions","wright-nrsg-110-proctored-exam-2-practice-questions","49","pillarPages/nursing-test-bank/subPages/SuT1noZoNGEjKGR1vTbi/nestedSubPages/zMFBI0XMiRsJnnXWhL5S/topics/p4ym32tSh4yvL8X18NJ6/quizzes/rzCN3Uk9GBAjMZDMLHj1"
"nursing-test-bank","RN Exams","RN Nursing Course Exams","Community Health","Communication Health Proctored Exam Practice Questions","communication-health-proctored-exam-practice-questions","20","pillarPages/nursing-test-bank/subPages/SuT1noZoNGEjKGR1vTbi/nestedSubPages/zMFBI0XMiRsJnnXWhL5S/topics/pXf53xDTrL7aSDzdhniW/quizzes/QGUcqgVO28xQtomzx4Hd"
"nursing-test-bank","RN Exams","RN Nursing Course Exams","Community Health","RN Community Health 2019 Proctored Exam Practice Questions","rn-community-health-2019-proctored-exam-practice-questions","57","pillarPages/nursing-test-bank/subPages/SuT1noZoNGEjKGR1vTbi/nestedSubPages/zMFBI0XMiRsJnnXWhL5S/topics/pXf53xDTrL7aSDzdhniW/quizzes/bYlNgUPAQJRrae9HMlgg"
"nursing-test-bank","RN Exams","RN Nursing Course Exams","Community Health","Community Health Nursing Examplify Proctored Exam Practice Questions","community-health-nursing-examplify-proctored-exam-practice-questions","77","pillarPages/nursing-test-bank/subPages/SuT1noZoNGEjKGR1vTbi/nestedSubPages/zMFBI0XMiRsJnnXWhL5S/topics/pXf53xDTrL7aSDzdhniW/quizzes/ep7N0E1h7XGLMpOIIYZI"
"nursing-test-bank","RN Exams","RN Nursing Course Exams","Community Health","RN Community Health 2019 - Proctored Exam 2 Practice Questions","rn-community-health-2019-proctored-exam-2-practice-questions","52","pillarPages/nursing-test-bank/subPages/SuT1noZoNGEjKGR1vTbi/nestedSubPages/zMFBI0XMiRsJnnXWhL5S/topics/pXf53xDTrL7aSDzdhniW/quizzes/rhYBwMksGnrKVLEIKkjG"
"nursing-test-bank","RN Exams","RN Nursing Course Exams","Community Health","Community Health Nursing Final Proctored Exam(Examplify) Practice Questions","community-health-nursing-final-proctored-exam-examplify-practice-questions","80","pillarPages/nursing-test-bank/subPages/SuT1noZoNGEjKGR1vTbi/nestedSubPages/zMFBI0XMiRsJnnXWhL5S/topics/pXf53xDTrL7aSDzdhniW/quizzes/tV2l3lu3l89fjaNBjScC"
"nursing-test-bank","RN Exams","RN Nursing Course Exams","Community Health","Community Health Nursing Midterm Proctored Exam-Nu 405-(Sjcme) Practice Questions","community-health-nursing-midterm-proctored-exam-nu-405-sjcme-practice-questions","50","pillarPages/nursing-test-bank/subPages/SuT1noZoNGEjKGR1vTbi/nestedSubPages/zMFBI0XMiRsJnnXWhL5S/topics/pXf53xDTrL7aSDzdhniW/quizzes/wcX32OIbqh6P5JQa8pFr"
"nursing-test-bank","RN Exams","RN Nursing Course Exams","Pharmacology","Pathopharmocology Proctored Exam (Samuel Merit University) Practice Questions","pathopharmocology-proctored-exam-samuel-merit-university-practice-questions","52","pillarPages/nursing-test-bank/subPages/SuT1noZoNGEjKGR1vTbi/nestedSubPages/zMFBI0XMiRsJnnXWhL5S/topics/qjQzp4HMFByeL1UEKGDd/quizzes/1RggR0iE2n1PtMp0imBW"
"nursing-test-bank","RN Exams","RN Nursing Course Exams","Pharmacology","Pathopharmacology Proctored Exam (Examplify) Practice Questions","pathopharmacology-proctored-exam-examplify-practice-questions","57","pillarPages/nursing-test-bank/subPages/SuT1noZoNGEjKGR1vTbi/nestedSubPages/zMFBI0XMiRsJnnXWhL5S/topics/qjQzp4HMFByeL1UEKGDd/quizzes/1sd2VxC4jZxzvYGNEUxr"
"nursing-test-bank","RN Exams","RN Nursing Course Exams","Pharmacology","Pharmacology for Professional Nursing Proctored Exam Practice Questions","pharmacology-for-professional-nursing-proctored-exam-practice-questions","39","pillarPages/nursing-test-bank/subPages/SuT1noZoNGEjKGR1vTbi/nestedSubPages/zMFBI0XMiRsJnnXWhL5S/topics/qjQzp4HMFByeL1UEKGDd/quizzes/6nIqrl1lWSHXely4wiUg"
"nursing-test-bank","RN Exams","RN Nursing Course Exams","Pharmacology","NURS 387 Pharmacology in Nursing Proctored Exam Practice Questions","nurs-387-pharmacology-in-nursing-proctored-exam-practice-questions","54","pillarPages/nursing-test-bank/subPages/SuT1noZoNGEjKGR1vTbi/nestedSubPages/zMFBI0XMiRsJnnXWhL5S/topics/qjQzp4HMFByeL1UEKGDd/quizzes/8TUEfswBIrbfnxqqg83g"
"nursing-test-bank","RN Exams","RN Nursing Course Exams","Pharmacology","Pharmacology Proctored Exam (Examplify) Practice Questions - Set 4","pharmacology-proctored-exam-examplify-practice-questions-set-4","25","pillarPages/nursing-test-bank/subPages/SuT1noZoNGEjKGR1vTbi/nestedSubPages/zMFBI0XMiRsJnnXWhL5S/topics/qjQzp4HMFByeL1UEKGDd/quizzes/8wBsVnseYdGVcvnnGWWW"
"nursing-test-bank","RN Exams","RN Nursing Course Exams","Pharmacology","Ivy Tech, Pharmacology Proctored Exam Practice Questions","ivy-tech-pharmacology-proctored-exam-practice-questions","41","pillarPages/nursing-test-bank/subPages/SuT1noZoNGEjKGR1vTbi/nestedSubPages/zMFBI0XMiRsJnnXWhL5S/topics/qjQzp4HMFByeL1UEKGDd/quizzes/9LPTKofmFDKc4VTqI8fG"
"nursing-test-bank","RN Exams","RN Nursing Course Exams","Pharmacology","Physiology and Pharmacology N215 Proctored Exam IV Mcqs Practice Questions","physiology-and-pharmacology-n215-proctored-exam-iv-mcqs-practice-questions","21","pillarPages/nursing-test-bank/subPages/SuT1noZoNGEjKGR1vTbi/nestedSubPages/zMFBI0XMiRsJnnXWhL5S/topics/qjQzp4HMFByeL1UEKGDd/quizzes/CbCByxWIF8wqaFgKpKyt"
"nursing-test-bank","RN Exams","RN Nursing Course Exams","Pharmacology","Ramsussen Section 4 Module 11. Pharmacology for Professional Nursing Proctored Exam Practice Questions","ramsussen-section-4-module-11-pharmacology-for-professional-nursing-proctored-exam-practice-questions","79","pillarPages/nursing-test-bank/subPages/SuT1noZoNGEjKGR1vTbi/nestedSubPages/zMFBI0XMiRsJnnXWhL5S/topics/qjQzp4HMFByeL1UEKGDd/quizzes/EuT4SkEluWI5KRzTgysz"
"nursing-test-bank","RN Exams","RN Nursing Course Exams","Pharmacology","Pharmacology Proctored Exam (Regular) Practice Questions","pharmacology-proctored-exam-regular-practice-questions","40","pillarPages/nursing-test-bank/subPages/SuT1noZoNGEjKGR1vTbi/nestedSubPages/zMFBI0XMiRsJnnXWhL5S/topics/qjQzp4HMFByeL1UEKGDd/quizzes/HPvm89k5oCTcnITktuX4"
"nursing-test-bank","RN Exams","RN Nursing Course Exams","Pharmacology","Pharmacology Proctored Exam (Gi and Diabetes Medication) Practice Questions","pharmacology-proctored-exam-gi-and-diabetes-medication-practice-questions","38","pillarPages/nursing-test-bank/subPages/SuT1noZoNGEjKGR1vTbi/nestedSubPages/zMFBI0XMiRsJnnXWhL5S/topics/qjQzp4HMFByeL1UEKGDd/quizzes/M2EJAHcfvK3txoChuYPF"
"nursing-test-bank","RN Exams","RN Nursing Course Exams","Pharmacology","Pharmacology Proctored Exam (Examplify) Practice Questions - Set 2","pharmacology-proctored-exam-examplify-practice-questions-set-2","52","pillarPages/nursing-test-bank/subPages/SuT1noZoNGEjKGR1vTbi/nestedSubPages/zMFBI0XMiRsJnnXWhL5S/topics/qjQzp4HMFByeL1UEKGDd/quizzes/QSnqz1EGltVJC57t8K3F"
"nursing-test-bank","RN Exams","RN Nursing Course Exams","Pharmacology","Pharmacology Proctored Exam - Pain Seizure Practice Questions","pharmacology-proctored-exam-pain-seizure-practice-questions","34","pillarPages/nursing-test-bank/subPages/SuT1noZoNGEjKGR1vTbi/nestedSubPages/zMFBI0XMiRsJnnXWhL5S/topics/qjQzp4HMFByeL1UEKGDd/quizzes/QbnA9VzvYk7s4tgqHo7J"
"nursing-test-bank","RN Exams","RN Nursing Course Exams","Pharmacology","Gcc Pharmacology Proctored Exam Practice Questions","gcc-pharmacology-proctored-exam-practice-questions","52","pillarPages/nursing-test-bank/subPages/SuT1noZoNGEjKGR1vTbi/nestedSubPages/zMFBI0XMiRsJnnXWhL5S/topics/qjQzp4HMFByeL1UEKGDd/quizzes/QwnUOcsqlJP58xD23aFv"
"nursing-test-bank","RN Exams","RN Nursing Course Exams","Pharmacology","Pharmacology Proctored Exam, Examplify (Mcphs University) Practice Questions","pharmacology-proctored-exam-examplify-mcphs-university-practice-questions","24","pillarPages/nursing-test-bank/subPages/SuT1noZoNGEjKGR1vTbi/nestedSubPages/zMFBI0XMiRsJnnXWhL5S/topics/qjQzp4HMFByeL1UEKGDd/quizzes/UJLtBWeIxJpzsBUOAVRj"
"nursing-test-bank","RN Exams","RN Nursing Course Exams","Pharmacology","Pharmacology 2 Proctored Exam Practice Questions","pharmacology-2-proctored-exam-practice-questions","35","pillarPages/nursing-test-bank/subPages/SuT1noZoNGEjKGR1vTbi/nestedSubPages/zMFBI0XMiRsJnnXWhL5S/topics/qjQzp4HMFByeL1UEKGDd/quizzes/dB5Yo4Uy2n9bNBkPk95n"
"nursing-test-bank","RN Exams","RN Nursing Course Exams","Pharmacology","N112 Pathopharmocology Proctored Exam Practice Questions","n112-pathopharmocology-proctored-exam-practice-questions","44","pillarPages/nursing-test-bank/subPages/SuT1noZoNGEjKGR1vTbi/nestedSubPages/zMFBI0XMiRsJnnXWhL5S/topics/qjQzp4HMFByeL1UEKGDd/quizzes/eEkh1JamQduVSh1JDiIL"
"nursing-test-bank","RN Exams","RN Nursing Course Exams","Pharmacology","RN Pharmacology 2019 Proctored Exam 5 Practice Questions","rn-pharmacology-2019-proctored-exam-5-practice-questions","53","pillarPages/nursing-test-bank/subPages/SuT1noZoNGEjKGR1vTbi/nestedSubPages/zMFBI0XMiRsJnnXWhL5S/topics/qjQzp4HMFByeL1UEKGDd/quizzes/fzQgNjkQqXzA2eUwp9oT"
"nursing-test-bank","RN Exams","RN Nursing Course Exams","Pharmacology","South Tampa University, Pharmacology Proctored Exam 2 Practice Questions","south-tampa-university-pharmacology-proctored-exam-2-practice-questions","34","pillarPages/nursing-test-bank/subPages/SuT1noZoNGEjKGR1vTbi/nestedSubPages/zMFBI0XMiRsJnnXWhL5S/topics/qjQzp4HMFByeL1UEKGDd/quizzes/jQdthBuIHzavgMOrwaCp"
"nursing-test-bank","RN Exams","RN Nursing Course Exams","Pharmacology","Pathopharmacology Proctored Exam (Examplify Exam) Practice Questions","pathopharmacology-proctored-exam-examplify-exam-practice-questions","47","pillarPages/nursing-test-bank/subPages/SuT1noZoNGEjKGR1vTbi/nestedSubPages/zMFBI0XMiRsJnnXWhL5S/topics/qjQzp4HMFByeL1UEKGDd/quizzes/jfSKIXCSjsoiKlaxcYAY"
"nursing-test-bank","RN Exams","RN Nursing Course Exams","Pharmacology","Miami Dade College Pharmacology Nur1141 Proctored Exam Practice Questions","miami-dade-college-pharmacology-nur1141-proctored-exam-practice-questions","57","pillarPages/nursing-test-bank/subPages/SuT1noZoNGEjKGR1vTbi/nestedSubPages/zMFBI0XMiRsJnnXWhL5S/topics/qjQzp4HMFByeL1UEKGDd/quizzes/klSYU1mKfgLq0BIrVdq9"
"nursing-test-bank","RN Exams","RN Nursing Course Exams","Pharmacology","South Merit College Patho-Pharmacology Proctored Exam Practice Questions","south-merit-college-patho-pharmacology-proctored-exam-practice-questions","43","pillarPages/nursing-test-bank/subPages/SuT1noZoNGEjKGR1vTbi/nestedSubPages/zMFBI0XMiRsJnnXWhL5S/topics/qjQzp4HMFByeL1UEKGDd/quizzes/lm6uuxC2GLziBO1HDoJV"
"nursing-test-bank","RN Exams","RN Nursing Course Exams","Pharmacology","Safe Medication Quiz Proctored Exam Practice Questions","safe-medication-quiz-proctored-exam-practice-questions","15","pillarPages/nursing-test-bank/subPages/SuT1noZoNGEjKGR1vTbi/nestedSubPages/zMFBI0XMiRsJnnXWhL5S/topics/qjQzp4HMFByeL1UEKGDd/quizzes/oNpk40TfrPm9Z4eWxDci"
"nursing-test-bank","RN Exams","RN Nursing Course Exams","Pharmacology","South Tampa University, Proctored Exam 3 Pharmacology Practice Questions","south-tampa-university-proctored-exam-3-pharmacology-practice-questions","48","pillarPages/nursing-test-bank/subPages/SuT1noZoNGEjKGR1vTbi/nestedSubPages/zMFBI0XMiRsJnnXWhL5S/topics/qjQzp4HMFByeL1UEKGDd/quizzes/rXi2JtRG1FIUDjeEbZRp"
"nursing-test-bank","RN Exams","RN Nursing Course Exams","Pharmacology","NUR 301 Pharmacology Proctored Exam (Examplify) Practice Questions","nur-301-pharmacology-proctored-exam-examplify-practice-questions","25","pillarPages/nursing-test-bank/subPages/SuT1noZoNGEjKGR1vTbi/nestedSubPages/zMFBI0XMiRsJnnXWhL5S/topics/qjQzp4HMFByeL1UEKGDd/quizzes/rexwQcZvEY2IjK3m7kdK"
"nursing-test-bank","RN Exams","RN Nursing Course Exams","Pharmacology","Hill College Pharmacology All Proctored Exam Practice Questions","hill-college-pharmacology-all-proctored-exam-practice-questions","74","pillarPages/nursing-test-bank/subPages/SuT1noZoNGEjKGR1vTbi/nestedSubPages/zMFBI0XMiRsJnnXWhL5S/topics/qjQzp4HMFByeL1UEKGDd/quizzes/t9wPcGES1kaxhD2QNfP9"
"nursing-test-bank","RN Exams","RN Nursing Course Exams","Pharmacology","NUR 105 Pharmacology Proctored Exam Practice Questions","nur-105-pharmacology-proctored-exam-practice-questions","79","pillarPages/nursing-test-bank/subPages/SuT1noZoNGEjKGR1vTbi/nestedSubPages/zMFBI0XMiRsJnnXWhL5S/topics/qjQzp4HMFByeL1UEKGDd/quizzes/tZf09MbgqT3Q4Au0WVEp"
"nursing-test-bank","RN Exams","RN Nursing Course Exams","Pharmacology","RN Pharmacology 2019 Proctored Exam 4 Practice Questions","rn-pharmacology-2019-proctored-exam-4-practice-questions","58","pillarPages/nursing-test-bank/subPages/SuT1noZoNGEjKGR1vTbi/nestedSubPages/zMFBI0XMiRsJnnXWhL5S/topics/qjQzp4HMFByeL1UEKGDd/quizzes/vwdorMLr2JTj5TZXp9Rj"
"nursing-test-bank","RN Exams","RN Nursing Course Exams","Pharmacology","Pharmacology Proctored Exam Practice Questions","pharmacology-proctored-exam-practice-questions","72","pillarPages/nursing-test-bank/subPages/SuT1noZoNGEjKGR1vTbi/nestedSubPages/zMFBI0XMiRsJnnXWhL5S/topics/qjQzp4HMFByeL1UEKGDd/quizzes/wuTIiA751TX4yA4uT7kS"
"nursing-test-bank","RN Exams","RN Nursing Course Exams","Pharmacology","N180 Pharmacology Proctored Exam Practice Questions","n180-pharmacology-proctored-exam-practice-questions","25","pillarPages/nursing-test-bank/subPages/SuT1noZoNGEjKGR1vTbi/nestedSubPages/zMFBI0XMiRsJnnXWhL5S/topics/qjQzp4HMFByeL1UEKGDd/quizzes/xumViDIRRYzTTFnanjfs"
"nursing-test-bank","RN Exams","RN Nursing Course Exams","Fundamentals","NUR 111 Nursing Process Cape Fear College Proctored Exam – Examplify Practice Questions","nur-111-nursing-process-cape-fear-college-proctored-exam-examplify-practice-questions","48","pillarPages/nursing-test-bank/subPages/SuT1noZoNGEjKGR1vTbi/nestedSubPages/zMFBI0XMiRsJnnXWhL5S/topics/sBc3Ee7TKg33PIbmj4Hb/quizzes/3m5PvqhTLs2QtFuChEfZ"
"nursing-test-bank","RN Exams","RN Nursing Course Exams","Fundamentals","Ivytech Fundamental Proctored Exam 2 Practice Questions","ivytech-fundamental-proctored-exam-2-practice-questions","39","pillarPages/nursing-test-bank/subPages/SuT1noZoNGEjKGR1vTbi/nestedSubPages/zMFBI0XMiRsJnnXWhL5S/topics/sBc3Ee7TKg33PIbmj4Hb/quizzes/9dMNLKfdjm5zJ4nEGEG9"
"nursing-test-bank","RN Exams","RN Nursing Course Exams","Fundamentals","Nursing 110 Fundamental Proctored Exam Practice Questions","nursing-110-fundamental-proctored-exam-practice-questions","76","pillarPages/nursing-test-bank/subPages/SuT1noZoNGEjKGR1vTbi/nestedSubPages/zMFBI0XMiRsJnnXWhL5S/topics/sBc3Ee7TKg33PIbmj4Hb/quizzes/E0aULPOYCNLnjnf2LGeD"
"nursing-test-bank","RN Exams","RN Nursing Course Exams","Fundamentals","Fundamentals Proctored Exam Practice Questions - Set 11","fundamentals-proctored-exam-practice-questions-set-11","46","pillarPages/nursing-test-bank/subPages/SuT1noZoNGEjKGR1vTbi/nestedSubPages/zMFBI0XMiRsJnnXWhL5S/topics/sBc3Ee7TKg33PIbmj4Hb/quizzes/EZqIxBb43YASudOzfHC8"
"nursing-test-bank","RN Exams","RN Nursing Course Exams","Fundamentals","Fundamentals Proctored Exam Practice Questions - Set 10","fundamentals-proctored-exam-practice-questions-set-10","58","pillarPages/nursing-test-bank/subPages/SuT1noZoNGEjKGR1vTbi/nestedSubPages/zMFBI0XMiRsJnnXWhL5S/topics/sBc3Ee7TKg33PIbmj4Hb/quizzes/GfAI8xyIeeteP8gLaD0R"
"nursing-test-bank","RN Exams","RN Nursing Course Exams","Fundamentals","RN Fundamental 2019 Proctored Exam 2 Practice Questions","rn-fundamental-2019-proctored-exam-2-practice-questions","59","pillarPages/nursing-test-bank/subPages/SuT1noZoNGEjKGR1vTbi/nestedSubPages/zMFBI0XMiRsJnnXWhL5S/topics/sBc3Ee7TKg33PIbmj4Hb/quizzes/HBKEsLgax8Ba9LDGM18g"
"nursing-test-bank","RN Exams","RN Nursing Course Exams","Fundamentals","Clinical Nursing Foundations Proctored Exam - University of Texas - 2252-NURS-3632-600 Practice Questions","clinical-nursing-foundations-proctored-exam-university-of-texas-2252-nurs-3632-600-practice-questions","46","pillarPages/nursing-test-bank/subPages/SuT1noZoNGEjKGR1vTbi/nestedSubPages/zMFBI0XMiRsJnnXWhL5S/topics/sBc3Ee7TKg33PIbmj4Hb/quizzes/HKONL3IwGDzhbs7FcrHS"
"nursing-test-bank","RN Exams","RN Nursing Course Exams","Fundamentals","Fundamentals Proctored Exam Practice Questions - Set 3","fundamentals-proctored-exam-practice-questions-set-3","49","pillarPages/nursing-test-bank/subPages/SuT1noZoNGEjKGR1vTbi/nestedSubPages/zMFBI0XMiRsJnnXWhL5S/topics/sBc3Ee7TKg33PIbmj4Hb/quizzes/I0dIn2G9k4KeiLujT9U9"
"nursing-test-bank","RN Exams","RN Nursing Course Exams","Fundamentals","NURS 100 Fundamentals Swami Test 14.18.23 Proctored Exam Practice Questions","nurs-100-fundamentals-swami-test-14-18-23-proctored-exam-practice-questions","40","pillarPages/nursing-test-bank/subPages/SuT1noZoNGEjKGR1vTbi/nestedSubPages/zMFBI0XMiRsJnnXWhL5S/topics/sBc3Ee7TKg33PIbmj4Hb/quizzes/IbfAMcbnmXUnHs5Q7lDR"
"nursing-test-bank","RN Exams","RN Nursing Course Exams","Fundamentals","Ivy Tech Proctored Exam 2 Fundamentals - All Practice Questions","ivy-tech-proctored-exam-2-fundamentals-all-practice-questions","46","pillarPages/nursing-test-bank/subPages/SuT1noZoNGEjKGR1vTbi/nestedSubPages/zMFBI0XMiRsJnnXWhL5S/topics/sBc3Ee7TKg33PIbmj4Hb/quizzes/MezsloUmrp0Qgmc3WPOH"
"nursing-test-bank","RN Exams","RN Nursing Course Exams","Fundamentals","NUR 215 Test 3 Summer Proctored Exam (2025) Practice Questions","nur-215-test-3-summer-proctored-exam-2025-practice-questions","47","pillarPages/nursing-test-bank/subPages/SuT1noZoNGEjKGR1vTbi/nestedSubPages/zMFBI0XMiRsJnnXWhL5S/topics/sBc3Ee7TKg33PIbmj4Hb/quizzes/PXUItUodPVD2YIjWVUsO"
"nursing-test-bank","RN Exams","RN Nursing Course Exams","Fundamentals","Fundamental of Nursing 176 Proctored Exam Practice Questions","fundamental-of-nursing-176-proctored-exam-practice-questions","44","pillarPages/nursing-test-bank/subPages/SuT1noZoNGEjKGR1vTbi/nestedSubPages/zMFBI0XMiRsJnnXWhL5S/topics/sBc3Ee7TKg33PIbmj4Hb/quizzes/Qtnu6431V5AfN9n7SISO"
"nursing-test-bank","RN Exams","RN Nursing Course Exams","Fundamentals","Nursing Fundamental 100 Proctored Exam 2 Practice Questions","nursing-fundamental-100-proctored-exam-2-practice-questions","45","pillarPages/nursing-test-bank/subPages/SuT1noZoNGEjKGR1vTbi/nestedSubPages/zMFBI0XMiRsJnnXWhL5S/topics/sBc3Ee7TKg33PIbmj4Hb/quizzes/Ra76GdARAHLaXsxU9t9e"
"nursing-test-bank","RN Exams","RN Nursing Course Exams","Fundamentals","NACE Foundations of Nursing Proctored Exam 2 Practice Questions","nace-foundations-of-nursing-proctored-exam-2-practice-questions","74","pillarPages/nursing-test-bank/subPages/SuT1noZoNGEjKGR1vTbi/nestedSubPages/zMFBI0XMiRsJnnXWhL5S/topics/sBc3Ee7TKg33PIbmj4Hb/quizzes/SAojE9BMdEsRZdk3fQ9T"
"nursing-test-bank","RN Exams","RN Nursing Course Exams","Fundamentals","NACE Foundations of Nursing Proctored Exam Practice Questions","nace-foundations-of-nursing-proctored-exam-practice-questions","196","pillarPages/nursing-test-bank/subPages/SuT1noZoNGEjKGR1vTbi/nestedSubPages/zMFBI0XMiRsJnnXWhL5S/topics/sBc3Ee7TKg33PIbmj4Hb/quizzes/Sl9FfOnq6n7PnsvXKXg6"
"nursing-test-bank","RN Exams","RN Nursing Course Exams","Fundamentals","Fundamentals of Nursing Practice Proctored Exam 1 Practice Questions","fundamentals-of-nursing-practice-proctored-exam-1-practice-questions","86","pillarPages/nursing-test-bank/subPages/SuT1noZoNGEjKGR1vTbi/nestedSubPages/zMFBI0XMiRsJnnXWhL5S/topics/sBc3Ee7TKg33PIbmj4Hb/quizzes/Ty4dDKEj415V3w6HITOA"
"nursing-test-bank","RN Exams","RN Nursing Course Exams","Fundamentals","Fundamentals Quiz Proctored Exam (Ichs) Practice Questions","fundamentals-quiz-proctored-exam-ichs-practice-questions","25","pillarPages/nursing-test-bank/subPages/SuT1noZoNGEjKGR1vTbi/nestedSubPages/zMFBI0XMiRsJnnXWhL5S/topics/sBc3Ee7TKg33PIbmj4Hb/quizzes/U2L5E3E4n02DF1JPylBE"
"nursing-test-bank","RN Exams","RN Nursing Course Exams","Fundamentals","Foundations of Nursing Cardiology Proctored Exam Practice Questions","foundations-of-nursing-cardiology-proctored-exam-practice-questions","64","pillarPages/nursing-test-bank/subPages/SuT1noZoNGEjKGR1vTbi/nestedSubPages/zMFBI0XMiRsJnnXWhL5S/topics/sBc3Ee7TKg33PIbmj4Hb/quizzes/U7eGPYKa8EScPVdIVy3W"
"nursing-test-bank","RN Exams","RN Nursing Course Exams","Fundamentals","Fundamental Nursing 2 Proctored Exam Practice Questions","fundamental-nursing-2-proctored-exam-practice-questions","25","pillarPages/nursing-test-bank/subPages/SuT1noZoNGEjKGR1vTbi/nestedSubPages/zMFBI0XMiRsJnnXWhL5S/topics/sBc3Ee7TKg33PIbmj4Hb/quizzes/UZiBBIsn0hiGvTWrRwvZ"
"nursing-test-bank","RN Exams","RN Nursing Course Exams","Fundamentals","Fundamentals of Nursing Proctored Exam #3 South Tampa University Practice Questions","fundamentals-of-nursing-proctored-exam-3-south-tampa-university-practice-questions","48","pillarPages/nursing-test-bank/subPages/SuT1noZoNGEjKGR1vTbi/nestedSubPages/zMFBI0XMiRsJnnXWhL5S/topics/sBc3Ee7TKg33PIbmj4Hb/quizzes/Uz3uS4wgzMCiEI2a5RGn"
"nursing-test-bank","RN Exams","RN Nursing Course Exams","Fundamentals","Foundation of Nursing Proctored Exam (Examplify Copp State University) Practice Questions","foundation-of-nursing-proctored-exam-examplify-copp-state-university-practice-questions","70","pillarPages/nursing-test-bank/subPages/SuT1noZoNGEjKGR1vTbi/nestedSubPages/zMFBI0XMiRsJnnXWhL5S/topics/sBc3Ee7TKg33PIbmj4Hb/quizzes/VVOpwqfBj3ZDJKdZV1Pu"
"nursing-test-bank","RN Exams","RN Nursing Course Exams","Fundamentals","WGU Objective Assessment Foundation of Nursing Proctored Exam Practice Questions","wgu-objective-assessment-foundation-of-nursing-proctored-exam-practice-questions","63","pillarPages/nursing-test-bank/subPages/SuT1noZoNGEjKGR1vTbi/nestedSubPages/zMFBI0XMiRsJnnXWhL5S/topics/sBc3Ee7TKg33PIbmj4Hb/quizzes/VoqFne8IfyrIX5CD57lg"
"nursing-test-bank","RN Exams","RN Nursing Course Exams","Fundamentals","NURS 100 Fundamentals Proctored Exam Practice Questions","nurs-100-fundamentals-proctored-exam-practice-questions","78","pillarPages/nursing-test-bank/subPages/SuT1noZoNGEjKGR1vTbi/nestedSubPages/zMFBI0XMiRsJnnXWhL5S/topics/sBc3Ee7TKg33PIbmj4Hb/quizzes/WzYG3cm4uKTK5Fx5Wh6y"
"nursing-test-bank","RN Exams","RN Nursing Course Exams","Fundamentals","Fundamentals Proctored Exam Practice Questions - Set 9","fundamentals-proctored-exam-practice-questions-set-9","40","pillarPages/nursing-test-bank/subPages/SuT1noZoNGEjKGR1vTbi/nestedSubPages/zMFBI0XMiRsJnnXWhL5S/topics/sBc3Ee7TKg33PIbmj4Hb/quizzes/X96N9IVaTAtpt8yHLzLK"
"nursing-test-bank","RN Exams","RN Nursing Course Exams","Fundamentals","Nursing Fundamentals Exam 3 Practice Questions","nursing-fundamentals-exam-3-practice-questions","48","pillarPages/nursing-test-bank/subPages/SuT1noZoNGEjKGR1vTbi/nestedSubPages/zMFBI0XMiRsJnnXWhL5S/topics/sBc3Ee7TKg33PIbmj4Hb/quizzes/a25IRnAAaxhyPcS2L6JM"
"nursing-test-bank","RN Exams","RN Nursing Course Exams","Fundamentals","Examplify Nur111 Cape Fear Community College Proctored Exam Practice Questions","examplify-nur111-cape-fear-community-college-proctored-exam-practice-questions","50","pillarPages/nursing-test-bank/subPages/SuT1noZoNGEjKGR1vTbi/nestedSubPages/zMFBI0XMiRsJnnXWhL5S/topics/sBc3Ee7TKg33PIbmj4Hb/quizzes/aR9OnniUUxi7aogeGMwj"
"nursing-test-bank","RN Exams","RN Nursing Course Exams","Fundamentals","Ivytech Community College Nursing Fundamentals Proctored Exam 1 Practice Questions","ivytech-community-college-nursing-fundamentals-proctored-exam-1-practice-questions","25","pillarPages/nursing-test-bank/subPages/SuT1noZoNGEjKGR1vTbi/nestedSubPages/zMFBI0XMiRsJnnXWhL5S/topics/sBc3Ee7TKg33PIbmj4Hb/quizzes/dBkyAq1LlWgPCK2o4G4P"
"nursing-test-bank","RN Exams","RN Nursing Course Exams","Fundamentals","NURS 113 Nursing Concepts 1 Proctored Exam (Fundamentals Exam) Practice Questions","nurs-113-nursing-concepts-1-proctored-exam-fundamentals-exam-practice-questions","47","pillarPages/nursing-test-bank/subPages/SuT1noZoNGEjKGR1vTbi/nestedSubPages/zMFBI0XMiRsJnnXWhL5S/topics/sBc3Ee7TKg33PIbmj4Hb/quizzes/e9EWeYWJnV3u20ReVfdH"
"nursing-test-bank","RN Exams","RN Nursing Course Exams","Fundamentals","Nursing Fundamentals Proctored Exam Practice Questions","nursing-fundamentals-proctored-exam-practice-questions","32","pillarPages/nursing-test-bank/subPages/SuT1noZoNGEjKGR1vTbi/nestedSubPages/zMFBI0XMiRsJnnXWhL5S/topics/sBc3Ee7TKg33PIbmj4Hb/quizzes/efReJoSC0VtE7IoDT0pP"
"nursing-test-bank","RN Exams","RN Nursing Course Exams","Fundamentals","Nursing Fundamentals Proctored Exam (Carolinas College) Practice Questions","nursing-fundamentals-proctored-exam-carolinas-college-practice-questions","69","pillarPages/nursing-test-bank/subPages/SuT1noZoNGEjKGR1vTbi/nestedSubPages/zMFBI0XMiRsJnnXWhL5S/topics/sBc3Ee7TKg33PIbmj4Hb/quizzes/i2pXNEjsSTb1CGN2PR7g"
"nursing-test-bank","RN Exams","RN Nursing Course Exams","Fundamentals","RN Fundamentals 2019 Proctored Exam Practice Questions","rn-fundamentals-2019-proctored-exam-practice-questions","65","pillarPages/nursing-test-bank/subPages/SuT1noZoNGEjKGR1vTbi/nestedSubPages/zMFBI0XMiRsJnnXWhL5S/topics/sBc3Ee7TKg33PIbmj4Hb/quizzes/lqsu0uD1njqBu8oRkU2p"
"nursing-test-bank","RN Exams","RN Nursing Course Exams","Fundamentals","RN Fundamentals 2019 with NGN Proctored Exam 3 Practice Questions","rn-fundamentals-2019-with-ngn-proctored-exam-3-practice-questions","46","pillarPages/nursing-test-bank/subPages/SuT1noZoNGEjKGR1vTbi/nestedSubPages/zMFBI0XMiRsJnnXWhL5S/topics/sBc3Ee7TKg33PIbmj4Hb/quizzes/mxA9D5XVpkbbyOkTMKa8"
"nursing-test-bank","RN Exams","RN Nursing Course Exams","Fundamentals","Foundation of Nursing Proctored Exam (University of Texas) Practice Questions","foundation-of-nursing-proctored-exam-university-of-texas-practice-questions","38","pillarPages/nursing-test-bank/subPages/SuT1noZoNGEjKGR1vTbi/nestedSubPages/zMFBI0XMiRsJnnXWhL5S/topics/sBc3Ee7TKg33PIbmj4Hb/quizzes/nB2PPGbPPXQCSPaxMb3O"
"nursing-test-bank","RN Exams","RN Nursing Course Exams","Fundamentals","Ivy Tech Exam 3 Fundamentals Proctored Exam Practice Questions","ivy-tech-exam-3-fundamentals-proctored-exam-practice-questions","50","pillarPages/nursing-test-bank/subPages/SuT1noZoNGEjKGR1vTbi/nestedSubPages/zMFBI0XMiRsJnnXWhL5S/topics/sBc3Ee7TKg33PIbmj4Hb/quizzes/qhMOHwzyFxIJwGRUkiMH"
"nursing-test-bank","RN Exams","RN Nursing Course Exams","Fundamentals","Fundamentals of Nursing Proctored Exam (University of Texas) Practice Questions","fundamentals-of-nursing-proctored-exam-university-of-texas-practice-questions","51","pillarPages/nursing-test-bank/subPages/SuT1noZoNGEjKGR1vTbi/nestedSubPages/zMFBI0XMiRsJnnXWhL5S/topics/sBc3Ee7TKg33PIbmj4Hb/quizzes/rhsSySAKjBSutzqgzRaG"
"nursing-test-bank","RN Exams","RN Nursing Course Exams","Fundamentals","Spring 2024 Comprehensive Proctored Exam #2 Practice Questions","spring-2024-comprehensive-proctored-exam-2-practice-questions","32","pillarPages/nursing-test-bank/subPages/SuT1noZoNGEjKGR1vTbi/nestedSubPages/zMFBI0XMiRsJnnXWhL5S/topics/sBc3Ee7TKg33PIbmj4Hb/quizzes/shwsUn3VEpO5KJkSHX1u"
"nursing-test-bank","RN Exams","RN Nursing Course Exams","Fundamentals","RN Fundamentals 2019 Practice Questions","rn-fundamentals-2019-practice-questions","60","pillarPages/nursing-test-bank/subPages/SuT1noZoNGEjKGR1vTbi/nestedSubPages/zMFBI0XMiRsJnnXWhL5S/topics/sBc3Ee7TKg33PIbmj4Hb/quizzes/ud8fNxR1THK1xKXLkeGR"
"nursing-test-bank","RN Exams","RN Nursing Course Exams","Fundamentals","Fundamentals Final Exam Prof Foster(West Coast College) Practice Questions","fundamentals-final-exam-prof-foster-west-coast-college-practice-questions","65","pillarPages/nursing-test-bank/subPages/SuT1noZoNGEjKGR1vTbi/nestedSubPages/zMFBI0XMiRsJnnXWhL5S/topics/sBc3Ee7TKg33PIbmj4Hb/quizzes/vh728srsNkoGxG3rM8OT"
"nursing-test-bank","RN Exams","RN Nursing Course Exams","Fundamentals","Fundamentals Proctored Exam (Examplify) Practice Questions","fundamentals-proctored-exam-examplify-practice-questions","59","pillarPages/nursing-test-bank/subPages/SuT1noZoNGEjKGR1vTbi/nestedSubPages/zMFBI0XMiRsJnnXWhL5S/topics/sBc3Ee7TKg33PIbmj4Hb/quizzes/whQ9uyvEZiRVoLjAKHEO"
"nursing-test-bank","RN Exams","RN Nursing Course Exams","Fundamentals","Fundamental Proctored Exam(Herzing University) Practice Questions","fundamental-proctored-exam-herzing-university-practice-questions","37","pillarPages/nursing-test-bank/subPages/SuT1noZoNGEjKGR1vTbi/nestedSubPages/zMFBI0XMiRsJnnXWhL5S/topics/sBc3Ee7TKg33PIbmj4Hb/quizzes/yKa8se06WVGL2r9GGUPE"
"nursing-test-bank","RN Exams","RN Nursing Course Exams","Fundamentals","RN Fundamentals 2023 Proctored Exam Practice Questions","rn-fundamentals-2023-proctored-exam-practice-questions","54","pillarPages/nursing-test-bank/subPages/SuT1noZoNGEjKGR1vTbi/nestedSubPages/zMFBI0XMiRsJnnXWhL5S/topics/sBc3Ee7TKg33PIbmj4Hb/quizzes/yLsgboK4MMWuklFkp0Ex"
"nursing-test-bank","RN Exams","RN Nursing Course Exams","Leadership","NURS 4500 Examplify Thomas Edison State University Proctored Exam Practice Questions","nurs-4500-examplify-thomas-edison-state-university-proctored-exam-practice-questions","68","pillarPages/nursing-test-bank/subPages/SuT1noZoNGEjKGR1vTbi/nestedSubPages/zMFBI0XMiRsJnnXWhL5S/topics/sWcrKSZa84sgLyaVr5Sm/quizzes/1H5XmuoAQQYMH76YRHPU"
"nursing-test-bank","RN Exams","RN Nursing Course Exams","Leadership","Leadership Exam Mary Mount University Proctored Exam Practice Questions","leadership-exam-mary-mount-university-proctored-exam-practice-questions","58","pillarPages/nursing-test-bank/subPages/SuT1noZoNGEjKGR1vTbi/nestedSubPages/zMFBI0XMiRsJnnXWhL5S/topics/sWcrKSZa84sgLyaVr5Sm/quizzes/FDKENgKIBnmzrzwE22Rw"
"nursing-test-bank","RN Exams","RN Nursing Course Exams","Leadership","Nu 406- Nursing Leadership and Management-Quiz 5.1 - Proctored Exam 1 (St Joseph's College of Maine) Practice Questions","nu-406-nursing-leadership-and-management-quiz-5-1-proctored-exam-1-st-joseph-s-college-of-maine-practice-questions","40","pillarPages/nursing-test-bank/subPages/SuT1noZoNGEjKGR1vTbi/nestedSubPages/zMFBI0XMiRsJnnXWhL5S/topics/sWcrKSZa84sgLyaVr5Sm/quizzes/Kjdl8aWowjiJIPnrHPqX"
"nursing-test-bank","RN Exams","RN Nursing Course Exams","Leadership","NSG 340 Nursing Leadership and Management Proctored Exam Practice Questions","nsg-340-nursing-leadership-and-management-proctored-exam-practice-questions","40","pillarPages/nursing-test-bank/subPages/SuT1noZoNGEjKGR1vTbi/nestedSubPages/zMFBI0XMiRsJnnXWhL5S/topics/sWcrKSZa84sgLyaVr5Sm/quizzes/SYN8PR2VH4dr5CA6I4fK"
"nursing-test-bank","RN Exams","RN Nursing Course Exams","Leadership","RN Leadership 2023 Proctored Exam Practice Questions","rn-leadership-2023-proctored-exam-practice-questions","49","pillarPages/nursing-test-bank/subPages/SuT1noZoNGEjKGR1vTbi/nestedSubPages/zMFBI0XMiRsJnnXWhL5S/topics/sWcrKSZa84sgLyaVr5Sm/quizzes/YHKnpyuDBs5zPmM89WfG"
"nursing-test-bank","RN Exams","RN Nursing Course Exams","Maternal Newborn","Nu 314 Maternal Newborn Proctored Exam Practice Questions - Set 6","nu-314-maternal-newborn-proctored-exam-practice-questions-set-6","30","pillarPages/nursing-test-bank/subPages/SuT1noZoNGEjKGR1vTbi/nestedSubPages/zMFBI0XMiRsJnnXWhL5S/topics/stnDIFRoA0VwLaoxbGv1/quizzes/1as6z7CWehDGH7sSvspp"
"nursing-test-bank","RN Exams","RN Nursing Course Exams","Maternal Newborn","NUR 404W Maternity Examplify Proctored Exam Practice Questions","nur-404w-maternity-examplify-proctored-exam-practice-questions","50","pillarPages/nursing-test-bank/subPages/SuT1noZoNGEjKGR1vTbi/nestedSubPages/zMFBI0XMiRsJnnXWhL5S/topics/stnDIFRoA0VwLaoxbGv1/quizzes/9HKqYcvxYJjfQYhIea5o"
"nursing-test-bank","RN Exams","RN Nursing Course Exams","Maternal Newborn","NURS 4341 Maternal Newborn Proctored Exam Practice Questions - Set 5","nurs-4341-maternal-newborn-proctored-exam-practice-questions-set-5","49","pillarPages/nursing-test-bank/subPages/SuT1noZoNGEjKGR1vTbi/nestedSubPages/zMFBI0XMiRsJnnXWhL5S/topics/stnDIFRoA0VwLaoxbGv1/quizzes/A7ZoE79f4TVVlU5kJi9b"
"nursing-test-bank","RN Exams","RN Nursing Course Exams","Maternal Newborn","Maternal Newborn Proctored Exam (Samuel Merritt University) Practice Questions","maternal-newborn-proctored-exam-samuel-merritt-university-practice-questions","50","pillarPages/nursing-test-bank/subPages/SuT1noZoNGEjKGR1vTbi/nestedSubPages/zMFBI0XMiRsJnnXWhL5S/topics/stnDIFRoA0VwLaoxbGv1/quizzes/AWCrGFOe5HAvhWubeHWR"
"nursing-test-bank","RN Exams","RN Nursing Course Exams","Maternal Newborn","Postpartum Amd Newborn Care Proctored Exam Practice Questions","postpartum-amd-newborn-care-proctored-exam-practice-questions","41","pillarPages/nursing-test-bank/subPages/SuT1noZoNGEjKGR1vTbi/nestedSubPages/zMFBI0XMiRsJnnXWhL5S/topics/stnDIFRoA0VwLaoxbGv1/quizzes/CsgrJmHMNEmR5GYzw23N"
"nursing-test-bank","RN Exams","RN Nursing Course Exams","Maternal Newborn","Maternity Proctored Exam (Samuel Merit University) Practice Questions - Set 12","maternity-proctored-exam-samuel-merit-university-practice-questions-set-12","51","pillarPages/nursing-test-bank/subPages/SuT1noZoNGEjKGR1vTbi/nestedSubPages/zMFBI0XMiRsJnnXWhL5S/topics/stnDIFRoA0VwLaoxbGv1/quizzes/HPdum35qI5mIl6wRVctZ"
"nursing-test-bank","RN Exams","RN Nursing Course Exams","Maternal Newborn","Nursing Care of Women, Maternity Regular Proctored Exam Practice Questions","nursing-care-of-women-maternity-regular-proctored-exam-practice-questions","38","pillarPages/nursing-test-bank/subPages/SuT1noZoNGEjKGR1vTbi/nestedSubPages/zMFBI0XMiRsJnnXWhL5S/topics/stnDIFRoA0VwLaoxbGv1/quizzes/Hh5GpCM2UzRuz2y1irUg"
"nursing-test-bank","RN Exams","RN Nursing Course Exams","Maternal Newborn","RN Maternal Newborn 2023 Proctored Exam Practice Questions","rn-maternal-newborn-2023-proctored-exam-practice-questions","63","pillarPages/nursing-test-bank/subPages/SuT1noZoNGEjKGR1vTbi/nestedSubPages/zMFBI0XMiRsJnnXWhL5S/topics/stnDIFRoA0VwLaoxbGv1/quizzes/NCqTrM2MmGHFbaJ0NM2N"
"nursing-test-bank","RN Exams","RN Nursing Course Exams","Maternal Newborn","Non Parental Safe Medication Quiz Proctored Exam Practice Questions","non-parental-safe-medication-quiz-proctored-exam-practice-questions","15","pillarPages/nursing-test-bank/subPages/SuT1noZoNGEjKGR1vTbi/nestedSubPages/zMFBI0XMiRsJnnXWhL5S/topics/stnDIFRoA0VwLaoxbGv1/quizzes/SDlLy8g0kE7PeH8ePPUF"
"nursing-test-bank","RN Exams","RN Nursing Course Exams","Maternal Newborn","Southeastern College Maternity Proctored Exam Practice Questions","southeastern-college-maternity-proctored-exam-practice-questions","55","pillarPages/nursing-test-bank/subPages/SuT1noZoNGEjKGR1vTbi/nestedSubPages/zMFBI0XMiRsJnnXWhL5S/topics/stnDIFRoA0VwLaoxbGv1/quizzes/SunqOEjQS1Uu0gByUoT1"
"nursing-test-bank","RN Exams","RN Nursing Course Exams","Maternal Newborn","Maternity Proctored Exam (Spring Henry Exam) Practice Questions","maternity-proctored-exam-spring-henry-exam-practice-questions","50","pillarPages/nursing-test-bank/subPages/SuT1noZoNGEjKGR1vTbi/nestedSubPages/zMFBI0XMiRsJnnXWhL5S/topics/stnDIFRoA0VwLaoxbGv1/quizzes/UbdskYZmH9BZmNde6Bwm"
"nursing-test-bank","RN Exams","RN Nursing Course Exams","Maternal Newborn","OB Maternal Newborn Exam East Los Ángeles College Proctored Exam Practice Questions","ob-maternal-newborn-exam-east-los-ngeles-college-proctored-exam-practice-questions","56","pillarPages/nursing-test-bank/subPages/SuT1noZoNGEjKGR1vTbi/nestedSubPages/zMFBI0XMiRsJnnXWhL5S/topics/stnDIFRoA0VwLaoxbGv1/quizzes/V0kpLfYY5zeI4YcdHOkm"
"nursing-test-bank","RN Exams","RN Nursing Course Exams","Maternal Newborn","NACE Care of the Childbearing Family Proctored Exam Practice Questions","nace-care-of-the-childbearing-family-proctored-exam-practice-questions","95","pillarPages/nursing-test-bank/subPages/SuT1noZoNGEjKGR1vTbi/nestedSubPages/zMFBI0XMiRsJnnXWhL5S/topics/stnDIFRoA0VwLaoxbGv1/quizzes/WUbt9YGrrWPP1IxNhPno"
"nursing-test-bank","RN Exams","RN Nursing Course Exams","Maternal Newborn","NUR 404 Maternal Newborn Proctored Exam (Examsoft Exam) Practice Questions","nur-404-maternal-newborn-proctored-exam-examsoft-exam-practice-questions","54","pillarPages/nursing-test-bank/subPages/SuT1noZoNGEjKGR1vTbi/nestedSubPages/zMFBI0XMiRsJnnXWhL5S/topics/stnDIFRoA0VwLaoxbGv1/quizzes/WiwIS1KnP4IJ4IEVpgzq"
"nursing-test-bank","RN Exams","RN Nursing Course Exams","Maternal Newborn","Nu 314 Maternal Newborn Proctored Exam Practice Questions - Set 7","nu-314-maternal-newborn-proctored-exam-practice-questions-set-7","41","pillarPages/nursing-test-bank/subPages/SuT1noZoNGEjKGR1vTbi/nestedSubPages/zMFBI0XMiRsJnnXWhL5S/topics/stnDIFRoA0VwLaoxbGv1/quizzes/WkI62cfpJVptDilgioal"
"nursing-test-bank","RN Exams","RN Nursing Course Exams","Maternal Newborn","Nursing of Women and Childbearing Proctored Exam Practice Questions","nursing-of-women-and-childbearing-proctored-exam-practice-questions","46","pillarPages/nursing-test-bank/subPages/SuT1noZoNGEjKGR1vTbi/nestedSubPages/zMFBI0XMiRsJnnXWhL5S/topics/stnDIFRoA0VwLaoxbGv1/quizzes/fXYa9jhFKRCK2VVxjOj7"
"nursing-test-bank","RN Exams","RN Nursing Course Exams","Maternal Newborn","Maternal Newborn Proctored Exam Practice Questions","maternal-newborn-proctored-exam-practice-questions","30","pillarPages/nursing-test-bank/subPages/SuT1noZoNGEjKGR1vTbi/nestedSubPages/zMFBI0XMiRsJnnXWhL5S/topics/stnDIFRoA0VwLaoxbGv1/quizzes/iCXgtYgRNK2zgPHiEt04"
"nursing-test-bank","RN Exams","RN Nursing Course Exams","Maternal Newborn","Maternity Proctored Exam (Samuel Merit University) Practice Questions - Set 11","maternity-proctored-exam-samuel-merit-university-practice-questions-set-11","49","pillarPages/nursing-test-bank/subPages/SuT1noZoNGEjKGR1vTbi/nestedSubPages/zMFBI0XMiRsJnnXWhL5S/topics/stnDIFRoA0VwLaoxbGv1/quizzes/kAX4ONhMe5LDHGFpvQXe"
"nursing-test-bank","RN Exams","RN Nursing Course Exams","Maternal Newborn","RN Nursing Care of Children 2019 with NGN Proctored Exam Practice Questions","rn-nursing-care-of-children-2019-with-ngn-proctored-exam-practice-questions","67","pillarPages/nursing-test-bank/subPages/SuT1noZoNGEjKGR1vTbi/nestedSubPages/zMFBI0XMiRsJnnXWhL5S/topics/stnDIFRoA0VwLaoxbGv1/quizzes/kTxHHh1QNQwrnwhw4OKN"
"nursing-test-bank","RN Exams","RN Nursing Course Exams","Maternal Newborn","Maternity Proctored Exam (Samuel Merit University) 2 Practice Questions","maternity-proctored-exam-samuel-merit-university-2-practice-questions","48","pillarPages/nursing-test-bank/subPages/SuT1noZoNGEjKGR1vTbi/nestedSubPages/zMFBI0XMiRsJnnXWhL5S/topics/stnDIFRoA0VwLaoxbGv1/quizzes/mpbVVmMFgwa6SE9EPUDO"
"nursing-test-bank","RN Exams","RN Nursing Course Exams","Maternal Newborn","Miami Regional University OB Maternity Care of Women New Born and Children Proctored Exam Practice Questions","miami-regional-university-ob-maternity-care-of-women-new-born-and-children-proctored-exam-practice-questions","82","pillarPages/nursing-test-bank/subPages/SuT1noZoNGEjKGR1vTbi/nestedSubPages/zMFBI0XMiRsJnnXWhL5S/topics/stnDIFRoA0VwLaoxbGv1/quizzes/nkKnt4ORGuQNLZr184j4"
"nursing-test-bank","RN Exams","RN Nursing Course Exams","Maternal Newborn","Maternity Proctored Exam (Samuel Merit University) Practice Questions - Set 14","maternity-proctored-exam-samuel-merit-university-practice-questions-set-14","50","pillarPages/nursing-test-bank/subPages/SuT1noZoNGEjKGR1vTbi/nestedSubPages/zMFBI0XMiRsJnnXWhL5S/topics/stnDIFRoA0VwLaoxbGv1/quizzes/oAjBKZnnwLQiHj0d3F7v"
"nursing-test-bank","RN Exams","RN Nursing Course Exams","Maternal Newborn","RN Maternal Health 2019 Proctored Exam Practice Questions","rn-maternal-health-2019-proctored-exam-practice-questions","13","pillarPages/nursing-test-bank/subPages/SuT1noZoNGEjKGR1vTbi/nestedSubPages/zMFBI0XMiRsJnnXWhL5S/topics/stnDIFRoA0VwLaoxbGv1/quizzes/uVbaI8HwFItTFbUUezCy"
"nursing-test-bank","RN Exams","RN Nursing Course Exams","Maternal Newborn","Indiana University OB-Maternal Proctored Exam 3 Practice Questions","indiana-university-ob-maternal-proctored-exam-3-practice-questions","45","pillarPages/nursing-test-bank/subPages/SuT1noZoNGEjKGR1vTbi/nestedSubPages/zMFBI0XMiRsJnnXWhL5S/topics/stnDIFRoA0VwLaoxbGv1/quizzes/xAqYLbW5zgx1n5Q6eqhS"
"nursing-test-bank","RN Exams","RN Nursing Course Exams","Maternal Newborn","NURS 4341 Maternal Newborn Proctored Exam Practice Questions - Set 4","nurs-4341-maternal-newborn-proctored-exam-practice-questions-set-4","58","pillarPages/nursing-test-bank/subPages/SuT1noZoNGEjKGR1vTbi/nestedSubPages/zMFBI0XMiRsJnnXWhL5S/topics/stnDIFRoA0VwLaoxbGv1/quizzes/xopwK1PSGrk2XsrRwzM7"
"nursing-test-bank","LPN Exams","LPN Nursing Course Exams","Dosage Calculations","NU 215 Math Competency Proctored Exam Practice Questions","nu-215-math-competency-proctored-exam-practice-questions","19","pillarPages/nursing-test-bank/subPages/z0xzINtS3EohZNaKosBz/nestedSubPages/3K3wv7IGcDcXvSNM9Kxm/topics/0HON8THyW0E7BoW1rSm1/quizzes/4TMyauXMPbEVLtpwe9bo"
"nursing-test-bank","LPN Exams","LPN Nursing Course Exams","Dosage Calculations","Dosage Calculation PN Mental Health Proctored Assessment 3.2 Practice Questions","dosage-calculation-pn-mental-health-proctored-assessment-3-2-practice-questions","35","pillarPages/nursing-test-bank/subPages/z0xzINtS3EohZNaKosBz/nestedSubPages/3K3wv7IGcDcXvSNM9Kxm/topics/0HON8THyW0E7BoW1rSm1/quizzes/CgTWczku10ghIkHGBPjO"
"nursing-test-bank","LPN Exams","LPN Nursing Course Exams","Dosage Calculations","Dosage Calculation PN Maternal Newborn Assessment 3.2 Proctored Exam Practice Questions","dosage-calculation-pn-maternal-newborn-assessment-3-2-proctored-exam-practice-questions","34","pillarPages/nursing-test-bank/subPages/z0xzINtS3EohZNaKosBz/nestedSubPages/3K3wv7IGcDcXvSNM9Kxm/topics/0HON8THyW0E7BoW1rSm1/quizzes/cpGHIoxoDi6Gf9JEe63k"
"nursing-test-bank","LPN Exams","LPN Nursing Course Exams","Medical Surgical","Medical Surgical Nursing Proctored Exam (LPN) Practice Questions","medical-surgical-nursing-proctored-exam-lpn-practice-questions","100","pillarPages/nursing-test-bank/subPages/z0xzINtS3EohZNaKosBz/nestedSubPages/3K3wv7IGcDcXvSNM9Kxm/topics/AlR3KvZbCSZXo21jeLnT/quizzes/NAoU9TDzL0PQhRhP8eWC"
"nursing-test-bank","LPN Exams","LPN Nursing Course Exams","Medical Surgical","LPN Med Surg Proctored Exam Practice Questions","lpn-med-surg-proctored-exam-practice-questions","61","pillarPages/nursing-test-bank/subPages/z0xzINtS3EohZNaKosBz/nestedSubPages/3K3wv7IGcDcXvSNM9Kxm/topics/AlR3KvZbCSZXo21jeLnT/quizzes/r0i9bbqJEBzcWYyMY6K2"
"nursing-test-bank","LPN Exams","LPN Nursing Course Exams","Medical Surgical","Nurs2523 LPN Med Surg Proctored Exam (Durham College) Practice Questions","nurs2523-lpn-med-surg-proctored-exam-durham-college-practice-questions","40","pillarPages/nursing-test-bank/subPages/z0xzINtS3EohZNaKosBz/nestedSubPages/3K3wv7IGcDcXvSNM9Kxm/topics/AlR3KvZbCSZXo21jeLnT/quizzes/zpU6wl4heztM4TCj6U8l"
"nursing-test-bank","LPN Exams","LPN Nursing Course Exams","Leadership","LPN Nursing Leadership Proctored Exam Practice Questions","lpn-nursing-leadership-proctored-exam-practice-questions","40","pillarPages/nursing-test-bank/subPages/z0xzINtS3EohZNaKosBz/nestedSubPages/3K3wv7IGcDcXvSNM9Kxm/topics/Qs5JkdFNyVs8OJ4DIUvf/quizzes/T5eySpwlYDtcpYaIf3ci"
"nursing-test-bank","LPN Exams","LPN Nursing Course Exams","Fundamentals","LPN Fundamentals Nursing Wlpnp1150.N01 Exam 6-10 Proctored Exam (Bucks County College) Practice Questions","lpn-fundamentals-nursing-wlpnp1150-n01-exam-6-10-proctored-exam-bucks-county-college-practice-questions","50","pillarPages/nursing-test-bank/subPages/z0xzINtS3EohZNaKosBz/nestedSubPages/3K3wv7IGcDcXvSNM9Kxm/topics/XKenRdlHMVfdY4Dl99G2/quizzes/C8FWxmku7SBgAdXOIQo5"
"nursing-test-bank","LPN Exams","LPN Nursing Course Exams","Fundamentals","LPN Fundamentals Exam Evolve (Illinois College) Proctored Exam Practice Questions","lpn-fundamentals-exam-evolve-illinois-college-proctored-exam-practice-questions","95","pillarPages/nursing-test-bank/subPages/z0xzINtS3EohZNaKosBz/nestedSubPages/3K3wv7IGcDcXvSNM9Kxm/topics/XKenRdlHMVfdY4Dl99G2/quizzes/CCuGa5bbXg7eb5eJ8euY"
"nursing-test-bank","LPN Exams","LPN Nursing Course Exams","Fundamentals","PN Fundamentals 2023 Proctored Exam Practice Questions","pn-fundamentals-2023-proctored-exam-practice-questions","65","pillarPages/nursing-test-bank/subPages/z0xzINtS3EohZNaKosBz/nestedSubPages/3K3wv7IGcDcXvSNM9Kxm/topics/XKenRdlHMVfdY4Dl99G2/quizzes/D4eNYdqqwvmbKTSSgDUe"
"nursing-test-bank","LPN Exams","LPN Nursing Course Exams","Fundamentals","LPN Nursing 1 Fundamental Proctored Exam (WITCC College) Practice Questions","lpn-nursing-1-fundamental-proctored-exam-witcc-college-practice-questions","47","pillarPages/nursing-test-bank/subPages/z0xzINtS3EohZNaKosBz/nestedSubPages/3K3wv7IGcDcXvSNM9Kxm/topics/XKenRdlHMVfdY4Dl99G2/quizzes/DkO8F3LpiGK1wU6L0S6O"
"nursing-test-bank","LPN Exams","LPN Nursing Course Exams","Fundamentals","PN Fundamentals Proctored Exam Practice Questions","pn-fundamentals-proctored-exam-practice-questions","53","pillarPages/nursing-test-bank/subPages/z0xzINtS3EohZNaKosBz/nestedSubPages/3K3wv7IGcDcXvSNM9Kxm/topics/XKenRdlHMVfdY4Dl99G2/quizzes/OKsL4ido5KXv17aAeHvQ"
"nursing-test-bank","LPN Exams","LPN Nursing Course Exams","Fundamentals","LPN Fundamental Proctored Exam (Basic Nursing) Practice Questions","lpn-fundamental-proctored-exam-basic-nursing-practice-questions","45","pillarPages/nursing-test-bank/subPages/z0xzINtS3EohZNaKosBz/nestedSubPages/3K3wv7IGcDcXvSNM9Kxm/topics/XKenRdlHMVfdY4Dl99G2/quizzes/OnqsiGkiLhHWBo0ZlTLS"
"nursing-test-bank","LPN Exams","LPN Nursing Course Exams","Fundamentals","LPN Fundamentals Proctored Exam (Basic Nursing Final Exam) Practice Questions","lpn-fundamentals-proctored-exam-basic-nursing-final-exam-practice-questions","89","pillarPages/nursing-test-bank/subPages/z0xzINtS3EohZNaKosBz/nestedSubPages/3K3wv7IGcDcXvSNM9Kxm/topics/XKenRdlHMVfdY4Dl99G2/quizzes/RDPfWegRnp00CbxIiGpj"
"nursing-test-bank","LPN Exams","LPN Nursing Course Exams","Fundamentals","LPN Fundamentals Proctored Exam (Basic Nursing) - Set 4 Practice Questions","lpn-fundamentals-proctored-exam-basic-nursing-set-4-practice-questions","50","pillarPages/nursing-test-bank/subPages/z0xzINtS3EohZNaKosBz/nestedSubPages/3K3wv7IGcDcXvSNM9Kxm/topics/XKenRdlHMVfdY4Dl99G2/quizzes/ZAKTIk4iK5WyJRXVXPVv"
"nursing-test-bank","LPN Exams","LPN Nursing Course Exams","Fundamentals","LPN Basic Nursing Proctored Exam (Fundamentals) Practice Questions","lpn-basic-nursing-proctored-exam-fundamentals-practice-questions","26","pillarPages/nursing-test-bank/subPages/z0xzINtS3EohZNaKosBz/nestedSubPages/3K3wv7IGcDcXvSNM9Kxm/topics/XKenRdlHMVfdY4Dl99G2/quizzes/mKvZHuQw9aaNdqJWPjjZ"
"nursing-test-bank","LPN Exams","LPN Nursing Course Exams","Fundamentals","LPN Fundamentals Proctored Exam (Basic Nursing) - Set 2 Practice Questions","lpn-fundamentals-proctored-exam-basic-nursing-set-2-practice-questions","50","pillarPages/nursing-test-bank/subPages/z0xzINtS3EohZNaKosBz/nestedSubPages/3K3wv7IGcDcXvSNM9Kxm/topics/XKenRdlHMVfdY4Dl99G2/quizzes/tSHpzu8EtjcDHeg1jVJH"
"nursing-test-bank","LPN Exams","LPN Nursing Course Exams","Health Assessment","Health Assessment LPN Proctored Exam Practice Questions","health-assessment-lpn-proctored-exam-practice-questions","50","pillarPages/nursing-test-bank/subPages/z0xzINtS3EohZNaKosBz/nestedSubPages/3K3wv7IGcDcXvSNM9Kxm/topics/ZZkcjv41bafusCBaLafv/quizzes/hqm7I9TtDFT1r7yWZgDO"
"nursing-test-bank","LPN Exams","HESI LPN EXAMS","Maternal Newborn","HESI LPN Specialty Maternal Newborn Proctored Exam Practice Questions","hesi-lpn-specialty-maternal-newborn-proctored-exam-practice-questions","61","pillarPages/nursing-test-bank/subPages/z0xzINtS3EohZNaKosBz/nestedSubPages/ToLSmb6DG83NTZWXEJxt/topics/5QNQ1kHttmDRA6VJ1KfS/quizzes/C2HYMsdSZrAzYC9Kzvk1"
"nursing-test-bank","LPN Exams","HESI LPN EXAMS","Fundamentals","HESI LPN Fundamentals Proctored Exam Practice Questions","hesi-lpn-fundamentals-proctored-exam-practice-questions","60","pillarPages/nursing-test-bank/subPages/z0xzINtS3EohZNaKosBz/nestedSubPages/ToLSmb6DG83NTZWXEJxt/topics/HQnTsUWAQtikNnY47O7a/quizzes/QNzeCu0nTev6FEaMmJh9"
"nursing-test-bank","LPN Exams","HESI LPN EXAMS","Fundamentals","HESI LPN Fundamentals Proctored Exam (WGU) Practice Questions","hesi-lpn-fundamentals-proctored-exam-wgu-practice-questions","60","pillarPages/nursing-test-bank/subPages/z0xzINtS3EohZNaKosBz/nestedSubPages/ToLSmb6DG83NTZWXEJxt/topics/HQnTsUWAQtikNnY47O7a/quizzes/nrwknJKYorZ5kHKLUlIh"
"nursing-test-bank","LPN Exams","HESI LPN EXAMS","Capstone","HESI LPN Capstone Proctored Exam Practice Questions","hesi-lpn-capstone-proctored-exam-practice-questions","40","pillarPages/nursing-test-bank/subPages/z0xzINtS3EohZNaKosBz/nestedSubPages/ToLSmb6DG83NTZWXEJxt/topics/XsTO5lZeaMwktqDEY8yE/quizzes/rFACBqHWRv2c6Axg0FbC"
"nursing-test-bank","LPN Exams","HESI LPN EXAMS","Medical Surgical","HESI LPN Specialty Med Surg Proctored Exam Practice Questions","hesi-lpn-specialty-med-surg-proctored-exam-practice-questions","61","pillarPages/nursing-test-bank/subPages/z0xzINtS3EohZNaKosBz/nestedSubPages/ToLSmb6DG83NTZWXEJxt/topics/jD7wUAqBY3cn5ZMToJOK/quizzes/PRcnZ5Q3YWr7P8K7SQya"
"nursing-test-bank","LPN Exams","HESI LPN EXAMS","Pharmacology","HESI LPN Pharmacology Proctored Exam Practice Questions","hesi-lpn-pharmacology-proctored-exam-practice-questions","46","pillarPages/nursing-test-bank/subPages/z0xzINtS3EohZNaKosBz/nestedSubPages/ToLSmb6DG83NTZWXEJxt/topics/kd7EysTYYyAv51SSo8Xd/quizzes/1InjFNPqB9rIzfoGaUcA"
"nursing-test-bank","LPN Exams","ATI LPN Exams","Pharmacology","ATI PN Pharmacology 2020 Proctored Exam Practice Questions - Set 22","ati-pn-pharmacology-2020-proctored-exam-practice-questions-set-22","61","pillarPages/nursing-test-bank/subPages/z0xzINtS3EohZNaKosBz/nestedSubPages/lyrHg4RBzN6UafuymMFT/topics/13a3GLxldltUqhIxNzkr/quizzes/3hQCmuGaoqGhDxN3hSp3"
"nursing-test-bank","LPN Exams","ATI LPN Exams","Pharmacology","ATI PN N113 Pharmacology Proctored Exam Practice Questions","ati-pn-n113-pharmacology-proctored-exam-practice-questions","75","pillarPages/nursing-test-bank/subPages/z0xzINtS3EohZNaKosBz/nestedSubPages/lyrHg4RBzN6UafuymMFT/topics/13a3GLxldltUqhIxNzkr/quizzes/4a4yRaf5JCOew6DwKlmk"
"nursing-test-bank","LPN Exams","ATI LPN Exams","Pharmacology","ATI PN Pharmacology Proctored Exam 2023 Practice Questions - Set 9","ati-pn-pharmacology-proctored-exam-2023-practice-questions-set-9","59","pillarPages/nursing-test-bank/subPages/z0xzINtS3EohZNaKosBz/nestedSubPages/lyrHg4RBzN6UafuymMFT/topics/13a3GLxldltUqhIxNzkr/quizzes/6DxoRy5DR9i1lbGFQJw2"
"nursing-test-bank","LPN Exams","ATI LPN Exams","Pharmacology","ATI PN Pharmacology Proctored Exam Practice Questions - Set 10","ati-pn-pharmacology-proctored-exam-practice-questions-set-10","60","pillarPages/nursing-test-bank/subPages/z0xzINtS3EohZNaKosBz/nestedSubPages/lyrHg4RBzN6UafuymMFT/topics/13a3GLxldltUqhIxNzkr/quizzes/9DQZ5sAHUDawCX6vTEMV"
"nursing-test-bank","LPN Exams","ATI LPN Exams","Pharmacology","ATI PN Pharmacology 2023 Proctored Exam Practice Questions - Set 16","ati-pn-pharmacology-2023-proctored-exam-practice-questions-set-16","45","pillarPages/nursing-test-bank/subPages/z0xzINtS3EohZNaKosBz/nestedSubPages/lyrHg4RBzN6UafuymMFT/topics/13a3GLxldltUqhIxNzkr/quizzes/9oQjSd3IsbjMwPyNGnIN"
"nursing-test-bank","LPN Exams","ATI LPN Exams","Pharmacology","ATI PN Custom Cohert 6 Pharmacology Quiz 2 Proctored Exam Practice Questions","ati-pn-custom-cohert-6-pharmacology-quiz-2-proctored-exam-practice-questions","19","pillarPages/nursing-test-bank/subPages/z0xzINtS3EohZNaKosBz/nestedSubPages/lyrHg4RBzN6UafuymMFT/topics/13a3GLxldltUqhIxNzkr/quizzes/9zBcWtS0UNGrU58IsspB"
"nursing-test-bank","LPN Exams","ATI LPN Exams","Pharmacology","ATI PN NURS 113 Pharmocology Proctored Exam Practice Questions","ati-pn-nurs-113-pharmocology-proctored-exam-practice-questions","76","pillarPages/nursing-test-bank/subPages/z0xzINtS3EohZNaKosBz/nestedSubPages/lyrHg4RBzN6UafuymMFT/topics/13a3GLxldltUqhIxNzkr/quizzes/AKF75cOCQIDXU5cHyKbT"
"nursing-test-bank","LPN Exams","ATI LPN Exams","Pharmacology","ATI PN Pharmacology Safety Proctored Exam Practice Questions","ati-pn-pharmacology-safety-proctored-exam-practice-questions","18","pillarPages/nursing-test-bank/subPages/z0xzINtS3EohZNaKosBz/nestedSubPages/lyrHg4RBzN6UafuymMFT/topics/13a3GLxldltUqhIxNzkr/quizzes/Ce3aVhInLUqsIsZCwVrf"
"nursing-test-bank","LPN Exams","ATI LPN Exams","Pharmacology","ATI PN Pharmacology N113 Proctored Exam Practice Questions","ati-pn-pharmacology-n113-proctored-exam-practice-questions","30","pillarPages/nursing-test-bank/subPages/z0xzINtS3EohZNaKosBz/nestedSubPages/lyrHg4RBzN6UafuymMFT/topics/13a3GLxldltUqhIxNzkr/quizzes/DhMS8Howm4uIPaPfnLMR"
"nursing-test-bank","LPN Exams","ATI LPN Exams","Pharmacology","ATI PN Pharmacology Proctored Exam Practice Questions - Set 1","ati-pn-pharmacology-proctored-exam-practice-questions-set-1","42","pillarPages/nursing-test-bank/subPages/z0xzINtS3EohZNaKosBz/nestedSubPages/lyrHg4RBzN6UafuymMFT/topics/13a3GLxldltUqhIxNzkr/quizzes/E2OK8DPFH7Y5gVVSGWYV"
"nursing-test-bank","LPN Exams","ATI LPN Exams","Pharmacology","ATI PN Pharmacology Proctored Exam Practice Questions - Set 8","ati-pn-pharmacology-proctored-exam-practice-questions-set-8","47","pillarPages/nursing-test-bank/subPages/z0xzINtS3EohZNaKosBz/nestedSubPages/lyrHg4RBzN6UafuymMFT/topics/13a3GLxldltUqhIxNzkr/quizzes/HvGrrrNlu9HoPb78VndH"
"nursing-test-bank","LPN Exams","ATI LPN Exams","Pharmacology","ATI PN Pharmacology Proctored Exam 2023 Retake 1 Practice Questions","ati-pn-pharmacology-proctored-exam-2023-retake-1-practice-questions","57","pillarPages/nursing-test-bank/subPages/z0xzINtS3EohZNaKosBz/nestedSubPages/lyrHg4RBzN6UafuymMFT/topics/13a3GLxldltUqhIxNzkr/quizzes/JcnIXKivUqqfkcnXmTLG"
"nursing-test-bank","LPN Exams","ATI LPN Exams","Pharmacology","ATI PN Custom Pharmacology Cohert 6 Mid Term Remidiation Cloned Assessment 1 Proctored Exam Practice Questions","ati-pn-custom-pharmacology-cohert-6-mid-term-remidiation-cloned-assessment-1-proctored-exam-practice-questions","45","pillarPages/nursing-test-bank/subPages/z0xzINtS3EohZNaKosBz/nestedSubPages/lyrHg4RBzN6UafuymMFT/topics/13a3GLxldltUqhIxNzkr/quizzes/OksLvbuSLMu8JFlyef3r"
"nursing-test-bank","LPN Exams","ATI LPN Exams","Pharmacology","ATI PN Pharmacology Proctored Exam Practice Questions - Set 6","ati-pn-pharmacology-proctored-exam-practice-questions-set-6","76","pillarPages/nursing-test-bank/subPages/z0xzINtS3EohZNaKosBz/nestedSubPages/lyrHg4RBzN6UafuymMFT/topics/13a3GLxldltUqhIxNzkr/quizzes/PN4Npmxl9ZVpOYTeNCwb"
"nursing-test-bank","LPN Exams","ATI LPN Exams","Pharmacology","ATI PN Pharm Quiz Final Proctored Exam Practice Questions","ati-pn-pharm-quiz-final-proctored-exam-practice-questions","28","pillarPages/nursing-test-bank/subPages/z0xzINtS3EohZNaKosBz/nestedSubPages/lyrHg4RBzN6UafuymMFT/topics/13a3GLxldltUqhIxNzkr/quizzes/Vj8OEp1n7vpz17kScr67"
"nursing-test-bank","LPN Exams","ATI LPN Exams","Pharmacology","ATI PN Medication Administration Proctored Exam Practice Questions","ati-pn-medication-administration-proctored-exam-practice-questions","40","pillarPages/nursing-test-bank/subPages/z0xzINtS3EohZNaKosBz/nestedSubPages/lyrHg4RBzN6UafuymMFT/topics/13a3GLxldltUqhIxNzkr/quizzes/W6dclxyw9Q2l4dgiGEmO"
"nursing-test-bank","LPN Exams","ATI LPN Exams","Pharmacology","ATI PN Pharmacology Proctored Exam(Prism Career Institute) Practice Questions","ati-pn-pharmacology-proctored-exam-prism-career-institute-practice-questions","44","pillarPages/nursing-test-bank/subPages/z0xzINtS3EohZNaKosBz/nestedSubPages/lyrHg4RBzN6UafuymMFT/topics/13a3GLxldltUqhIxNzkr/quizzes/kW6OYtW9C6cJJHOmJlee"
"nursing-test-bank","LPN Exams","ATI LPN Exams","Pharmacology","ATI PN Pharmacology 2023 Proctored Exam Practice Questions - Set 4","ati-pn-pharmacology-2023-proctored-exam-practice-questions-set-4","32","pillarPages/nursing-test-bank/subPages/z0xzINtS3EohZNaKosBz/nestedSubPages/lyrHg4RBzN6UafuymMFT/topics/13a3GLxldltUqhIxNzkr/quizzes/l8ZisKRGAim1Akyy6e7Y"
"nursing-test-bank","LPN Exams","ATI LPN Exams","Pharmacology","ATI PN Pharmacology 2020 Proctored Exam 2 Practice Questions","ati-pn-pharmacology-2020-proctored-exam-2-practice-questions","57","pillarPages/nursing-test-bank/subPages/z0xzINtS3EohZNaKosBz/nestedSubPages/lyrHg4RBzN6UafuymMFT/topics/13a3GLxldltUqhIxNzkr/quizzes/lmug906pp1WnG1RzHpyH"
"nursing-test-bank","LPN Exams","ATI LPN Exams","Pharmacology","ATI PN Med Surg Pharm Competence Proctored Exam Practice Questions","ati-pn-med-surg-pharm-competence-proctored-exam-practice-questions","48","pillarPages/nursing-test-bank/subPages/z0xzINtS3EohZNaKosBz/nestedSubPages/lyrHg4RBzN6UafuymMFT/topics/13a3GLxldltUqhIxNzkr/quizzes/nLOUV5dIAekG9wQ9xDlG"
"nursing-test-bank","LPN Exams","ATI LPN Exams","Pharmacology","ATI PN Custom Pharmacology Proctored Exam Practice Questions","ati-pn-custom-pharmacology-proctored-exam-practice-questions","40","pillarPages/nursing-test-bank/subPages/z0xzINtS3EohZNaKosBz/nestedSubPages/lyrHg4RBzN6UafuymMFT/topics/13a3GLxldltUqhIxNzkr/quizzes/q0uzkifZIEm5JBtx5ykI"
"nursing-test-bank","LPN Exams","ATI LPN Exams","Pharmacology","ATI PN Pharmacology Herzing University Proctored Exam Practice Questions","ati-pn-pharmacology-herzing-university-proctored-exam-practice-questions","43","pillarPages/nursing-test-bank/subPages/z0xzINtS3EohZNaKosBz/nestedSubPages/lyrHg4RBzN6UafuymMFT/topics/13a3GLxldltUqhIxNzkr/quizzes/vrQgsIZ3IomsauwF6bio"
"nursing-test-bank","LPN Exams","ATI LPN Exams","Pharmacology","ATI PN Pharmacology Quiz Proctored Exam Practice Questions - Set 15","ati-pn-pharmacology-quiz-proctored-exam-practice-questions-set-15","45","pillarPages/nursing-test-bank/subPages/z0xzINtS3EohZNaKosBz/nestedSubPages/lyrHg4RBzN6UafuymMFT/topics/13a3GLxldltUqhIxNzkr/quizzes/z6xisZWREuOGsceZ8fjN"
"nursing-test-bank","LPN Exams","ATI LPN Exams","Fundamentals","ATI PN Fundamentals Updated 2023 Proctored Exam Practice Questions - Set 45","ati-pn-fundamentals-updated-2023-proctored-exam-practice-questions-set-45","41","pillarPages/nursing-test-bank/subPages/z0xzINtS3EohZNaKosBz/nestedSubPages/lyrHg4RBzN6UafuymMFT/topics/1Lb0PkKiTEM2wQOIMDtv/quizzes/04tkBh095f9AeQ2hTlU0"
"nursing-test-bank","LPN Exams","ATI LPN Exams","Fundamentals","ATI PN Advanced Concept Quiz Proctored Exam Practice Questions","ati-pn-advanced-concept-quiz-proctored-exam-practice-questions","65","pillarPages/nursing-test-bank/subPages/z0xzINtS3EohZNaKosBz/nestedSubPages/lyrHg4RBzN6UafuymMFT/topics/1Lb0PkKiTEM2wQOIMDtv/quizzes/0IapczOwzJSEcMSutZR5"
"nursing-test-bank","LPN Exams","ATI LPN Exams","Fundamentals","ATI PN Fundamentals Proctored Exam Practice Questions - Set 30","ati-pn-fundamentals-proctored-exam-practice-questions-set-30","68","pillarPages/nursing-test-bank/subPages/z0xzINtS3EohZNaKosBz/nestedSubPages/lyrHg4RBzN6UafuymMFT/topics/1Lb0PkKiTEM2wQOIMDtv/quizzes/1BzcBPnKcELBeHI4oKg8"
"nursing-test-bank","LPN Exams","ATI LPN Exams","Fundamentals","ATI PN Fundamentals Proctored Exam 7 Practice Questions","ati-pn-fundamentals-proctored-exam-7-practice-questions","46","pillarPages/nursing-test-bank/subPages/z0xzINtS3EohZNaKosBz/nestedSubPages/lyrHg4RBzN6UafuymMFT/topics/1Lb0PkKiTEM2wQOIMDtv/quizzes/1L3DvGuMj0wSR3XFcWGI"
"nursing-test-bank","LPN Exams","ATI LPN Exams","Fundamentals","ATI PN Fundamentals Proctored Exam Practice Questions - Set 36","ati-pn-fundamentals-proctored-exam-practice-questions-set-36","42","pillarPages/nursing-test-bank/subPages/z0xzINtS3EohZNaKosBz/nestedSubPages/lyrHg4RBzN6UafuymMFT/topics/1Lb0PkKiTEM2wQOIMDtv/quizzes/3KaKOwVk7QtaAffXUy7q"
"nursing-test-bank","LPN Exams","ATI LPN Exams","Fundamentals","ATI PN Ns 117 Fundamentals Proctored Exam Practice Questions","ati-pn-ns-117-fundamentals-proctored-exam-practice-questions","44","pillarPages/nursing-test-bank/subPages/z0xzINtS3EohZNaKosBz/nestedSubPages/lyrHg4RBzN6UafuymMFT/topics/1Lb0PkKiTEM2wQOIMDtv/quizzes/6wTQNhbMPPezMShrgFpx"
"nursing-test-bank","LPN Exams","ATI LPN Exams","Fundamentals","ATI PN Fundamentals Proctored Exam II Practice Questions","ati-pn-fundamentals-proctored-exam-ii-practice-questions","46","pillarPages/nursing-test-bank/subPages/z0xzINtS3EohZNaKosBz/nestedSubPages/lyrHg4RBzN6UafuymMFT/topics/1Lb0PkKiTEM2wQOIMDtv/quizzes/735MCl6VWvWceXcBvU3I"
"nursing-test-bank","LPN Exams","ATI LPN Exams","Fundamentals","ATI PN Fundamentals Proctored Exam 1 Practice Questions - Set 44","ati-pn-fundamentals-proctored-exam-1-practice-questions-set-44","59","pillarPages/nursing-test-bank/subPages/z0xzINtS3EohZNaKosBz/nestedSubPages/lyrHg4RBzN6UafuymMFT/topics/1Lb0PkKiTEM2wQOIMDtv/quizzes/9RcANbQcqCRyd1l38hNz"
"nursing-test-bank","LPN Exams","ATI LPN Exams","Fundamentals","ATI PN Critical Thinking Proctored Exam Practice Questions - Set 20","ati-pn-critical-thinking-proctored-exam-practice-questions-set-20","42","pillarPages/nursing-test-bank/subPages/z0xzINtS3EohZNaKosBz/nestedSubPages/lyrHg4RBzN6UafuymMFT/topics/1Lb0PkKiTEM2wQOIMDtv/quizzes/A29askX7kpjZw2xiiloN"
"nursing-test-bank","LPN Exams","ATI LPN Exams","Fundamentals","ATI PN Fundamentals 2023 Proctored Exam Practice Questions - Set 37","ati-pn-fundamentals-2023-proctored-exam-practice-questions-set-37","54","pillarPages/nursing-test-bank/subPages/z0xzINtS3EohZNaKosBz/nestedSubPages/lyrHg4RBzN6UafuymMFT/topics/1Lb0PkKiTEM2wQOIMDtv/quizzes/A2f9bV7LOePqEHlSWK16"
"nursing-test-bank","LPN Exams","ATI LPN Exams","Fundamentals","ATI PN Fundamentals Proctored Exam Practice Questions - Set 25","ati-pn-fundamentals-proctored-exam-practice-questions-set-25","55","pillarPages/nursing-test-bank/subPages/z0xzINtS3EohZNaKosBz/nestedSubPages/lyrHg4RBzN6UafuymMFT/topics/1Lb0PkKiTEM2wQOIMDtv/quizzes/BJ7s3mpeENRUSHEYVxgI"
"nursing-test-bank","LPN Exams","ATI LPN Exams","Fundamentals","ATI PN Nus 117 Fundamentals Proctored Exam Practice Questions","ati-pn-nus-117-fundamentals-proctored-exam-practice-questions","48","pillarPages/nursing-test-bank/subPages/z0xzINtS3EohZNaKosBz/nestedSubPages/lyrHg4RBzN6UafuymMFT/topics/1Lb0PkKiTEM2wQOIMDtv/quizzes/CoPMA1ynkUYLTXT3nQhY"
"nursing-test-bank","LPN Exams","ATI LPN Exams","Fundamentals","ATI PN Concepts of Nursing Proctored Exam Practice Questions","ati-pn-concepts-of-nursing-proctored-exam-practice-questions","67","pillarPages/nursing-test-bank/subPages/z0xzINtS3EohZNaKosBz/nestedSubPages/lyrHg4RBzN6UafuymMFT/topics/1Lb0PkKiTEM2wQOIMDtv/quizzes/DCePwWGcZV9G8wAm2Jrr"
"nursing-test-bank","LPN Exams","ATI LPN Exams","Fundamentals","ATI PN NURS 120 PN Mobility Proctored Exam 3 Practice Questions","ati-pn-nurs-120-pn-mobility-proctored-exam-3-practice-questions","38","pillarPages/nursing-test-bank/subPages/z0xzINtS3EohZNaKosBz/nestedSubPages/lyrHg4RBzN6UafuymMFT/topics/1Lb0PkKiTEM2wQOIMDtv/quizzes/DM9U1uXK0Y3U3OVt00rz"
"nursing-test-bank","LPN Exams","ATI LPN Exams","Fundamentals","ATI PN Fundamentals III Proctored Exam Practice Questions","ati-pn-fundamentals-iii-proctored-exam-practice-questions","43","pillarPages/nursing-test-bank/subPages/z0xzINtS3EohZNaKosBz/nestedSubPages/lyrHg4RBzN6UafuymMFT/topics/1Lb0PkKiTEM2wQOIMDtv/quizzes/DbhayhY7uht7de0iSn6I"
"nursing-test-bank","LPN Exams","ATI LPN Exams","Fundamentals","ATI PN N117 Fundamentals Proctored Exam Practice Questions","ati-pn-n117-fundamentals-proctored-exam-practice-questions","46","pillarPages/nursing-test-bank/subPages/z0xzINtS3EohZNaKosBz/nestedSubPages/lyrHg4RBzN6UafuymMFT/topics/1Lb0PkKiTEM2wQOIMDtv/quizzes/EUAZmJeBUGcSvTqpiqlx"
"nursing-test-bank","LPN Exams","ATI LPN Exams","Fundamentals","ATI PN Fundamentals Proctored Exam Practice Questions - Set 24","ati-pn-fundamentals-proctored-exam-practice-questions-set-24","48","pillarPages/nursing-test-bank/subPages/z0xzINtS3EohZNaKosBz/nestedSubPages/lyrHg4RBzN6UafuymMFT/topics/1Lb0PkKiTEM2wQOIMDtv/quizzes/G7jPHQXTTSLetFk9erPy"
"nursing-test-bank","LPN Exams","ATI LPN Exams","Fundamentals","ATI PN Fundamentals of Nursing 2020 with NGN Proctored Exam 2 Practice Questions","ati-pn-fundamentals-of-nursing-2020-with-ngn-proctored-exam-2-practice-questions","49","pillarPages/nursing-test-bank/subPages/z0xzINtS3EohZNaKosBz/nestedSubPages/lyrHg4RBzN6UafuymMFT/topics/1Lb0PkKiTEM2wQOIMDtv/quizzes/G8kKvSJ7k0sM5KLN6ahp"
"nursing-test-bank","LPN Exams","ATI LPN Exams","Fundamentals","ATI PN Fundamentals Test Ch 789 Caole Proctored Exam Practice Questions","ati-pn-fundamentals-test-ch-789-caole-proctored-exam-practice-questions","50","pillarPages/nursing-test-bank/subPages/z0xzINtS3EohZNaKosBz/nestedSubPages/lyrHg4RBzN6UafuymMFT/topics/1Lb0PkKiTEM2wQOIMDtv/quizzes/GI7EbXV8njb58zKwjCHn"
"nursing-test-bank","LPN Exams","ATI LPN Exams","Fundamentals","ATI PN Fundamentals 2023 Proctored Exam Practice Questions - Set 41","ati-pn-fundamentals-2023-proctored-exam-practice-questions-set-41","51","pillarPages/nursing-test-bank/subPages/z0xzINtS3EohZNaKosBz/nestedSubPages/lyrHg4RBzN6UafuymMFT/topics/1Lb0PkKiTEM2wQOIMDtv/quizzes/Ho1gPoQD99ZfsHz9fula"
"nursing-test-bank","LPN Exams","ATI LPN Exams","Fundamentals","ATI PN Fundamentals Proctored Exam Practice Questions - Set 15","ati-pn-fundamentals-proctored-exam-practice-questions-set-15","68","pillarPages/nursing-test-bank/subPages/z0xzINtS3EohZNaKosBz/nestedSubPages/lyrHg4RBzN6UafuymMFT/topics/1Lb0PkKiTEM2wQOIMDtv/quizzes/IdIZsiRiUM6cFnrl7ThA"
"nursing-test-bank","LPN Exams","ATI LPN Exams","Fundamentals","ATI PN Fundamentals Proctored Exam(Stress, Coping, Neuro) Practice Questions","ati-pn-fundamentals-proctored-exam-stress-coping-neuro-practice-questions","43","pillarPages/nursing-test-bank/subPages/z0xzINtS3EohZNaKosBz/nestedSubPages/lyrHg4RBzN6UafuymMFT/topics/1Lb0PkKiTEM2wQOIMDtv/quizzes/K9aKhAOBFieNOKGQQD73"
"nursing-test-bank","LPN Exams","ATI LPN Exams","Fundamentals","ATI PN Fundamentals Proctored Exam Practice Questions - Set 3","ati-pn-fundamentals-proctored-exam-practice-questions-set-3","45","pillarPages/nursing-test-bank/subPages/z0xzINtS3EohZNaKosBz/nestedSubPages/lyrHg4RBzN6UafuymMFT/topics/1Lb0PkKiTEM2wQOIMDtv/quizzes/PaeqgsNJglJvjEtTWC56"
"nursing-test-bank","LPN Exams","ATI LPN Exams","Fundamentals","ATI PN Fundamentals 2023 Proctored Exam 4 Practice Questions","ati-pn-fundamentals-2023-proctored-exam-4-practice-questions","70","pillarPages/nursing-test-bank/subPages/z0xzINtS3EohZNaKosBz/nestedSubPages/lyrHg4RBzN6UafuymMFT/topics/1Lb0PkKiTEM2wQOIMDtv/quizzes/RJEXoZPLCcRUHsHdsrLY"
"nursing-test-bank","LPN Exams","ATI LPN Exams","Fundamentals","ATI PN NUR 213 Lifespan Proctored Final Exam Practice Questions","ati-pn-nur-213-lifespan-proctored-final-exam-practice-questions","52","pillarPages/nursing-test-bank/subPages/z0xzINtS3EohZNaKosBz/nestedSubPages/lyrHg4RBzN6UafuymMFT/topics/1Lb0PkKiTEM2wQOIMDtv/quizzes/SijPzAdye4UzENP8oVje"
"nursing-test-bank","LPN Exams","ATI LPN Exams","Fundamentals","ATI PN Fundamentals Proctored Exam Practice Questions - Set 9","ati-pn-fundamentals-proctored-exam-practice-questions-set-9","40","pillarPages/nursing-test-bank/subPages/z0xzINtS3EohZNaKosBz/nestedSubPages/lyrHg4RBzN6UafuymMFT/topics/1Lb0PkKiTEM2wQOIMDtv/quizzes/Sm4h5j6AulICJ2bJ3Nfg"
"nursing-test-bank","LPN Exams","ATI LPN Exams","Fundamentals","ATI PN Fundamental Proctored Exam - Paredes Practice Questions","ati-pn-fundamental-proctored-exam-paredes-practice-questions","50","pillarPages/nursing-test-bank/subPages/z0xzINtS3EohZNaKosBz/nestedSubPages/lyrHg4RBzN6UafuymMFT/topics/1Lb0PkKiTEM2wQOIMDtv/quizzes/T82zzVLXTHRqqJ3VV7jJ"
"nursing-test-bank","LPN Exams","ATI LPN Exams","Fundamentals","ATI PN Nursing Process Proctored Exam Practice Questions","ati-pn-nursing-process-proctored-exam-practice-questions","59","pillarPages/nursing-test-bank/subPages/z0xzINtS3EohZNaKosBz/nestedSubPages/lyrHg4RBzN6UafuymMFT/topics/1Lb0PkKiTEM2wQOIMDtv/quizzes/Uc4nhMTbtjxwQqXAb7lf"
"nursing-test-bank","LPN Exams","ATI LPN Exams","Fundamentals","ATI PN Fundamentals of Nursing Proctored Exam Practice Questions","ati-pn-fundamentals-of-nursing-proctored-exam-practice-questions","46","pillarPages/nursing-test-bank/subPages/z0xzINtS3EohZNaKosBz/nestedSubPages/lyrHg4RBzN6UafuymMFT/topics/1Lb0PkKiTEM2wQOIMDtv/quizzes/VFt5wT4m1CJIifuxcPWC"
"nursing-test-bank","LPN Exams","ATI LPN Exams","Fundamentals","ATI PN Med Math Proctored Exam Practice Questions","ati-pn-med-math-proctored-exam-practice-questions","50","pillarPages/nursing-test-bank/subPages/z0xzINtS3EohZNaKosBz/nestedSubPages/lyrHg4RBzN6UafuymMFT/topics/1Lb0PkKiTEM2wQOIMDtv/quizzes/WOA7inQuYA33ri9ToFjr"
"nursing-test-bank","LPN Exams","ATI LPN Exams","Fundamentals","ATI PN Fundamentals 2023 Proctored Exam 2 Practice Questions","ati-pn-fundamentals-2023-proctored-exam-2-practice-questions","59","pillarPages/nursing-test-bank/subPages/z0xzINtS3EohZNaKosBz/nestedSubPages/lyrHg4RBzN6UafuymMFT/topics/1Lb0PkKiTEM2wQOIMDtv/quizzes/WoggYqZ0CJ0C0L0mxuky"
"nursing-test-bank","LPN Exams","ATI LPN Exams","Fundamentals","ATI PN Custom Fundamentals Ch 38 Liz Proctored Exam Practice Questions","ati-pn-custom-fundamentals-ch-38-liz-proctored-exam-practice-questions","53","pillarPages/nursing-test-bank/subPages/z0xzINtS3EohZNaKosBz/nestedSubPages/lyrHg4RBzN6UafuymMFT/topics/1Lb0PkKiTEM2wQOIMDtv/quizzes/X8WkUFSm41p8yIKjNEH2"
"nursing-test-bank","LPN Exams","ATI LPN Exams","Fundamentals","ATI PN Fundamentals Proctored Exam Practice Questions - Set 12","ati-pn-fundamentals-proctored-exam-practice-questions-set-12","45","pillarPages/nursing-test-bank/subPages/z0xzINtS3EohZNaKosBz/nestedSubPages/lyrHg4RBzN6UafuymMFT/topics/1Lb0PkKiTEM2wQOIMDtv/quizzes/XCQ7ZCd8IEL8KiBKCe32"
"nursing-test-bank","LPN Exams","ATI LPN Exams","Fundamentals","ATI PN Fundamentals 2023 Proctored Exam Practice Questions - Set 10","ati-pn-fundamentals-2023-proctored-exam-practice-questions-set-10","69","pillarPages/nursing-test-bank/subPages/z0xzINtS3EohZNaKosBz/nestedSubPages/lyrHg4RBzN6UafuymMFT/topics/1Lb0PkKiTEM2wQOIMDtv/quizzes/Xk13AzH7xPn0Kuu7Cays"
"nursing-test-bank","LPN Exams","ATI LPN Exams","Fundamentals","ATI PN Fundamentals 2020 NGN Proctored Exam 1 Practice Questions - Set 48","ati-pn-fundamentals-2020-ngn-proctored-exam-1-practice-questions-set-48","51","pillarPages/nursing-test-bank/subPages/z0xzINtS3EohZNaKosBz/nestedSubPages/lyrHg4RBzN6UafuymMFT/topics/1Lb0PkKiTEM2wQOIMDtv/quizzes/YlGl3WgyzCp7iLZSXQC3"
"nursing-test-bank","LPN Exams","ATI LPN Exams","Fundamentals","ATI PN Nurse Teaching Proctored Exam Practice Questions","ati-pn-nurse-teaching-proctored-exam-practice-questions","58","pillarPages/nursing-test-bank/subPages/z0xzINtS3EohZNaKosBz/nestedSubPages/lyrHg4RBzN6UafuymMFT/topics/1Lb0PkKiTEM2wQOIMDtv/quizzes/ZkRdmAAqHlQhXUxl8YUQ"
"nursing-test-bank","LPN Exams","ATI LPN Exams","Fundamentals","ATI PN Fundamentals 2020 with NGN Proctored Exam Practice Questions","ati-pn-fundamentals-2020-with-ngn-proctored-exam-practice-questions","41","pillarPages/nursing-test-bank/subPages/z0xzINtS3EohZNaKosBz/nestedSubPages/lyrHg4RBzN6UafuymMFT/topics/1Lb0PkKiTEM2wQOIMDtv/quizzes/c9oW9NYlen4KkGTouwol"
"nursing-test-bank","LPN Exams","ATI LPN Exams","Fundamentals","ATI PN NURS 112 Fundamentals Proctored Exam Practice Questions","ati-pn-nurs-112-fundamentals-proctored-exam-practice-questions","107","pillarPages/nursing-test-bank/subPages/z0xzINtS3EohZNaKosBz/nestedSubPages/lyrHg4RBzN6UafuymMFT/topics/1Lb0PkKiTEM2wQOIMDtv/quizzes/ccko4r8Gl1ODOeHTrJnw"
"nursing-test-bank","LPN Exams","ATI LPN Exams","Fundamentals","ATI PN Fundamentals Proctored Exam Practice Questions - Set 5","ati-pn-fundamentals-proctored-exam-practice-questions-set-5","94","pillarPages/nursing-test-bank/subPages/z0xzINtS3EohZNaKosBz/nestedSubPages/lyrHg4RBzN6UafuymMFT/topics/1Lb0PkKiTEM2wQOIMDtv/quizzes/d1OaRKYuuSLD6vF22aqC"
"nursing-test-bank","LPN Exams","ATI LPN Exams","Fundamentals","ATI PN Fundamentals Proctored Exam Practice Questions - Set 34","ati-pn-fundamentals-proctored-exam-practice-questions-set-34","46","pillarPages/nursing-test-bank/subPages/z0xzINtS3EohZNaKosBz/nestedSubPages/lyrHg4RBzN6UafuymMFT/topics/1Lb0PkKiTEM2wQOIMDtv/quizzes/eH6kuY8wgOrznZrLswnu"
"nursing-test-bank","LPN Exams","ATI LPN Exams","Fundamentals","ATI PN Fundamentals Chapter 28 Proctored Exam Practice Questions","ati-pn-fundamentals-chapter-28-proctored-exam-practice-questions","49","pillarPages/nursing-test-bank/subPages/z0xzINtS3EohZNaKosBz/nestedSubPages/lyrHg4RBzN6UafuymMFT/topics/1Lb0PkKiTEM2wQOIMDtv/quizzes/hU7TpdW79EpxoI5d0jTD"
"nursing-test-bank","LPN Exams","ATI LPN Exams","Fundamentals","ATI PN Foundation of Nursing FA25 Proctored Exam Practice Questions","ati-pn-foundation-of-nursing-fa25-proctored-exam-practice-questions","50","pillarPages/nursing-test-bank/subPages/z0xzINtS3EohZNaKosBz/nestedSubPages/lyrHg4RBzN6UafuymMFT/topics/1Lb0PkKiTEM2wQOIMDtv/quizzes/jToC2SK2xdWxRQM4SukT"
"nursing-test-bank","LPN Exams","ATI LPN Exams","Fundamentals","ATI PN Foundation of Nursing Proctored Exam (Chapter 7 8,10 11) Practice Questions","ati-pn-foundation-of-nursing-proctored-exam-chapter-7-8-10-11-practice-questions","50","pillarPages/nursing-test-bank/subPages/z0xzINtS3EohZNaKosBz/nestedSubPages/lyrHg4RBzN6UafuymMFT/topics/1Lb0PkKiTEM2wQOIMDtv/quizzes/kVprTJv9FxUqPtvGW03Q"
"nursing-test-bank","LPN Exams","ATI LPN Exams","Fundamentals","ATI PN Fundamentals 2023 Proctored Exam Practice Questions - Set 31","ati-pn-fundamentals-2023-proctored-exam-practice-questions-set-31","58","pillarPages/nursing-test-bank/subPages/z0xzINtS3EohZNaKosBz/nestedSubPages/lyrHg4RBzN6UafuymMFT/topics/1Lb0PkKiTEM2wQOIMDtv/quizzes/lwdohHRSG8YNgZ4jMGVd"
"nursing-test-bank","LPN Exams","ATI LPN Exams","Fundamentals","ATI PN Fundamentals Proctored Exam Practice Questions - Set 17","ati-pn-fundamentals-proctored-exam-practice-questions-set-17","44","pillarPages/nursing-test-bank/subPages/z0xzINtS3EohZNaKosBz/nestedSubPages/lyrHg4RBzN6UafuymMFT/topics/1Lb0PkKiTEM2wQOIMDtv/quizzes/mHMJObpeP8v8f8Ib0zjM"
"nursing-test-bank","LPN Exams","ATI LPN Exams","Fundamentals","ATI PN Fundamentals Proctored Exam Practice Questions - Set 23","ati-pn-fundamentals-proctored-exam-practice-questions-set-23","49","pillarPages/nursing-test-bank/subPages/z0xzINtS3EohZNaKosBz/nestedSubPages/lyrHg4RBzN6UafuymMFT/topics/1Lb0PkKiTEM2wQOIMDtv/quizzes/oh5GUsT6JWnYtB2lQieB"
"nursing-test-bank","LPN Exams","ATI LPN Exams","Fundamentals","ATI PN Fundamentals Proctored Exam(Mobility) Practice Questions","ati-pn-fundamentals-proctored-exam-mobility-practice-questions","40","pillarPages/nursing-test-bank/subPages/z0xzINtS3EohZNaKosBz/nestedSubPages/lyrHg4RBzN6UafuymMFT/topics/1Lb0PkKiTEM2wQOIMDtv/quizzes/p2D1OzqUdT41JKmOtad2"
"nursing-test-bank","LPN Exams","ATI LPN Exams","Fundamentals","ATI PN NS117 T Winter 2023 Monroe College NY PN Fundamental of Nursing Proctored Exam 2 Practice Questions","ati-pn-ns117-t-winter-2023-monroe-college-ny-pn-fundamental-of-nursing-proctored-exam-2-practice-questions","43","pillarPages/nursing-test-bank/subPages/z0xzINtS3EohZNaKosBz/nestedSubPages/lyrHg4RBzN6UafuymMFT/topics/1Lb0PkKiTEM2wQOIMDtv/quizzes/tCeCbRaHkqGLU6WTJjMp"
"nursing-test-bank","LPN Exams","ATI LPN Exams","Fundamentals","ATI PN Fundamental Proctored Exam Practice Questions","ati-pn-fundamental-proctored-exam-practice-questions","48","pillarPages/nursing-test-bank/subPages/z0xzINtS3EohZNaKosBz/nestedSubPages/lyrHg4RBzN6UafuymMFT/topics/1Lb0PkKiTEM2wQOIMDtv/quizzes/tpsESEn4y9wZLGWMgN4j"
"nursing-test-bank","LPN Exams","ATI LPN Exams","Fundamentals","ATI PN Fundamentals - Safety and Mobility Proctored Exam Practice Questions","ati-pn-fundamentals-safety-and-mobility-proctored-exam-practice-questions","24","pillarPages/nursing-test-bank/subPages/z0xzINtS3EohZNaKosBz/nestedSubPages/lyrHg4RBzN6UafuymMFT/topics/1Lb0PkKiTEM2wQOIMDtv/quizzes/uENMZSvrCzflOTfMcY9L"
"nursing-test-bank","LPN Exams","ATI LPN Exams","Fundamentals","ATI PN Fundamentals Proctored Exam Practice Questions - Set 19","ati-pn-fundamentals-proctored-exam-practice-questions-set-19","49","pillarPages/nursing-test-bank/subPages/z0xzINtS3EohZNaKosBz/nestedSubPages/lyrHg4RBzN6UafuymMFT/topics/1Lb0PkKiTEM2wQOIMDtv/quizzes/uoxy4WBqFOdL9HU25NWc"
"nursing-test-bank","LPN Exams","ATI LPN Exams","Fundamentals","ATI PN Fundamentals Proctored Exam Chapter 34 Practice Questions","ati-pn-fundamentals-proctored-exam-chapter-34-practice-questions","46","pillarPages/nursing-test-bank/subPages/z0xzINtS3EohZNaKosBz/nestedSubPages/lyrHg4RBzN6UafuymMFT/topics/1Lb0PkKiTEM2wQOIMDtv/quizzes/uq1dKGEkWhuxqm6IVc2q"
"nursing-test-bank","LPN Exams","ATI LPN Exams","Fundamentals","ATI PN Fundamentals Proctored Exam I Practice Questions","ati-pn-fundamentals-proctored-exam-i-practice-questions","39","pillarPages/nursing-test-bank/subPages/z0xzINtS3EohZNaKosBz/nestedSubPages/lyrHg4RBzN6UafuymMFT/topics/1Lb0PkKiTEM2wQOIMDtv/quizzes/v8M8Ba1KJl6YTun0oJCI"
"nursing-test-bank","LPN Exams","ATI LPN Exams","Fundamentals","ATI PN Fundamentals Proctored Exam2 Practice Questions","ati-pn-fundamentals-proctored-exam2-practice-questions","46","pillarPages/nursing-test-bank/subPages/z0xzINtS3EohZNaKosBz/nestedSubPages/lyrHg4RBzN6UafuymMFT/topics/1Lb0PkKiTEM2wQOIMDtv/quizzes/wa5Jp6ujDvXA9ZegqCY3"
"nursing-test-bank","LPN Exams","ATI LPN Exams","Fundamentals","ATI PN Fundamentals Proctored Exam Practice Questions - Set 35","ati-pn-fundamentals-proctored-exam-practice-questions-set-35","44","pillarPages/nursing-test-bank/subPages/z0xzINtS3EohZNaKosBz/nestedSubPages/lyrHg4RBzN6UafuymMFT/topics/1Lb0PkKiTEM2wQOIMDtv/quizzes/whQvOHGTCVmHlLY1avhB"
"nursing-test-bank","LPN Exams","ATI LPN Exams","Health Assessment","ATI PN Fundamentals Physical Assessment Proctored Exam Practice Questions","ati-pn-fundamentals-physical-assessment-proctored-exam-practice-questions","46","pillarPages/nursing-test-bank/subPages/z0xzINtS3EohZNaKosBz/nestedSubPages/lyrHg4RBzN6UafuymMFT/topics/1zv1nip2mGFGPqP308fX/quizzes/5iIc2uLYXKnts3Upbx9l"
"nursing-test-bank","LPN Exams","ATI LPN Exams","Mental Health","ATI PN Mental Health Proctored Exam Practice Questions - Set 18","ati-pn-mental-health-proctored-exam-practice-questions-set-18","25","pillarPages/nursing-test-bank/subPages/z0xzINtS3EohZNaKosBz/nestedSubPages/lyrHg4RBzN6UafuymMFT/topics/6i5h4wWlOfz4R8huNTkC/quizzes/0XWKxkayJ6Z3kVf3raA0"
"nursing-test-bank","LPN Exams","ATI LPN Exams","Mental Health","ATI PN Mental Health Proctored Exam 2023 Practice Questions - Set 10","ati-pn-mental-health-proctored-exam-2023-practice-questions-set-10","35","pillarPages/nursing-test-bank/subPages/z0xzINtS3EohZNaKosBz/nestedSubPages/lyrHg4RBzN6UafuymMFT/topics/6i5h4wWlOfz4R8huNTkC/quizzes/2fG2uGhn6fyk67ZYFnah"
"nursing-test-bank","LPN Exams","ATI LPN Exams","Mental Health","ATI PN Mental Health Eastern Suffolk College 2 Pn2 2023 Proctored Exam Practice Questions","ati-pn-mental-health-eastern-suffolk-college-2-pn2-2023-proctored-exam-practice-questions","44","pillarPages/nursing-test-bank/subPages/z0xzINtS3EohZNaKosBz/nestedSubPages/lyrHg4RBzN6UafuymMFT/topics/6i5h4wWlOfz4R8huNTkC/quizzes/3ToqhBNk6pkxlJ24XZp2"
"nursing-test-bank","LPN Exams","ATI LPN Exams","Mental Health","ATI PN Mental Health Proctored Exam 2023 Practice Questions - Set 12","ati-pn-mental-health-proctored-exam-2023-practice-questions-set-12","54","pillarPages/nursing-test-bank/subPages/z0xzINtS3EohZNaKosBz/nestedSubPages/lyrHg4RBzN6UafuymMFT/topics/6i5h4wWlOfz4R8huNTkC/quizzes/87iwgbc9j81OVcednIg7"
"nursing-test-bank","LPN Exams","ATI LPN Exams","Mental Health","ATI PN Mental Health Level 2 Proctored Exam Practice Questions","ati-pn-mental-health-level-2-proctored-exam-practice-questions","45","pillarPages/nursing-test-bank/subPages/z0xzINtS3EohZNaKosBz/nestedSubPages/lyrHg4RBzN6UafuymMFT/topics/6i5h4wWlOfz4R8huNTkC/quizzes/8ppu0jtadX0VDJp7tVoG"
"nursing-test-bank","LPN Exams","ATI LPN Exams","Mental Health","ATI PN Mental Health Proctored Exam 2023 II Practice Questions","ati-pn-mental-health-proctored-exam-2023-ii-practice-questions","58","pillarPages/nursing-test-bank/subPages/z0xzINtS3EohZNaKosBz/nestedSubPages/lyrHg4RBzN6UafuymMFT/topics/6i5h4wWlOfz4R8huNTkC/quizzes/BeTl4ra87exPAxeEb4d2"
"nursing-test-bank","LPN Exams","ATI LPN Exams","Mental Health","ATI PN Mental Health Proctored Exam Practice Questions - Set 6","ati-pn-mental-health-proctored-exam-practice-questions-set-6","47","pillarPages/nursing-test-bank/subPages/z0xzINtS3EohZNaKosBz/nestedSubPages/lyrHg4RBzN6UafuymMFT/topics/6i5h4wWlOfz4R8huNTkC/quizzes/D7Gmvl2j5bTkFaVU4erQ"
"nursing-test-bank","LPN Exams","ATI LPN Exams","Mental Health","ATI PN Mental Health Pm 2023 Proctored Exam Practice Questions","ati-pn-mental-health-pm-2023-proctored-exam-practice-questions","95","pillarPages/nursing-test-bank/subPages/z0xzINtS3EohZNaKosBz/nestedSubPages/lyrHg4RBzN6UafuymMFT/topics/6i5h4wWlOfz4R8huNTkC/quizzes/DiyiF8v7njjgNDS3fIUy"
"nursing-test-bank","LPN Exams","ATI LPN Exams","Mental Health","ATI PN Mental Health Proctored Exam Practice Questions - Set 20","ati-pn-mental-health-proctored-exam-practice-questions-set-20","50","pillarPages/nursing-test-bank/subPages/z0xzINtS3EohZNaKosBz/nestedSubPages/lyrHg4RBzN6UafuymMFT/topics/6i5h4wWlOfz4R8huNTkC/quizzes/EfV4aTuYMVOaoBvfUZFW"
"nursing-test-bank","LPN Exams","ATI LPN Exams","Mental Health","ATI PN Mental Health 2023 Proctored Exam Practice Questions - Set 16","ati-pn-mental-health-2023-proctored-exam-practice-questions-set-16","50","pillarPages/nursing-test-bank/subPages/z0xzINtS3EohZNaKosBz/nestedSubPages/lyrHg4RBzN6UafuymMFT/topics/6i5h4wWlOfz4R8huNTkC/quizzes/Fd4CUWFrC0EHRcUrIpx4"
"nursing-test-bank","LPN Exams","ATI LPN Exams","Mental Health","ATI PN Mental Health Level 4 Proctored Exam Practice Questions - Set 9","ati-pn-mental-health-level-4-proctored-exam-practice-questions-set-9","39","pillarPages/nursing-test-bank/subPages/z0xzINtS3EohZNaKosBz/nestedSubPages/lyrHg4RBzN6UafuymMFT/topics/6i5h4wWlOfz4R8huNTkC/quizzes/G0UOT7GIi3sPiFukngYZ"
"nursing-test-bank","LPN Exams","ATI LPN Exams","Mental Health","ATI PN Mental Health Level 4 Proctored Exam II Practice Questions","ati-pn-mental-health-level-4-proctored-exam-ii-practice-questions","32","pillarPages/nursing-test-bank/subPages/z0xzINtS3EohZNaKosBz/nestedSubPages/lyrHg4RBzN6UafuymMFT/topics/6i5h4wWlOfz4R8huNTkC/quizzes/HdeboAtviP5ydbbTib0N"
"nursing-test-bank","LPN Exams","ATI LPN Exams","Mental Health","ATI PN Nsp 130 Psychosocial Proctored Exam Practice Questions","ati-pn-nsp-130-psychosocial-proctored-exam-practice-questions","67","pillarPages/nursing-test-bank/subPages/z0xzINtS3EohZNaKosBz/nestedSubPages/lyrHg4RBzN6UafuymMFT/topics/6i5h4wWlOfz4R8huNTkC/quizzes/NRbKa2G8JDomfoYc32tb"
"nursing-test-bank","LPN Exams","ATI LPN Exams","Mental Health","ATI PN Mental Health Proctored Exam Practice Questions - Set 3","ati-pn-mental-health-proctored-exam-practice-questions-set-3","50","pillarPages/nursing-test-bank/subPages/z0xzINtS3EohZNaKosBz/nestedSubPages/lyrHg4RBzN6UafuymMFT/topics/6i5h4wWlOfz4R8huNTkC/quizzes/NmyWvm446Bgz09F1MCl2"
"nursing-test-bank","LPN Exams","ATI LPN Exams","Mental Health","ATI PN Mental Health PN(Ecpi College) Proctored Exam Practice Questions","ati-pn-mental-health-pn-ecpi-college-proctored-exam-practice-questions","30","pillarPages/nursing-test-bank/subPages/z0xzINtS3EohZNaKosBz/nestedSubPages/lyrHg4RBzN6UafuymMFT/topics/6i5h4wWlOfz4R8huNTkC/quizzes/PFewnOklavlOrbuP1ZTh"
"nursing-test-bank","LPN Exams","ATI LPN Exams","Mental Health","ATI PN Mental Health Proctored Exam Practice Questions - Set 21","ati-pn-mental-health-proctored-exam-practice-questions-set-21","38","pillarPages/nursing-test-bank/subPages/z0xzINtS3EohZNaKosBz/nestedSubPages/lyrHg4RBzN6UafuymMFT/topics/6i5h4wWlOfz4R8huNTkC/quizzes/Q2fS8PmQ5wik85qwHuxw"
"nursing-test-bank","LPN Exams","ATI LPN Exams","Mental Health","ATI PN Mental Health 2023 Proctored Exam Practice Questions - Set 17","ati-pn-mental-health-2023-proctored-exam-practice-questions-set-17","51","pillarPages/nursing-test-bank/subPages/z0xzINtS3EohZNaKosBz/nestedSubPages/lyrHg4RBzN6UafuymMFT/topics/6i5h4wWlOfz4R8huNTkC/quizzes/Z4NAfejpaDgZZHU9Qdpz"
"nursing-test-bank","LPN Exams","ATI LPN Exams","Mental Health","ATI PN Mental Health Quiz Proctored Exam Practice Questions - Set 19","ati-pn-mental-health-quiz-proctored-exam-practice-questions-set-19","26","pillarPages/nursing-test-bank/subPages/z0xzINtS3EohZNaKosBz/nestedSubPages/lyrHg4RBzN6UafuymMFT/topics/6i5h4wWlOfz4R8huNTkC/quizzes/azlPQZl6jkNGLIXtXnDc"
"nursing-test-bank","LPN Exams","ATI LPN Exams","Mental Health","ATI PN Mental Health Proctored Exam Practice Questions - Set 2","ati-pn-mental-health-proctored-exam-practice-questions-set-2","75","pillarPages/nursing-test-bank/subPages/z0xzINtS3EohZNaKosBz/nestedSubPages/lyrHg4RBzN6UafuymMFT/topics/6i5h4wWlOfz4R8huNTkC/quizzes/dUh2HpoMmmz9AkeiPvna"
"nursing-test-bank","LPN Exams","ATI LPN Exams","Mental Health","ATI PN Mental Health Proctored Exam Practice Questions - Set 7","ati-pn-mental-health-proctored-exam-practice-questions-set-7","48","pillarPages/nursing-test-bank/subPages/z0xzINtS3EohZNaKosBz/nestedSubPages/lyrHg4RBzN6UafuymMFT/topics/6i5h4wWlOfz4R8huNTkC/quizzes/hthlfOCc1BGRxIETQQ1Z"
"nursing-test-bank","LPN Exams","ATI LPN Exams","Mental Health","ATI PN Custom Mental Health Proctored Exam Practice Questions","ati-pn-custom-mental-health-proctored-exam-practice-questions","42","pillarPages/nursing-test-bank/subPages/z0xzINtS3EohZNaKosBz/nestedSubPages/lyrHg4RBzN6UafuymMFT/topics/6i5h4wWlOfz4R8huNTkC/quizzes/kQ0lBDDg6jjxRkrTsdZY"
"nursing-test-bank","LPN Exams","ATI LPN Exams","Mental Health","ATI PN Mental Health Dec 2023 Proctored Exam Practice Questions","ati-pn-mental-health-dec-2023-proctored-exam-practice-questions","55","pillarPages/nursing-test-bank/subPages/z0xzINtS3EohZNaKosBz/nestedSubPages/lyrHg4RBzN6UafuymMFT/topics/6i5h4wWlOfz4R8huNTkC/quizzes/rTkSrc4oGYh0s0m8BvK8"
"nursing-test-bank","LPN Exams","ATI LPN Exams","Mental Health","ATI PN Mental Health Proctored Exam Practice Questions - Set 4","ati-pn-mental-health-proctored-exam-practice-questions-set-4","50","pillarPages/nursing-test-bank/subPages/z0xzINtS3EohZNaKosBz/nestedSubPages/lyrHg4RBzN6UafuymMFT/topics/6i5h4wWlOfz4R8huNTkC/quizzes/sceHL0R4Xdjbg0G5Ksz9"
"nursing-test-bank","LPN Exams","ATI LPN Exams","Mental Health","ATI PN Mental Health 25-28 Proctored Exam Practice Questions","ati-pn-mental-health-25-28-proctored-exam-practice-questions","25","pillarPages/nursing-test-bank/subPages/z0xzINtS3EohZNaKosBz/nestedSubPages/lyrHg4RBzN6UafuymMFT/topics/6i5h4wWlOfz4R8huNTkC/quizzes/uR0IE0Mlu0IHuHnw5mGR"
"nursing-test-bank","LPN Exams","ATI LPN Exams","Mental Health","ATI PN Mental Health Proctored Exam Practice Questions - Set 27","ati-pn-mental-health-proctored-exam-practice-questions-set-27","49","pillarPages/nursing-test-bank/subPages/z0xzINtS3EohZNaKosBz/nestedSubPages/lyrHg4RBzN6UafuymMFT/topics/6i5h4wWlOfz4R8huNTkC/quizzes/ujhDVShnkrjKiFa6CSKq"
"nursing-test-bank","LPN Exams","ATI LPN Exams","Mental Health","ATI PN Mental Health Psychosocial Proctored Exam Practice Questions","ati-pn-mental-health-psychosocial-proctored-exam-practice-questions","52","pillarPages/nursing-test-bank/subPages/z0xzINtS3EohZNaKosBz/nestedSubPages/lyrHg4RBzN6UafuymMFT/topics/6i5h4wWlOfz4R8huNTkC/quizzes/wp7R2YAH1rZeuN6ZYVND"
"nursing-test-bank","LPN Exams","ATI LPN Exams","Mental Health","ATI PN Mental Health Level 4 Proctored Exam Practice Questions - Set 11","ati-pn-mental-health-level-4-proctored-exam-practice-questions-set-11","33","pillarPages/nursing-test-bank/subPages/z0xzINtS3EohZNaKosBz/nestedSubPages/lyrHg4RBzN6UafuymMFT/topics/6i5h4wWlOfz4R8huNTkC/quizzes/yH9BCMdQCuEK9lej1NxM"
"nursing-test-bank","LPN Exams","ATI LPN Exams","Comprehensive Review","ATI PN Capstone Proctored Post-Assessment Practice Questions","ati-pn-capstone-proctored-post-assessment-practice-questions","82","pillarPages/nursing-test-bank/subPages/z0xzINtS3EohZNaKosBz/nestedSubPages/lyrHg4RBzN6UafuymMFT/topics/AIrzHbC5yDHk6TUjdEeM/quizzes/PIERkYx3fFiFtmltTkWR"
"nursing-test-bank","LPN Exams","ATI LPN Exams","Comprehensive Review","ATI PN Critical Thinking Proctored Exam Practice Questions - Set 1","ati-pn-critical-thinking-proctored-exam-practice-questions-set-1","50","pillarPages/nursing-test-bank/subPages/z0xzINtS3EohZNaKosBz/nestedSubPages/lyrHg4RBzN6UafuymMFT/topics/AIrzHbC5yDHk6TUjdEeM/quizzes/R9da0zbOLu0fM4XjbRYF"
"nursing-test-bank","LPN Exams","ATI LPN Exams","Comprehensive Review","ATI PN Capstone Proctored Comprehensive Assessment 2020 B Practice Questions","ati-pn-capstone-proctored-comprehensive-assessment-2020-b-practice-questions","58","pillarPages/nursing-test-bank/subPages/z0xzINtS3EohZNaKosBz/nestedSubPages/lyrHg4RBzN6UafuymMFT/topics/AIrzHbC5yDHk6TUjdEeM/quizzes/b9pJEBdPR8XzRpg7wPjU"
"nursing-test-bank","LPN Exams","ATI LPN Exams","Comprehensive Review","ATI PN Proctored Exam Practice Questions","ati-pn-proctored-exam-practice-questions","47","pillarPages/nursing-test-bank/subPages/z0xzINtS3EohZNaKosBz/nestedSubPages/lyrHg4RBzN6UafuymMFT/topics/AIrzHbC5yDHk6TUjdEeM/quizzes/dmrqMJw1k586QRAb8cJh"
"nursing-test-bank","LPN Exams","ATI LPN Exams","Dosage Calculations","ATI PN Dosage Calculation PN Fundamentals Proctored Assessment 3.2 Practice Questions","ati-pn-dosage-calculation-pn-fundamentals-proctored-assessment-3-2-practice-questions","35","pillarPages/nursing-test-bank/subPages/z0xzINtS3EohZNaKosBz/nestedSubPages/lyrHg4RBzN6UafuymMFT/topics/NHgx9LFXpsLVcFjsOujF/quizzes/20vGitbt3DQxkFlyzvZH"
"nursing-test-bank","LPN Exams","ATI LPN Exams","Dosage Calculations","ATI PN Dosage Calculation PN Maternal Newborn Proctored Assessment 3.2 Practice Questions","ati-pn-dosage-calculation-pn-maternal-newborn-proctored-assessment-3-2-practice-questions","34","pillarPages/nursing-test-bank/subPages/z0xzINtS3EohZNaKosBz/nestedSubPages/lyrHg4RBzN6UafuymMFT/topics/NHgx9LFXpsLVcFjsOujF/quizzes/27TsqaTixAbnjVSxKE9B"
"nursing-test-bank","LPN Exams","ATI LPN Exams","Dosage Calculations","ATI PN Medical Math Proctored Test Practice Questions","ati-pn-medical-math-proctored-test-practice-questions","49","pillarPages/nursing-test-bank/subPages/z0xzINtS3EohZNaKosBz/nestedSubPages/lyrHg4RBzN6UafuymMFT/topics/NHgx9LFXpsLVcFjsOujF/quizzes/5msBsGYJ21lwLU2hwl4h"
"nursing-test-bank","LPN Exams","ATI LPN Exams","Dosage Calculations","ATI PN Pharmacology and Dosage Calculation Proctored Exam Practice Questions","ati-pn-pharmacology-and-dosage-calculation-proctored-exam-practice-questions","45","pillarPages/nursing-test-bank/subPages/z0xzINtS3EohZNaKosBz/nestedSubPages/lyrHg4RBzN6UafuymMFT/topics/NHgx9LFXpsLVcFjsOujF/quizzes/6YEr6snW33ce9iwOdnbB"
"nursing-test-bank","LPN Exams","ATI LPN Exams","Dosage Calculations","ATI PN Dosage Calculation PN Fundamentals Proctored Assessment Practice Questions","ati-pn-dosage-calculation-pn-fundamentals-proctored-assessment-practice-questions","32","pillarPages/nursing-test-bank/subPages/z0xzINtS3EohZNaKosBz/nestedSubPages/lyrHg4RBzN6UafuymMFT/topics/NHgx9LFXpsLVcFjsOujF/quizzes/B1rOqSlHL8hZVbgrOcxE"
"nursing-test-bank","LPN Exams","ATI LPN Exams","Dosage Calculations","ATI PN Medical Calculations Proctored Exam Practice Questions","ati-pn-medical-calculations-proctored-exam-practice-questions","23","pillarPages/nursing-test-bank/subPages/z0xzINtS3EohZNaKosBz/nestedSubPages/lyrHg4RBzN6UafuymMFT/topics/NHgx9LFXpsLVcFjsOujF/quizzes/CR34Oa80rRgPbBv2kxzk"
"nursing-test-bank","LPN Exams","ATI LPN Exams","Dosage Calculations","ATI PN Dosage Calculation PN Nursing Care of Children Proctored Assessment 3.1 Practice Questions","ati-pn-dosage-calculation-pn-nursing-care-of-children-proctored-assessment-3-1-practice-questions","34","pillarPages/nursing-test-bank/subPages/z0xzINtS3EohZNaKosBz/nestedSubPages/lyrHg4RBzN6UafuymMFT/topics/NHgx9LFXpsLVcFjsOujF/quizzes/EHSGOkJyvFHe4NPWItep"
"nursing-test-bank","LPN Exams","ATI LPN Exams","Dosage Calculations","ATI PN Dosage Calculation PN Pediatrics Nursing Proctored Assessment 3.2 Practice Questions","ati-pn-dosage-calculation-pn-pediatrics-nursing-proctored-assessment-3-2-practice-questions","35","pillarPages/nursing-test-bank/subPages/z0xzINtS3EohZNaKosBz/nestedSubPages/lyrHg4RBzN6UafuymMFT/topics/NHgx9LFXpsLVcFjsOujF/quizzes/QF4vYEhbcow3WzNOeZJv"
"nursing-test-bank","LPN Exams","ATI LPN Exams","Dosage Calculations","ATI PN Dosage Calculation PN Adult Medical Surgical Proctored Exam 3.2 Practice Questions","ati-pn-dosage-calculation-pn-adult-medical-surgical-proctored-exam-3-2-practice-questions","30","pillarPages/nursing-test-bank/subPages/z0xzINtS3EohZNaKosBz/nestedSubPages/lyrHg4RBzN6UafuymMFT/topics/NHgx9LFXpsLVcFjsOujF/quizzes/Ub6cab9QGhrIdNfUut3L"
"nursing-test-bank","LPN Exams","ATI LPN Exams","Dosage Calculations","ATI PN Dosage Calculation PN Mental Health Proctored Assessment 3.1 Proctored Exam Practice Questions","ati-pn-dosage-calculation-pn-mental-health-proctored-assessment-3-1-proctored-exam-practice-questions","35","pillarPages/nursing-test-bank/subPages/z0xzINtS3EohZNaKosBz/nestedSubPages/lyrHg4RBzN6UafuymMFT/topics/NHgx9LFXpsLVcFjsOujF/quizzes/Vfag9Cyx0ZvJ2f0h3LWw"
"nursing-test-bank","LPN Exams","ATI LPN Exams","Dosage Calculations","ATI PN Dosage Calculation Fundamentals Proctored Assessment 3.1 Practice Questions","ati-pn-dosage-calculation-fundamentals-proctored-assessment-3-1-practice-questions","35","pillarPages/nursing-test-bank/subPages/z0xzINtS3EohZNaKosBz/nestedSubPages/lyrHg4RBzN6UafuymMFT/topics/NHgx9LFXpsLVcFjsOujF/quizzes/e3an4MSCOHentPl3utlK"
"nursing-test-bank","LPN Exams","ATI LPN Exams","Dosage Calculations","ATI PN Dosage Calculations. Adult Medical Surgical Proctored Assessment 3.1 Practice Questions","ati-pn-dosage-calculations-adult-medical-surgical-proctored-assessment-3-1-practice-questions","25","pillarPages/nursing-test-bank/subPages/z0xzINtS3EohZNaKosBz/nestedSubPages/lyrHg4RBzN6UafuymMFT/topics/NHgx9LFXpsLVcFjsOujF/quizzes/qH3HbT4o6WapzmYCYPxk"
"nursing-test-bank","LPN Exams","ATI LPN Exams","Dosage Calculations","ATI PN Adult Med Surg Dosage Calculation Quiz Proctored Exam Practice Questions","ati-pn-adult-med-surg-dosage-calculation-quiz-proctored-exam-practice-questions","20","pillarPages/nursing-test-bank/subPages/z0xzINtS3EohZNaKosBz/nestedSubPages/lyrHg4RBzN6UafuymMFT/topics/NHgx9LFXpsLVcFjsOujF/quizzes/ydw1eEmLCnUO12yljiff"
"nursing-test-bank","LPN Exams","ATI LPN Exams","Dosage Calculations","ATI PN Nsg122 Dosage Calculation Proctored Exam Practice Questions","ati-pn-nsg122-dosage-calculation-proctored-exam-practice-questions","17","pillarPages/nursing-test-bank/subPages/z0xzINtS3EohZNaKosBz/nestedSubPages/lyrHg4RBzN6UafuymMFT/topics/NHgx9LFXpsLVcFjsOujF/quizzes/zIjeqVseaXYmKv4uv87n"
"nursing-test-bank","LPN Exams","ATI LPN Exams","Adult Medical Surgical","ATI PN Med Surg Concept 2 Proctored Exam Practice Questions","ati-pn-med-surg-concept-2-proctored-exam-practice-questions","46","pillarPages/nursing-test-bank/subPages/z0xzINtS3EohZNaKosBz/nestedSubPages/lyrHg4RBzN6UafuymMFT/topics/NywbGW22YNeZSM3kuwKk/quizzes/0KfPFo7rADMfTpUrdqQJ"
"nursing-test-bank","LPN Exams","ATI LPN Exams","Adult Medical Surgical","ATI PN Med Surg Proctored Exam 3 Practice Questions","ati-pn-med-surg-proctored-exam-3-practice-questions","50","pillarPages/nursing-test-bank/subPages/z0xzINtS3EohZNaKosBz/nestedSubPages/lyrHg4RBzN6UafuymMFT/topics/NywbGW22YNeZSM3kuwKk/quizzes/3bRF6qKDmGnCadouiYFL"
"nursing-test-bank","LPN Exams","ATI LPN Exams","Adult Medical Surgical","ATI PN Adult Medical Surgical 2023 74 Proctored Exam Practice Questions","ati-pn-adult-medical-surgical-2023-74-proctored-exam-practice-questions","74","pillarPages/nursing-test-bank/subPages/z0xzINtS3EohZNaKosBz/nestedSubPages/lyrHg4RBzN6UafuymMFT/topics/NywbGW22YNeZSM3kuwKk/quizzes/3gPVzqApGZVDzGXaPdp9"
"nursing-test-bank","LPN Exams","ATI LPN Exams","Adult Medical Surgical","ATI PN Adult Medical Surgical Proctored Exam 2023 Practice Questions - Set 30","ati-pn-adult-medical-surgical-proctored-exam-2023-practice-questions-set-30","84","pillarPages/nursing-test-bank/subPages/z0xzINtS3EohZNaKosBz/nestedSubPages/lyrHg4RBzN6UafuymMFT/topics/NywbGW22YNeZSM3kuwKk/quizzes/3x6KWzk7yWL5Y2MFFcyd"
"nursing-test-bank","LPN Exams","ATI LPN Exams","Adult Medical Surgical","ATI PN Adult Medical Surgical 2020 with NGN Proctored Exam 3 Practice Questions","ati-pn-adult-medical-surgical-2020-with-ngn-proctored-exam-3-practice-questions","93","pillarPages/nursing-test-bank/subPages/z0xzINtS3EohZNaKosBz/nestedSubPages/lyrHg4RBzN6UafuymMFT/topics/NywbGW22YNeZSM3kuwKk/quizzes/4JlbZin863XAZQXq3kbl"
"nursing-test-bank","LPN Exams","ATI LPN Exams","Adult Medical Surgical","ATI PN Med Surg Proctored Exam Practice Questions - Set 14","ati-pn-med-surg-proctored-exam-practice-questions-set-14","50","pillarPages/nursing-test-bank/subPages/z0xzINtS3EohZNaKosBz/nestedSubPages/lyrHg4RBzN6UafuymMFT/topics/NywbGW22YNeZSM3kuwKk/quizzes/4MGJngTxlLpNA9gMl6Hs"
"nursing-test-bank","LPN Exams","ATI LPN Exams","Adult Medical Surgical","ATI PN Adult Medical Surgical Proctored Exam 2023 Practice Questions - Set 25","ati-pn-adult-medical-surgical-proctored-exam-2023-practice-questions-set-25","61","pillarPages/nursing-test-bank/subPages/z0xzINtS3EohZNaKosBz/nestedSubPages/lyrHg4RBzN6UafuymMFT/topics/NywbGW22YNeZSM3kuwKk/quizzes/5UzPbe4Aso7UcswnVW3U"
"nursing-test-bank","LPN Exams","ATI LPN Exams","Adult Medical Surgical","ATI PN Adult Medical Surgical 2023 III Proctored Exam Practice Questions","ati-pn-adult-medical-surgical-2023-iii-proctored-exam-practice-questions","83","pillarPages/nursing-test-bank/subPages/z0xzINtS3EohZNaKosBz/nestedSubPages/lyrHg4RBzN6UafuymMFT/topics/NywbGW22YNeZSM3kuwKk/quizzes/7xrGrX1lADoYQIUzjYaE"
"nursing-test-bank","LPN Exams","ATI LPN Exams","Adult Medical Surgical","ATI PN Med Surg Respiratory Proctored Exam Practice Questions - Set 19","ati-pn-med-surg-respiratory-proctored-exam-practice-questions-set-19","40","pillarPages/nursing-test-bank/subPages/z0xzINtS3EohZNaKosBz/nestedSubPages/lyrHg4RBzN6UafuymMFT/topics/NywbGW22YNeZSM3kuwKk/quizzes/8XHFE7onnG2jheIvCKe7"
"nursing-test-bank","LPN Exams","ATI LPN Exams","Adult Medical Surgical","ATI PN Med Surg Proctored Exam Lv 3 Electrolytes Imbalance Practice Questions","ati-pn-med-surg-proctored-exam-lv-3-electrolytes-imbalance-practice-questions","43","pillarPages/nursing-test-bank/subPages/z0xzINtS3EohZNaKosBz/nestedSubPages/lyrHg4RBzN6UafuymMFT/topics/NywbGW22YNeZSM3kuwKk/quizzes/8l188UWEJcSWsGEWvILF"
"nursing-test-bank","LPN Exams","ATI LPN Exams","Adult Medical Surgical","ATI PN Med Surg Proctored Exam 7 Practice Questions","ati-pn-med-surg-proctored-exam-7-practice-questions","52","pillarPages/nursing-test-bank/subPages/z0xzINtS3EohZNaKosBz/nestedSubPages/lyrHg4RBzN6UafuymMFT/topics/NywbGW22YNeZSM3kuwKk/quizzes/9bt1TECJQhMjFUXvx0AF"
"nursing-test-bank","LPN Exams","ATI LPN Exams","Adult Medical Surgical","ATI PN Med Surg Proctored Exam (Perfusion) Practice Questions","ati-pn-med-surg-proctored-exam-perfusion-practice-questions","34","pillarPages/nursing-test-bank/subPages/z0xzINtS3EohZNaKosBz/nestedSubPages/lyrHg4RBzN6UafuymMFT/topics/NywbGW22YNeZSM3kuwKk/quizzes/9m4aeMbLsL4yPQ1PCjln"
"nursing-test-bank","LPN Exams","ATI LPN Exams","Adult Medical Surgical","ATI PN Adult Medical Surgical 2020 with NGN Proctored Exam Practice Questions - Set 65","ati-pn-adult-medical-surgical-2020-with-ngn-proctored-exam-practice-questions-set-65","79","pillarPages/nursing-test-bank/subPages/z0xzINtS3EohZNaKosBz/nestedSubPages/lyrHg4RBzN6UafuymMFT/topics/NywbGW22YNeZSM3kuwKk/quizzes/CAsfGH2M9jrXKN0gAWeC"
"nursing-test-bank","LPN Exams","ATI LPN Exams","Adult Medical Surgical","ATI PN Med Surg Gastrointestinal Proctored Exam Practice Questions","ati-pn-med-surg-gastrointestinal-proctored-exam-practice-questions","43","pillarPages/nursing-test-bank/subPages/z0xzINtS3EohZNaKosBz/nestedSubPages/lyrHg4RBzN6UafuymMFT/topics/NywbGW22YNeZSM3kuwKk/quizzes/CKc1SbyIcpvOoIwc2g4i"
"nursing-test-bank","LPN Exams","ATI LPN Exams","Adult Medical Surgical","ATI PN Med Surg Cardiac Proctored Test Practice Questions","ati-pn-med-surg-cardiac-proctored-test-practice-questions","48","pillarPages/nursing-test-bank/subPages/z0xzINtS3EohZNaKosBz/nestedSubPages/lyrHg4RBzN6UafuymMFT/topics/NywbGW22YNeZSM3kuwKk/quizzes/CjNS6HfMqCXa9cGFseGD"
"nursing-test-bank","LPN Exams","ATI LPN Exams","Adult Medical Surgical","ATI PN Med Surg Proctored Exam Practice Questions - Set 69","ati-pn-med-surg-proctored-exam-practice-questions-set-69","24","pillarPages/nursing-test-bank/subPages/z0xzINtS3EohZNaKosBz/nestedSubPages/lyrHg4RBzN6UafuymMFT/topics/NywbGW22YNeZSM3kuwKk/quizzes/DGXa0b1J9HtFiPOazIql"
"nursing-test-bank","LPN Exams","ATI LPN Exams","Adult Medical Surgical","ATI PN Med Surg Haematology Proctored Exam Practice Questions","ati-pn-med-surg-haematology-proctored-exam-practice-questions","36","pillarPages/nursing-test-bank/subPages/z0xzINtS3EohZNaKosBz/nestedSubPages/lyrHg4RBzN6UafuymMFT/topics/NywbGW22YNeZSM3kuwKk/quizzes/DLEiokm8Ri2xFAJcbIGY"
"nursing-test-bank","LPN Exams","ATI LPN Exams","Adult Medical Surgical","ATI PN Med Surg Custom Proctored Exam Practice Questions","ati-pn-med-surg-custom-proctored-exam-practice-questions","42","pillarPages/nursing-test-bank/subPages/z0xzINtS3EohZNaKosBz/nestedSubPages/lyrHg4RBzN6UafuymMFT/topics/NywbGW22YNeZSM3kuwKk/quizzes/F5sb2MHQEowyvv64V2GO"
"nursing-test-bank","LPN Exams","ATI LPN Exams","Adult Medical Surgical","ATI PN Med Surg Proctored Exam 8 Practice Questions","ati-pn-med-surg-proctored-exam-8-practice-questions","48","pillarPages/nursing-test-bank/subPages/z0xzINtS3EohZNaKosBz/nestedSubPages/lyrHg4RBzN6UafuymMFT/topics/NywbGW22YNeZSM3kuwKk/quizzes/F8Hud0UNaB278iz5RCeM"
"nursing-test-bank","LPN Exams","ATI LPN Exams","Adult Medical Surgical","ATI PN Med Surg Proctored Exam (Pain and Shock) Practice Questions","ati-pn-med-surg-proctored-exam-pain-and-shock-practice-questions","50","pillarPages/nursing-test-bank/subPages/z0xzINtS3EohZNaKosBz/nestedSubPages/lyrHg4RBzN6UafuymMFT/topics/NywbGW22YNeZSM3kuwKk/quizzes/G0wKhr2YAQNrzdjFnJFu"
"nursing-test-bank","LPN Exams","ATI LPN Exams","Adult Medical Surgical","ATI PN Level 3 Med Surg Proctored Exam Practice Questions","ati-pn-level-3-med-surg-proctored-exam-practice-questions","31","pillarPages/nursing-test-bank/subPages/z0xzINtS3EohZNaKosBz/nestedSubPages/lyrHg4RBzN6UafuymMFT/topics/NywbGW22YNeZSM3kuwKk/quizzes/G5FmV84i5QyTN65AJMCM"
"nursing-test-bank","LPN Exams","ATI LPN Exams","Adult Medical Surgical","ATI PN Advanced Med Surg Proctored Exam Practice Questions - Set 28","ati-pn-advanced-med-surg-proctored-exam-practice-questions-set-28","41","pillarPages/nursing-test-bank/subPages/z0xzINtS3EohZNaKosBz/nestedSubPages/lyrHg4RBzN6UafuymMFT/topics/NywbGW22YNeZSM3kuwKk/quizzes/GHGeirIq9kBxLgCe2Wot"
"nursing-test-bank","LPN Exams","ATI LPN Exams","Adult Medical Surgical","ATI PN Med Surg Endocrine Proctored Exam Practice Questions - Set 43","ati-pn-med-surg-endocrine-proctored-exam-practice-questions-set-43","49","pillarPages/nursing-test-bank/subPages/z0xzINtS3EohZNaKosBz/nestedSubPages/lyrHg4RBzN6UafuymMFT/topics/NywbGW22YNeZSM3kuwKk/quizzes/IS7JsFyhrRHEeawd9z5H"
"nursing-test-bank","LPN Exams","ATI LPN Exams","Adult Medical Surgical","ATI PN Med Surg Proctored Exam (Perfusion, Mobility) Practice Questions","ati-pn-med-surg-proctored-exam-perfusion-mobility-practice-questions","40","pillarPages/nursing-test-bank/subPages/z0xzINtS3EohZNaKosBz/nestedSubPages/lyrHg4RBzN6UafuymMFT/topics/NywbGW22YNeZSM3kuwKk/quizzes/JJNz1h4U624zPaGWYZQ1"
"nursing-test-bank","LPN Exams","ATI LPN Exams","Adult Medical Surgical","ATI PN Advanced Med Surg Proctored Exam Practice Questions - Set 27","ati-pn-advanced-med-surg-proctored-exam-practice-questions-set-27","40","pillarPages/nursing-test-bank/subPages/z0xzINtS3EohZNaKosBz/nestedSubPages/lyrHg4RBzN6UafuymMFT/topics/NywbGW22YNeZSM3kuwKk/quizzes/JXueKblKvor677H6vams"
"nursing-test-bank","LPN Exams","ATI LPN Exams","Adult Medical Surgical","ATI PN Ut1 Med Surg Proctored Exam Practice Questions","ati-pn-ut1-med-surg-proctored-exam-practice-questions","52","pillarPages/nursing-test-bank/subPages/z0xzINtS3EohZNaKosBz/nestedSubPages/lyrHg4RBzN6UafuymMFT/topics/NywbGW22YNeZSM3kuwKk/quizzes/JlGHjcN8y87U1MGlrikW"
"nursing-test-bank","LPN Exams","ATI LPN Exams","Adult Medical Surgical","ATI PN Adult Medical Surgical 2020 II Proctored Exam Practice Questions","ati-pn-adult-medical-surgical-2020-ii-proctored-exam-practice-questions","0","pillarPages/nursing-test-bank/subPages/z0xzINtS3EohZNaKosBz/nestedSubPages/lyrHg4RBzN6UafuymMFT/topics/NywbGW22YNeZSM3kuwKk/quizzes/MsECeydcH92us1EBaEYN"
"nursing-test-bank","LPN Exams","ATI LPN Exams","Adult Medical Surgical","ATI PN Level 3 Med Surg Resp Proctored Exam Practice Questions","ati-pn-level-3-med-surg-resp-proctored-exam-practice-questions","17","pillarPages/nursing-test-bank/subPages/z0xzINtS3EohZNaKosBz/nestedSubPages/lyrHg4RBzN6UafuymMFT/topics/NywbGW22YNeZSM3kuwKk/quizzes/NGMwDAKIpUPyL2GKuA7F"
"nursing-test-bank","LPN Exams","ATI LPN Exams","Adult Medical Surgical","ATI PN Adult Medical Surgical 2023 Proctored Exam Practice Questions - Set 63","ati-pn-adult-medical-surgical-2023-proctored-exam-practice-questions-set-63","78","pillarPages/nursing-test-bank/subPages/z0xzINtS3EohZNaKosBz/nestedSubPages/lyrHg4RBzN6UafuymMFT/topics/NywbGW22YNeZSM3kuwKk/quizzes/NIonK5tehhM21SSztUCD"
"nursing-test-bank","LPN Exams","ATI LPN Exams","Adult Medical Surgical","ATI PN Med Surg Proctored Exam 1 Practice Questions","ati-pn-med-surg-proctored-exam-1-practice-questions","59","pillarPages/nursing-test-bank/subPages/z0xzINtS3EohZNaKosBz/nestedSubPages/lyrHg4RBzN6UafuymMFT/topics/NywbGW22YNeZSM3kuwKk/quizzes/OVd57ylNVkKiGk0fVGnc"
"nursing-test-bank","LPN Exams","ATI LPN Exams","Adult Medical Surgical","ATI PN Med Surg Level 2 Proctored Exam Practice Questions - Set 18","ati-pn-med-surg-level-2-proctored-exam-practice-questions-set-18","46","pillarPages/nursing-test-bank/subPages/z0xzINtS3EohZNaKosBz/nestedSubPages/lyrHg4RBzN6UafuymMFT/topics/NywbGW22YNeZSM3kuwKk/quizzes/OymBEZcoO4Zn83apS0Mz"
"nursing-test-bank","LPN Exams","ATI LPN Exams","Adult Medical Surgical","ATI PN Med Surg Neuro Test 2024 Proctored Exam Practice Questions","ati-pn-med-surg-neuro-test-2024-proctored-exam-practice-questions","44","pillarPages/nursing-test-bank/subPages/z0xzINtS3EohZNaKosBz/nestedSubPages/lyrHg4RBzN6UafuymMFT/topics/NywbGW22YNeZSM3kuwKk/quizzes/P6ZdAWwRY4UQJ3kBkxSX"
"nursing-test-bank","LPN Exams","ATI LPN Exams","Adult Medical Surgical","ATI PN Medical Surgical Proctored Exam 2023 Practice Questions - Set 21","ati-pn-medical-surgical-proctored-exam-2023-practice-questions-set-21","78","pillarPages/nursing-test-bank/subPages/z0xzINtS3EohZNaKosBz/nestedSubPages/lyrHg4RBzN6UafuymMFT/topics/NywbGW22YNeZSM3kuwKk/quizzes/PSUOf5Jme94saqPFlLyB"
"nursing-test-bank","LPN Exams","ATI LPN Exams","Adult Medical Surgical","ATI PN Med Surg Test 1 Jj Custom Proctored Exam Practice Questions","ati-pn-med-surg-test-1-jj-custom-proctored-exam-practice-questions","49","pillarPages/nursing-test-bank/subPages/z0xzINtS3EohZNaKosBz/nestedSubPages/lyrHg4RBzN6UafuymMFT/topics/NywbGW22YNeZSM3kuwKk/quizzes/Qe9JKw5Z3kiXr6ZFROdf"
"nursing-test-bank","LPN Exams","ATI LPN Exams","Adult Medical Surgical","ATI PN Medical Surgical Proctored Exam Practice Questions - Set 45","ati-pn-medical-surgical-proctored-exam-practice-questions-set-45","39","pillarPages/nursing-test-bank/subPages/z0xzINtS3EohZNaKosBz/nestedSubPages/lyrHg4RBzN6UafuymMFT/topics/NywbGW22YNeZSM3kuwKk/quizzes/RD3Pi9dVMoVsNQzEa0WN"
"nursing-test-bank","LPN Exams","ATI LPN Exams","Adult Medical Surgical","ATI PN NURS 113 Med Surg Perfusion Proctored Exam Practice Questions","ati-pn-nurs-113-med-surg-perfusion-proctored-exam-practice-questions","60","pillarPages/nursing-test-bank/subPages/z0xzINtS3EohZNaKosBz/nestedSubPages/lyrHg4RBzN6UafuymMFT/topics/NywbGW22YNeZSM3kuwKk/quizzes/SqHmbJvCdd1YE2cnpRVd"
"nursing-test-bank","LPN Exams","ATI LPN Exams","Adult Medical Surgical","ATI PN Med Surg Level 3 Proctored Exam Practice Questions","ati-pn-med-surg-level-3-proctored-exam-practice-questions","36","pillarPages/nursing-test-bank/subPages/z0xzINtS3EohZNaKosBz/nestedSubPages/lyrHg4RBzN6UafuymMFT/topics/NywbGW22YNeZSM3kuwKk/quizzes/U4lWr0seZUDaCLMeCVtD"
"nursing-test-bank","LPN Exams","ATI LPN Exams","Adult Medical Surgical","ATI PN Med Surg Proctored Exam Practice Questions - Set 20","ati-pn-med-surg-proctored-exam-practice-questions-set-20","49","pillarPages/nursing-test-bank/subPages/z0xzINtS3EohZNaKosBz/nestedSubPages/lyrHg4RBzN6UafuymMFT/topics/NywbGW22YNeZSM3kuwKk/quizzes/UNpA2CM7ebFWBcyGTTh4"
"nursing-test-bank","LPN Exams","ATI LPN Exams","Adult Medical Surgical","ATI PN Med Surg Midterm Proctored Exam Practice Questions","ati-pn-med-surg-midterm-proctored-exam-practice-questions","100","pillarPages/nursing-test-bank/subPages/z0xzINtS3EohZNaKosBz/nestedSubPages/lyrHg4RBzN6UafuymMFT/topics/NywbGW22YNeZSM3kuwKk/quizzes/UuJNdvb1joEdHnZnkpt5"
"nursing-test-bank","LPN Exams","ATI LPN Exams","Adult Medical Surgical","ATI PN Advanced Med Surg Proctored Exam. Practice Questions","ati-pn-advanced-med-surg-proctored-exam-practice-questions","45","pillarPages/nursing-test-bank/subPages/z0xzINtS3EohZNaKosBz/nestedSubPages/lyrHg4RBzN6UafuymMFT/topics/NywbGW22YNeZSM3kuwKk/quizzes/XHWqHQ2bEOP33PwErUTI"
"nursing-test-bank","LPN Exams","ATI LPN Exams","Adult Medical Surgical","ATI PN Med Surg Proctored Exam 6 Practice Questions","ati-pn-med-surg-proctored-exam-6-practice-questions","50","pillarPages/nursing-test-bank/subPages/z0xzINtS3EohZNaKosBz/nestedSubPages/lyrHg4RBzN6UafuymMFT/topics/NywbGW22YNeZSM3kuwKk/quizzes/YhMqYszzcF2RZBwyF3Jq"
"nursing-test-bank","LPN Exams","ATI LPN Exams","Adult Medical Surgical","ATI PN N480 Advanced Med Surg Proctored Exam Practice Questions","ati-pn-n480-advanced-med-surg-proctored-exam-practice-questions","40","pillarPages/nursing-test-bank/subPages/z0xzINtS3EohZNaKosBz/nestedSubPages/lyrHg4RBzN6UafuymMFT/topics/NywbGW22YNeZSM3kuwKk/quizzes/ZXeb1ZhbZNAhLC4Lmqwx"
"nursing-test-bank","LPN Exams","ATI LPN Exams","Adult Medical Surgical","ATI PN Med Surg Level 2 Proctored Exam Practice Questions - Set 57","ati-pn-med-surg-level-2-proctored-exam-practice-questions-set-57","42","pillarPages/nursing-test-bank/subPages/z0xzINtS3EohZNaKosBz/nestedSubPages/lyrHg4RBzN6UafuymMFT/topics/NywbGW22YNeZSM3kuwKk/quizzes/amEkav2d6Q4qtanVVH3u"
"nursing-test-bank","LPN Exams","ATI LPN Exams","Adult Medical Surgical","ATI PN Med Surg PN Proctored Exam (Monroe College) Practice Questions","ati-pn-med-surg-pn-proctored-exam-monroe-college-practice-questions","37","pillarPages/nursing-test-bank/subPages/z0xzINtS3EohZNaKosBz/nestedSubPages/lyrHg4RBzN6UafuymMFT/topics/NywbGW22YNeZSM3kuwKk/quizzes/bkWtAcqfdm9l1NEdIQaT"
"nursing-test-bank","LPN Exams","ATI LPN Exams","Adult Medical Surgical","ATI PN Med Surg Urinary Proctored Exam Practice Questions","ati-pn-med-surg-urinary-proctored-exam-practice-questions","47","pillarPages/nursing-test-bank/subPages/z0xzINtS3EohZNaKosBz/nestedSubPages/lyrHg4RBzN6UafuymMFT/topics/NywbGW22YNeZSM3kuwKk/quizzes/dHJ9aAfg290BWw5v1QBc"
"nursing-test-bank","LPN Exams","ATI LPN Exams","Adult Medical Surgical","ATI PN Med Surg Electrolyte Proctored Exam(Delaware College) Practice Questions","ati-pn-med-surg-electrolyte-proctored-exam-delaware-college-practice-questions","42","pillarPages/nursing-test-bank/subPages/z0xzINtS3EohZNaKosBz/nestedSubPages/lyrHg4RBzN6UafuymMFT/topics/NywbGW22YNeZSM3kuwKk/quizzes/dqJHXKkfwcRjkoPDPE1m"
"nursing-test-bank","LPN Exams","ATI LPN Exams","Adult Medical Surgical","ATI PN Adult Medical Surgical 2023 Proctored Exam Practice Questions - Set 50","ati-pn-adult-medical-surgical-2023-proctored-exam-practice-questions-set-50","70","pillarPages/nursing-test-bank/subPages/z0xzINtS3EohZNaKosBz/nestedSubPages/lyrHg4RBzN6UafuymMFT/topics/NywbGW22YNeZSM3kuwKk/quizzes/dvBKvnLd8bkg4O6JHBAC"
"nursing-test-bank","LPN Exams","ATI LPN Exams","Adult Medical Surgical","ATI PN Med Surg Proctored Exam 4 Practice Questions","ati-pn-med-surg-proctored-exam-4-practice-questions","54","pillarPages/nursing-test-bank/subPages/z0xzINtS3EohZNaKosBz/nestedSubPages/lyrHg4RBzN6UafuymMFT/topics/NywbGW22YNeZSM3kuwKk/quizzes/jovo45vkAbqv6Kkw3T8y"
"nursing-test-bank","LPN Exams","ATI LPN Exams","Adult Medical Surgical","ATI PN Level 3 Med Surg Endocrine Proctored Exam Practice Questions","ati-pn-level-3-med-surg-endocrine-proctored-exam-practice-questions","37","pillarPages/nursing-test-bank/subPages/z0xzINtS3EohZNaKosBz/nestedSubPages/lyrHg4RBzN6UafuymMFT/topics/NywbGW22YNeZSM3kuwKk/quizzes/kGy2HHgRANF993BAkwpt"
"nursing-test-bank","LPN Exams","ATI LPN Exams","Adult Medical Surgical","ATI PN Adult Medical Surgical 2020 with NGN Proctored Exam Practice Questions - Set 68","ati-pn-adult-medical-surgical-2020-with-ngn-proctored-exam-practice-questions-set-68","78","pillarPages/nursing-test-bank/subPages/z0xzINtS3EohZNaKosBz/nestedSubPages/lyrHg4RBzN6UafuymMFT/topics/NywbGW22YNeZSM3kuwKk/quizzes/kNWiO8VMKh6BQe38Ix3P"
"nursing-test-bank","LPN Exams","ATI LPN Exams","Adult Medical Surgical","ATI PN Adult Med Surg 2020 with NGN Proctored Exam Practice Questions","ati-pn-adult-med-surg-2020-with-ngn-proctored-exam-practice-questions","101","pillarPages/nursing-test-bank/subPages/z0xzINtS3EohZNaKosBz/nestedSubPages/lyrHg4RBzN6UafuymMFT/topics/NywbGW22YNeZSM3kuwKk/quizzes/kYpGMU2ZU8q1d3EKMzNP"
"nursing-test-bank","LPN Exams","ATI LPN Exams","Adult Medical Surgical","ATI PN Med Surg U13 Proctored Exam Practice Questions","ati-pn-med-surg-u13-proctored-exam-practice-questions","44","pillarPages/nursing-test-bank/subPages/z0xzINtS3EohZNaKosBz/nestedSubPages/lyrHg4RBzN6UafuymMFT/topics/NywbGW22YNeZSM3kuwKk/quizzes/kfVuIF7obR5nV7dzcpNc"
"nursing-test-bank","LPN Exams","ATI LPN Exams","Adult Medical Surgical","ATI PN Medsurg Resp Test Proctored Exam Practice Questions","ati-pn-medsurg-resp-test-proctored-exam-practice-questions","41","pillarPages/nursing-test-bank/subPages/z0xzINtS3EohZNaKosBz/nestedSubPages/lyrHg4RBzN6UafuymMFT/topics/NywbGW22YNeZSM3kuwKk/quizzes/lg6xloPqzNxMV7WL3UVF"
"nursing-test-bank","LPN Exams","ATI LPN Exams","Adult Medical Surgical","ATI PN Med Surg Level 2 Test 5 Proctored Exam Practice Questions","ati-pn-med-surg-level-2-test-5-proctored-exam-practice-questions","31","pillarPages/nursing-test-bank/subPages/z0xzINtS3EohZNaKosBz/nestedSubPages/lyrHg4RBzN6UafuymMFT/topics/NywbGW22YNeZSM3kuwKk/quizzes/oJVRP92APDOvSssMxVQx"
"nursing-test-bank","LPN Exams","ATI LPN Exams","Adult Medical Surgical","ATI PN Med Surg Proctored Exam(Metabolism, Hoemastasis) Practice Questions","ati-pn-med-surg-proctored-exam-metabolism-hoemastasis-practice-questions","39","pillarPages/nursing-test-bank/subPages/z0xzINtS3EohZNaKosBz/nestedSubPages/lyrHg4RBzN6UafuymMFT/topics/NywbGW22YNeZSM3kuwKk/quizzes/oMxa208twDr47SGvmVRJ"
"nursing-test-bank","LPN Exams","ATI LPN Exams","Adult Medical Surgical","ATI PN Med Surg Proctored Exam 5 Practice Questions","ati-pn-med-surg-proctored-exam-5-practice-questions","49","pillarPages/nursing-test-bank/subPages/z0xzINtS3EohZNaKosBz/nestedSubPages/lyrHg4RBzN6UafuymMFT/topics/NywbGW22YNeZSM3kuwKk/quizzes/p9g8coLiP81zFhwa7S9f"
"nursing-test-bank","LPN Exams","ATI LPN Exams","Adult Medical Surgical","ATI PN Adult Medical Surgical 2020 - Proctored Exam 2 Practice Questions","ati-pn-adult-medical-surgical-2020-proctored-exam-2-practice-questions","91","pillarPages/nursing-test-bank/subPages/z0xzINtS3EohZNaKosBz/nestedSubPages/lyrHg4RBzN6UafuymMFT/topics/NywbGW22YNeZSM3kuwKk/quizzes/qED6ERK93cWJDcrWnG6B"
"nursing-test-bank","LPN Exams","ATI LPN Exams","Adult Medical Surgical","ATI PN Med Surg Cohort 6 Proctored Exam Practice Questions","ati-pn-med-surg-cohort-6-proctored-exam-practice-questions","48","pillarPages/nursing-test-bank/subPages/z0xzINtS3EohZNaKosBz/nestedSubPages/lyrHg4RBzN6UafuymMFT/topics/NywbGW22YNeZSM3kuwKk/quizzes/symXalhC87ZzArdH292U"
"nursing-test-bank","LPN Exams","ATI LPN Exams","Adult Medical Surgical","ATI PN Med Surg Proctored Exam 2 Practice Questions","ati-pn-med-surg-proctored-exam-2-practice-questions","49","pillarPages/nursing-test-bank/subPages/z0xzINtS3EohZNaKosBz/nestedSubPages/lyrHg4RBzN6UafuymMFT/topics/NywbGW22YNeZSM3kuwKk/quizzes/v53iZzOiGjibWYzuB3J4"
"nursing-test-bank","LPN Exams","ATI LPN Exams","Adult Medical Surgical","ATI PN Med Surg Endocrine Proctored Exam Practice Questions - Set 8","ati-pn-med-surg-endocrine-proctored-exam-practice-questions-set-8","50","pillarPages/nursing-test-bank/subPages/z0xzINtS3EohZNaKosBz/nestedSubPages/lyrHg4RBzN6UafuymMFT/topics/NywbGW22YNeZSM3kuwKk/quizzes/wcSWglUBzWf1JxQyUjqs"
"nursing-test-bank","LPN Exams","ATI LPN Exams","Adult Medical Surgical","ATI PN Med Surg Cardiac Proctored Exam Practice Questions","ati-pn-med-surg-cardiac-proctored-exam-practice-questions","35","pillarPages/nursing-test-bank/subPages/z0xzINtS3EohZNaKosBz/nestedSubPages/lyrHg4RBzN6UafuymMFT/topics/NywbGW22YNeZSM3kuwKk/quizzes/xMOmkvkfV5ODWK1id5Jg"
"nursing-test-bank","LPN Exams","ATI LPN Exams","Adult Medical Surgical","ATI PN Med Surg Level 3 II Proctored Exam Practice Questions","ati-pn-med-surg-level-3-ii-proctored-exam-practice-questions","40","pillarPages/nursing-test-bank/subPages/z0xzINtS3EohZNaKosBz/nestedSubPages/lyrHg4RBzN6UafuymMFT/topics/NywbGW22YNeZSM3kuwKk/quizzes/xvZbn7s75VV7cW7xXJHt"
"nursing-test-bank","LPN Exams","ATI LPN Exams","Adult Medical Surgical","ATI PN Level 2 Med Surg Proctored Exam Practice Questions","ati-pn-level-2-med-surg-proctored-exam-practice-questions","34","pillarPages/nursing-test-bank/subPages/z0xzINtS3EohZNaKosBz/nestedSubPages/lyrHg4RBzN6UafuymMFT/topics/NywbGW22YNeZSM3kuwKk/quizzes/xyUf0xy22MHzkHSGvEWc"
"nursing-test-bank","LPN Exams","ATI LPN Exams","Adult Medical Surgical","ATI PN Med Surg Level 2 Proctored Exam Practice Questions - Set 48","ati-pn-med-surg-level-2-proctored-exam-practice-questions-set-48","44","pillarPages/nursing-test-bank/subPages/z0xzINtS3EohZNaKosBz/nestedSubPages/lyrHg4RBzN6UafuymMFT/topics/NywbGW22YNeZSM3kuwKk/quizzes/yOy9CNVGl4OPGtvpM6l0"
"nursing-test-bank","LPN Exams","ATI LPN Exams","Adult Medical Surgical","ATI PN NUR 113 Med Surg Proctored Exam Acid-Base Practice Questions","ati-pn-nur-113-med-surg-proctored-exam-acid-base-practice-questions","78","pillarPages/nursing-test-bank/subPages/z0xzINtS3EohZNaKosBz/nestedSubPages/lyrHg4RBzN6UafuymMFT/topics/NywbGW22YNeZSM3kuwKk/quizzes/yTgz0zA6fPfkBLLg4aTF"
"nursing-test-bank","LPN Exams","ATI LPN Exams","Adult Medical Surgical","ATI PN Med Surg Musculoskeletal System Test Proctored Exam Practice Questions","ati-pn-med-surg-musculoskeletal-system-test-proctored-exam-practice-questions","50","pillarPages/nursing-test-bank/subPages/z0xzINtS3EohZNaKosBz/nestedSubPages/lyrHg4RBzN6UafuymMFT/topics/NywbGW22YNeZSM3kuwKk/quizzes/yjLtOtckShXxRktmvg1Q"
"nursing-test-bank","LPN Exams","ATI LPN Exams","Adult Medical Surgical","ATI PN Med Surg Respiratory Proctored Exam Practice Questions - Set 5","ati-pn-med-surg-respiratory-proctored-exam-practice-questions-set-5","50","pillarPages/nursing-test-bank/subPages/z0xzINtS3EohZNaKosBz/nestedSubPages/lyrHg4RBzN6UafuymMFT/topics/NywbGW22YNeZSM3kuwKk/quizzes/zPP70Psg7GnPF0wrD1DP"
"nursing-test-bank","LPN Exams","ATI LPN Exams","Adult Medical Surgical","ATI PN Learning System Medical Surgical Final Quiz Proctored Exam Practice Questions","ati-pn-learning-system-medical-surgical-final-quiz-proctored-exam-practice-questions","51","pillarPages/nursing-test-bank/subPages/z0xzINtS3EohZNaKosBz/nestedSubPages/lyrHg4RBzN6UafuymMFT/topics/NywbGW22YNeZSM3kuwKk/quizzes/zp6EGH2XYriKKxoEku0B"
"nursing-test-bank","LPN Exams","ATI LPN Exams","Microbiology","ATI PN Microbiology Proctored Exam Practice Questions","ati-pn-microbiology-proctored-exam-practice-questions","50","pillarPages/nursing-test-bank/subPages/z0xzINtS3EohZNaKosBz/nestedSubPages/lyrHg4RBzN6UafuymMFT/topics/WbwHB0Gt3hYPqBVYZyUt/quizzes/aBunnjKp4sn92LrTT5mn"
"nursing-test-bank","LPN Exams","ATI LPN Exams","Pediatric Nursing","ATI PN Pediatrics Proctored Exam Practice Questions - Set 2","ati-pn-pediatrics-proctored-exam-practice-questions-set-2","50","pillarPages/nursing-test-bank/subPages/z0xzINtS3EohZNaKosBz/nestedSubPages/lyrHg4RBzN6UafuymMFT/topics/Y0MhOdG0hGVh8AUsgVrz/quizzes/10ZgDbiTDhy5fMIIDhip"
"nursing-test-bank","LPN Exams","ATI LPN Exams","Pediatric Nursing","ATI PN Pediatrics Proctored Exam Practice Questions - Set 1","ati-pn-pediatrics-proctored-exam-practice-questions-set-1","51","pillarPages/nursing-test-bank/subPages/z0xzINtS3EohZNaKosBz/nestedSubPages/lyrHg4RBzN6UafuymMFT/topics/Y0MhOdG0hGVh8AUsgVrz/quizzes/2bzXTu66m5FuSSxs8aNz"
"nursing-test-bank","LPN Exams","ATI LPN Exams","Pediatric Nursing","ATI PN Pediatrics Nursing 2023 Proctored Exam Practice Questions - Set 15","ati-pn-pediatrics-nursing-2023-proctored-exam-practice-questions-set-15","64","pillarPages/nursing-test-bank/subPages/z0xzINtS3EohZNaKosBz/nestedSubPages/lyrHg4RBzN6UafuymMFT/topics/Y0MhOdG0hGVh8AUsgVrz/quizzes/7sDe46zTagnIrnFzdopa"
"nursing-test-bank","LPN Exams","ATI LPN Exams","Pediatric Nursing","ATI PN Pediatrics II Proctored Exam Practice Questions","ati-pn-pediatrics-ii-proctored-exam-practice-questions","50","pillarPages/nursing-test-bank/subPages/z0xzINtS3EohZNaKosBz/nestedSubPages/lyrHg4RBzN6UafuymMFT/topics/Y0MhOdG0hGVh8AUsgVrz/quizzes/Dg6pEAaEt77YaEtxu3rL"
"nursing-test-bank","LPN Exams","ATI LPN Exams","Pediatric Nursing","ATI PN Pediatrics Nursing 2023 Proctored Exam Practice Questions - Set 3","ati-pn-pediatrics-nursing-2023-proctored-exam-practice-questions-set-3","61","pillarPages/nursing-test-bank/subPages/z0xzINtS3EohZNaKosBz/nestedSubPages/lyrHg4RBzN6UafuymMFT/topics/Y0MhOdG0hGVh8AUsgVrz/quizzes/HBf353u0gzOcqxxU3qJJ"
"nursing-test-bank","LPN Exams","ATI LPN Exams","Pediatric Nursing","ATI PN Pediatrics Proctored Exam Cohort 65 Practice Questions","ati-pn-pediatrics-proctored-exam-cohort-65-practice-questions","41","pillarPages/nursing-test-bank/subPages/z0xzINtS3EohZNaKosBz/nestedSubPages/lyrHg4RBzN6UafuymMFT/topics/Y0MhOdG0hGVh8AUsgVrz/quizzes/MwkYcvCob0bLUAi6xe3j"
"nursing-test-bank","LPN Exams","ATI LPN Exams","Pediatric Nursing","ATI PN Pediatrics Nursing Proctored Exam 4 Practice Questions","ati-pn-pediatrics-nursing-proctored-exam-4-practice-questions","43","pillarPages/nursing-test-bank/subPages/z0xzINtS3EohZNaKosBz/nestedSubPages/lyrHg4RBzN6UafuymMFT/topics/Y0MhOdG0hGVh8AUsgVrz/quizzes/NH3gyG5aP7WEF0CLYByB"
"nursing-test-bank","LPN Exams","ATI LPN Exams","Pediatric Nursing","ATI PN Pediatrics Nursing Proctored Exam 2023 Practice Questions - Set 7","ati-pn-pediatrics-nursing-proctored-exam-2023-practice-questions-set-7","62","pillarPages/nursing-test-bank/subPages/z0xzINtS3EohZNaKosBz/nestedSubPages/lyrHg4RBzN6UafuymMFT/topics/Y0MhOdG0hGVh8AUsgVrz/quizzes/QO5q9l4Q2QMNEaDorVQs"
"nursing-test-bank","LPN Exams","ATI LPN Exams","Pediatric Nursing","ATI PN Pediatrics Nursing 2023 Proctored Exam Practice Questions - Set 4","ati-pn-pediatrics-nursing-2023-proctored-exam-practice-questions-set-4","69","pillarPages/nursing-test-bank/subPages/z0xzINtS3EohZNaKosBz/nestedSubPages/lyrHg4RBzN6UafuymMFT/topics/Y0MhOdG0hGVh8AUsgVrz/quizzes/QquC6i4qTI8qNSQgKSlP"
"nursing-test-bank","LPN Exams","ATI LPN Exams","Pediatric Nursing","ATI PN Pediatrics Proctored Exam Practice Questions - Set 17","ati-pn-pediatrics-proctored-exam-practice-questions-set-17","50","pillarPages/nursing-test-bank/subPages/z0xzINtS3EohZNaKosBz/nestedSubPages/lyrHg4RBzN6UafuymMFT/topics/Y0MhOdG0hGVh8AUsgVrz/quizzes/TZXhhyFg5vMaXqp2V6NI"
"nursing-test-bank","LPN Exams","ATI LPN Exams","Pediatric Nursing","ATI PN Pediatrics Nursing Proctored Exam 5 Practice Questions","ati-pn-pediatrics-nursing-proctored-exam-5-practice-questions","38","pillarPages/nursing-test-bank/subPages/z0xzINtS3EohZNaKosBz/nestedSubPages/lyrHg4RBzN6UafuymMFT/topics/Y0MhOdG0hGVh8AUsgVrz/quizzes/aEUHVBrGgaxi2u3T7EBe"
"nursing-test-bank","LPN Exams","ATI LPN Exams","Pediatric Nursing","ATI PN Custom Lifespan Proctored Exam 1 2023 Practice Questions","ati-pn-custom-lifespan-proctored-exam-1-2023-practice-questions","51","pillarPages/nursing-test-bank/subPages/z0xzINtS3EohZNaKosBz/nestedSubPages/lyrHg4RBzN6UafuymMFT/topics/Y0MhOdG0hGVh8AUsgVrz/quizzes/aay1v1qSUacMrZy8cglV"
"nursing-test-bank","LPN Exams","ATI LPN Exams","Pediatric Nursing","ATI PN Pediatrics Nursing Proctored Exam Practice Questions - Set 5","ati-pn-pediatrics-nursing-proctored-exam-practice-questions-set-5","98","pillarPages/nursing-test-bank/subPages/z0xzINtS3EohZNaKosBz/nestedSubPages/lyrHg4RBzN6UafuymMFT/topics/Y0MhOdG0hGVh8AUsgVrz/quizzes/cWT5DTy7qnbbVaxA11jo"
"nursing-test-bank","LPN Exams","ATI LPN Exams","Pediatric Nursing","ATI PN Pediatrics Nursing Proctored Exam 2023 Practice Questions - Set 6","ati-pn-pediatrics-nursing-proctored-exam-2023-practice-questions-set-6","64","pillarPages/nursing-test-bank/subPages/z0xzINtS3EohZNaKosBz/nestedSubPages/lyrHg4RBzN6UafuymMFT/topics/Y0MhOdG0hGVh8AUsgVrz/quizzes/cxtKYH70IPlOQC6L1PrY"
"nursing-test-bank","LPN Exams","ATI LPN Exams","Pediatric Nursing","ATI PN Pediatrics (Nursing Care of Newborn) Proctored Exam Practice Questions","ati-pn-pediatrics-nursing-care-of-newborn-proctored-exam-practice-questions","57","pillarPages/nursing-test-bank/subPages/z0xzINtS3EohZNaKosBz/nestedSubPages/lyrHg4RBzN6UafuymMFT/topics/Y0MhOdG0hGVh8AUsgVrz/quizzes/dV84tzG44i4SskdzhxC7"
"nursing-test-bank","LPN Exams","ATI LPN Exams","Pediatric Nursing","ATI PN NS122 Pediatrics Monroe College NY PN Proctored Exam Practice Questions","ati-pn-ns122-pediatrics-monroe-college-ny-pn-proctored-exam-practice-questions","45","pillarPages/nursing-test-bank/subPages/z0xzINtS3EohZNaKosBz/nestedSubPages/lyrHg4RBzN6UafuymMFT/topics/Y0MhOdG0hGVh8AUsgVrz/quizzes/i8ciR10yF37bLxkFAL0q"
"nursing-test-bank","LPN Exams","ATI LPN Exams","Pediatric Nursing","ATI PN Pediatrics Nursing Proctored Exam 2023 Practice Questions - Set 8","ati-pn-pediatrics-nursing-proctored-exam-2023-practice-questions-set-8","56","pillarPages/nursing-test-bank/subPages/z0xzINtS3EohZNaKosBz/nestedSubPages/lyrHg4RBzN6UafuymMFT/topics/Y0MhOdG0hGVh8AUsgVrz/quizzes/mrcybTEPrMik9w0UHjWl"
"nursing-test-bank","LPN Exams","ATI LPN Exams","Pediatric Nursing","ATI PN Pediatrics Nursing Proctored Exam 2023 Practice Questions - Set 9","ati-pn-pediatrics-nursing-proctored-exam-2023-practice-questions-set-9","57","pillarPages/nursing-test-bank/subPages/z0xzINtS3EohZNaKosBz/nestedSubPages/lyrHg4RBzN6UafuymMFT/topics/Y0MhOdG0hGVh8AUsgVrz/quizzes/t8EnEP8TwJckiPBhdlIw"
"nursing-test-bank","LPN Exams","ATI LPN Exams","Pediatric Nursing","ATI PN Nursing Care of Children 2020 with NGN II Proctored Exam Practice Questions","ati-pn-nursing-care-of-children-2020-with-ngn-ii-proctored-exam-practice-questions","63","pillarPages/nursing-test-bank/subPages/z0xzINtS3EohZNaKosBz/nestedSubPages/lyrHg4RBzN6UafuymMFT/topics/Y0MhOdG0hGVh8AUsgVrz/quizzes/tG7jicbah2w4Dbheu8dU"
"nursing-test-bank","LPN Exams","ATI LPN Exams","Pediatric Nursing","ATI PN Nursing Care of Children with NGN 2020 Proctored Exam Practice Questions","ati-pn-nursing-care-of-children-with-ngn-2020-proctored-exam-practice-questions","66","pillarPages/nursing-test-bank/subPages/z0xzINtS3EohZNaKosBz/nestedSubPages/lyrHg4RBzN6UafuymMFT/topics/Y0MhOdG0hGVh8AUsgVrz/quizzes/tGdodBPumxHO7hUHZzci"
"nursing-test-bank","LPN Exams","ATI LPN Exams","Pediatric Nursing","ATI PN Pediatrics Proctored Exam Practice Questions - Set 14","ati-pn-pediatrics-proctored-exam-practice-questions-set-14","76","pillarPages/nursing-test-bank/subPages/z0xzINtS3EohZNaKosBz/nestedSubPages/lyrHg4RBzN6UafuymMFT/topics/Y0MhOdG0hGVh8AUsgVrz/quizzes/vT9ojHo0XSOuTqPF6NQg"
"nursing-test-bank","LPN Exams","ATI LPN Exams","Pediatric Nursing","ATI PN Pediatrics Nursing Cohort 65 Proctored Exam Practice Questions","ati-pn-pediatrics-nursing-cohort-65-proctored-exam-practice-questions","48","pillarPages/nursing-test-bank/subPages/z0xzINtS3EohZNaKosBz/nestedSubPages/lyrHg4RBzN6UafuymMFT/topics/Y0MhOdG0hGVh8AUsgVrz/quizzes/wE4GXTcn7EHREtaZOrYf"
"nursing-test-bank","LPN Exams","ATI LPN Exams","Pediatric Nursing","ATI PN Pediatrics Proctored Exam Practice Questions - Set 19","ati-pn-pediatrics-proctored-exam-practice-questions-set-19","50","pillarPages/nursing-test-bank/subPages/z0xzINtS3EohZNaKosBz/nestedSubPages/lyrHg4RBzN6UafuymMFT/topics/Y0MhOdG0hGVh8AUsgVrz/quizzes/zqzGxoHQqoZRIPxmu7nL"
"nursing-test-bank","LPN Exams","ATI LPN Exams","Maternal Newborn","ATI PN Maternal Newborn Proctored Exam Practice Questions - Set 2","ati-pn-maternal-newborn-proctored-exam-practice-questions-set-2","55","pillarPages/nursing-test-bank/subPages/z0xzINtS3EohZNaKosBz/nestedSubPages/lyrHg4RBzN6UafuymMFT/topics/ZwY2vYN2X4tXEKOv2x6h/quizzes/2pISLuROBybQHEYGwydT"
"nursing-test-bank","LPN Exams","ATI LPN Exams","Maternal Newborn","ATI PN Maternal Newborn Proctored Exam Practice Questions - Set 4","ati-pn-maternal-newborn-proctored-exam-practice-questions-set-4","60","pillarPages/nursing-test-bank/subPages/z0xzINtS3EohZNaKosBz/nestedSubPages/lyrHg4RBzN6UafuymMFT/topics/ZwY2vYN2X4tXEKOv2x6h/quizzes/3yr6vUzORUezPATWG4jN"
"nursing-test-bank","LPN Exams","ATI LPN Exams","Maternal Newborn","ATI PN N105t Maternal Newborn Proctored Exam Practice Questions","ati-pn-n105t-maternal-newborn-proctored-exam-practice-questions","43","pillarPages/nursing-test-bank/subPages/z0xzINtS3EohZNaKosBz/nestedSubPages/lyrHg4RBzN6UafuymMFT/topics/ZwY2vYN2X4tXEKOv2x6h/quizzes/4IvmFLf1qUT5N7LJWaf4"
"nursing-test-bank","LPN Exams","ATI LPN Exams","Maternal Newborn","ATI PN Maternal Newborn 2020 with NGN Proctored Exam Practice Questions","ati-pn-maternal-newborn-2020-with-ngn-proctored-exam-practice-questions","57","pillarPages/nursing-test-bank/subPages/z0xzINtS3EohZNaKosBz/nestedSubPages/lyrHg4RBzN6UafuymMFT/topics/ZwY2vYN2X4tXEKOv2x6h/quizzes/6S0DrYENflFSvYRkDdhk"
"nursing-test-bank","LPN Exams","ATI LPN Exams","Maternal Newborn","ATI PN Obstetrics Nursing Proctored Exam Practice Questions - Set 1","ati-pn-obstetrics-nursing-proctored-exam-practice-questions-set-1","41","pillarPages/nursing-test-bank/subPages/z0xzINtS3EohZNaKosBz/nestedSubPages/lyrHg4RBzN6UafuymMFT/topics/ZwY2vYN2X4tXEKOv2x6h/quizzes/6eVVTNtpECUtyQNzLL76"
"nursing-test-bank","LPN Exams","ATI LPN Exams","Maternal Newborn","ATI PN Obstetrics Nursing Proctored Exam Practice Questions - Set 3","ati-pn-obstetrics-nursing-proctored-exam-practice-questions-set-3","43","pillarPages/nursing-test-bank/subPages/z0xzINtS3EohZNaKosBz/nestedSubPages/lyrHg4RBzN6UafuymMFT/topics/ZwY2vYN2X4tXEKOv2x6h/quizzes/6g11YoqpjY1niS06Ut3U"
"nursing-test-bank","LPN Exams","ATI LPN Exams","Maternal Newborn","ATI PN Ns 122 Maternity Proctored Exam Practice Questions","ati-pn-ns-122-maternity-proctored-exam-practice-questions","61","pillarPages/nursing-test-bank/subPages/z0xzINtS3EohZNaKosBz/nestedSubPages/lyrHg4RBzN6UafuymMFT/topics/ZwY2vYN2X4tXEKOv2x6h/quizzes/EC4wRGtRvMZiy9FwC40D"
"nursing-test-bank","LPN Exams","ATI LPN Exams","Maternal Newborn","ATI PN Maternal Newborn 2023 Proctored Exam Practice Questions - Set 1","ati-pn-maternal-newborn-2023-proctored-exam-practice-questions-set-1","63","pillarPages/nursing-test-bank/subPages/z0xzINtS3EohZNaKosBz/nestedSubPages/lyrHg4RBzN6UafuymMFT/topics/ZwY2vYN2X4tXEKOv2x6h/quizzes/ECRqRGdgjTT62PogLp3c"
"nursing-test-bank","LPN Exams","ATI LPN Exams","Maternal Newborn","ATI PN Maternal Newborn Proctored Exam Practice Questions - Set 16","ati-pn-maternal-newborn-proctored-exam-practice-questions-set-16","50","pillarPages/nursing-test-bank/subPages/z0xzINtS3EohZNaKosBz/nestedSubPages/lyrHg4RBzN6UafuymMFT/topics/ZwY2vYN2X4tXEKOv2x6h/quizzes/H9OIb6stuQTogTuCToAY"
"nursing-test-bank","LPN Exams","ATI LPN Exams","Maternal Newborn","ATI PN Maternal Newborn 2023 Proctored Exam Practice Questions - Set 15","ati-pn-maternal-newborn-2023-proctored-exam-practice-questions-set-15","40","pillarPages/nursing-test-bank/subPages/z0xzINtS3EohZNaKosBz/nestedSubPages/lyrHg4RBzN6UafuymMFT/topics/ZwY2vYN2X4tXEKOv2x6h/quizzes/JT2c69EWULbYPJQrU4Nb"
"nursing-test-bank","LPN Exams","ATI LPN Exams","Maternal Newborn","ATI PN Monroe College NY PN 23NS SP 126 Proctored Exam 3 Practice Questions","ati-pn-monroe-college-ny-pn-23ns-sp-126-proctored-exam-3-practice-questions","25","pillarPages/nursing-test-bank/subPages/z0xzINtS3EohZNaKosBz/nestedSubPages/lyrHg4RBzN6UafuymMFT/topics/ZwY2vYN2X4tXEKOv2x6h/quizzes/LXRpVVptYc2wunHteKva"
"nursing-test-bank","LPN Exams","ATI LPN Exams","Maternal Newborn","ATI PN Obstetrics OB Nursing Cohort Proctored Exam Total Questions 35 Practice Questions","ati-pn-obstetrics-ob-nursing-cohort-proctored-exam-total-questions-35-practice-questions","35","pillarPages/nursing-test-bank/subPages/z0xzINtS3EohZNaKosBz/nestedSubPages/lyrHg4RBzN6UafuymMFT/topics/ZwY2vYN2X4tXEKOv2x6h/quizzes/MVzjDrf7wMbGfyUzeiaX"
"nursing-test-bank","LPN Exams","ATI LPN Exams","Maternal Newborn","ATI PN Maternity OB Cohort 65 Proctored Exam Practice Questions","ati-pn-maternity-ob-cohort-65-proctored-exam-practice-questions","40","pillarPages/nursing-test-bank/subPages/z0xzINtS3EohZNaKosBz/nestedSubPages/lyrHg4RBzN6UafuymMFT/topics/ZwY2vYN2X4tXEKOv2x6h/quizzes/RFSPismZ4gTSGTYMsXIf"
"nursing-test-bank","LPN Exams","ATI LPN Exams","Maternal Newborn","ATI PN Maternal Newborn 2023 Proctored Exam Practice Questions - Set 14","ati-pn-maternal-newborn-2023-proctored-exam-practice-questions-set-14","57","pillarPages/nursing-test-bank/subPages/z0xzINtS3EohZNaKosBz/nestedSubPages/lyrHg4RBzN6UafuymMFT/topics/ZwY2vYN2X4tXEKOv2x6h/quizzes/RwXrs1cNzRzi6xjkzcB9"
"nursing-test-bank","LPN Exams","ATI LPN Exams","Maternal Newborn","ATI PN N105 Maternity Proctored Exam Practice Questions","ati-pn-n105-maternity-proctored-exam-practice-questions","48","pillarPages/nursing-test-bank/subPages/z0xzINtS3EohZNaKosBz/nestedSubPages/lyrHg4RBzN6UafuymMFT/topics/ZwY2vYN2X4tXEKOv2x6h/quizzes/UmUPGiEjtaHkLw6sCM63"
"nursing-test-bank","LPN Exams","ATI LPN Exams","Maternal Newborn","ATI PN Maternal Newborn 2023 Proctored Exam 3 Practice Questions","ati-pn-maternal-newborn-2023-proctored-exam-3-practice-questions","61","pillarPages/nursing-test-bank/subPages/z0xzINtS3EohZNaKosBz/nestedSubPages/lyrHg4RBzN6UafuymMFT/topics/ZwY2vYN2X4tXEKOv2x6h/quizzes/VjaDUpN5FhgXw4nqKNO2"
"nursing-test-bank","LPN Exams","ATI LPN Exams","Maternal Newborn","ATI PN Maternity Proctored Exam Practice Questions - Set 24","ati-pn-maternity-proctored-exam-practice-questions-set-24","79","pillarPages/nursing-test-bank/subPages/z0xzINtS3EohZNaKosBz/nestedSubPages/lyrHg4RBzN6UafuymMFT/topics/ZwY2vYN2X4tXEKOv2x6h/quizzes/Z9Sbt2SuITF9UIdZT3bg"
"nursing-test-bank","LPN Exams","ATI LPN Exams","Maternal Newborn","ATI PN Maternal Proctored Exam 1 Practice Questions","ati-pn-maternal-proctored-exam-1-practice-questions","49","pillarPages/nursing-test-bank/subPages/z0xzINtS3EohZNaKosBz/nestedSubPages/lyrHg4RBzN6UafuymMFT/topics/ZwY2vYN2X4tXEKOv2x6h/quizzes/bcsicKwtItoxVKhRnBHl"
"nursing-test-bank","LPN Exams","ATI LPN Exams","Maternal Newborn","ATI PN Maternal Newborn 2023 Proctored Exam Practice Questions - Set 9","ati-pn-maternal-newborn-2023-proctored-exam-practice-questions-set-9","62","pillarPages/nursing-test-bank/subPages/z0xzINtS3EohZNaKosBz/nestedSubPages/lyrHg4RBzN6UafuymMFT/topics/ZwY2vYN2X4tXEKOv2x6h/quizzes/dMHTlzyIuyJX7CAqVPko"
"nursing-test-bank","LPN Exams","ATI LPN Exams","Maternal Newborn","ATI PN Maternal Newborn Proctored Exam Practice Questions - Set 17","ati-pn-maternal-newborn-proctored-exam-practice-questions-set-17","49","pillarPages/nursing-test-bank/subPages/z0xzINtS3EohZNaKosBz/nestedSubPages/lyrHg4RBzN6UafuymMFT/topics/ZwY2vYN2X4tXEKOv2x6h/quizzes/ewwc1ofqNfja9FQVcbPG"
"nursing-test-bank","LPN Exams","ATI LPN Exams","Maternal Newborn","ATI PN Maternal Newborn Proctored Exam 2023 Practice Questions - Set 7","ati-pn-maternal-newborn-proctored-exam-2023-practice-questions-set-7","58","pillarPages/nursing-test-bank/subPages/z0xzINtS3EohZNaKosBz/nestedSubPages/lyrHg4RBzN6UafuymMFT/topics/ZwY2vYN2X4tXEKOv2x6h/quizzes/mJlcPfoVYt4thUpKn4xi"
"nursing-test-bank","LPN Exams","ATI LPN Exams","Maternal Newborn","ATI PN Maternal Newborn X1 Proctored Exam Practice Questions","ati-pn-maternal-newborn-x1-proctored-exam-practice-questions","48","pillarPages/nursing-test-bank/subPages/z0xzINtS3EohZNaKosBz/nestedSubPages/lyrHg4RBzN6UafuymMFT/topics/ZwY2vYN2X4tXEKOv2x6h/quizzes/nAAR393FvxRBVisTAOng"
"nursing-test-bank","LPN Exams","ATI LPN Exams","Maternal Newborn","ATI PN OB Maternal Newborn Proctored Exam Practice Questions","ati-pn-ob-maternal-newborn-proctored-exam-practice-questions","30","pillarPages/nursing-test-bank/subPages/z0xzINtS3EohZNaKosBz/nestedSubPages/lyrHg4RBzN6UafuymMFT/topics/ZwY2vYN2X4tXEKOv2x6h/quizzes/ol4QRO1EMV6lZiusXzUQ"
"nursing-test-bank","LPN Exams","ATI LPN Exams","Maternal Newborn","ATI PN OB Maternal Newborn Cohort 65 Proctored Exam Practice Questions","ati-pn-ob-maternal-newborn-cohort-65-proctored-exam-practice-questions","42","pillarPages/nursing-test-bank/subPages/z0xzINtS3EohZNaKosBz/nestedSubPages/lyrHg4RBzN6UafuymMFT/topics/ZwY2vYN2X4tXEKOv2x6h/quizzes/quhTiftaOqsmFLKC2ChR"
"nursing-test-bank","LPN Exams","ATI LPN Exams","Maternal Newborn","ATI PN Maternity Proctored Exam Practice Questions - Set 26","ati-pn-maternity-proctored-exam-practice-questions-set-26","62","pillarPages/nursing-test-bank/subPages/z0xzINtS3EohZNaKosBz/nestedSubPages/lyrHg4RBzN6UafuymMFT/topics/ZwY2vYN2X4tXEKOv2x6h/quizzes/sZQUx4PsdcmMMvzytexc"
"nursing-test-bank","LPN Exams","ATI LPN Exams","Maternal Newborn","ATI PN Maternal Newborn 2020 Proctored Exam Practice Questions - Set 19","ati-pn-maternal-newborn-2020-proctored-exam-practice-questions-set-19","47","pillarPages/nursing-test-bank/subPages/z0xzINtS3EohZNaKosBz/nestedSubPages/lyrHg4RBzN6UafuymMFT/topics/ZwY2vYN2X4tXEKOv2x6h/quizzes/wgtUsFieAT42tBpHZ3SK"
"nursing-test-bank","LPN Exams","ATI LPN Exams","Maternal Newborn","ATI PN Maternal Newborn 2023 Proctored Exam Practice Questions - Set 3","ati-pn-maternal-newborn-2023-proctored-exam-practice-questions-set-3","58","pillarPages/nursing-test-bank/subPages/z0xzINtS3EohZNaKosBz/nestedSubPages/lyrHg4RBzN6UafuymMFT/topics/ZwY2vYN2X4tXEKOv2x6h/quizzes/wwhPYhVvgp3H6fzgUaje"
"nursing-test-bank","LPN Exams","ATI LPN Exams","Gerontology","ATI PN Boceastern Suffolk Boces Adult Education Center Geriatric Proctored Exam Pn111 Practice Questions","ati-pn-boceastern-suffolk-boces-adult-education-center-geriatric-proctored-exam-pn111-practice-questions","49","pillarPages/nursing-test-bank/subPages/z0xzINtS3EohZNaKosBz/nestedSubPages/lyrHg4RBzN6UafuymMFT/topics/dmp305oqVwM00NwUtbbj/quizzes/JVKNgWPoVOe4D7euMzz1"
"nursing-test-bank","LPN Exams","ATI LPN Exams","Gerontology","ATI PN Med Surg(Geriatrics) Proctored Exam Practice Questions","ati-pn-med-surg-geriatrics-proctored-exam-practice-questions","50","pillarPages/nursing-test-bank/subPages/z0xzINtS3EohZNaKosBz/nestedSubPages/lyrHg4RBzN6UafuymMFT/topics/dmp305oqVwM00NwUtbbj/quizzes/w7QNZdj07Z6Ru3GoXaz0"
"nursing-test-bank","LPN Exams","ATI LPN Exams","Management","ATI PN Nursing Leadership Proctored Exam(Chapter 5,6,7) Practice Questions","ati-pn-nursing-leadership-proctored-exam-chapter-5-6-7-practice-questions","50","pillarPages/nursing-test-bank/subPages/z0xzINtS3EohZNaKosBz/nestedSubPages/lyrHg4RBzN6UafuymMFT/topics/i0Rf69MPdXLbYTSRdCOW/quizzes/0GxTv8XOKu4rtekw9uMw"
"nursing-test-bank","LPN Exams","ATI LPN Exams","Management","ATI PN Management Proctored Exam 2023 Practice Questions - Set 3","ati-pn-management-proctored-exam-2023-practice-questions-set-3","60","pillarPages/nursing-test-bank/subPages/z0xzINtS3EohZNaKosBz/nestedSubPages/lyrHg4RBzN6UafuymMFT/topics/i0Rf69MPdXLbYTSRdCOW/quizzes/7vTm4dVOz0BwnXRbQyVb"
"nursing-test-bank","LPN Exams","ATI LPN Exams","Management","ATI PN Management 2023 Retake Proctored Exam Practice Questions","ati-pn-management-2023-retake-proctored-exam-practice-questions","53","pillarPages/nursing-test-bank/subPages/z0xzINtS3EohZNaKosBz/nestedSubPages/lyrHg4RBzN6UafuymMFT/topics/i0Rf69MPdXLbYTSRdCOW/quizzes/Ae4YmnjeHIbHohFxO5Ia"
"nursing-test-bank","LPN Exams","ATI LPN Exams","Management","ATI PN Leadership Proctored Exam Practice Questions - Set 2","ati-pn-leadership-proctored-exam-practice-questions-set-2","100","pillarPages/nursing-test-bank/subPages/z0xzINtS3EohZNaKosBz/nestedSubPages/lyrHg4RBzN6UafuymMFT/topics/i0Rf69MPdXLbYTSRdCOW/quizzes/Ggl2yTRUdhZqswWSQVP2"
"nursing-test-bank","LPN Exams","ATI LPN Exams","Management","ATI PN Management 2023 Proctored Exam Practice Questions - Set 1","ati-pn-management-2023-proctored-exam-practice-questions-set-1","60","pillarPages/nursing-test-bank/subPages/z0xzINtS3EohZNaKosBz/nestedSubPages/lyrHg4RBzN6UafuymMFT/topics/i0Rf69MPdXLbYTSRdCOW/quizzes/Mlp5QTMLwhnGdWtxHCjV"
"nursing-test-bank","LPN Exams","ATI LPN Exams","Management","ATI PN Medical Surgical Leadership Proctored Exam Practice Questions","ati-pn-medical-surgical-leadership-proctored-exam-practice-questions","51","pillarPages/nursing-test-bank/subPages/z0xzINtS3EohZNaKosBz/nestedSubPages/lyrHg4RBzN6UafuymMFT/topics/i0Rf69MPdXLbYTSRdCOW/quizzes/NskFnEzBb3USFTj24ejm"
"nursing-test-bank","LPN Exams","ATI LPN Exams","Management","ATI PN Management 2020 Proctored Exam Practice Questions - Set 6","ati-pn-management-2020-proctored-exam-practice-questions-set-6","86","pillarPages/nursing-test-bank/subPages/z0xzINtS3EohZNaKosBz/nestedSubPages/lyrHg4RBzN6UafuymMFT/topics/i0Rf69MPdXLbYTSRdCOW/quizzes/XC1mmo5mnUHPGaipLmT4"
"nursing-test-bank","LPN Exams","ATI LPN Exams","Management","ATI PN Management Proctored Exam 2023 III Practice Questions","ati-pn-management-proctored-exam-2023-iii-practice-questions","58","pillarPages/nursing-test-bank/subPages/z0xzINtS3EohZNaKosBz/nestedSubPages/lyrHg4RBzN6UafuymMFT/topics/i0Rf69MPdXLbYTSRdCOW/quizzes/lbQrMsRrBcM8YKezEfjU"
"nursing-test-bank","LPN Exams","ATI LPN Exams","Management","ATI PN Management 2023 Proctored Exam Practice Questions - Set 5","ati-pn-management-2023-proctored-exam-practice-questions-set-5","54","pillarPages/nursing-test-bank/subPages/z0xzINtS3EohZNaKosBz/nestedSubPages/lyrHg4RBzN6UafuymMFT/topics/i0Rf69MPdXLbYTSRdCOW/quizzes/sdqT2VZLyvE4fHe8Mafo"
"nursing-test-bank","LPN Exams","ATI LPN Exams","Management","ATI PN Leadership Proctored Exam Practice Questions - Set 1","ati-pn-leadership-proctored-exam-practice-questions-set-1","32","pillarPages/nursing-test-bank/subPages/z0xzINtS3EohZNaKosBz/nestedSubPages/lyrHg4RBzN6UafuymMFT/topics/i0Rf69MPdXLbYTSRdCOW/quizzes/u8GRZBURJHORiY5xkOWB"
"nursing-test-bank","LPN Exams","ATI LPN Exams","Nutrition","ATI PN Nutrition Proctored Exam Practice Questions - Set 3","ati-pn-nutrition-proctored-exam-practice-questions-set-3","37","pillarPages/nursing-test-bank/subPages/z0xzINtS3EohZNaKosBz/nestedSubPages/lyrHg4RBzN6UafuymMFT/topics/ilQ0n4O4zSgd6exoMQfi/quizzes/bCjURiN2y4X6jv6ANRuJ"
"nursing-test-bank","LPN Exams","ATI LPN Exams","Nutrition","ATI PN Nutrition Proctored Quiz Practice Questions","ati-pn-nutrition-proctored-quiz-practice-questions","30","pillarPages/nursing-test-bank/subPages/z0xzINtS3EohZNaKosBz/nestedSubPages/lyrHg4RBzN6UafuymMFT/topics/ilQ0n4O4zSgd6exoMQfi/quizzes/cNkAJy10OgzutknKVCo7"
"nursing-test-bank","LPN Exams","ATI LPN Exams","Nutrition","ATI PN Nutrition Proctored Exam Practice Questions - Set 2","ati-pn-nutrition-proctored-exam-practice-questions-set-2","36","pillarPages/nursing-test-bank/subPages/z0xzINtS3EohZNaKosBz/nestedSubPages/lyrHg4RBzN6UafuymMFT/topics/ilQ0n4O4zSgd6exoMQfi/quizzes/taiZVN4zRNw7ac4frbMf"
"nursing-test-bank","LPN Exams","ATI LPN Exams","Anatomy and Physiology","ATI PN Anatomy and Physiology Proctored Exam Practice Questions - Set 2","ati-pn-anatomy-and-physiology-proctored-exam-practice-questions-set-2","46","pillarPages/nursing-test-bank/subPages/z0xzINtS3EohZNaKosBz/nestedSubPages/lyrHg4RBzN6UafuymMFT/topics/j5H2Ra9IgckkioC7vNSj/quizzes/BQt862kmRN23DCkh3PyI"
"nursing-test-bank","LPN Exams","ATI LPN Exams","Anatomy and Physiology","ATI PN Anatomy and Physiology Proctored Exam Practice Questions - Set 3","ati-pn-anatomy-and-physiology-proctored-exam-practice-questions-set-3","50","pillarPages/nursing-test-bank/subPages/z0xzINtS3EohZNaKosBz/nestedSubPages/lyrHg4RBzN6UafuymMFT/topics/j5H2Ra9IgckkioC7vNSj/quizzes/BjFkdXJGYGg1TurUdCIg"
"nursing-test-bank","LPN Exams","ATI LPN Exams","Anatomy and Physiology","ATI PN Anatomy Physiology Proctored Exam Practice Questions","ati-pn-anatomy-physiology-proctored-exam-practice-questions","43","pillarPages/nursing-test-bank/subPages/z0xzINtS3EohZNaKosBz/nestedSubPages/lyrHg4RBzN6UafuymMFT/topics/j5H2Ra9IgckkioC7vNSj/quizzes/EkuZ9esKxczPnxpYJ2HZ"
"nursing-test-bank","LPN Exams","ATI LPN Exams","Anatomy and Physiology","ATI PN Anatomy and Physiology Proctored Exam Practice Questions - Set 7","ati-pn-anatomy-and-physiology-proctored-exam-practice-questions-set-7","80","pillarPages/nursing-test-bank/subPages/z0xzINtS3EohZNaKosBz/nestedSubPages/lyrHg4RBzN6UafuymMFT/topics/j5H2Ra9IgckkioC7vNSj/quizzes/M9QU2W6AbvrmWM9FUtnK"
"nursing-test-bank","LPN Exams","ATI LPN Exams","Anatomy and Physiology","ATI PN Anatomy and Physiology Proctored Exam Practice Questions - Set 4","ati-pn-anatomy-and-physiology-proctored-exam-practice-questions-set-4","47","pillarPages/nursing-test-bank/subPages/z0xzINtS3EohZNaKosBz/nestedSubPages/lyrHg4RBzN6UafuymMFT/topics/j5H2Ra9IgckkioC7vNSj/quizzes/SPRE7aJa8YoN3Rvy1hGn"
"nursing-test-bank","LPN Exams","ATI LPN Exams","Anatomy and Physiology","ATI PN Custom Anatomy Quiz Proctored Exam#6 Days 24 Practice Questions","ati-pn-custom-anatomy-quiz-proctored-exam-6-days-24-practice-questions","60","pillarPages/nursing-test-bank/subPages/z0xzINtS3EohZNaKosBz/nestedSubPages/lyrHg4RBzN6UafuymMFT/topics/j5H2Ra9IgckkioC7vNSj/quizzes/b3unauiHoqea3YC139EW"
"nursing-test-bank","LPN Exams","ATI LPN Exams","Anatomy and Physiology","ATI PN Anatomy and Physiology Proctored Exam Practice Questions - Set 1","ati-pn-anatomy-and-physiology-proctored-exam-practice-questions-set-1","100","pillarPages/nursing-test-bank/subPages/z0xzINtS3EohZNaKosBz/nestedSubPages/lyrHg4RBzN6UafuymMFT/topics/j5H2Ra9IgckkioC7vNSj/quizzes/vEV3Ov1JMHdvu8tEE8Fx"
"nursing-test-bank","LPN Exams","ATI LPN Exams","Anatomy and Physiology","ATI PN Anatomy and Physiology Proctored Exam Practice Questions - Set 6","ati-pn-anatomy-and-physiology-proctored-exam-practice-questions-set-6","49","pillarPages/nursing-test-bank/subPages/z0xzINtS3EohZNaKosBz/nestedSubPages/lyrHg4RBzN6UafuymMFT/topics/j5H2Ra9IgckkioC7vNSj/quizzes/wnLgyB05a8GIdCTdb6rd"
