"normalizedKey","duplicateCount","pillarId","subPageName","nestedPageName","topicName","quizTitle","slug","questionCount","path"
"teas reading","14","nursing-entrance-exam","ATI TEAS 7","ATI TEAS Reading Practice Test","","TEAS Reading Practice Test Set 2","teas-reading-practice-test-set-2","88","pillarPages/nursing-entrance-exam/subPages/yrdSf0KpOcuybL1SLnw7/nestedSubPages/2JIZgWhm9jUkoNFmkY7R/quizzes/15BJZ9M7ZzW0shv3jcPl"
"teas reading","14","nursing-entrance-exam","ATI TEAS 7","ATI TEAS Reading Practice Test","","TEAS Reading Practice Test Set 10","teas-reading-practice-test-set-10","44","pillarPages/nursing-entrance-exam/subPages/yrdSf0KpOcuybL1SLnw7/nestedSubPages/2JIZgWhm9jUkoNFmkY7R/quizzes/1Q1BfIfJvBSGTfEswUs6"
"teas reading","14","nursing-entrance-exam","ATI TEAS 7","ATI TEAS Reading Practice Test","","TEAS Reading Practice Test Set 12","teas-reading-practice-test-set-12","44","pillarPages/nursing-entrance-exam/subPages/yrdSf0KpOcuybL1SLnw7/nestedSubPages/2JIZgWhm9jUkoNFmkY7R/quizzes/5NTvfpVOtE5a560DsykQ"
"teas reading","14","nursing-entrance-exam","ATI TEAS 7","ATI TEAS Reading Practice Test","","TEAS Reading Practice Test Set 6","teas-reading-practice-test-set-6","44","pillarPages/nursing-entrance-exam/subPages/yrdSf0KpOcuybL1SLnw7/nestedSubPages/2JIZgWhm9jUkoNFmkY7R/quizzes/8xmVvFmwDEEo4qyUN4PB"
"teas reading","14","nursing-entrance-exam","ATI TEAS 7","ATI TEAS Reading Practice Test","","TEAS Reading Practice Test Set 13","teas-reading-practice-test-set-13","44","pillarPages/nursing-entrance-exam/subPages/yrdSf0KpOcuybL1SLnw7/nestedSubPages/2JIZgWhm9jUkoNFmkY7R/quizzes/DdOaj7o2STEkWwbqKigF"
"teas reading","14","nursing-entrance-exam","ATI TEAS 7","ATI TEAS Reading Practice Test","","TEAS Reading Practice Test Set 8","teas-reading-practice-test-set-8","21","pillarPages/nursing-entrance-exam/subPages/yrdSf0KpOcuybL1SLnw7/nestedSubPages/2JIZgWhm9jUkoNFmkY7R/quizzes/KE4W8od6saoSm7hkp00V"
"teas reading","14","nursing-entrance-exam","ATI TEAS 7","ATI TEAS Reading Practice Test","","TEAS Reading Practice Test Set 15","teas-reading-practice-test-set-15","45","pillarPages/nursing-entrance-exam/subPages/yrdSf0KpOcuybL1SLnw7/nestedSubPages/2JIZgWhm9jUkoNFmkY7R/quizzes/R8xoEcO05QfGke6epALS"
"teas reading","14","nursing-entrance-exam","ATI TEAS 7","ATI TEAS Reading Practice Test","","TEAS Reading Practice Test Set 7","teas-reading-practice-test-set-7","47","pillarPages/nursing-entrance-exam/subPages/yrdSf0KpOcuybL1SLnw7/nestedSubPages/2JIZgWhm9jUkoNFmkY7R/quizzes/SXUhU5ldn3Tw8AaS1tri"
"teas reading","14","nursing-entrance-exam","ATI TEAS 7","ATI TEAS Reading Practice Test","","TEAS Reading Practice Test Set 9","teas-reading-practice-test-set-9","44","pillarPages/nursing-entrance-exam/subPages/yrdSf0KpOcuybL1SLnw7/nestedSubPages/2JIZgWhm9jUkoNFmkY7R/quizzes/VN1Ns3W8Jo3kgHVmxMze"
"teas reading","14","nursing-entrance-exam","ATI TEAS 7","ATI TEAS Reading Practice Test","","TEAS Reading Practice Test Set 1","teas-reading-practice-test-set-1","44","pillarPages/nursing-entrance-exam/subPages/yrdSf0KpOcuybL1SLnw7/nestedSubPages/2JIZgWhm9jUkoNFmkY7R/quizzes/eNCAkl1f48I13l0ohsbL"
"teas reading","14","nursing-entrance-exam","ATI TEAS 7","ATI TEAS Reading Practice Test","","TEAS Reading Practice Test Set 14","teas-reading-practice-test-set-14","49","pillarPages/nursing-entrance-exam/subPages/yrdSf0KpOcuybL1SLnw7/nestedSubPages/2JIZgWhm9jUkoNFmkY7R/quizzes/fS0tPhwfWPmZ7p1qLhkC"
"teas reading","14","nursing-entrance-exam","ATI TEAS 7","ATI TEAS Reading Practice Test","","TEAS Reading Practice Test Set 3","teas-reading-practice-test-set-3","69","pillarPages/nursing-entrance-exam/subPages/yrdSf0KpOcuybL1SLnw7/nestedSubPages/2JIZgWhm9jUkoNFmkY7R/quizzes/kD4oQPOQqrEb3IzASVS1"
"teas reading","14","nursing-entrance-exam","ATI TEAS 7","ATI TEAS Reading Practice Test","","TEAS Reading Practice Test Set 11","teas-reading-practice-test-set-11","19","pillarPages/nursing-entrance-exam/subPages/yrdSf0KpOcuybL1SLnw7/nestedSubPages/2JIZgWhm9jUkoNFmkY7R/quizzes/mR7LVDa7EQWk5YBeAFsD"
"teas reading","14","nursing-entrance-exam","ATI TEAS 7","ATI TEAS Reading Practice Test","","TEAS Reading Practice Test Set 16","teas-reading-practice-test-set-16","44","pillarPages/nursing-entrance-exam/subPages/yrdSf0KpOcuybL1SLnw7/nestedSubPages/2JIZgWhm9jUkoNFmkY7R/quizzes/qdPBG0cUyM12WznCL1yH"
"teas math","14","nursing-entrance-exam","ATI TEAS 7","ATI TEAS Math Practice Test","","TEAS Math Practice Test Set 13","teas-math-practice-test-set-13","38","pillarPages/nursing-entrance-exam/subPages/yrdSf0KpOcuybL1SLnw7/nestedSubPages/e9EcRCWTbyKVpyLXUKzd/quizzes/0JtFd1AYoWvYcJtUlxfa"
"teas math","14","nursing-entrance-exam","ATI TEAS 7","ATI TEAS Math Practice Test","","TEAS Math Practice Test Set 1","teas-math-practice-test-set-1","38","pillarPages/nursing-entrance-exam/subPages/yrdSf0KpOcuybL1SLnw7/nestedSubPages/e9EcRCWTbyKVpyLXUKzd/quizzes/3KVRmArpLdurDdIdi3S0"
"teas math","14","nursing-entrance-exam","ATI TEAS 7","ATI TEAS Math Practice Test","","TEAS Math Practice Test Set 2","teas-math-practice-test-set-2","37","pillarPages/nursing-entrance-exam/subPages/yrdSf0KpOcuybL1SLnw7/nestedSubPages/e9EcRCWTbyKVpyLXUKzd/quizzes/C8oSuKgoQqrjMN6IQDcn"
"teas math","14","nursing-entrance-exam","ATI TEAS 7","ATI TEAS Math Practice Test","","TEAS Math Practice Test Set 3","teas-math-practice-test-set-3","35","pillarPages/nursing-entrance-exam/subPages/yrdSf0KpOcuybL1SLnw7/nestedSubPages/e9EcRCWTbyKVpyLXUKzd/quizzes/F3udSLa0H0faEPrQaV3U"
"teas math","14","nursing-entrance-exam","ATI TEAS 7","ATI TEAS Math Practice Test","","TEAS Math Practice Test Set 16","teas-math-practice-test-set-16","38","pillarPages/nursing-entrance-exam/subPages/yrdSf0KpOcuybL1SLnw7/nestedSubPages/e9EcRCWTbyKVpyLXUKzd/quizzes/IftpKs2gUa9OxXtMRbh3"
"teas math","14","nursing-entrance-exam","ATI TEAS 7","ATI TEAS Math Practice Test","","TEAS Math Practice Test Set 14","teas-math-practice-test-set-14","39","pillarPages/nursing-entrance-exam/subPages/yrdSf0KpOcuybL1SLnw7/nestedSubPages/e9EcRCWTbyKVpyLXUKzd/quizzes/LIi0LBEmXKLcLv0e8m3I"
"teas math","14","nursing-entrance-exam","ATI TEAS 7","ATI TEAS Math Practice Test","","TEAS Math Practice Test Set 9","teas-math-practice-test-set-9","38","pillarPages/nursing-entrance-exam/subPages/yrdSf0KpOcuybL1SLnw7/nestedSubPages/e9EcRCWTbyKVpyLXUKzd/quizzes/ZEWlsdPiaV3eZ6DLazrv"
"teas math","14","nursing-entrance-exam","ATI TEAS 7","ATI TEAS Math Practice Test","","TEAS Math Practice Test Set 15","teas-math-practice-test-set-15","39","pillarPages/nursing-entrance-exam/subPages/yrdSf0KpOcuybL1SLnw7/nestedSubPages/e9EcRCWTbyKVpyLXUKzd/quizzes/ci7XXrNZpyPVT4uksNue"
"teas math","14","nursing-entrance-exam","ATI TEAS 7","ATI TEAS Math Practice Test","","TEAS Math Practice Test Set 12","teas-math-practice-test-set-12","40","pillarPages/nursing-entrance-exam/subPages/yrdSf0KpOcuybL1SLnw7/nestedSubPages/e9EcRCWTbyKVpyLXUKzd/quizzes/ehjVrzL4dJP0Bii6btYm"
"teas math","14","nursing-entrance-exam","ATI TEAS 7","ATI TEAS Math Practice Test","","TEAS Math Practice Test Set 7","teas-math-practice-test-set-7","40","pillarPages/nursing-entrance-exam/subPages/yrdSf0KpOcuybL1SLnw7/nestedSubPages/e9EcRCWTbyKVpyLXUKzd/quizzes/gg8CLwVXq1pVrZxqKLMd"
"teas math","14","nursing-entrance-exam","ATI TEAS 7","ATI TEAS Math Practice Test","","TEAS Math Practice Test Set 8","teas-math-practice-test-set-8","18","pillarPages/nursing-entrance-exam/subPages/yrdSf0KpOcuybL1SLnw7/nestedSubPages/e9EcRCWTbyKVpyLXUKzd/quizzes/m9bPVWGpPk85VtHCz0yX"
"teas math","14","nursing-entrance-exam","ATI TEAS 7","ATI TEAS Math Practice Test","","TEAS Math Practice Test Set 6","teas-math-practice-test-set-6","41","pillarPages/nursing-entrance-exam/subPages/yrdSf0KpOcuybL1SLnw7/nestedSubPages/e9EcRCWTbyKVpyLXUKzd/quizzes/rRulXMeohYgiEAcLmjiZ"
"teas math","14","nursing-entrance-exam","ATI TEAS 7","ATI TEAS Math Practice Test","","TEAS Math Practice Test Set 11","teas-math-practice-test-set-11","21","pillarPages/nursing-entrance-exam/subPages/yrdSf0KpOcuybL1SLnw7/nestedSubPages/e9EcRCWTbyKVpyLXUKzd/quizzes/wm20wssdsah839RR1SLn"
"teas math","14","nursing-entrance-exam","ATI TEAS 7","ATI TEAS Math Practice Test","","TEAS Math Practice Test Set 10","teas-math-practice-test-set-10","38","pillarPages/nursing-entrance-exam/subPages/yrdSf0KpOcuybL1SLnw7/nestedSubPages/e9EcRCWTbyKVpyLXUKzd/quizzes/z92YY14uxYfs8h9YvNXq"
"teas science","14","nursing-entrance-exam","ATI TEAS 7","ATI TEAS Science Practice Test","","TEAS Science Practice Test Set 13","teas-science-practice-test-set-13","51","pillarPages/nursing-entrance-exam/subPages/yrdSf0KpOcuybL1SLnw7/nestedSubPages/uJVUx7wiwgxZ5HPJXNkV/quizzes/0M5GAnL3YfFymcZ97W1d"
"teas science","14","nursing-entrance-exam","ATI TEAS 7","ATI TEAS Science Practice Test","","TEAS Science Practice Test Set 9","teas-science-practice-test-set-9","49","pillarPages/nursing-entrance-exam/subPages/yrdSf0KpOcuybL1SLnw7/nestedSubPages/uJVUx7wiwgxZ5HPJXNkV/quizzes/5Vp0mXJvZRYH8qzeugav"
"teas science","14","nursing-entrance-exam","ATI TEAS 7","ATI TEAS Science Practice Test","","TEAS Science Practice Test Set 10","teas-science-practice-test-set-10","50","pillarPages/nursing-entrance-exam/subPages/yrdSf0KpOcuybL1SLnw7/nestedSubPages/uJVUx7wiwgxZ5HPJXNkV/quizzes/ETBx9CBxxtElsMiUWr2r"
"teas science","14","nursing-entrance-exam","ATI TEAS 7","ATI TEAS Science Practice Test","","TEAS Science Practice Test Set 11","teas-science-practice-test-set-11","26","pillarPages/nursing-entrance-exam/subPages/yrdSf0KpOcuybL1SLnw7/nestedSubPages/uJVUx7wiwgxZ5HPJXNkV/quizzes/NOu29y5q7Cm459xGO6J4"
"teas science","14","nursing-entrance-exam","ATI TEAS 7","ATI TEAS Science Practice Test","","TEAS Science Practice Test Set 3","teas-science-practice-test-set-3","51","pillarPages/nursing-entrance-exam/subPages/yrdSf0KpOcuybL1SLnw7/nestedSubPages/uJVUx7wiwgxZ5HPJXNkV/quizzes/PZcRFfW9egi6tu4on6wi"
"teas science","14","nursing-entrance-exam","ATI TEAS 7","ATI TEAS Science Practice Test","","TEAS Science Practice Test Set 1","teas-science-practice-test-set-1","50","pillarPages/nursing-entrance-exam/subPages/yrdSf0KpOcuybL1SLnw7/nestedSubPages/uJVUx7wiwgxZ5HPJXNkV/quizzes/UvEuW1Z0fRO17XHXu1x2"
"teas science","14","nursing-entrance-exam","ATI TEAS 7","ATI TEAS Science Practice Test","","TEAS Science Practice Test Set 6","teas-science-practice-test-set-6","53","pillarPages/nursing-entrance-exam/subPages/yrdSf0KpOcuybL1SLnw7/nestedSubPages/uJVUx7wiwgxZ5HPJXNkV/quizzes/XpcEyjkwv0v5BgqypxxZ"
"teas science","14","nursing-entrance-exam","ATI TEAS 7","ATI TEAS Science Practice Test","","TEAS Science Practice Test Set 16","teas-science-practice-test-set-16","50","pillarPages/nursing-entrance-exam/subPages/yrdSf0KpOcuybL1SLnw7/nestedSubPages/uJVUx7wiwgxZ5HPJXNkV/quizzes/ZbYXynRJRw9OmOPqbrnE"
"teas science","14","nursing-entrance-exam","ATI TEAS 7","ATI TEAS Science Practice Test","","TEAS Science Practice Test Set 12","teas-science-practice-test-set-12","52","pillarPages/nursing-entrance-exam/subPages/yrdSf0KpOcuybL1SLnw7/nestedSubPages/uJVUx7wiwgxZ5HPJXNkV/quizzes/blek3a3uvnkK43zakrtQ"
"teas science","14","nursing-entrance-exam","ATI TEAS 7","ATI TEAS Science Practice Test","","TEAS Science Practice Test Set 7","teas-science-practice-test-set-7","53","pillarPages/nursing-entrance-exam/subPages/yrdSf0KpOcuybL1SLnw7/nestedSubPages/uJVUx7wiwgxZ5HPJXNkV/quizzes/gtuKle3JV8tjfVgkJyUM"
"teas science","14","nursing-entrance-exam","ATI TEAS 7","ATI TEAS Science Practice Test","","TEAS Science Practice Test Set 2","teas-science-practice-test-set-2","46","pillarPages/nursing-entrance-exam/subPages/yrdSf0KpOcuybL1SLnw7/nestedSubPages/uJVUx7wiwgxZ5HPJXNkV/quizzes/uATEJmnYDUxhccUtLq5m"
"teas science","14","nursing-entrance-exam","ATI TEAS 7","ATI TEAS Science Practice Test","","TEAS Science Practice Test Set 15","teas-science-practice-test-set-15","53","pillarPages/nursing-entrance-exam/subPages/yrdSf0KpOcuybL1SLnw7/nestedSubPages/uJVUx7wiwgxZ5HPJXNkV/quizzes/uMOXcJU1m3JgCidP4eSJ"
"teas science","14","nursing-entrance-exam","ATI TEAS 7","ATI TEAS Science Practice Test","","TEAS Science Practice Test Set 8","teas-science-practice-test-set-8","25","pillarPages/nursing-entrance-exam/subPages/yrdSf0KpOcuybL1SLnw7/nestedSubPages/uJVUx7wiwgxZ5HPJXNkV/quizzes/umNkptw2XbbrjGNSsyt0"
"teas science","14","nursing-entrance-exam","ATI TEAS 7","ATI TEAS Science Practice Test","","TEAS Science Practice Test Set 14","teas-science-practice-test-set-14","55","pillarPages/nursing-entrance-exam/subPages/yrdSf0KpOcuybL1SLnw7/nestedSubPages/uJVUx7wiwgxZ5HPJXNkV/quizzes/ws1uYtDiQROAfJCXe0nY"
"teas english","14","nursing-entrance-exam","ATI TEAS 7","ATI TEAS English Practice Test","","TEAS English Practice Test Set 15","teas-english-practice-test-set-15","38","pillarPages/nursing-entrance-exam/subPages/yrdSf0KpOcuybL1SLnw7/nestedSubPages/ykWIONcheFBJ7ooEl7WK/quizzes/3KVLAfDxTrwFyVJn2Uqc"
"teas english","14","nursing-entrance-exam","ATI TEAS 7","ATI TEAS English Practice Test","","TEAS English Practice Test Set 6","teas-english-practice-test-set-6","37","pillarPages/nursing-entrance-exam/subPages/yrdSf0KpOcuybL1SLnw7/nestedSubPages/ykWIONcheFBJ7ooEl7WK/quizzes/3QnlEkG493V1yvUnCrWJ"
"teas english","14","nursing-entrance-exam","ATI TEAS 7","ATI TEAS English Practice Test","","TEAS English Practice Test Set 2","teas-english-practice-test-set-2","36","pillarPages/nursing-entrance-exam/subPages/yrdSf0KpOcuybL1SLnw7/nestedSubPages/ykWIONcheFBJ7ooEl7WK/quizzes/7rIYkvuZpCUq0uBF6lSX"
"teas english","14","nursing-entrance-exam","ATI TEAS 7","ATI TEAS English Practice Test","","TEAS English Practice Test Set 14","teas-english-practice-test-set-14","36","pillarPages/nursing-entrance-exam/subPages/yrdSf0KpOcuybL1SLnw7/nestedSubPages/ykWIONcheFBJ7ooEl7WK/quizzes/8lYboipYsfViTxjdOQGZ"
"teas english","14","nursing-entrance-exam","ATI TEAS 7","ATI TEAS English Practice Test","","TEAS English Practice Test Set 8","teas-english-practice-test-set-8","16","pillarPages/nursing-entrance-exam/subPages/yrdSf0KpOcuybL1SLnw7/nestedSubPages/ykWIONcheFBJ7ooEl7WK/quizzes/8obTXxgarYKCJaiZAd66"
"teas english","14","nursing-entrance-exam","ATI TEAS 7","ATI TEAS English Practice Test","","TEAS English Practice Test Set 12","teas-english-practice-test-set-12","34","pillarPages/nursing-entrance-exam/subPages/yrdSf0KpOcuybL1SLnw7/nestedSubPages/ykWIONcheFBJ7ooEl7WK/quizzes/Ibx5WEnKHv6K0Mnfp3yg"
"teas english","14","nursing-entrance-exam","ATI TEAS 7","ATI TEAS English Practice Test","","TEAS English Practice Test Set 1","teas-english-practice-test-set-1","35","pillarPages/nursing-entrance-exam/subPages/yrdSf0KpOcuybL1SLnw7/nestedSubPages/ykWIONcheFBJ7ooEl7WK/quizzes/K8LSANKE4TTUE3pe4LNB"
"teas english","14","nursing-entrance-exam","ATI TEAS 7","ATI TEAS English Practice Test","","TEAS English Practice Test Set 7","teas-english-practice-test-set-7","40","pillarPages/nursing-entrance-exam/subPages/yrdSf0KpOcuybL1SLnw7/nestedSubPages/ykWIONcheFBJ7ooEl7WK/quizzes/OPjejH7bkdIPUK2eHcm9"
"teas english","14","nursing-entrance-exam","ATI TEAS 7","ATI TEAS English Practice Test","","TEAS English Practice Test Set 3","teas-english-practice-test-set-3","48","pillarPages/nursing-entrance-exam/subPages/yrdSf0KpOcuybL1SLnw7/nestedSubPages/ykWIONcheFBJ7ooEl7WK/quizzes/P6cBY4FAPBHo6oBETWFT"
"teas english","14","nursing-entrance-exam","ATI TEAS 7","ATI TEAS English Practice Test","","TEAS English Practice Test Set 9","teas-english-practice-test-set-9","37","pillarPages/nursing-entrance-exam/subPages/yrdSf0KpOcuybL1SLnw7/nestedSubPages/ykWIONcheFBJ7ooEl7WK/quizzes/Xm98bDuZCgMXnlHXpvHY"
"teas english","14","nursing-entrance-exam","ATI TEAS 7","ATI TEAS English Practice Test","","TEAS English Practice Test Set 11","teas-english-practice-test-set-11","19","pillarPages/nursing-entrance-exam/subPages/yrdSf0KpOcuybL1SLnw7/nestedSubPages/ykWIONcheFBJ7ooEl7WK/quizzes/cPcCbrma7Yg8yhlhPJN6"
"teas english","14","nursing-entrance-exam","ATI TEAS 7","ATI TEAS English Practice Test","","TEAS English Practice Test Set 10","teas-english-practice-test-set-10","37","pillarPages/nursing-entrance-exam/subPages/yrdSf0KpOcuybL1SLnw7/nestedSubPages/ykWIONcheFBJ7ooEl7WK/quizzes/q46KihvoTsR8S2HEvMub"
"teas english","14","nursing-entrance-exam","ATI TEAS 7","ATI TEAS English Practice Test","","TEAS English Practice Test Set 13","teas-english-practice-test-set-13","37","pillarPages/nursing-entrance-exam/subPages/yrdSf0KpOcuybL1SLnw7/nestedSubPages/ykWIONcheFBJ7ooEl7WK/quizzes/u1FZJxKWJpTOPwtrNB3B"
"teas english","14","nursing-entrance-exam","ATI TEAS 7","ATI TEAS English Practice Test","","TEAS English Practice Test Set 16","teas-english-practice-test-set-16","37","pillarPages/nursing-entrance-exam/subPages/yrdSf0KpOcuybL1SLnw7/nestedSubPages/ykWIONcheFBJ7ooEl7WK/quizzes/vQ9mppphFwU4bztSDv0H"
"rn comprehensive predictor","2","nursing-exit-exam","RN Exams","ATI","","RN Comprehensive Predictor Proctored Exam","rn-comprehensive-predictor-proctored-exam","178","pillarPages/nursing-exit-exam/subPages/S4vSoa5bxDgZ1L5kLOJe/nestedSubPages/QsMAv9L9bzYoFjgdfKgH/quizzes/2AmKZqRVgX8ztjqPlYkt"
"rn comprehensive predictor","2","nursing-exit-exam","RN Exams","ATI","","RN Comprehensive Predictor 2023 Proctored Exam","rn-comprehensive-predictor-2023-proctored-exam","145","pillarPages/nursing-exit-exam/subPages/S4vSoa5bxDgZ1L5kLOJe/nestedSubPages/QsMAv9L9bzYoFjgdfKgH/quizzes/7NR8TSkiLcI5yGHu5j9P"
"ati rn comprehensive predictor","2","nursing-exit-exam","RN Exams","ATI","","ATI RN Comprehensive Predictor 2023 Retake 1 Proctored Exam","ati-rn-comprehensive-predictor-2023-retake-1-proctored-exam","187","pillarPages/nursing-exit-exam/subPages/S4vSoa5bxDgZ1L5kLOJe/nestedSubPages/QsMAv9L9bzYoFjgdfKgH/quizzes/mEBhNztauhOgWhy70kYa"
"ati rn comprehensive predictor","2","nursing-exit-exam","RN Exams","ATI","","ATI RN Comprehensive Predictor 2023 Proctored Exam","ati-rn-comprehensive-predictor-2023-proctored-exam","175","pillarPages/nursing-exit-exam/subPages/S4vSoa5bxDgZ1L5kLOJe/nestedSubPages/QsMAv9L9bzYoFjgdfKgH/quizzes/u6vxiapFhPTdccYDdmUR"
"hesi pn exit","2","nursing-exit-exam","LPN Exams","HESI","","HESI PN Exit Proctored Exam","hesi-pn-exit-proctored-exam","150","pillarPages/nursing-exit-exam/subPages/nkXaaMfkkbvjmrSRwtVq/nestedSubPages/BH31o1XVf6CrhNvQvfOO/quizzes/RTNgnHeEmAWXRlcaSinx"
"hesi pn exit","2","nursing-exit-exam","LPN Exams","HESI","","HESI PN Exit 2023 Proctored Exam","hesi-pn-exit-2023-proctored-exam","150","pillarPages/nursing-exit-exam/subPages/nkXaaMfkkbvjmrSRwtVq/nestedSubPages/BH31o1XVf6CrhNvQvfOO/quizzes/g5dEyFi8r6Q8RdNlklGT"
"ati lpn comprehensive predictor","2","nursing-exit-exam","LPN Exams","ATI","","ATI LPN Comprehensive Predictor 2023 Proctored Exam","ati-lpn-comprehensive-predictor-2023-proctored-exam","32","pillarPages/nursing-exit-exam/subPages/nkXaaMfkkbvjmrSRwtVq/nestedSubPages/ShdTxCRHYWbhmGg06Sgw/quizzes/EmymgdDcm9romnoheHBP"
"ati lpn comprehensive predictor","2","nursing-exit-exam","LPN Exams","ATI","","ATI LPN Comprehensive Predictor Proctored Exam","ati-lpn-comprehensive-predictor-proctored-exam","99","pillarPages/nursing-exit-exam/subPages/nkXaaMfkkbvjmrSRwtVq/nestedSubPages/ShdTxCRHYWbhmGg06Sgw/quizzes/T56moNn1qjUb8M6GIRO6"
"hesi rn health assessment","8","nursing-test-bank","RN Exams","HESI RN Exams","Health Assessment","HESI RN Health Assessment Proctored Exam Practice Questions - Set 3","hesi-rn-health-assessment-proctored-exam-practice-questions-set-3","65","pillarPages/nursing-test-bank/subPages/SuT1noZoNGEjKGR1vTbi/nestedSubPages/iT55qp9NAFOvZLBAiQzC/topics/0zSu4efsFf1RPT4W2Xjn/quizzes/AjyirqBc8UZigcalHOr3"
"hesi rn health assessment","8","nursing-test-bank","RN Exams","HESI RN Exams","Health Assessment","HESI RN Health Assessment Proctored Exam Practice Questions - Set 12","hesi-rn-health-assessment-proctored-exam-practice-questions-set-12","58","pillarPages/nursing-test-bank/subPages/SuT1noZoNGEjKGR1vTbi/nestedSubPages/iT55qp9NAFOvZLBAiQzC/topics/0zSu4efsFf1RPT4W2Xjn/quizzes/HaaCQJVhg85l6RYP04GK"
"hesi rn health assessment","8","nursing-test-bank","RN Exams","HESI RN Exams","Health Assessment","HESI RN Health Assessment Proctored Exam Practice Questions - Set 4","hesi-rn-health-assessment-proctored-exam-practice-questions-set-4","50","pillarPages/nursing-test-bank/subPages/SuT1noZoNGEjKGR1vTbi/nestedSubPages/iT55qp9NAFOvZLBAiQzC/topics/0zSu4efsFf1RPT4W2Xjn/quizzes/RIcEqUYAbza4ncsEF3oW"
"hesi rn health assessment","8","nursing-test-bank","RN Exams","HESI RN Exams","Health Assessment","HESI RN Health Assessment Proctored Exam Practice Questions - Set 15","hesi-rn-health-assessment-proctored-exam-practice-questions-set-15","50","pillarPages/nursing-test-bank/subPages/SuT1noZoNGEjKGR1vTbi/nestedSubPages/iT55qp9NAFOvZLBAiQzC/topics/0zSu4efsFf1RPT4W2Xjn/quizzes/iWDZXv53kM1Yl4aF89hJ"
"hesi rn health assessment","8","nursing-test-bank","RN Exams","HESI RN Exams","Health Assessment","HESI RN Health Assessment Proctored Exam Practice Questions - Set 10","hesi-rn-health-assessment-proctored-exam-practice-questions-set-10","56","pillarPages/nursing-test-bank/subPages/SuT1noZoNGEjKGR1vTbi/nestedSubPages/iT55qp9NAFOvZLBAiQzC/topics/0zSu4efsFf1RPT4W2Xjn/quizzes/qEb1Tiv8JYweZrmrHVpe"
"hesi rn health assessment","8","nursing-test-bank","RN Exams","HESI RN Exams","Health Assessment","HESI RN Health Assessment Proctored Exam Practice Questions - Set 9","hesi-rn-health-assessment-proctored-exam-practice-questions-set-9","59","pillarPages/nursing-test-bank/subPages/SuT1noZoNGEjKGR1vTbi/nestedSubPages/iT55qp9NAFOvZLBAiQzC/topics/0zSu4efsFf1RPT4W2Xjn/quizzes/sOn0pbKMGL11VBrnpykI"
"hesi rn health assessment","8","nursing-test-bank","RN Exams","HESI RN Exams","Health Assessment","HESI RN Health Assessment Proctored Exam Practice Questions - Set 13","hesi-rn-health-assessment-proctored-exam-practice-questions-set-13","85","pillarPages/nursing-test-bank/subPages/SuT1noZoNGEjKGR1vTbi/nestedSubPages/iT55qp9NAFOvZLBAiQzC/topics/0zSu4efsFf1RPT4W2Xjn/quizzes/se0AdeGgDu0iVJ4rHbWl"
"hesi rn health assessment","8","nursing-test-bank","RN Exams","HESI RN Exams","Health Assessment","HESI RN Health Assessment Proctored Exam Practice Questions - Set 7","hesi-rn-health-assessment-proctored-exam-practice-questions-set-7","57","pillarPages/nursing-test-bank/subPages/SuT1noZoNGEjKGR1vTbi/nestedSubPages/iT55qp9NAFOvZLBAiQzC/topics/0zSu4efsFf1RPT4W2Xjn/quizzes/vdXhH028081wPPONObfb"
"hesi rn nursing research","3","nursing-test-bank","RN Exams","HESI RN Exams","Nursing Research","HESI RN Nursing Research Proctored Exam Practice Questions - Set 1","hesi-rn-nursing-research-proctored-exam-practice-questions-set-1","54","pillarPages/nursing-test-bank/subPages/SuT1noZoNGEjKGR1vTbi/nestedSubPages/iT55qp9NAFOvZLBAiQzC/topics/2CSFdI3p8inciBpSPkZI/quizzes/Me26vk3jfhfdUw9etL06"
"hesi rn nursing research","3","nursing-test-bank","RN Exams","HESI RN Exams","Nursing Research","HESI RN Nursing Research Proctored Exam Practice Questions - Set 2","hesi-rn-nursing-research-proctored-exam-practice-questions-set-2","48","pillarPages/nursing-test-bank/subPages/SuT1noZoNGEjKGR1vTbi/nestedSubPages/iT55qp9NAFOvZLBAiQzC/topics/2CSFdI3p8inciBpSPkZI/quizzes/h7oza2I3qqJPt5xEb5UN"
"hesi rn nursing research","3","nursing-test-bank","RN Exams","HESI RN Exams","Nursing Research","HESI RN Nursing Research Proctored Exam Practice Questions - Set 4","hesi-rn-nursing-research-proctored-exam-practice-questions-set-4","47","pillarPages/nursing-test-bank/subPages/SuT1noZoNGEjKGR1vTbi/nestedSubPages/iT55qp9NAFOvZLBAiQzC/topics/2CSFdI3p8inciBpSPkZI/quizzes/yQQI5HpHwujR2zjEmVuD"
"hesi rn fundamentals","5","nursing-test-bank","RN Exams","HESI RN Exams","Fundamentals","HESI RN Fundamentals Proctored Exam Practice Questions - Set 1","hesi-rn-fundamentals-proctored-exam-practice-questions-set-1","78","pillarPages/nursing-test-bank/subPages/SuT1noZoNGEjKGR1vTbi/nestedSubPages/iT55qp9NAFOvZLBAiQzC/topics/70YsvvAfpEoWkJ2zO8Vy/quizzes/0cTzTwyD8nRclStjmBB7"
"hesi rn fundamentals","5","nursing-test-bank","RN Exams","HESI RN Exams","Fundamentals","HESI RN Fundamentals Proctored Exam Practice Questions - Set 4","hesi-rn-fundamentals-proctored-exam-practice-questions-set-4","58","pillarPages/nursing-test-bank/subPages/SuT1noZoNGEjKGR1vTbi/nestedSubPages/iT55qp9NAFOvZLBAiQzC/topics/70YsvvAfpEoWkJ2zO8Vy/quizzes/LXsLTMgqRFNQinfpvFDn"
"hesi rn fundamentals","5","nursing-test-bank","RN Exams","HESI RN Exams","Fundamentals","HESI RN Fundamentals Practice Questions","hesi-rn-fundamentals-practice-questions","24","pillarPages/nursing-test-bank/subPages/SuT1noZoNGEjKGR1vTbi/nestedSubPages/iT55qp9NAFOvZLBAiQzC/topics/70YsvvAfpEoWkJ2zO8Vy/quizzes/jppxpyNY4Yqz03KMoGBa"
"hesi rn fundamentals","5","nursing-test-bank","RN Exams","HESI RN Exams","Fundamentals","HESI RN Fundamentals Proctored Exam Practice Questions - Set 6","hesi-rn-fundamentals-proctored-exam-practice-questions-set-6","57","pillarPages/nursing-test-bank/subPages/SuT1noZoNGEjKGR1vTbi/nestedSubPages/iT55qp9NAFOvZLBAiQzC/topics/70YsvvAfpEoWkJ2zO8Vy/quizzes/n6qNafptcceqRrMFXAA1"
"hesi rn fundamentals","5","nursing-test-bank","RN Exams","HESI RN Exams","Fundamentals","HESI RN Fundamentals Proctored Exam Practice Questions - Set 5","hesi-rn-fundamentals-proctored-exam-practice-questions-set-5","59","pillarPages/nursing-test-bank/subPages/SuT1noZoNGEjKGR1vTbi/nestedSubPages/iT55qp9NAFOvZLBAiQzC/topics/70YsvvAfpEoWkJ2zO8Vy/quizzes/uzZLVqOMNfT2uesP8Ydb"
"hesi rn foundation of nursing","3","nursing-test-bank","RN Exams","HESI RN Exams","Fundamentals","HESI RN Foundation of Nursing Proctored Exam Practice Questions - Set 1","hesi-rn-foundation-of-nursing-proctored-exam-practice-questions-set-1","49","pillarPages/nursing-test-bank/subPages/SuT1noZoNGEjKGR1vTbi/nestedSubPages/iT55qp9NAFOvZLBAiQzC/topics/70YsvvAfpEoWkJ2zO8Vy/quizzes/NfPJ265rq9c8di4ztbOj"
"hesi rn foundation of nursing","3","nursing-test-bank","RN Exams","HESI RN Exams","Fundamentals","HESI RN Foundation of Nursing Proctored Exam Practice Questions - Set 2","hesi-rn-foundation-of-nursing-proctored-exam-practice-questions-set-2","54","pillarPages/nursing-test-bank/subPages/SuT1noZoNGEjKGR1vTbi/nestedSubPages/iT55qp9NAFOvZLBAiQzC/topics/70YsvvAfpEoWkJ2zO8Vy/quizzes/X1eaDnp3sJTf7o7Sb1sI"
"hesi rn foundation of nursing","3","nursing-test-bank","RN Exams","HESI RN Exams","Fundamentals","HESI RN Foundation of Nursing Proctored Exam Practice Questions - Set 5","hesi-rn-foundation-of-nursing-proctored-exam-practice-questions-set-5","60","pillarPages/nursing-test-bank/subPages/SuT1noZoNGEjKGR1vTbi/nestedSubPages/iT55qp9NAFOvZLBAiQzC/topics/70YsvvAfpEoWkJ2zO8Vy/quizzes/qgeMcOXGFV2EmreroacJ"
"hesi rn maternal newborn","2","nursing-test-bank","RN Exams","HESI RN Exams","Maternity","HESI RN Maternal Newborn Proctored Exam Practice Questions - Set 4","hesi-rn-maternal-newborn-proctored-exam-practice-questions-set-4","52","pillarPages/nursing-test-bank/subPages/SuT1noZoNGEjKGR1vTbi/nestedSubPages/iT55qp9NAFOvZLBAiQzC/topics/ULDy5qJrNGEhyYIuXZvp/quizzes/B7G9VusMXp0er21SDP4U"
"hesi rn maternal newborn","2","nursing-test-bank","RN Exams","HESI RN Exams","Maternity","HESI RN Maternal Newborn Proctored Exam Practice Questions - Set 3","hesi-rn-maternal-newborn-proctored-exam-practice-questions-set-3","44","pillarPages/nursing-test-bank/subPages/SuT1noZoNGEjKGR1vTbi/nestedSubPages/iT55qp9NAFOvZLBAiQzC/topics/ULDy5qJrNGEhyYIuXZvp/quizzes/VfX9wDChJqGovTWIuR3f"
"hesi rn med surg 3","2","nursing-test-bank","RN Exams","HESI RN Exams","Medical Surgical","HESI RN Med Surg Proctored Exam 3 Practice Questions","hesi-rn-med-surg-proctored-exam-3-practice-questions","80","pillarPages/nursing-test-bank/subPages/SuT1noZoNGEjKGR1vTbi/nestedSubPages/iT55qp9NAFOvZLBAiQzC/topics/aS23yuUD7OS39aVVutYn/quizzes/68pkBTmBBTcwFROhjBbQ"
"hesi rn med surg 3","2","nursing-test-bank","RN Exams","HESI RN Exams","Medical Surgical","HESI RN Med-Surg 3 Proctored Exam Practice Questions","hesi-rn-med-surg-3-proctored-exam-practice-questions","51","pillarPages/nursing-test-bank/subPages/SuT1noZoNGEjKGR1vTbi/nestedSubPages/iT55qp9NAFOvZLBAiQzC/topics/aS23yuUD7OS39aVVutYn/quizzes/izTMfmhoYZaRo4TSvWpf"
"hesi rn medical surgical","4","nursing-test-bank","RN Exams","HESI RN Exams","Medical Surgical","HESI RN Medical Surgical Proctored Exam Practice Questions - Set 20","hesi-rn-medical-surgical-proctored-exam-practice-questions-set-20","44","pillarPages/nursing-test-bank/subPages/SuT1noZoNGEjKGR1vTbi/nestedSubPages/iT55qp9NAFOvZLBAiQzC/topics/aS23yuUD7OS39aVVutYn/quizzes/EXLiFBVNpmLsBVcIw2Mm"
"hesi rn medical surgical","4","nursing-test-bank","RN Exams","HESI RN Exams","Medical Surgical","HESI RN Medical Surgical Proctored Exam Practice Questions - Set 15","hesi-rn-medical-surgical-proctored-exam-practice-questions-set-15","52","pillarPages/nursing-test-bank/subPages/SuT1noZoNGEjKGR1vTbi/nestedSubPages/iT55qp9NAFOvZLBAiQzC/topics/aS23yuUD7OS39aVVutYn/quizzes/q8N98jdIKb3bG4hRJMZB"
"hesi rn medical surgical","4","nursing-test-bank","RN Exams","HESI RN Exams","Medical Surgical","HESI RN Medical Surgical Proctored Exam Practice Questions - Set 10","hesi-rn-medical-surgical-proctored-exam-practice-questions-set-10","54","pillarPages/nursing-test-bank/subPages/SuT1noZoNGEjKGR1vTbi/nestedSubPages/iT55qp9NAFOvZLBAiQzC/topics/aS23yuUD7OS39aVVutYn/quizzes/sNM1IugmAdTO8OABWf1q"
"hesi rn medical surgical","4","nursing-test-bank","RN Exams","HESI RN Exams","Medical Surgical","HESI RN Medical Surgical Proctored Exam Practice Questions - Set 19","hesi-rn-medical-surgical-proctored-exam-practice-questions-set-19","39","pillarPages/nursing-test-bank/subPages/SuT1noZoNGEjKGR1vTbi/nestedSubPages/iT55qp9NAFOvZLBAiQzC/topics/aS23yuUD7OS39aVVutYn/quizzes/v3JaSYDr88r1J3rXqpTJ"
"hesi rn med surg 2","2","nursing-test-bank","RN Exams","HESI RN Exams","Medical Surgical","HESI RN Med Surg Proctored Exam 2 Practice Questions","hesi-rn-med-surg-proctored-exam-2-practice-questions","46","pillarPages/nursing-test-bank/subPages/SuT1noZoNGEjKGR1vTbi/nestedSubPages/iT55qp9NAFOvZLBAiQzC/topics/aS23yuUD7OS39aVVutYn/quizzes/HsjU9k0PBBb9l5g5aXV4"
"hesi rn med surg 2","2","nursing-test-bank","RN Exams","HESI RN Exams","Medical Surgical","HESI RN Med Surg 2 Proctored Exam Practice Questions","hesi-rn-med-surg-2-proctored-exam-practice-questions","41","pillarPages/nursing-test-bank/subPages/SuT1noZoNGEjKGR1vTbi/nestedSubPages/iT55qp9NAFOvZLBAiQzC/topics/aS23yuUD7OS39aVVutYn/quizzes/qzMaDefuJlROZo48d5ua"
"hesi rn med surg","3","nursing-test-bank","RN Exams","HESI RN Exams","Medical Surgical","HESI RN Med Surg Proctored Exam Practice Questions - Set 17","hesi-rn-med-surg-proctored-exam-practice-questions-set-17","40","pillarPages/nursing-test-bank/subPages/SuT1noZoNGEjKGR1vTbi/nestedSubPages/iT55qp9NAFOvZLBAiQzC/topics/aS23yuUD7OS39aVVutYn/quizzes/L6gkODn0fR5nW6lmO9oP"
"hesi rn med surg","3","nursing-test-bank","RN Exams","HESI RN Exams","Medical Surgical","HESI RN Med Surg Proctored Exam Practice Questions - Set 11","hesi-rn-med-surg-proctored-exam-practice-questions-set-11","54","pillarPages/nursing-test-bank/subPages/SuT1noZoNGEjKGR1vTbi/nestedSubPages/iT55qp9NAFOvZLBAiQzC/topics/aS23yuUD7OS39aVVutYn/quizzes/RC5k5gS4J3fAcMSGLpro"
"hesi rn med surg","3","nursing-test-bank","RN Exams","HESI RN Exams","Medical Surgical","HESI RN Med Surg Proctored Exam Practice Questions - Set 18","hesi-rn-med-surg-proctored-exam-practice-questions-set-18","34","pillarPages/nursing-test-bank/subPages/SuT1noZoNGEjKGR1vTbi/nestedSubPages/iT55qp9NAFOvZLBAiQzC/topics/aS23yuUD7OS39aVVutYn/quizzes/Ym7zIiOGStg77ErrE2cK"
"hesi rn dosage calculation","5","nursing-test-bank","RN Exams","HESI RN Exams","Dosage Calculations","HESI RN Dosage Calculation Proctored Exam Practice Questions - Set 11","hesi-rn-dosage-calculation-proctored-exam-practice-questions-set-11","56","pillarPages/nursing-test-bank/subPages/SuT1noZoNGEjKGR1vTbi/nestedSubPages/iT55qp9NAFOvZLBAiQzC/topics/dfRlrdGOvpDhVVXIqa0H/quizzes/9WOH5pavyKugwfu7ogZn"
"hesi rn dosage calculation","5","nursing-test-bank","RN Exams","HESI RN Exams","Dosage Calculations","HESI RN Dosage Calculation Proctored Exam Practice Questions - Set 1","hesi-rn-dosage-calculation-proctored-exam-practice-questions-set-1","40","pillarPages/nursing-test-bank/subPages/SuT1noZoNGEjKGR1vTbi/nestedSubPages/iT55qp9NAFOvZLBAiQzC/topics/dfRlrdGOvpDhVVXIqa0H/quizzes/GP7hIHmLyM8Y1SdmELTc"
"hesi rn dosage calculation","5","nursing-test-bank","RN Exams","HESI RN Exams","Dosage Calculations","HESI RN Dosage Calculation Proctored Exam Practice Questions - Set 4","hesi-rn-dosage-calculation-proctored-exam-practice-questions-set-4","57","pillarPages/nursing-test-bank/subPages/SuT1noZoNGEjKGR1vTbi/nestedSubPages/iT55qp9NAFOvZLBAiQzC/topics/dfRlrdGOvpDhVVXIqa0H/quizzes/KXkIAIdmuvGAhSoQlqS6"
"hesi rn dosage calculation","5","nursing-test-bank","RN Exams","HESI RN Exams","Dosage Calculations","HESI RN Dosage Calculation Proctored Exam Practice Questions - Set 6","hesi-rn-dosage-calculation-proctored-exam-practice-questions-set-6","50","pillarPages/nursing-test-bank/subPages/SuT1noZoNGEjKGR1vTbi/nestedSubPages/iT55qp9NAFOvZLBAiQzC/topics/dfRlrdGOvpDhVVXIqa0H/quizzes/iRh6LiEuUJG9QK0K9GtC"
"hesi rn dosage calculation","5","nursing-test-bank","RN Exams","HESI RN Exams","Dosage Calculations","HESI RN Dosage Calculation Proctored Exam Practice Questions - Set 2","hesi-rn-dosage-calculation-proctored-exam-practice-questions-set-2","51","pillarPages/nursing-test-bank/subPages/SuT1noZoNGEjKGR1vTbi/nestedSubPages/iT55qp9NAFOvZLBAiQzC/topics/dfRlrdGOvpDhVVXIqa0H/quizzes/rEzixDoU0KmYlFGpEDwo"
"hesi rn dosage calculations","2","nursing-test-bank","RN Exams","HESI RN Exams","Dosage Calculations","HESI RN Dosage Calculations Proctored Exam Practice Questions - Set 3","hesi-rn-dosage-calculations-proctored-exam-practice-questions-set-3","54","pillarPages/nursing-test-bank/subPages/SuT1noZoNGEjKGR1vTbi/nestedSubPages/iT55qp9NAFOvZLBAiQzC/topics/dfRlrdGOvpDhVVXIqa0H/quizzes/JhNf05IJwo7a3tHlTSKZ"
"hesi rn dosage calculations","2","nursing-test-bank","RN Exams","HESI RN Exams","Dosage Calculations","HESI RN Dosage Calculations Proctored Exam Practice Questions - Set 15","hesi-rn-dosage-calculations-proctored-exam-practice-questions-set-15","32","pillarPages/nursing-test-bank/subPages/SuT1noZoNGEjKGR1vTbi/nestedSubPages/iT55qp9NAFOvZLBAiQzC/topics/dfRlrdGOvpDhVVXIqa0H/quizzes/SVVQfOKYIggLRcDTT7b5"
"hesi rn pharmacology","6","nursing-test-bank","RN Exams","HESI RN Exams","Pharmacology","HESI RN Pharmacology Proctored Exam Practice Questions - Set 18","hesi-rn-pharmacology-proctored-exam-practice-questions-set-18","31","pillarPages/nursing-test-bank/subPages/SuT1noZoNGEjKGR1vTbi/nestedSubPages/iT55qp9NAFOvZLBAiQzC/topics/l1kSgSxIYg2SRUN8aWqE/quizzes/PBYyAradyrKZiNMdHj8Y"
"hesi rn pharmacology","6","nursing-test-bank","RN Exams","HESI RN Exams","Pharmacology","HESI RN Pharmacology Proctored Exam Practice Questions - Set 14","hesi-rn-pharmacology-proctored-exam-practice-questions-set-14","44","pillarPages/nursing-test-bank/subPages/SuT1noZoNGEjKGR1vTbi/nestedSubPages/iT55qp9NAFOvZLBAiQzC/topics/l1kSgSxIYg2SRUN8aWqE/quizzes/VH2k6gGciAJZ0qjLyi20"
"hesi rn pharmacology","6","nursing-test-bank","RN Exams","HESI RN Exams","Pharmacology","HESI RN Pharmacology Proctored Exam Practice Questions - Set 4","hesi-rn-pharmacology-proctored-exam-practice-questions-set-4","56","pillarPages/nursing-test-bank/subPages/SuT1noZoNGEjKGR1vTbi/nestedSubPages/iT55qp9NAFOvZLBAiQzC/topics/l1kSgSxIYg2SRUN8aWqE/quizzes/kFvSNjsxq3f0sTyKIpER"
"hesi rn pharmacology","6","nursing-test-bank","RN Exams","HESI RN Exams","Pharmacology","HESI RN Pharmacology Proctored Exam Practice Questions - Set 21","hesi-rn-pharmacology-proctored-exam-practice-questions-set-21","46","pillarPages/nursing-test-bank/subPages/SuT1noZoNGEjKGR1vTbi/nestedSubPages/iT55qp9NAFOvZLBAiQzC/topics/l1kSgSxIYg2SRUN8aWqE/quizzes/qbEPM58bDTbW2voS8Exo"
"hesi rn pharmacology","6","nursing-test-bank","RN Exams","HESI RN Exams","Pharmacology","HESI RN Pharmacology Proctored Exam Practice Questions - Set 11","hesi-rn-pharmacology-proctored-exam-practice-questions-set-11","54","pillarPages/nursing-test-bank/subPages/SuT1noZoNGEjKGR1vTbi/nestedSubPages/iT55qp9NAFOvZLBAiQzC/topics/l1kSgSxIYg2SRUN8aWqE/quizzes/saAtWUrXJQCUdorkzwea"
"hesi rn pharmacology","6","nursing-test-bank","RN Exams","HESI RN Exams","Pharmacology","HESI RN Pharmacology Proctored Exam Practice Questions - Set 1","hesi-rn-pharmacology-proctored-exam-practice-questions-set-1","80","pillarPages/nursing-test-bank/subPages/SuT1noZoNGEjKGR1vTbi/nestedSubPages/iT55qp9NAFOvZLBAiQzC/topics/l1kSgSxIYg2SRUN8aWqE/quizzes/yiA8WSnYtUMq5286yDdo"
"hesi rn adult health","2","nursing-test-bank","RN Exams","HESI RN Exams","Adult Health","HESI RN Adult Health Proctored Exam Practice Questions - Set 8","hesi-rn-adult-health-proctored-exam-practice-questions-set-8","57","pillarPages/nursing-test-bank/subPages/SuT1noZoNGEjKGR1vTbi/nestedSubPages/iT55qp9NAFOvZLBAiQzC/topics/n2FK9jdRFYQvHbryoAbl/quizzes/J8G9P7ngjYS9XTUaQoTb"
"hesi rn adult health","2","nursing-test-bank","RN Exams","HESI RN Exams","Adult Health","HESI RN Adult Health Proctored Exam Practice Questions - Set 9","hesi-rn-adult-health-proctored-exam-practice-questions-set-9","57","pillarPages/nursing-test-bank/subPages/SuT1noZoNGEjKGR1vTbi/nestedSubPages/iT55qp9NAFOvZLBAiQzC/topics/n2FK9jdRFYQvHbryoAbl/quizzes/O0MNkYzaA0yzGxyY5Hhe"
"hesi rn mental health","3","nursing-test-bank","RN Exams","HESI RN Exams","Mental Health","HESI RN Mental Health Proctored Exam Practice Questions - Set 5","hesi-rn-mental-health-proctored-exam-practice-questions-set-5","42","pillarPages/nursing-test-bank/subPages/SuT1noZoNGEjKGR1vTbi/nestedSubPages/iT55qp9NAFOvZLBAiQzC/topics/nWHmcLCOYFPkjaWIHcVu/quizzes/5m4GPD0E75Fkn6fr0m9J"
"hesi rn mental health","3","nursing-test-bank","RN Exams","HESI RN Exams","Mental Health","HESI RN Mental Health Proctored Exam Practice Questions - Set 7","hesi-rn-mental-health-proctored-exam-practice-questions-set-7","38","pillarPages/nursing-test-bank/subPages/SuT1noZoNGEjKGR1vTbi/nestedSubPages/iT55qp9NAFOvZLBAiQzC/topics/nWHmcLCOYFPkjaWIHcVu/quizzes/6nsPTPAqouKWgBE6AzAA"
"hesi rn mental health","3","nursing-test-bank","RN Exams","HESI RN Exams","Mental Health","HESI RN Mental Health 2023 Proctored Exam Practice Questions","hesi-rn-mental-health-2023-proctored-exam-practice-questions","46","pillarPages/nursing-test-bank/subPages/SuT1noZoNGEjKGR1vTbi/nestedSubPages/iT55qp9NAFOvZLBAiQzC/topics/nWHmcLCOYFPkjaWIHcVu/quizzes/GAq5H4FAanG67E4LkJbc"
"hesi rn milestones","2","nursing-test-bank","RN Exams","HESI RN Exams","Milestones","HESI RN Milestones Proctored Exam Practice Questions - Set 2","hesi-rn-milestones-proctored-exam-practice-questions-set-2","45","pillarPages/nursing-test-bank/subPages/SuT1noZoNGEjKGR1vTbi/nestedSubPages/iT55qp9NAFOvZLBAiQzC/topics/uB91yHbugrkUWJTjsoS7/quizzes/oI7im2Zh6yoFehy2INGB"
"hesi rn milestones","2","nursing-test-bank","RN Exams","HESI RN Exams","Milestones","HESI RN Milestones Proctored Exam Practice Questions - Set 1","hesi-rn-milestones-proctored-exam-practice-questions-set-1","84","pillarPages/nursing-test-bank/subPages/SuT1noZoNGEjKGR1vTbi/nestedSubPages/iT55qp9NAFOvZLBAiQzC/topics/uB91yHbugrkUWJTjsoS7/quizzes/sjiX2XcH4e91twKAKlaO"
"hesi rn pediatrics 2","2","nursing-test-bank","RN Exams","HESI RN Exams","Pediatric Nursing","HESI RN Pediatrics Proctored Exam 2 Practice Questions - Set 9","hesi-rn-pediatrics-proctored-exam-2-practice-questions-set-9","48","pillarPages/nursing-test-bank/subPages/SuT1noZoNGEjKGR1vTbi/nestedSubPages/iT55qp9NAFOvZLBAiQzC/topics/uXtCZ4Y6aeLjwMLtC1sD/quizzes/PTYmm8TVoT2XIkzfURws"
"hesi rn pediatrics 2","2","nursing-test-bank","RN Exams","HESI RN Exams","Pediatric Nursing","HESI RN Pediatrics Proctored Exam 2 Practice Questions - Set 7","hesi-rn-pediatrics-proctored-exam-2-practice-questions-set-7","53","pillarPages/nursing-test-bank/subPages/SuT1noZoNGEjKGR1vTbi/nestedSubPages/iT55qp9NAFOvZLBAiQzC/topics/uXtCZ4Y6aeLjwMLtC1sD/quizzes/v25vrShk6cfOSUbetqT4"
"med surg","8","nursing-test-bank","RN Exams","RN Nursing Course Exams","Medical Surgical","Med Surg Proctored Exam Practice Questions - Set 22","med-surg-proctored-exam-practice-questions-set-22","60","pillarPages/nursing-test-bank/subPages/SuT1noZoNGEjKGR1vTbi/nestedSubPages/zMFBI0XMiRsJnnXWhL5S/topics/4xNDZPMszSkpgRfEsOck/quizzes/17x5zcpTW7i6gPd4EPa0"
"med surg","8","nursing-test-bank","RN Exams","RN Nursing Course Exams","Medical Surgical","Med Surg Proctored Exam Practice Questions - Set 5","med-surg-proctored-exam-practice-questions-set-5","98","pillarPages/nursing-test-bank/subPages/SuT1noZoNGEjKGR1vTbi/nestedSubPages/zMFBI0XMiRsJnnXWhL5S/topics/4xNDZPMszSkpgRfEsOck/quizzes/9H8PUyPX9NWQsASETPT0"
"med surg","8","nursing-test-bank","RN Exams","RN Nursing Course Exams","Medical Surgical","Med Surg Proctored Exam Practice Questions - Set 14","med-surg-proctored-exam-practice-questions-set-14","51","pillarPages/nursing-test-bank/subPages/SuT1noZoNGEjKGR1vTbi/nestedSubPages/zMFBI0XMiRsJnnXWhL5S/topics/4xNDZPMszSkpgRfEsOck/quizzes/FRXHFtNu8RU37uZsFKmn"
"med surg","8","nursing-test-bank","RN Exams","RN Nursing Course Exams","Medical Surgical","Med Surg Proctored Exam Practice Questions - Set 78","med-surg-proctored-exam-practice-questions-set-78","87","pillarPages/nursing-test-bank/subPages/SuT1noZoNGEjKGR1vTbi/nestedSubPages/zMFBI0XMiRsJnnXWhL5S/topics/4xNDZPMszSkpgRfEsOck/quizzes/bxEnceOHYKbq97fBDGLt"
"med surg","8","nursing-test-bank","RN Exams","RN Nursing Course Exams","Medical Surgical","Med Surg Proctored Exam Practice Questions - Set 15","med-surg-proctored-exam-practice-questions-set-15","98","pillarPages/nursing-test-bank/subPages/SuT1noZoNGEjKGR1vTbi/nestedSubPages/zMFBI0XMiRsJnnXWhL5S/topics/4xNDZPMszSkpgRfEsOck/quizzes/iNBMfTiCFqE5vLMAXKYk"
"med surg","8","nursing-test-bank","RN Exams","RN Nursing Course Exams","Medical Surgical","Med Surg Proctored Exam Practice Questions - Set 19","med-surg-proctored-exam-practice-questions-set-19","67","pillarPages/nursing-test-bank/subPages/SuT1noZoNGEjKGR1vTbi/nestedSubPages/zMFBI0XMiRsJnnXWhL5S/topics/4xNDZPMszSkpgRfEsOck/quizzes/kYAOUCGOPnDKVwTnNHHT"
"med surg","8","nursing-test-bank","RN Exams","RN Nursing Course Exams","Medical Surgical","Med Surg Proctored Exam Practice Questions - Set 37","med-surg-proctored-exam-practice-questions-set-37","65","pillarPages/nursing-test-bank/subPages/SuT1noZoNGEjKGR1vTbi/nestedSubPages/zMFBI0XMiRsJnnXWhL5S/topics/4xNDZPMszSkpgRfEsOck/quizzes/oar2ziAapKkrLXGLV1dv"
"med surg","8","nursing-test-bank","RN Exams","RN Nursing Course Exams","Medical Surgical","Med Surg Proctored Exam Practice Questions - Set 29","med-surg-proctored-exam-practice-questions-set-29","50","pillarPages/nursing-test-bank/subPages/SuT1noZoNGEjKGR1vTbi/nestedSubPages/zMFBI0XMiRsJnnXWhL5S/topics/4xNDZPMszSkpgRfEsOck/quizzes/tf6gDqQZSQ3wBzJUvup3"
"med surg montgomery college","2","nursing-test-bank","RN Exams","RN Nursing Course Exams","Medical Surgical","Med Surg Proctored Exam (Montgomery College) Practice Questions","med-surg-proctored-exam-montgomery-college-practice-questions","38","pillarPages/nursing-test-bank/subPages/SuT1noZoNGEjKGR1vTbi/nestedSubPages/zMFBI0XMiRsJnnXWhL5S/topics/4xNDZPMszSkpgRfEsOck/quizzes/3xxwb2QPpoETFPdcY1Tv"
"med surg montgomery college","2","nursing-test-bank","RN Exams","RN Nursing Course Exams","Medical Surgical","Med Surg Proctored Exam Montgomery College Practice Questions","med-surg-proctored-exam-montgomery-college-practice-questions-set-58","45","pillarPages/nursing-test-bank/subPages/SuT1noZoNGEjKGR1vTbi/nestedSubPages/zMFBI0XMiRsJnnXWhL5S/topics/4xNDZPMszSkpgRfEsOck/quizzes/ATqbB6626W4L0bvp4zed"
"med surg cni college","3","nursing-test-bank","RN Exams","RN Nursing Course Exams","Medical Surgical","Med Surg Proctored Exam (Cni College) Practice Questions - Set 52","med-surg-proctored-exam-cni-college-practice-questions-set-52","50","pillarPages/nursing-test-bank/subPages/SuT1noZoNGEjKGR1vTbi/nestedSubPages/zMFBI0XMiRsJnnXWhL5S/topics/4xNDZPMszSkpgRfEsOck/quizzes/4DyZxWg19FyERcuhR5kX"
"med surg cni college","3","nursing-test-bank","RN Exams","RN Nursing Course Exams","Medical Surgical","Med Surg Proctored Exam (Cni College) Practice Questions - Set 27","med-surg-proctored-exam-cni-college-practice-questions-set-27","50","pillarPages/nursing-test-bank/subPages/SuT1noZoNGEjKGR1vTbi/nestedSubPages/zMFBI0XMiRsJnnXWhL5S/topics/4xNDZPMszSkpgRfEsOck/quizzes/UMUpMxf65LAN0AnFrsaV"
"med surg cni college","3","nursing-test-bank","RN Exams","RN Nursing Course Exams","Medical Surgical","Med Surg Proctored Exam (Cni College) Practice Questions - Set 57","med-surg-proctored-exam-cni-college-practice-questions-set-57","55","pillarPages/nursing-test-bank/subPages/SuT1noZoNGEjKGR1vTbi/nestedSubPages/zMFBI0XMiRsJnnXWhL5S/topics/4xNDZPMszSkpgRfEsOck/quizzes/yXINuiHNupyhUA8oW0rO"
"med surg regular","3","nursing-test-bank","RN Exams","RN Nursing Course Exams","Medical Surgical","Med Surg Regular Proctored Exam Practice Questions","med-surg-regular-proctored-exam-practice-questions","60","pillarPages/nursing-test-bank/subPages/SuT1noZoNGEjKGR1vTbi/nestedSubPages/zMFBI0XMiRsJnnXWhL5S/topics/4xNDZPMszSkpgRfEsOck/quizzes/4se4MhGFbIyvCbnznX8G"
"med surg regular","3","nursing-test-bank","RN Exams","RN Nursing Course Exams","Medical Surgical","Med Surg Proctored Exam - Regular Practice Questions","med-surg-proctored-exam-regular-practice-questions-set-41","51","pillarPages/nursing-test-bank/subPages/SuT1noZoNGEjKGR1vTbi/nestedSubPages/zMFBI0XMiRsJnnXWhL5S/topics/4xNDZPMszSkpgRfEsOck/quizzes/aSx8oeNBNSxMjepsIi7Q"
"med surg regular","3","nursing-test-bank","RN Exams","RN Nursing Course Exams","Medical Surgical","Med Surg Proctored Exam (Regular) Practice Questions","med-surg-proctored-exam-regular-practice-questions","55","pillarPages/nursing-test-bank/subPages/SuT1noZoNGEjKGR1vTbi/nestedSubPages/zMFBI0XMiRsJnnXWhL5S/topics/4xNDZPMszSkpgRfEsOck/quizzes/zx7Nbjndb95SeBJLVeZq"
"med surg examplify","2","nursing-test-bank","RN Exams","RN Nursing Course Exams","Medical Surgical","Med Surg Proctored Exam (Examplify) Practice Questions - Set 4","med-surg-proctored-exam-examplify-practice-questions-set-4","53","pillarPages/nursing-test-bank/subPages/SuT1noZoNGEjKGR1vTbi/nestedSubPages/zMFBI0XMiRsJnnXWhL5S/topics/4xNDZPMszSkpgRfEsOck/quizzes/6cpQ0NEE2alhbNfhjpZi"
"med surg examplify","2","nursing-test-bank","RN Exams","RN Nursing Course Exams","Medical Surgical","Med Surg Proctored Exam (Examplify) Practice Questions - Set 12","med-surg-proctored-exam-examplify-practice-questions-set-12","44","pillarPages/nursing-test-bank/subPages/SuT1noZoNGEjKGR1vTbi/nestedSubPages/zMFBI0XMiRsJnnXWhL5S/topics/4xNDZPMszSkpgRfEsOck/quizzes/nOMgvEhh0gzm3HEADaL9"
"med surg ecpi college","2","nursing-test-bank","RN Exams","RN Nursing Course Exams","Medical Surgical","Med Surg Proctored Exam (Ecpi College) Practice Questions - Set 34","med-surg-proctored-exam-ecpi-college-practice-questions-set-34","36","pillarPages/nursing-test-bank/subPages/SuT1noZoNGEjKGR1vTbi/nestedSubPages/zMFBI0XMiRsJnnXWhL5S/topics/4xNDZPMszSkpgRfEsOck/quizzes/HqocejCljqCPsNcjTnp0"
"med surg ecpi college","2","nursing-test-bank","RN Exams","RN Nursing Course Exams","Medical Surgical","Med Surg Proctored Exam (Ecpi College) Practice Questions - Set 28","med-surg-proctored-exam-ecpi-college-practice-questions-set-28","43","pillarPages/nursing-test-bank/subPages/SuT1noZoNGEjKGR1vTbi/nestedSubPages/zMFBI0XMiRsJnnXWhL5S/topics/4xNDZPMszSkpgRfEsOck/quizzes/ldAqaYXxdwfwF8YsqPN2"
"medical surgical nursing viterbo university","2","nursing-test-bank","RN Exams","RN Nursing Course Exams","Medical Surgical","Medical Surgical Nursing Proctored Exam (Viterbo University) Practice Questions - Set 44","medical-surgical-nursing-proctored-exam-viterbo-university-practice-questions-set-44","61","pillarPages/nursing-test-bank/subPages/SuT1noZoNGEjKGR1vTbi/nestedSubPages/zMFBI0XMiRsJnnXWhL5S/topics/4xNDZPMszSkpgRfEsOck/quizzes/PNDHAOBehP5kd2BJBMND"
"medical surgical nursing viterbo university","2","nursing-test-bank","RN Exams","RN Nursing Course Exams","Medical Surgical","Medical Surgical Nursing Proctored Exam (Viterbo University) Practice Questions - Set 46","medical-surgical-nursing-proctored-exam-viterbo-university-practice-questions-set-46","89","pillarPages/nursing-test-bank/subPages/SuT1noZoNGEjKGR1vTbi/nestedSubPages/zMFBI0XMiRsJnnXWhL5S/topics/4xNDZPMszSkpgRfEsOck/quizzes/RTv3X6aWTvNLPz45g8pz"
"nur 113 med surg coastal alabama college","2","nursing-test-bank","RN Exams","RN Nursing Course Exams","Medical Surgical","NUR 113 Med Surg Proctored Exam (Coastal Alabama College) Practice Questions - Set 17","nur-113-med-surg-proctored-exam-coastal-alabama-college-practice-questions-set-17","50","pillarPages/nursing-test-bank/subPages/SuT1noZoNGEjKGR1vTbi/nestedSubPages/zMFBI0XMiRsJnnXWhL5S/topics/4xNDZPMszSkpgRfEsOck/quizzes/TJZbZThlpGEqdgtuAKU6"
"nur 113 med surg coastal alabama college","2","nursing-test-bank","RN Exams","RN Nursing Course Exams","Medical Surgical","NUR 113 Med Surg Proctored Exam (Coastal Alabama College) Practice Questions - Set 21","nur-113-med-surg-proctored-exam-coastal-alabama-college-practice-questions-set-21","50","pillarPages/nursing-test-bank/subPages/SuT1noZoNGEjKGR1vTbi/nestedSubPages/zMFBI0XMiRsJnnXWhL5S/topics/4xNDZPMszSkpgRfEsOck/quizzes/g4NLcEo1hLjUrUGPqwOn"
"nursing multidimensional care","2","nursing-test-bank","RN Exams","RN Nursing Course Exams","Multidimensional Care","Nursing 2356 Multidimensional Care Proctored Exam Practice Questions - Set 3","nursing-2356-multidimensional-care-proctored-exam-practice-questions-set-3","42","pillarPages/nursing-test-bank/subPages/SuT1noZoNGEjKGR1vTbi/nestedSubPages/zMFBI0XMiRsJnnXWhL5S/topics/5wsEQxaa4oxFg4kMLWiR/quizzes/9bU6rV6GPy7jRtH6oPIp"
"nursing multidimensional care","2","nursing-test-bank","RN Exams","RN Nursing Course Exams","Multidimensional Care","Nursing 2356 Multidimensional Care Proctored Exam Practice Questions - Set 2","nursing-2356-multidimensional-care-proctored-exam-practice-questions-set-2","46","pillarPages/nursing-test-bank/subPages/SuT1noZoNGEjKGR1vTbi/nestedSubPages/zMFBI0XMiRsJnnXWhL5S/topics/5wsEQxaa4oxFg4kMLWiR/quizzes/Gyso6NnRhZtIeayTARUe"
"dosage calculation","2","nursing-test-bank","RN Exams","RN Nursing Course Exams","Dosage Calculations","Dosage Calculation Proctored Exam Practice Questions - Set 18","dosage-calculation-proctored-exam-practice-questions-set-18","56","pillarPages/nursing-test-bank/subPages/SuT1noZoNGEjKGR1vTbi/nestedSubPages/zMFBI0XMiRsJnnXWhL5S/topics/GXrH3QXIidtKg5Jx0ly4/quizzes/GMx2hPFXjBhHG8Fz9fav"
"dosage calculation","2","nursing-test-bank","RN Exams","RN Nursing Course Exams","Dosage Calculations","Dosage Calculation Proctored Exam Practice Questions - Set 6","dosage-calculation-proctored-exam-practice-questions-set-6","49","pillarPages/nursing-test-bank/subPages/SuT1noZoNGEjKGR1vTbi/nestedSubPages/zMFBI0XMiRsJnnXWhL5S/topics/GXrH3QXIidtKg5Jx0ly4/quizzes/cWWMYoOYm0HtySXPjVBi"
"pediatrics","3","nursing-test-bank","RN Exams","RN Nursing Course Exams","Pediatrics","Pediatrics Proctored Exam Practice Questions - Set 8","pediatrics-proctored-exam-practice-questions-set-8","26","pillarPages/nursing-test-bank/subPages/SuT1noZoNGEjKGR1vTbi/nestedSubPages/zMFBI0XMiRsJnnXWhL5S/topics/Hwspg6smTqrELsoRSNmc/quizzes/Mc3uYK5rB4euWmMpuJWb"
"pediatrics","3","nursing-test-bank","RN Exams","RN Nursing Course Exams","Pediatrics","Pediatrics Proctored Exam Practice Questions - Set 6","pediatrics-proctored-exam-practice-questions-set-6","44","pillarPages/nursing-test-bank/subPages/SuT1noZoNGEjKGR1vTbi/nestedSubPages/zMFBI0XMiRsJnnXWhL5S/topics/Hwspg6smTqrELsoRSNmc/quizzes/wPwMBunD2J1EZQaY0TBA"
"pediatrics","3","nursing-test-bank","RN Exams","RN Nursing Course Exams","Pediatrics","Pediatrics Proctored Exam Practice Questions - Set 2","pediatrics-proctored-exam-practice-questions-set-2","64","pillarPages/nursing-test-bank/subPages/SuT1noZoNGEjKGR1vTbi/nestedSubPages/zMFBI0XMiRsJnnXWhL5S/topics/Hwspg6smTqrELsoRSNmc/quizzes/yxrXczf6Otuw8eBRYWGb"
"pediatrics and maternity examplify","2","nursing-test-bank","RN Exams","RN Nursing Course Exams","Pediatrics","Pediatrics and Maternity Proctored Exam (Examplify) Practice Questions","pediatrics-and-maternity-proctored-exam-examplify-practice-questions","50","pillarPages/nursing-test-bank/subPages/SuT1noZoNGEjKGR1vTbi/nestedSubPages/zMFBI0XMiRsJnnXWhL5S/topics/Hwspg6smTqrELsoRSNmc/quizzes/RKflUdcJraZbTY20ZRkt"
"pediatrics and maternity examplify","2","nursing-test-bank","RN Exams","RN Nursing Course Exams","Pediatrics","Pediatrics & Maternity Proctored Exam (Examplify) Practice Questions","pediatrics-and-maternity-proctored-exam-examplify-practice-questions-set-13","51","pillarPages/nursing-test-bank/subPages/SuT1noZoNGEjKGR1vTbi/nestedSubPages/zMFBI0XMiRsJnnXWhL5S/topics/Hwspg6smTqrELsoRSNmc/quizzes/kNGXr91yzlg5ckDeAsPY"
"pathophysiology","4","nursing-test-bank","RN Exams","RN Nursing Course Exams","Pathophysiology","Pathophysiology Proctored Exam Practice Questions - Set 13","pathophysiology-proctored-exam-practice-questions-set-13","48","pillarPages/nursing-test-bank/subPages/SuT1noZoNGEjKGR1vTbi/nestedSubPages/zMFBI0XMiRsJnnXWhL5S/topics/KyUeIK7zxUi2K91H84Bj/quizzes/1DJLOkzTDYRSf5kwpxwA"
"pathophysiology","4","nursing-test-bank","RN Exams","RN Nursing Course Exams","Pathophysiology","Pathophysiology Proctored Exam Practice Questions - Set 19","pathophysiology-proctored-exam-practice-questions-set-19","39","pillarPages/nursing-test-bank/subPages/SuT1noZoNGEjKGR1vTbi/nestedSubPages/zMFBI0XMiRsJnnXWhL5S/topics/KyUeIK7zxUi2K91H84Bj/quizzes/68sizV4bbcIxM5XTC7Vr"
"pathophysiology","4","nursing-test-bank","RN Exams","RN Nursing Course Exams","Pathophysiology","Pathophysiology Proctored Exam Practice Questions - Set 8","pathophysiology-proctored-exam-practice-questions-set-8","40","pillarPages/nursing-test-bank/subPages/SuT1noZoNGEjKGR1vTbi/nestedSubPages/zMFBI0XMiRsJnnXWhL5S/topics/KyUeIK7zxUi2K91H84Bj/quizzes/RQz8L07RKwcfFBR6EYIE"
"pathophysiology","4","nursing-test-bank","RN Exams","RN Nursing Course Exams","Pathophysiology","Pathophysiology Proctored Exam Practice Questions - Set 1","pathophysiology-proctored-exam-practice-questions-set-1","60","pillarPages/nursing-test-bank/subPages/SuT1noZoNGEjKGR1vTbi/nestedSubPages/zMFBI0XMiRsJnnXWhL5S/topics/KyUeIK7zxUi2K91H84Bj/quizzes/zyFDr6cqupKNbh5pXjRM"
"pathophysiology wgu","2","nursing-test-bank","RN Exams","RN Nursing Course Exams","Pathophysiology","Pathophysiology WGU Proctored Exam Practice Questions","pathophysiology-wgu-proctored-exam-practice-questions","50","pillarPages/nursing-test-bank/subPages/SuT1noZoNGEjKGR1vTbi/nestedSubPages/zMFBI0XMiRsJnnXWhL5S/topics/KyUeIK7zxUi2K91H84Bj/quizzes/1ottNbqrn9BKdhfQUijS"
"pathophysiology wgu","2","nursing-test-bank","RN Exams","RN Nursing Course Exams","Pathophysiology","Pathophysiology Proctored Exam (WGU) Practice Questions","pathophysiology-proctored-exam-wgu-practice-questions","49","pillarPages/nursing-test-bank/subPages/SuT1noZoNGEjKGR1vTbi/nestedSubPages/zMFBI0XMiRsJnnXWhL5S/topics/KyUeIK7zxUi2K91H84Bj/quizzes/P67aOvmDV4XpnfhM7w6j"
"pathophysiology samuel merit university","2","nursing-test-bank","RN Exams","RN Nursing Course Exams","Pathophysiology","Pathophysiology Proctored Exam (Samuel Merit University) Practice Questions - Set 6","pathophysiology-proctored-exam-samuel-merit-university-practice-questions-set-6","45","pillarPages/nursing-test-bank/subPages/SuT1noZoNGEjKGR1vTbi/nestedSubPages/zMFBI0XMiRsJnnXWhL5S/topics/KyUeIK7zxUi2K91H84Bj/quizzes/CMtHQWnW4Lr63WHV3IDY"
"pathophysiology samuel merit university","2","nursing-test-bank","RN Exams","RN Nursing Course Exams","Pathophysiology","Pathophysiology Proctored Exam (Samuel Merit University) Practice Questions - Set 7","pathophysiology-proctored-exam-samuel-merit-university-practice-questions-set-7","41","pillarPages/nursing-test-bank/subPages/SuT1noZoNGEjKGR1vTbi/nestedSubPages/zMFBI0XMiRsJnnXWhL5S/topics/KyUeIK7zxUi2K91H84Bj/quizzes/GXzRTIhq2XdxnQOEHErG"
"wgu pathophysiology","2","nursing-test-bank","RN Exams","RN Nursing Course Exams","Pathophysiology","WGU Pathophysiology Proctored Exam Practice Questions - Set 18","wgu-pathophysiology-proctored-exam-practice-questions-set-18","52","pillarPages/nursing-test-bank/subPages/SuT1noZoNGEjKGR1vTbi/nestedSubPages/zMFBI0XMiRsJnnXWhL5S/topics/KyUeIK7zxUi2K91H84Bj/quizzes/eoxvBnBQI6hdzIrkCEbo"
"wgu pathophysiology","2","nursing-test-bank","RN Exams","RN Nursing Course Exams","Pathophysiology","WGU Pathophysiology Proctored Exam Practice Questions - Set 9","wgu-pathophysiology-proctored-exam-practice-questions-set-9","47","pillarPages/nursing-test-bank/subPages/SuT1noZoNGEjKGR1vTbi/nestedSubPages/zMFBI0XMiRsJnnXWhL5S/topics/KyUeIK7zxUi2K91H84Bj/quizzes/poiZC80zhEt3J4cbY0fl"
"anatomy and physiology","7","nursing-test-bank","RN Exams","RN Nursing Course Exams","Anatomy and Physiology","Anatomy & Physiology Proctored Exam Practice Questions","anatomy-and-physiology-proctored-exam-practice-questions","73","pillarPages/nursing-test-bank/subPages/SuT1noZoNGEjKGR1vTbi/nestedSubPages/zMFBI0XMiRsJnnXWhL5S/topics/PavJlfHXwXRUhopKAOO9/quizzes/3HV99peZlDL74vJR9KKW"
"anatomy and physiology","7","nursing-test-bank","RN Exams","RN Nursing Course Exams","Anatomy and Physiology","Anatomy and Physiology Proctored Exam Practice Questions - Set 12","anatomy-and-physiology-proctored-exam-practice-questions-set-12","29","pillarPages/nursing-test-bank/subPages/SuT1noZoNGEjKGR1vTbi/nestedSubPages/zMFBI0XMiRsJnnXWhL5S/topics/PavJlfHXwXRUhopKAOO9/quizzes/6Bcl2LsmOPp4H20jNiDO"
"anatomy and physiology","7","nursing-test-bank","RN Exams","RN Nursing Course Exams","Anatomy and Physiology","Anatomy and Physiology Proctored Exam Practice Questions - Set 13","anatomy-and-physiology-proctored-exam-practice-questions-set-13","48","pillarPages/nursing-test-bank/subPages/SuT1noZoNGEjKGR1vTbi/nestedSubPages/zMFBI0XMiRsJnnXWhL5S/topics/PavJlfHXwXRUhopKAOO9/quizzes/KwnwfkaWsIjiJvvIGfci"
"anatomy and physiology","7","nursing-test-bank","RN Exams","RN Nursing Course Exams","Anatomy and Physiology","Anatomy and Physiology Proctored Exam Practice Questions - Set 6","anatomy-and-physiology-proctored-exam-practice-questions-set-6","100","pillarPages/nursing-test-bank/subPages/SuT1noZoNGEjKGR1vTbi/nestedSubPages/zMFBI0XMiRsJnnXWhL5S/topics/PavJlfHXwXRUhopKAOO9/quizzes/Px3PmFCkzXu2KYNRos9R"
"anatomy and physiology","7","nursing-test-bank","RN Exams","RN Nursing Course Exams","Anatomy and Physiology","Anatomy and Physiology Proctored Exam Practice Questions - Set 2","anatomy-and-physiology-proctored-exam-practice-questions-set-2","101","pillarPages/nursing-test-bank/subPages/SuT1noZoNGEjKGR1vTbi/nestedSubPages/zMFBI0XMiRsJnnXWhL5S/topics/PavJlfHXwXRUhopKAOO9/quizzes/SO2IjWgQx9QmtSofyYfP"
"anatomy and physiology","7","nursing-test-bank","RN Exams","RN Nursing Course Exams","Anatomy and Physiology","Anatomy and Physiology Proctored Exam Practice Questions - Set 5","anatomy-and-physiology-proctored-exam-practice-questions-set-5","43","pillarPages/nursing-test-bank/subPages/SuT1noZoNGEjKGR1vTbi/nestedSubPages/zMFBI0XMiRsJnnXWhL5S/topics/PavJlfHXwXRUhopKAOO9/quizzes/shHudszIJhQYLSh7McFo"
"anatomy and physiology","7","nursing-test-bank","RN Exams","RN Nursing Course Exams","Anatomy and Physiology","Anatomy and Physiology Proctored Exam Practice Questions - Set 10","anatomy-and-physiology-proctored-exam-practice-questions-set-10","48","pillarPages/nursing-test-bank/subPages/SuT1noZoNGEjKGR1vTbi/nestedSubPages/zMFBI0XMiRsJnnXWhL5S/topics/PavJlfHXwXRUhopKAOO9/quizzes/xgzVBGqVgEjv1E2j4904"
"health assessment","2","nursing-test-bank","RN Exams","RN Nursing Course Exams","Health Assessment","Health Assessment Proctored Exam Practice Questions - Set 1","health-assessment-proctored-exam-practice-questions-set-1","46","pillarPages/nursing-test-bank/subPages/SuT1noZoNGEjKGR1vTbi/nestedSubPages/zMFBI0XMiRsJnnXWhL5S/topics/XQlgh9zsLrRK6vilmJPA/quizzes/6aA7KAug9A8g2waCziGr"
"health assessment","2","nursing-test-bank","RN Exams","RN Nursing Course Exams","Health Assessment","Health Assessment Proctored Exam Practice Questions - Set 4","health-assessment-proctored-exam-practice-questions-set-4","46","pillarPages/nursing-test-bank/subPages/SuT1noZoNGEjKGR1vTbi/nestedSubPages/zMFBI0XMiRsJnnXWhL5S/topics/XQlgh9zsLrRK6vilmJPA/quizzes/vJDnpdwTIyEsfitripeZ"
"mental health","3","nursing-test-bank","RN Exams","RN Nursing Course Exams","Mental Health","Mental Health Proctored Exam Practice Questions - Set 9","mental-health-proctored-exam-practice-questions-set-9","43","pillarPages/nursing-test-bank/subPages/SuT1noZoNGEjKGR1vTbi/nestedSubPages/zMFBI0XMiRsJnnXWhL5S/topics/dwj41dVBiWR9v4FRpKhC/quizzes/9gTxPhSHh1mD3sWL8Dkh"
"mental health","3","nursing-test-bank","RN Exams","RN Nursing Course Exams","Mental Health","Mental Health Proctored Exam Practice Questions - Set 11","mental-health-proctored-exam-practice-questions-set-11","51","pillarPages/nursing-test-bank/subPages/SuT1noZoNGEjKGR1vTbi/nestedSubPages/zMFBI0XMiRsJnnXWhL5S/topics/dwj41dVBiWR9v4FRpKhC/quizzes/exC4UgNA0gzVj4dO98Uy"
"mental health","3","nursing-test-bank","RN Exams","RN Nursing Course Exams","Mental Health","Mental Health Proctored Exam Practice Questions - Set 10","mental-health-proctored-exam-practice-questions-set-10","41","pillarPages/nursing-test-bank/subPages/SuT1noZoNGEjKGR1vTbi/nestedSubPages/zMFBI0XMiRsJnnXWhL5S/topics/dwj41dVBiWR9v4FRpKhC/quizzes/tqZexHKRKjnlwGNrgTMx"
"pathopharmacology examplify","2","nursing-test-bank","RN Exams","RN Nursing Course Exams","Pharmacology","Pathopharmacology Proctored Exam (Examplify) Practice Questions","pathopharmacology-proctored-exam-examplify-practice-questions","57","pillarPages/nursing-test-bank/subPages/SuT1noZoNGEjKGR1vTbi/nestedSubPages/zMFBI0XMiRsJnnXWhL5S/topics/qjQzp4HMFByeL1UEKGDd/quizzes/1sd2VxC4jZxzvYGNEUxr"
"pathopharmacology examplify","2","nursing-test-bank","RN Exams","RN Nursing Course Exams","Pharmacology","Pathopharmacology Proctored Exam (Examplify Exam) Practice Questions","pathopharmacology-proctored-exam-examplify-exam-practice-questions","47","pillarPages/nursing-test-bank/subPages/SuT1noZoNGEjKGR1vTbi/nestedSubPages/zMFBI0XMiRsJnnXWhL5S/topics/qjQzp4HMFByeL1UEKGDd/quizzes/jfSKIXCSjsoiKlaxcYAY"
"pharmacology examplify","2","nursing-test-bank","RN Exams","RN Nursing Course Exams","Pharmacology","Pharmacology Proctored Exam (Examplify) Practice Questions - Set 4","pharmacology-proctored-exam-examplify-practice-questions-set-4","25","pillarPages/nursing-test-bank/subPages/SuT1noZoNGEjKGR1vTbi/nestedSubPages/zMFBI0XMiRsJnnXWhL5S/topics/qjQzp4HMFByeL1UEKGDd/quizzes/8wBsVnseYdGVcvnnGWWW"
"pharmacology examplify","2","nursing-test-bank","RN Exams","RN Nursing Course Exams","Pharmacology","Pharmacology Proctored Exam (Examplify) Practice Questions - Set 2","pharmacology-proctored-exam-examplify-practice-questions-set-2","52","pillarPages/nursing-test-bank/subPages/SuT1noZoNGEjKGR1vTbi/nestedSubPages/zMFBI0XMiRsJnnXWhL5S/topics/qjQzp4HMFByeL1UEKGDd/quizzes/QSnqz1EGltVJC57t8K3F"
"fundamentals","4","nursing-test-bank","RN Exams","RN Nursing Course Exams","Fundamentals","Fundamentals Proctored Exam Practice Questions - Set 11","fundamentals-proctored-exam-practice-questions-set-11","46","pillarPages/nursing-test-bank/subPages/SuT1noZoNGEjKGR1vTbi/nestedSubPages/zMFBI0XMiRsJnnXWhL5S/topics/sBc3Ee7TKg33PIbmj4Hb/quizzes/EZqIxBb43YASudOzfHC8"
"fundamentals","4","nursing-test-bank","RN Exams","RN Nursing Course Exams","Fundamentals","Fundamentals Proctored Exam Practice Questions - Set 10","fundamentals-proctored-exam-practice-questions-set-10","58","pillarPages/nursing-test-bank/subPages/SuT1noZoNGEjKGR1vTbi/nestedSubPages/zMFBI0XMiRsJnnXWhL5S/topics/sBc3Ee7TKg33PIbmj4Hb/quizzes/GfAI8xyIeeteP8gLaD0R"
"fundamentals","4","nursing-test-bank","RN Exams","RN Nursing Course Exams","Fundamentals","Fundamentals Proctored Exam Practice Questions - Set 3","fundamentals-proctored-exam-practice-questions-set-3","49","pillarPages/nursing-test-bank/subPages/SuT1noZoNGEjKGR1vTbi/nestedSubPages/zMFBI0XMiRsJnnXWhL5S/topics/sBc3Ee7TKg33PIbmj4Hb/quizzes/I0dIn2G9k4KeiLujT9U9"
"fundamentals","4","nursing-test-bank","RN Exams","RN Nursing Course Exams","Fundamentals","Fundamentals Proctored Exam Practice Questions - Set 9","fundamentals-proctored-exam-practice-questions-set-9","40","pillarPages/nursing-test-bank/subPages/SuT1noZoNGEjKGR1vTbi/nestedSubPages/zMFBI0XMiRsJnnXWhL5S/topics/sBc3Ee7TKg33PIbmj4Hb/quizzes/X96N9IVaTAtpt8yHLzLK"
"rn fundamentals","3","nursing-test-bank","RN Exams","RN Nursing Course Exams","Fundamentals","RN Fundamentals 2019 Proctored Exam Practice Questions","rn-fundamentals-2019-proctored-exam-practice-questions","65","pillarPages/nursing-test-bank/subPages/SuT1noZoNGEjKGR1vTbi/nestedSubPages/zMFBI0XMiRsJnnXWhL5S/topics/sBc3Ee7TKg33PIbmj4Hb/quizzes/lqsu0uD1njqBu8oRkU2p"
"rn fundamentals","3","nursing-test-bank","RN Exams","RN Nursing Course Exams","Fundamentals","RN Fundamentals 2019 Practice Questions","rn-fundamentals-2019-practice-questions","60","pillarPages/nursing-test-bank/subPages/SuT1noZoNGEjKGR1vTbi/nestedSubPages/zMFBI0XMiRsJnnXWhL5S/topics/sBc3Ee7TKg33PIbmj4Hb/quizzes/ud8fNxR1THK1xKXLkeGR"
"rn fundamentals","3","nursing-test-bank","RN Exams","RN Nursing Course Exams","Fundamentals","RN Fundamentals 2023 Proctored Exam Practice Questions","rn-fundamentals-2023-proctored-exam-practice-questions","54","pillarPages/nursing-test-bank/subPages/SuT1noZoNGEjKGR1vTbi/nestedSubPages/zMFBI0XMiRsJnnXWhL5S/topics/sBc3Ee7TKg33PIbmj4Hb/quizzes/yLsgboK4MMWuklFkp0Ex"
"nu 314 maternal newborn","2","nursing-test-bank","RN Exams","RN Nursing Course Exams","Maternal Newborn","Nu 314 Maternal Newborn Proctored Exam Practice Questions - Set 6","nu-314-maternal-newborn-proctored-exam-practice-questions-set-6","30","pillarPages/nursing-test-bank/subPages/SuT1noZoNGEjKGR1vTbi/nestedSubPages/zMFBI0XMiRsJnnXWhL5S/topics/stnDIFRoA0VwLaoxbGv1/quizzes/1as6z7CWehDGH7sSvspp"
"nu 314 maternal newborn","2","nursing-test-bank","RN Exams","RN Nursing Course Exams","Maternal Newborn","Nu 314 Maternal Newborn Proctored Exam Practice Questions - Set 7","nu-314-maternal-newborn-proctored-exam-practice-questions-set-7","41","pillarPages/nursing-test-bank/subPages/SuT1noZoNGEjKGR1vTbi/nestedSubPages/zMFBI0XMiRsJnnXWhL5S/topics/stnDIFRoA0VwLaoxbGv1/quizzes/WkI62cfpJVptDilgioal"
"nurs maternal newborn","2","nursing-test-bank","RN Exams","RN Nursing Course Exams","Maternal Newborn","NURS 4341 Maternal Newborn Proctored Exam Practice Questions - Set 5","nurs-4341-maternal-newborn-proctored-exam-practice-questions-set-5","49","pillarPages/nursing-test-bank/subPages/SuT1noZoNGEjKGR1vTbi/nestedSubPages/zMFBI0XMiRsJnnXWhL5S/topics/stnDIFRoA0VwLaoxbGv1/quizzes/A7ZoE79f4TVVlU5kJi9b"
"nurs maternal newborn","2","nursing-test-bank","RN Exams","RN Nursing Course Exams","Maternal Newborn","NURS 4341 Maternal Newborn Proctored Exam Practice Questions - Set 4","nurs-4341-maternal-newborn-proctored-exam-practice-questions-set-4","58","pillarPages/nursing-test-bank/subPages/SuT1noZoNGEjKGR1vTbi/nestedSubPages/zMFBI0XMiRsJnnXWhL5S/topics/stnDIFRoA0VwLaoxbGv1/quizzes/xopwK1PSGrk2XsrRwzM7"
"maternity samuel merit university","3","nursing-test-bank","RN Exams","RN Nursing Course Exams","Maternal Newborn","Maternity Proctored Exam (Samuel Merit University) Practice Questions - Set 12","maternity-proctored-exam-samuel-merit-university-practice-questions-set-12","51","pillarPages/nursing-test-bank/subPages/SuT1noZoNGEjKGR1vTbi/nestedSubPages/zMFBI0XMiRsJnnXWhL5S/topics/stnDIFRoA0VwLaoxbGv1/quizzes/HPdum35qI5mIl6wRVctZ"
"maternity samuel merit university","3","nursing-test-bank","RN Exams","RN Nursing Course Exams","Maternal Newborn","Maternity Proctored Exam (Samuel Merit University) Practice Questions - Set 11","maternity-proctored-exam-samuel-merit-university-practice-questions-set-11","49","pillarPages/nursing-test-bank/subPages/SuT1noZoNGEjKGR1vTbi/nestedSubPages/zMFBI0XMiRsJnnXWhL5S/topics/stnDIFRoA0VwLaoxbGv1/quizzes/kAX4ONhMe5LDHGFpvQXe"
"maternity samuel merit university","3","nursing-test-bank","RN Exams","RN Nursing Course Exams","Maternal Newborn","Maternity Proctored Exam (Samuel Merit University) Practice Questions - Set 14","maternity-proctored-exam-samuel-merit-university-practice-questions-set-14","50","pillarPages/nursing-test-bank/subPages/SuT1noZoNGEjKGR1vTbi/nestedSubPages/zMFBI0XMiRsJnnXWhL5S/topics/stnDIFRoA0VwLaoxbGv1/quizzes/oAjBKZnnwLQiHj0d3F7v"
"pn fundamentals","2","nursing-test-bank","LPN Exams","LPN Nursing Course Exams","Fundamentals","PN Fundamentals 2023 Proctored Exam Practice Questions","pn-fundamentals-2023-proctored-exam-practice-questions","65","pillarPages/nursing-test-bank/subPages/z0xzINtS3EohZNaKosBz/nestedSubPages/3K3wv7IGcDcXvSNM9Kxm/topics/XKenRdlHMVfdY4Dl99G2/quizzes/D4eNYdqqwvmbKTSSgDUe"
"pn fundamentals","2","nursing-test-bank","LPN Exams","LPN Nursing Course Exams","Fundamentals","PN Fundamentals Proctored Exam Practice Questions","pn-fundamentals-proctored-exam-practice-questions","53","pillarPages/nursing-test-bank/subPages/z0xzINtS3EohZNaKosBz/nestedSubPages/3K3wv7IGcDcXvSNM9Kxm/topics/XKenRdlHMVfdY4Dl99G2/quizzes/OKsL4ido5KXv17aAeHvQ"
"lpn fundamentals basic nursing","2","nursing-test-bank","LPN Exams","LPN Nursing Course Exams","Fundamentals","LPN Fundamentals Proctored Exam (Basic Nursing) - Set 4 Practice Questions","lpn-fundamentals-proctored-exam-basic-nursing-set-4-practice-questions","50","pillarPages/nursing-test-bank/subPages/z0xzINtS3EohZNaKosBz/nestedSubPages/3K3wv7IGcDcXvSNM9Kxm/topics/XKenRdlHMVfdY4Dl99G2/quizzes/ZAKTIk4iK5WyJRXVXPVv"
"lpn fundamentals basic nursing","2","nursing-test-bank","LPN Exams","LPN Nursing Course Exams","Fundamentals","LPN Fundamentals Proctored Exam (Basic Nursing) - Set 2 Practice Questions","lpn-fundamentals-proctored-exam-basic-nursing-set-2-practice-questions","50","pillarPages/nursing-test-bank/subPages/z0xzINtS3EohZNaKosBz/nestedSubPages/3K3wv7IGcDcXvSNM9Kxm/topics/XKenRdlHMVfdY4Dl99G2/quizzes/tSHpzu8EtjcDHeg1jVJH"
"ati pn pharmacology","10","nursing-test-bank","LPN Exams","ATI LPN Exams","Pharmacology","ATI PN Pharmacology 2020 Proctored Exam Practice Questions - Set 22","ati-pn-pharmacology-2020-proctored-exam-practice-questions-set-22","61","pillarPages/nursing-test-bank/subPages/z0xzINtS3EohZNaKosBz/nestedSubPages/lyrHg4RBzN6UafuymMFT/topics/13a3GLxldltUqhIxNzkr/quizzes/3hQCmuGaoqGhDxN3hSp3"
"ati pn pharmacology","10","nursing-test-bank","LPN Exams","ATI LPN Exams","Pharmacology","ATI PN Pharmacology Proctored Exam 2023 Practice Questions - Set 9","ati-pn-pharmacology-proctored-exam-2023-practice-questions-set-9","59","pillarPages/nursing-test-bank/subPages/z0xzINtS3EohZNaKosBz/nestedSubPages/lyrHg4RBzN6UafuymMFT/topics/13a3GLxldltUqhIxNzkr/quizzes/6DxoRy5DR9i1lbGFQJw2"
"ati pn pharmacology","10","nursing-test-bank","LPN Exams","ATI LPN Exams","Pharmacology","ATI PN Pharmacology Proctored Exam Practice Questions - Set 10","ati-pn-pharmacology-proctored-exam-practice-questions-set-10","60","pillarPages/nursing-test-bank/subPages/z0xzINtS3EohZNaKosBz/nestedSubPages/lyrHg4RBzN6UafuymMFT/topics/13a3GLxldltUqhIxNzkr/quizzes/9DQZ5sAHUDawCX6vTEMV"
"ati pn pharmacology","10","nursing-test-bank","LPN Exams","ATI LPN Exams","Pharmacology","ATI PN Pharmacology 2023 Proctored Exam Practice Questions - Set 16","ati-pn-pharmacology-2023-proctored-exam-practice-questions-set-16","45","pillarPages/nursing-test-bank/subPages/z0xzINtS3EohZNaKosBz/nestedSubPages/lyrHg4RBzN6UafuymMFT/topics/13a3GLxldltUqhIxNzkr/quizzes/9oQjSd3IsbjMwPyNGnIN"
"ati pn pharmacology","10","nursing-test-bank","LPN Exams","ATI LPN Exams","Pharmacology","ATI PN Pharmacology Proctored Exam Practice Questions - Set 1","ati-pn-pharmacology-proctored-exam-practice-questions-set-1","42","pillarPages/nursing-test-bank/subPages/z0xzINtS3EohZNaKosBz/nestedSubPages/lyrHg4RBzN6UafuymMFT/topics/13a3GLxldltUqhIxNzkr/quizzes/E2OK8DPFH7Y5gVVSGWYV"
"ati pn pharmacology","10","nursing-test-bank","LPN Exams","ATI LPN Exams","Pharmacology","ATI PN Pharmacology Proctored Exam Practice Questions - Set 8","ati-pn-pharmacology-proctored-exam-practice-questions-set-8","47","pillarPages/nursing-test-bank/subPages/z0xzINtS3EohZNaKosBz/nestedSubPages/lyrHg4RBzN6UafuymMFT/topics/13a3GLxldltUqhIxNzkr/quizzes/HvGrrrNlu9HoPb78VndH"
"ati pn pharmacology","10","nursing-test-bank","LPN Exams","ATI LPN Exams","Pharmacology","ATI PN Pharmacology Proctored Exam 2023 Retake 1 Practice Questions","ati-pn-pharmacology-proctored-exam-2023-retake-1-practice-questions","57","pillarPages/nursing-test-bank/subPages/z0xzINtS3EohZNaKosBz/nestedSubPages/lyrHg4RBzN6UafuymMFT/topics/13a3GLxldltUqhIxNzkr/quizzes/JcnIXKivUqqfkcnXmTLG"
"ati pn pharmacology","10","nursing-test-bank","LPN Exams","ATI LPN Exams","Pharmacology","ATI PN Pharmacology Proctored Exam Practice Questions - Set 6","ati-pn-pharmacology-proctored-exam-practice-questions-set-6","76","pillarPages/nursing-test-bank/subPages/z0xzINtS3EohZNaKosBz/nestedSubPages/lyrHg4RBzN6UafuymMFT/topics/13a3GLxldltUqhIxNzkr/quizzes/PN4Npmxl9ZVpOYTeNCwb"
"ati pn pharmacology","10","nursing-test-bank","LPN Exams","ATI LPN Exams","Pharmacology","ATI PN Pharmacology 2023 Proctored Exam Practice Questions - Set 4","ati-pn-pharmacology-2023-proctored-exam-practice-questions-set-4","32","pillarPages/nursing-test-bank/subPages/z0xzINtS3EohZNaKosBz/nestedSubPages/lyrHg4RBzN6UafuymMFT/topics/13a3GLxldltUqhIxNzkr/quizzes/l8ZisKRGAim1Akyy6e7Y"
"ati pn pharmacology","10","nursing-test-bank","LPN Exams","ATI LPN Exams","Pharmacology","ATI PN Pharmacology Quiz Proctored Exam Practice Questions - Set 15","ati-pn-pharmacology-quiz-proctored-exam-practice-questions-set-15","45","pillarPages/nursing-test-bank/subPages/z0xzINtS3EohZNaKosBz/nestedSubPages/lyrHg4RBzN6UafuymMFT/topics/13a3GLxldltUqhIxNzkr/quizzes/z6xisZWREuOGsceZ8fjN"
"ati pn fundamentals","18","nursing-test-bank","LPN Exams","ATI LPN Exams","Fundamentals","ATI PN Fundamentals Proctored Exam Practice Questions - Set 30","ati-pn-fundamentals-proctored-exam-practice-questions-set-30","68","pillarPages/nursing-test-bank/subPages/z0xzINtS3EohZNaKosBz/nestedSubPages/lyrHg4RBzN6UafuymMFT/topics/1Lb0PkKiTEM2wQOIMDtv/quizzes/1BzcBPnKcELBeHI4oKg8"
"ati pn fundamentals","18","nursing-test-bank","LPN Exams","ATI LPN Exams","Fundamentals","ATI PN Fundamentals Proctored Exam Practice Questions - Set 36","ati-pn-fundamentals-proctored-exam-practice-questions-set-36","42","pillarPages/nursing-test-bank/subPages/z0xzINtS3EohZNaKosBz/nestedSubPages/lyrHg4RBzN6UafuymMFT/topics/1Lb0PkKiTEM2wQOIMDtv/quizzes/3KaKOwVk7QtaAffXUy7q"
"ati pn fundamentals","18","nursing-test-bank","LPN Exams","ATI LPN Exams","Fundamentals","ATI PN Fundamentals 2023 Proctored Exam Practice Questions - Set 37","ati-pn-fundamentals-2023-proctored-exam-practice-questions-set-37","54","pillarPages/nursing-test-bank/subPages/z0xzINtS3EohZNaKosBz/nestedSubPages/lyrHg4RBzN6UafuymMFT/topics/1Lb0PkKiTEM2wQOIMDtv/quizzes/A2f9bV7LOePqEHlSWK16"
"ati pn fundamentals","18","nursing-test-bank","LPN Exams","ATI LPN Exams","Fundamentals","ATI PN Fundamentals Proctored Exam Practice Questions - Set 25","ati-pn-fundamentals-proctored-exam-practice-questions-set-25","55","pillarPages/nursing-test-bank/subPages/z0xzINtS3EohZNaKosBz/nestedSubPages/lyrHg4RBzN6UafuymMFT/topics/1Lb0PkKiTEM2wQOIMDtv/quizzes/BJ7s3mpeENRUSHEYVxgI"
"ati pn fundamentals","18","nursing-test-bank","LPN Exams","ATI LPN Exams","Fundamentals","ATI PN Fundamentals Proctored Exam Practice Questions - Set 24","ati-pn-fundamentals-proctored-exam-practice-questions-set-24","48","pillarPages/nursing-test-bank/subPages/z0xzINtS3EohZNaKosBz/nestedSubPages/lyrHg4RBzN6UafuymMFT/topics/1Lb0PkKiTEM2wQOIMDtv/quizzes/G7jPHQXTTSLetFk9erPy"
"ati pn fundamentals","18","nursing-test-bank","LPN Exams","ATI LPN Exams","Fundamentals","ATI PN Fundamentals 2023 Proctored Exam Practice Questions - Set 41","ati-pn-fundamentals-2023-proctored-exam-practice-questions-set-41","51","pillarPages/nursing-test-bank/subPages/z0xzINtS3EohZNaKosBz/nestedSubPages/lyrHg4RBzN6UafuymMFT/topics/1Lb0PkKiTEM2wQOIMDtv/quizzes/Ho1gPoQD99ZfsHz9fula"
"ati pn fundamentals","18","nursing-test-bank","LPN Exams","ATI LPN Exams","Fundamentals","ATI PN Fundamentals Proctored Exam Practice Questions - Set 15","ati-pn-fundamentals-proctored-exam-practice-questions-set-15","68","pillarPages/nursing-test-bank/subPages/z0xzINtS3EohZNaKosBz/nestedSubPages/lyrHg4RBzN6UafuymMFT/topics/1Lb0PkKiTEM2wQOIMDtv/quizzes/IdIZsiRiUM6cFnrl7ThA"
"ati pn fundamentals","18","nursing-test-bank","LPN Exams","ATI LPN Exams","Fundamentals","ATI PN Fundamentals Proctored Exam Practice Questions - Set 3","ati-pn-fundamentals-proctored-exam-practice-questions-set-3","45","pillarPages/nursing-test-bank/subPages/z0xzINtS3EohZNaKosBz/nestedSubPages/lyrHg4RBzN6UafuymMFT/topics/1Lb0PkKiTEM2wQOIMDtv/quizzes/PaeqgsNJglJvjEtTWC56"
"ati pn fundamentals","18","nursing-test-bank","LPN Exams","ATI LPN Exams","Fundamentals","ATI PN Fundamentals Proctored Exam Practice Questions - Set 9","ati-pn-fundamentals-proctored-exam-practice-questions-set-9","40","pillarPages/nursing-test-bank/subPages/z0xzINtS3EohZNaKosBz/nestedSubPages/lyrHg4RBzN6UafuymMFT/topics/1Lb0PkKiTEM2wQOIMDtv/quizzes/Sm4h5j6AulICJ2bJ3Nfg"
"ati pn fundamentals","18","nursing-test-bank","LPN Exams","ATI LPN Exams","Fundamentals","ATI PN Fundamentals Proctored Exam Practice Questions - Set 12","ati-pn-fundamentals-proctored-exam-practice-questions-set-12","45","pillarPages/nursing-test-bank/subPages/z0xzINtS3EohZNaKosBz/nestedSubPages/lyrHg4RBzN6UafuymMFT/topics/1Lb0PkKiTEM2wQOIMDtv/quizzes/XCQ7ZCd8IEL8KiBKCe32"
"ati pn fundamentals","18","nursing-test-bank","LPN Exams","ATI LPN Exams","Fundamentals","ATI PN Fundamentals 2023 Proctored Exam Practice Questions - Set 10","ati-pn-fundamentals-2023-proctored-exam-practice-questions-set-10","69","pillarPages/nursing-test-bank/subPages/z0xzINtS3EohZNaKosBz/nestedSubPages/lyrHg4RBzN6UafuymMFT/topics/1Lb0PkKiTEM2wQOIMDtv/quizzes/Xk13AzH7xPn0Kuu7Cays"
"ati pn fundamentals","18","nursing-test-bank","LPN Exams","ATI LPN Exams","Fundamentals","ATI PN Fundamentals Proctored Exam Practice Questions - Set 5","ati-pn-fundamentals-proctored-exam-practice-questions-set-5","94","pillarPages/nursing-test-bank/subPages/z0xzINtS3EohZNaKosBz/nestedSubPages/lyrHg4RBzN6UafuymMFT/topics/1Lb0PkKiTEM2wQOIMDtv/quizzes/d1OaRKYuuSLD6vF22aqC"
"ati pn fundamentals","18","nursing-test-bank","LPN Exams","ATI LPN Exams","Fundamentals","ATI PN Fundamentals Proctored Exam Practice Questions - Set 34","ati-pn-fundamentals-proctored-exam-practice-questions-set-34","46","pillarPages/nursing-test-bank/subPages/z0xzINtS3EohZNaKosBz/nestedSubPages/lyrHg4RBzN6UafuymMFT/topics/1Lb0PkKiTEM2wQOIMDtv/quizzes/eH6kuY8wgOrznZrLswnu"
"ati pn fundamentals","18","nursing-test-bank","LPN Exams","ATI LPN Exams","Fundamentals","ATI PN Fundamentals 2023 Proctored Exam Practice Questions - Set 31","ati-pn-fundamentals-2023-proctored-exam-practice-questions-set-31","58","pillarPages/nursing-test-bank/subPages/z0xzINtS3EohZNaKosBz/nestedSubPages/lyrHg4RBzN6UafuymMFT/topics/1Lb0PkKiTEM2wQOIMDtv/quizzes/lwdohHRSG8YNgZ4jMGVd"
"ati pn fundamentals","18","nursing-test-bank","LPN Exams","ATI LPN Exams","Fundamentals","ATI PN Fundamentals Proctored Exam Practice Questions - Set 17","ati-pn-fundamentals-proctored-exam-practice-questions-set-17","44","pillarPages/nursing-test-bank/subPages/z0xzINtS3EohZNaKosBz/nestedSubPages/lyrHg4RBzN6UafuymMFT/topics/1Lb0PkKiTEM2wQOIMDtv/quizzes/mHMJObpeP8v8f8Ib0zjM"
"ati pn fundamentals","18","nursing-test-bank","LPN Exams","ATI LPN Exams","Fundamentals","ATI PN Fundamentals Proctored Exam Practice Questions - Set 23","ati-pn-fundamentals-proctored-exam-practice-questions-set-23","49","pillarPages/nursing-test-bank/subPages/z0xzINtS3EohZNaKosBz/nestedSubPages/lyrHg4RBzN6UafuymMFT/topics/1Lb0PkKiTEM2wQOIMDtv/quizzes/oh5GUsT6JWnYtB2lQieB"
"ati pn fundamentals","18","nursing-test-bank","LPN Exams","ATI LPN Exams","Fundamentals","ATI PN Fundamentals Proctored Exam Practice Questions - Set 19","ati-pn-fundamentals-proctored-exam-practice-questions-set-19","49","pillarPages/nursing-test-bank/subPages/z0xzINtS3EohZNaKosBz/nestedSubPages/lyrHg4RBzN6UafuymMFT/topics/1Lb0PkKiTEM2wQOIMDtv/quizzes/uoxy4WBqFOdL9HU25NWc"
"ati pn fundamentals","18","nursing-test-bank","LPN Exams","ATI LPN Exams","Fundamentals","ATI PN Fundamentals Proctored Exam Practice Questions - Set 35","ati-pn-fundamentals-proctored-exam-practice-questions-set-35","44","pillarPages/nursing-test-bank/subPages/z0xzINtS3EohZNaKosBz/nestedSubPages/lyrHg4RBzN6UafuymMFT/topics/1Lb0PkKiTEM2wQOIMDtv/quizzes/whQvOHGTCVmHlLY1avhB"
"ati pn critical thinking","2","nursing-test-bank","LPN Exams","ATI LPN Exams","Fundamentals","ATI PN Critical Thinking Proctored Exam Practice Questions - Set 20","ati-pn-critical-thinking-proctored-exam-practice-questions-set-20","42","pillarPages/nursing-test-bank/subPages/z0xzINtS3EohZNaKosBz/nestedSubPages/lyrHg4RBzN6UafuymMFT/topics/1Lb0PkKiTEM2wQOIMDtv/quizzes/A29askX7kpjZw2xiiloN"
"ati pn critical thinking","2","nursing-test-bank","LPN Exams","ATI LPN Exams","Comprehensive Review","ATI PN Critical Thinking Proctored Exam Practice Questions - Set 1","ati-pn-critical-thinking-proctored-exam-practice-questions-set-1","50","pillarPages/nursing-test-bank/subPages/z0xzINtS3EohZNaKosBz/nestedSubPages/lyrHg4RBzN6UafuymMFT/topics/AIrzHbC5yDHk6TUjdEeM/quizzes/R9da0zbOLu0fM4XjbRYF"
"ati pn mental health","14","nursing-test-bank","LPN Exams","ATI LPN Exams","Mental Health","ATI PN Mental Health Proctored Exam Practice Questions - Set 18","ati-pn-mental-health-proctored-exam-practice-questions-set-18","25","pillarPages/nursing-test-bank/subPages/z0xzINtS3EohZNaKosBz/nestedSubPages/lyrHg4RBzN6UafuymMFT/topics/6i5h4wWlOfz4R8huNTkC/quizzes/0XWKxkayJ6Z3kVf3raA0"
"ati pn mental health","14","nursing-test-bank","LPN Exams","ATI LPN Exams","Mental Health","ATI PN Mental Health Proctored Exam 2023 Practice Questions - Set 10","ati-pn-mental-health-proctored-exam-2023-practice-questions-set-10","35","pillarPages/nursing-test-bank/subPages/z0xzINtS3EohZNaKosBz/nestedSubPages/lyrHg4RBzN6UafuymMFT/topics/6i5h4wWlOfz4R8huNTkC/quizzes/2fG2uGhn6fyk67ZYFnah"
"ati pn mental health","14","nursing-test-bank","LPN Exams","ATI LPN Exams","Mental Health","ATI PN Mental Health Proctored Exam 2023 Practice Questions - Set 12","ati-pn-mental-health-proctored-exam-2023-practice-questions-set-12","54","pillarPages/nursing-test-bank/subPages/z0xzINtS3EohZNaKosBz/nestedSubPages/lyrHg4RBzN6UafuymMFT/topics/6i5h4wWlOfz4R8huNTkC/quizzes/87iwgbc9j81OVcednIg7"
"ati pn mental health","14","nursing-test-bank","LPN Exams","ATI LPN Exams","Mental Health","ATI PN Mental Health Proctored Exam Practice Questions - Set 6","ati-pn-mental-health-proctored-exam-practice-questions-set-6","47","pillarPages/nursing-test-bank/subPages/z0xzINtS3EohZNaKosBz/nestedSubPages/lyrHg4RBzN6UafuymMFT/topics/6i5h4wWlOfz4R8huNTkC/quizzes/D7Gmvl2j5bTkFaVU4erQ"
"ati pn mental health","14","nursing-test-bank","LPN Exams","ATI LPN Exams","Mental Health","ATI PN Mental Health Proctored Exam Practice Questions - Set 20","ati-pn-mental-health-proctored-exam-practice-questions-set-20","50","pillarPages/nursing-test-bank/subPages/z0xzINtS3EohZNaKosBz/nestedSubPages/lyrHg4RBzN6UafuymMFT/topics/6i5h4wWlOfz4R8huNTkC/quizzes/EfV4aTuYMVOaoBvfUZFW"
"ati pn mental health","14","nursing-test-bank","LPN Exams","ATI LPN Exams","Mental Health","ATI PN Mental Health 2023 Proctored Exam Practice Questions - Set 16","ati-pn-mental-health-2023-proctored-exam-practice-questions-set-16","50","pillarPages/nursing-test-bank/subPages/z0xzINtS3EohZNaKosBz/nestedSubPages/lyrHg4RBzN6UafuymMFT/topics/6i5h4wWlOfz4R8huNTkC/quizzes/Fd4CUWFrC0EHRcUrIpx4"
"ati pn mental health","14","nursing-test-bank","LPN Exams","ATI LPN Exams","Mental Health","ATI PN Mental Health Proctored Exam Practice Questions - Set 3","ati-pn-mental-health-proctored-exam-practice-questions-set-3","50","pillarPages/nursing-test-bank/subPages/z0xzINtS3EohZNaKosBz/nestedSubPages/lyrHg4RBzN6UafuymMFT/topics/6i5h4wWlOfz4R8huNTkC/quizzes/NmyWvm446Bgz09F1MCl2"
"ati pn mental health","14","nursing-test-bank","LPN Exams","ATI LPN Exams","Mental Health","ATI PN Mental Health Proctored Exam Practice Questions - Set 21","ati-pn-mental-health-proctored-exam-practice-questions-set-21","38","pillarPages/nursing-test-bank/subPages/z0xzINtS3EohZNaKosBz/nestedSubPages/lyrHg4RBzN6UafuymMFT/topics/6i5h4wWlOfz4R8huNTkC/quizzes/Q2fS8PmQ5wik85qwHuxw"
"ati pn mental health","14","nursing-test-bank","LPN Exams","ATI LPN Exams","Mental Health","ATI PN Mental Health 2023 Proctored Exam Practice Questions - Set 17","ati-pn-mental-health-2023-proctored-exam-practice-questions-set-17","51","pillarPages/nursing-test-bank/subPages/z0xzINtS3EohZNaKosBz/nestedSubPages/lyrHg4RBzN6UafuymMFT/topics/6i5h4wWlOfz4R8huNTkC/quizzes/Z4NAfejpaDgZZHU9Qdpz"
"ati pn mental health","14","nursing-test-bank","LPN Exams","ATI LPN Exams","Mental Health","ATI PN Mental Health Quiz Proctored Exam Practice Questions - Set 19","ati-pn-mental-health-quiz-proctored-exam-practice-questions-set-19","26","pillarPages/nursing-test-bank/subPages/z0xzINtS3EohZNaKosBz/nestedSubPages/lyrHg4RBzN6UafuymMFT/topics/6i5h4wWlOfz4R8huNTkC/quizzes/azlPQZl6jkNGLIXtXnDc"
"ati pn mental health","14","nursing-test-bank","LPN Exams","ATI LPN Exams","Mental Health","ATI PN Mental Health Proctored Exam Practice Questions - Set 2","ati-pn-mental-health-proctored-exam-practice-questions-set-2","75","pillarPages/nursing-test-bank/subPages/z0xzINtS3EohZNaKosBz/nestedSubPages/lyrHg4RBzN6UafuymMFT/topics/6i5h4wWlOfz4R8huNTkC/quizzes/dUh2HpoMmmz9AkeiPvna"
"ati pn mental health","14","nursing-test-bank","LPN Exams","ATI LPN Exams","Mental Health","ATI PN Mental Health Proctored Exam Practice Questions - Set 7","ati-pn-mental-health-proctored-exam-practice-questions-set-7","48","pillarPages/nursing-test-bank/subPages/z0xzINtS3EohZNaKosBz/nestedSubPages/lyrHg4RBzN6UafuymMFT/topics/6i5h4wWlOfz4R8huNTkC/quizzes/hthlfOCc1BGRxIETQQ1Z"
"ati pn mental health","14","nursing-test-bank","LPN Exams","ATI LPN Exams","Mental Health","ATI PN Mental Health Proctored Exam Practice Questions - Set 4","ati-pn-mental-health-proctored-exam-practice-questions-set-4","50","pillarPages/nursing-test-bank/subPages/z0xzINtS3EohZNaKosBz/nestedSubPages/lyrHg4RBzN6UafuymMFT/topics/6i5h4wWlOfz4R8huNTkC/quizzes/sceHL0R4Xdjbg0G5Ksz9"
"ati pn mental health","14","nursing-test-bank","LPN Exams","ATI LPN Exams","Mental Health","ATI PN Mental Health Proctored Exam Practice Questions - Set 27","ati-pn-mental-health-proctored-exam-practice-questions-set-27","49","pillarPages/nursing-test-bank/subPages/z0xzINtS3EohZNaKosBz/nestedSubPages/lyrHg4RBzN6UafuymMFT/topics/6i5h4wWlOfz4R8huNTkC/quizzes/ujhDVShnkrjKiFa6CSKq"
"ati pn mental health level 4","2","nursing-test-bank","LPN Exams","ATI LPN Exams","Mental Health","ATI PN Mental Health Level 4 Proctored Exam Practice Questions - Set 9","ati-pn-mental-health-level-4-proctored-exam-practice-questions-set-9","39","pillarPages/nursing-test-bank/subPages/z0xzINtS3EohZNaKosBz/nestedSubPages/lyrHg4RBzN6UafuymMFT/topics/6i5h4wWlOfz4R8huNTkC/quizzes/G0UOT7GIi3sPiFukngYZ"
"ati pn mental health level 4","2","nursing-test-bank","LPN Exams","ATI LPN Exams","Mental Health","ATI PN Mental Health Level 4 Proctored Exam Practice Questions - Set 11","ati-pn-mental-health-level-4-proctored-exam-practice-questions-set-11","33","pillarPages/nursing-test-bank/subPages/z0xzINtS3EohZNaKosBz/nestedSubPages/lyrHg4RBzN6UafuymMFT/topics/6i5h4wWlOfz4R8huNTkC/quizzes/yH9BCMdQCuEK9lej1NxM"
"ati pn adult medical surgical","4","nursing-test-bank","LPN Exams","ATI LPN Exams","Adult Medical Surgical","ATI PN Adult Medical Surgical Proctored Exam 2023 Practice Questions - Set 30","ati-pn-adult-medical-surgical-proctored-exam-2023-practice-questions-set-30","84","pillarPages/nursing-test-bank/subPages/z0xzINtS3EohZNaKosBz/nestedSubPages/lyrHg4RBzN6UafuymMFT/topics/NywbGW22YNeZSM3kuwKk/quizzes/3x6KWzk7yWL5Y2MFFcyd"
"ati pn adult medical surgical","4","nursing-test-bank","LPN Exams","ATI LPN Exams","Adult Medical Surgical","ATI PN Adult Medical Surgical Proctored Exam 2023 Practice Questions - Set 25","ati-pn-adult-medical-surgical-proctored-exam-2023-practice-questions-set-25","61","pillarPages/nursing-test-bank/subPages/z0xzINtS3EohZNaKosBz/nestedSubPages/lyrHg4RBzN6UafuymMFT/topics/NywbGW22YNeZSM3kuwKk/quizzes/5UzPbe4Aso7UcswnVW3U"
"ati pn adult medical surgical","4","nursing-test-bank","LPN Exams","ATI LPN Exams","Adult Medical Surgical","ATI PN Adult Medical Surgical 2023 Proctored Exam Practice Questions - Set 63","ati-pn-adult-medical-surgical-2023-proctored-exam-practice-questions-set-63","78","pillarPages/nursing-test-bank/subPages/z0xzINtS3EohZNaKosBz/nestedSubPages/lyrHg4RBzN6UafuymMFT/topics/NywbGW22YNeZSM3kuwKk/quizzes/NIonK5tehhM21SSztUCD"
"ati pn adult medical surgical","4","nursing-test-bank","LPN Exams","ATI LPN Exams","Adult Medical Surgical","ATI PN Adult Medical Surgical 2023 Proctored Exam Practice Questions - Set 50","ati-pn-adult-medical-surgical-2023-proctored-exam-practice-questions-set-50","70","pillarPages/nursing-test-bank/subPages/z0xzINtS3EohZNaKosBz/nestedSubPages/lyrHg4RBzN6UafuymMFT/topics/NywbGW22YNeZSM3kuwKk/quizzes/dvBKvnLd8bkg4O6JHBAC"
"ati pn med surg","3","nursing-test-bank","LPN Exams","ATI LPN Exams","Adult Medical Surgical","ATI PN Med Surg Proctored Exam Practice Questions - Set 14","ati-pn-med-surg-proctored-exam-practice-questions-set-14","50","pillarPages/nursing-test-bank/subPages/z0xzINtS3EohZNaKosBz/nestedSubPages/lyrHg4RBzN6UafuymMFT/topics/NywbGW22YNeZSM3kuwKk/quizzes/4MGJngTxlLpNA9gMl6Hs"
"ati pn med surg","3","nursing-test-bank","LPN Exams","ATI LPN Exams","Adult Medical Surgical","ATI PN Med Surg Proctored Exam Practice Questions - Set 69","ati-pn-med-surg-proctored-exam-practice-questions-set-69","24","pillarPages/nursing-test-bank/subPages/z0xzINtS3EohZNaKosBz/nestedSubPages/lyrHg4RBzN6UafuymMFT/topics/NywbGW22YNeZSM3kuwKk/quizzes/DGXa0b1J9HtFiPOazIql"
"ati pn med surg","3","nursing-test-bank","LPN Exams","ATI LPN Exams","Adult Medical Surgical","ATI PN Med Surg Proctored Exam Practice Questions - Set 20","ati-pn-med-surg-proctored-exam-practice-questions-set-20","49","pillarPages/nursing-test-bank/subPages/z0xzINtS3EohZNaKosBz/nestedSubPages/lyrHg4RBzN6UafuymMFT/topics/NywbGW22YNeZSM3kuwKk/quizzes/UNpA2CM7ebFWBcyGTTh4"
"ati pn med surg respiratory","2","nursing-test-bank","LPN Exams","ATI LPN Exams","Adult Medical Surgical","ATI PN Med Surg Respiratory Proctored Exam Practice Questions - Set 19","ati-pn-med-surg-respiratory-proctored-exam-practice-questions-set-19","40","pillarPages/nursing-test-bank/subPages/z0xzINtS3EohZNaKosBz/nestedSubPages/lyrHg4RBzN6UafuymMFT/topics/NywbGW22YNeZSM3kuwKk/quizzes/8XHFE7onnG2jheIvCKe7"
"ati pn med surg respiratory","2","nursing-test-bank","LPN Exams","ATI LPN Exams","Adult Medical Surgical","ATI PN Med Surg Respiratory Proctored Exam Practice Questions - Set 5","ati-pn-med-surg-respiratory-proctored-exam-practice-questions-set-5","50","pillarPages/nursing-test-bank/subPages/z0xzINtS3EohZNaKosBz/nestedSubPages/lyrHg4RBzN6UafuymMFT/topics/NywbGW22YNeZSM3kuwKk/quizzes/zPP70Psg7GnPF0wrD1DP"
"ati pn adult medical surgical with ngn","2","nursing-test-bank","LPN Exams","ATI LPN Exams","Adult Medical Surgical","ATI PN Adult Medical Surgical 2020 with NGN Proctored Exam Practice Questions - Set 65","ati-pn-adult-medical-surgical-2020-with-ngn-proctored-exam-practice-questions-set-65","79","pillarPages/nursing-test-bank/subPages/z0xzINtS3EohZNaKosBz/nestedSubPages/lyrHg4RBzN6UafuymMFT/topics/NywbGW22YNeZSM3kuwKk/quizzes/CAsfGH2M9jrXKN0gAWeC"
"ati pn adult medical surgical with ngn","2","nursing-test-bank","LPN Exams","ATI LPN Exams","Adult Medical Surgical","ATI PN Adult Medical Surgical 2020 with NGN Proctored Exam Practice Questions - Set 68","ati-pn-adult-medical-surgical-2020-with-ngn-proctored-exam-practice-questions-set-68","78","pillarPages/nursing-test-bank/subPages/z0xzINtS3EohZNaKosBz/nestedSubPages/lyrHg4RBzN6UafuymMFT/topics/NywbGW22YNeZSM3kuwKk/quizzes/kNWiO8VMKh6BQe38Ix3P"
"ati pn med surg cardiac","2","nursing-test-bank","LPN Exams","ATI LPN Exams","Adult Medical Surgical","ATI PN Med Surg Cardiac Proctored Test Practice Questions","ati-pn-med-surg-cardiac-proctored-test-practice-questions","48","pillarPages/nursing-test-bank/subPages/z0xzINtS3EohZNaKosBz/nestedSubPages/lyrHg4RBzN6UafuymMFT/topics/NywbGW22YNeZSM3kuwKk/quizzes/CjNS6HfMqCXa9cGFseGD"
"ati pn med surg cardiac","2","nursing-test-bank","LPN Exams","ATI LPN Exams","Adult Medical Surgical","ATI PN Med Surg Cardiac Proctored Exam Practice Questions","ati-pn-med-surg-cardiac-proctored-exam-practice-questions","35","pillarPages/nursing-test-bank/subPages/z0xzINtS3EohZNaKosBz/nestedSubPages/lyrHg4RBzN6UafuymMFT/topics/NywbGW22YNeZSM3kuwKk/quizzes/xMOmkvkfV5ODWK1id5Jg"
"ati pn advanced med surg","3","nursing-test-bank","LPN Exams","ATI LPN Exams","Adult Medical Surgical","ATI PN Advanced Med Surg Proctored Exam Practice Questions - Set 28","ati-pn-advanced-med-surg-proctored-exam-practice-questions-set-28","41","pillarPages/nursing-test-bank/subPages/z0xzINtS3EohZNaKosBz/nestedSubPages/lyrHg4RBzN6UafuymMFT/topics/NywbGW22YNeZSM3kuwKk/quizzes/GHGeirIq9kBxLgCe2Wot"
"ati pn advanced med surg","3","nursing-test-bank","LPN Exams","ATI LPN Exams","Adult Medical Surgical","ATI PN Advanced Med Surg Proctored Exam Practice Questions - Set 27","ati-pn-advanced-med-surg-proctored-exam-practice-questions-set-27","40","pillarPages/nursing-test-bank/subPages/z0xzINtS3EohZNaKosBz/nestedSubPages/lyrHg4RBzN6UafuymMFT/topics/NywbGW22YNeZSM3kuwKk/quizzes/JXueKblKvor677H6vams"
"ati pn advanced med surg","3","nursing-test-bank","LPN Exams","ATI LPN Exams","Adult Medical Surgical","ATI PN Advanced Med Surg Proctored Exam. Practice Questions","ati-pn-advanced-med-surg-proctored-exam-practice-questions","45","pillarPages/nursing-test-bank/subPages/z0xzINtS3EohZNaKosBz/nestedSubPages/lyrHg4RBzN6UafuymMFT/topics/NywbGW22YNeZSM3kuwKk/quizzes/XHWqHQ2bEOP33PwErUTI"
"ati pn med surg endocrine","2","nursing-test-bank","LPN Exams","ATI LPN Exams","Adult Medical Surgical","ATI PN Med Surg Endocrine Proctored Exam Practice Questions - Set 43","ati-pn-med-surg-endocrine-proctored-exam-practice-questions-set-43","49","pillarPages/nursing-test-bank/subPages/z0xzINtS3EohZNaKosBz/nestedSubPages/lyrHg4RBzN6UafuymMFT/topics/NywbGW22YNeZSM3kuwKk/quizzes/IS7JsFyhrRHEeawd9z5H"
"ati pn med surg endocrine","2","nursing-test-bank","LPN Exams","ATI LPN Exams","Adult Medical Surgical","ATI PN Med Surg Endocrine Proctored Exam Practice Questions - Set 8","ati-pn-med-surg-endocrine-proctored-exam-practice-questions-set-8","50","pillarPages/nursing-test-bank/subPages/z0xzINtS3EohZNaKosBz/nestedSubPages/lyrHg4RBzN6UafuymMFT/topics/NywbGW22YNeZSM3kuwKk/quizzes/wcSWglUBzWf1JxQyUjqs"
"ati pn med surg level 2","3","nursing-test-bank","LPN Exams","ATI LPN Exams","Adult Medical Surgical","ATI PN Med Surg Level 2 Proctored Exam Practice Questions - Set 18","ati-pn-med-surg-level-2-proctored-exam-practice-questions-set-18","46","pillarPages/nursing-test-bank/subPages/z0xzINtS3EohZNaKosBz/nestedSubPages/lyrHg4RBzN6UafuymMFT/topics/NywbGW22YNeZSM3kuwKk/quizzes/OymBEZcoO4Zn83apS0Mz"
"ati pn med surg level 2","3","nursing-test-bank","LPN Exams","ATI LPN Exams","Adult Medical Surgical","ATI PN Med Surg Level 2 Proctored Exam Practice Questions - Set 57","ati-pn-med-surg-level-2-proctored-exam-practice-questions-set-57","42","pillarPages/nursing-test-bank/subPages/z0xzINtS3EohZNaKosBz/nestedSubPages/lyrHg4RBzN6UafuymMFT/topics/NywbGW22YNeZSM3kuwKk/quizzes/amEkav2d6Q4qtanVVH3u"
"ati pn med surg level 2","3","nursing-test-bank","LPN Exams","ATI LPN Exams","Adult Medical Surgical","ATI PN Med Surg Level 2 Proctored Exam Practice Questions - Set 48","ati-pn-med-surg-level-2-proctored-exam-practice-questions-set-48","44","pillarPages/nursing-test-bank/subPages/z0xzINtS3EohZNaKosBz/nestedSubPages/lyrHg4RBzN6UafuymMFT/topics/NywbGW22YNeZSM3kuwKk/quizzes/yOy9CNVGl4OPGtvpM6l0"
"ati pn medical surgical","2","nursing-test-bank","LPN Exams","ATI LPN Exams","Adult Medical Surgical","ATI PN Medical Surgical Proctored Exam 2023 Practice Questions - Set 21","ati-pn-medical-surgical-proctored-exam-2023-practice-questions-set-21","78","pillarPages/nursing-test-bank/subPages/z0xzINtS3EohZNaKosBz/nestedSubPages/lyrHg4RBzN6UafuymMFT/topics/NywbGW22YNeZSM3kuwKk/quizzes/PSUOf5Jme94saqPFlLyB"
"ati pn medical surgical","2","nursing-test-bank","LPN Exams","ATI LPN Exams","Adult Medical Surgical","ATI PN Medical Surgical Proctored Exam Practice Questions - Set 45","ati-pn-medical-surgical-proctored-exam-practice-questions-set-45","39","pillarPages/nursing-test-bank/subPages/z0xzINtS3EohZNaKosBz/nestedSubPages/lyrHg4RBzN6UafuymMFT/topics/NywbGW22YNeZSM3kuwKk/quizzes/RD3Pi9dVMoVsNQzEa0WN"
"ati pn pediatrics","5","nursing-test-bank","LPN Exams","ATI LPN Exams","Pediatric Nursing","ATI PN Pediatrics Proctored Exam Practice Questions - Set 2","ati-pn-pediatrics-proctored-exam-practice-questions-set-2","50","pillarPages/nursing-test-bank/subPages/z0xzINtS3EohZNaKosBz/nestedSubPages/lyrHg4RBzN6UafuymMFT/topics/Y0MhOdG0hGVh8AUsgVrz/quizzes/10ZgDbiTDhy5fMIIDhip"
"ati pn pediatrics","5","nursing-test-bank","LPN Exams","ATI LPN Exams","Pediatric Nursing","ATI PN Pediatrics Proctored Exam Practice Questions - Set 1","ati-pn-pediatrics-proctored-exam-practice-questions-set-1","51","pillarPages/nursing-test-bank/subPages/z0xzINtS3EohZNaKosBz/nestedSubPages/lyrHg4RBzN6UafuymMFT/topics/Y0MhOdG0hGVh8AUsgVrz/quizzes/2bzXTu66m5FuSSxs8aNz"
"ati pn pediatrics","5","nursing-test-bank","LPN Exams","ATI LPN Exams","Pediatric Nursing","ATI PN Pediatrics Proctored Exam Practice Questions - Set 17","ati-pn-pediatrics-proctored-exam-practice-questions-set-17","50","pillarPages/nursing-test-bank/subPages/z0xzINtS3EohZNaKosBz/nestedSubPages/lyrHg4RBzN6UafuymMFT/topics/Y0MhOdG0hGVh8AUsgVrz/quizzes/TZXhhyFg5vMaXqp2V6NI"
"ati pn pediatrics","5","nursing-test-bank","LPN Exams","ATI LPN Exams","Pediatric Nursing","ATI PN Pediatrics Proctored Exam Practice Questions - Set 14","ati-pn-pediatrics-proctored-exam-practice-questions-set-14","76","pillarPages/nursing-test-bank/subPages/z0xzINtS3EohZNaKosBz/nestedSubPages/lyrHg4RBzN6UafuymMFT/topics/Y0MhOdG0hGVh8AUsgVrz/quizzes/vT9ojHo0XSOuTqPF6NQg"
"ati pn pediatrics","5","nursing-test-bank","LPN Exams","ATI LPN Exams","Pediatric Nursing","ATI PN Pediatrics Proctored Exam Practice Questions - Set 19","ati-pn-pediatrics-proctored-exam-practice-questions-set-19","50","pillarPages/nursing-test-bank/subPages/z0xzINtS3EohZNaKosBz/nestedSubPages/lyrHg4RBzN6UafuymMFT/topics/Y0MhOdG0hGVh8AUsgVrz/quizzes/zqzGxoHQqoZRIPxmu7nL"
"ati pn pediatrics nursing","8","nursing-test-bank","LPN Exams","ATI LPN Exams","Pediatric Nursing","ATI PN Pediatrics Nursing 2023 Proctored Exam Practice Questions - Set 15","ati-pn-pediatrics-nursing-2023-proctored-exam-practice-questions-set-15","64","pillarPages/nursing-test-bank/subPages/z0xzINtS3EohZNaKosBz/nestedSubPages/lyrHg4RBzN6UafuymMFT/topics/Y0MhOdG0hGVh8AUsgVrz/quizzes/7sDe46zTagnIrnFzdopa"
"ati pn pediatrics nursing","8","nursing-test-bank","LPN Exams","ATI LPN Exams","Pediatric Nursing","ATI PN Pediatrics Nursing 2023 Proctored Exam Practice Questions - Set 3","ati-pn-pediatrics-nursing-2023-proctored-exam-practice-questions-set-3","61","pillarPages/nursing-test-bank/subPages/z0xzINtS3EohZNaKosBz/nestedSubPages/lyrHg4RBzN6UafuymMFT/topics/Y0MhOdG0hGVh8AUsgVrz/quizzes/HBf353u0gzOcqxxU3qJJ"
"ati pn pediatrics nursing","8","nursing-test-bank","LPN Exams","ATI LPN Exams","Pediatric Nursing","ATI PN Pediatrics Nursing Proctored Exam 2023 Practice Questions - Set 7","ati-pn-pediatrics-nursing-proctored-exam-2023-practice-questions-set-7","62","pillarPages/nursing-test-bank/subPages/z0xzINtS3EohZNaKosBz/nestedSubPages/lyrHg4RBzN6UafuymMFT/topics/Y0MhOdG0hGVh8AUsgVrz/quizzes/QO5q9l4Q2QMNEaDorVQs"
"ati pn pediatrics nursing","8","nursing-test-bank","LPN Exams","ATI LPN Exams","Pediatric Nursing","ATI PN Pediatrics Nursing 2023 Proctored Exam Practice Questions - Set 4","ati-pn-pediatrics-nursing-2023-proctored-exam-practice-questions-set-4","69","pillarPages/nursing-test-bank/subPages/z0xzINtS3EohZNaKosBz/nestedSubPages/lyrHg4RBzN6UafuymMFT/topics/Y0MhOdG0hGVh8AUsgVrz/quizzes/QquC6i4qTI8qNSQgKSlP"
"ati pn pediatrics nursing","8","nursing-test-bank","LPN Exams","ATI LPN Exams","Pediatric Nursing","ATI PN Pediatrics Nursing Proctored Exam Practice Questions - Set 5","ati-pn-pediatrics-nursing-proctored-exam-practice-questions-set-5","98","pillarPages/nursing-test-bank/subPages/z0xzINtS3EohZNaKosBz/nestedSubPages/lyrHg4RBzN6UafuymMFT/topics/Y0MhOdG0hGVh8AUsgVrz/quizzes/cWT5DTy7qnbbVaxA11jo"
"ati pn pediatrics nursing","8","nursing-test-bank","LPN Exams","ATI LPN Exams","Pediatric Nursing","ATI PN Pediatrics Nursing Proctored Exam 2023 Practice Questions - Set 6","ati-pn-pediatrics-nursing-proctored-exam-2023-practice-questions-set-6","64","pillarPages/nursing-test-bank/subPages/z0xzINtS3EohZNaKosBz/nestedSubPages/lyrHg4RBzN6UafuymMFT/topics/Y0MhOdG0hGVh8AUsgVrz/quizzes/cxtKYH70IPlOQC6L1PrY"
"ati pn pediatrics nursing","8","nursing-test-bank","LPN Exams","ATI LPN Exams","Pediatric Nursing","ATI PN Pediatrics Nursing Proctored Exam 2023 Practice Questions - Set 8","ati-pn-pediatrics-nursing-proctored-exam-2023-practice-questions-set-8","56","pillarPages/nursing-test-bank/subPages/z0xzINtS3EohZNaKosBz/nestedSubPages/lyrHg4RBzN6UafuymMFT/topics/Y0MhOdG0hGVh8AUsgVrz/quizzes/mrcybTEPrMik9w0UHjWl"
"ati pn pediatrics nursing","8","nursing-test-bank","LPN Exams","ATI LPN Exams","Pediatric Nursing","ATI PN Pediatrics Nursing Proctored Exam 2023 Practice Questions - Set 9","ati-pn-pediatrics-nursing-proctored-exam-2023-practice-questions-set-9","57","pillarPages/nursing-test-bank/subPages/z0xzINtS3EohZNaKosBz/nestedSubPages/lyrHg4RBzN6UafuymMFT/topics/Y0MhOdG0hGVh8AUsgVrz/quizzes/t8EnEP8TwJckiPBhdlIw"
"ati pn maternal newborn","11","nursing-test-bank","LPN Exams","ATI LPN Exams","Maternal Newborn","ATI PN Maternal Newborn Proctored Exam Practice Questions - Set 2","ati-pn-maternal-newborn-proctored-exam-practice-questions-set-2","55","pillarPages/nursing-test-bank/subPages/z0xzINtS3EohZNaKosBz/nestedSubPages/lyrHg4RBzN6UafuymMFT/topics/ZwY2vYN2X4tXEKOv2x6h/quizzes/2pISLuROBybQHEYGwydT"
"ati pn maternal newborn","11","nursing-test-bank","LPN Exams","ATI LPN Exams","Maternal Newborn","ATI PN Maternal Newborn Proctored Exam Practice Questions - Set 4","ati-pn-maternal-newborn-proctored-exam-practice-questions-set-4","60","pillarPages/nursing-test-bank/subPages/z0xzINtS3EohZNaKosBz/nestedSubPages/lyrHg4RBzN6UafuymMFT/topics/ZwY2vYN2X4tXEKOv2x6h/quizzes/3yr6vUzORUezPATWG4jN"
"ati pn maternal newborn","11","nursing-test-bank","LPN Exams","ATI LPN Exams","Maternal Newborn","ATI PN Maternal Newborn 2023 Proctored Exam Practice Questions - Set 1","ati-pn-maternal-newborn-2023-proctored-exam-practice-questions-set-1","63","pillarPages/nursing-test-bank/subPages/z0xzINtS3EohZNaKosBz/nestedSubPages/lyrHg4RBzN6UafuymMFT/topics/ZwY2vYN2X4tXEKOv2x6h/quizzes/ECRqRGdgjTT62PogLp3c"
"ati pn maternal newborn","11","nursing-test-bank","LPN Exams","ATI LPN Exams","Maternal Newborn","ATI PN Maternal Newborn Proctored Exam Practice Questions - Set 16","ati-pn-maternal-newborn-proctored-exam-practice-questions-set-16","50","pillarPages/nursing-test-bank/subPages/z0xzINtS3EohZNaKosBz/nestedSubPages/lyrHg4RBzN6UafuymMFT/topics/ZwY2vYN2X4tXEKOv2x6h/quizzes/H9OIb6stuQTogTuCToAY"
"ati pn maternal newborn","11","nursing-test-bank","LPN Exams","ATI LPN Exams","Maternal Newborn","ATI PN Maternal Newborn 2023 Proctored Exam Practice Questions - Set 15","ati-pn-maternal-newborn-2023-proctored-exam-practice-questions-set-15","40","pillarPages/nursing-test-bank/subPages/z0xzINtS3EohZNaKosBz/nestedSubPages/lyrHg4RBzN6UafuymMFT/topics/ZwY2vYN2X4tXEKOv2x6h/quizzes/JT2c69EWULbYPJQrU4Nb"
"ati pn maternal newborn","11","nursing-test-bank","LPN Exams","ATI LPN Exams","Maternal Newborn","ATI PN Maternal Newborn 2023 Proctored Exam Practice Questions - Set 14","ati-pn-maternal-newborn-2023-proctored-exam-practice-questions-set-14","57","pillarPages/nursing-test-bank/subPages/z0xzINtS3EohZNaKosBz/nestedSubPages/lyrHg4RBzN6UafuymMFT/topics/ZwY2vYN2X4tXEKOv2x6h/quizzes/RwXrs1cNzRzi6xjkzcB9"
"ati pn maternal newborn","11","nursing-test-bank","LPN Exams","ATI LPN Exams","Maternal Newborn","ATI PN Maternal Newborn 2023 Proctored Exam Practice Questions - Set 9","ati-pn-maternal-newborn-2023-proctored-exam-practice-questions-set-9","62","pillarPages/nursing-test-bank/subPages/z0xzINtS3EohZNaKosBz/nestedSubPages/lyrHg4RBzN6UafuymMFT/topics/ZwY2vYN2X4tXEKOv2x6h/quizzes/dMHTlzyIuyJX7CAqVPko"
"ati pn maternal newborn","11","nursing-test-bank","LPN Exams","ATI LPN Exams","Maternal Newborn","ATI PN Maternal Newborn Proctored Exam Practice Questions - Set 17","ati-pn-maternal-newborn-proctored-exam-practice-questions-set-17","49","pillarPages/nursing-test-bank/subPages/z0xzINtS3EohZNaKosBz/nestedSubPages/lyrHg4RBzN6UafuymMFT/topics/ZwY2vYN2X4tXEKOv2x6h/quizzes/ewwc1ofqNfja9FQVcbPG"
"ati pn maternal newborn","11","nursing-test-bank","LPN Exams","ATI LPN Exams","Maternal Newborn","ATI PN Maternal Newborn Proctored Exam 2023 Practice Questions - Set 7","ati-pn-maternal-newborn-proctored-exam-2023-practice-questions-set-7","58","pillarPages/nursing-test-bank/subPages/z0xzINtS3EohZNaKosBz/nestedSubPages/lyrHg4RBzN6UafuymMFT/topics/ZwY2vYN2X4tXEKOv2x6h/quizzes/mJlcPfoVYt4thUpKn4xi"
"ati pn maternal newborn","11","nursing-test-bank","LPN Exams","ATI LPN Exams","Maternal Newborn","ATI PN Maternal Newborn 2020 Proctored Exam Practice Questions - Set 19","ati-pn-maternal-newborn-2020-proctored-exam-practice-questions-set-19","47","pillarPages/nursing-test-bank/subPages/z0xzINtS3EohZNaKosBz/nestedSubPages/lyrHg4RBzN6UafuymMFT/topics/ZwY2vYN2X4tXEKOv2x6h/quizzes/wgtUsFieAT42tBpHZ3SK"
"ati pn maternal newborn","11","nursing-test-bank","LPN Exams","ATI LPN Exams","Maternal Newborn","ATI PN Maternal Newborn 2023 Proctored Exam Practice Questions - Set 3","ati-pn-maternal-newborn-2023-proctored-exam-practice-questions-set-3","58","pillarPages/nursing-test-bank/subPages/z0xzINtS3EohZNaKosBz/nestedSubPages/lyrHg4RBzN6UafuymMFT/topics/ZwY2vYN2X4tXEKOv2x6h/quizzes/wwhPYhVvgp3H6fzgUaje"
"ati pn obstetrics nursing","2","nursing-test-bank","LPN Exams","ATI LPN Exams","Maternal Newborn","ATI PN Obstetrics Nursing Proctored Exam Practice Questions - Set 1","ati-pn-obstetrics-nursing-proctored-exam-practice-questions-set-1","41","pillarPages/nursing-test-bank/subPages/z0xzINtS3EohZNaKosBz/nestedSubPages/lyrHg4RBzN6UafuymMFT/topics/ZwY2vYN2X4tXEKOv2x6h/quizzes/6eVVTNtpECUtyQNzLL76"
"ati pn obstetrics nursing","2","nursing-test-bank","LPN Exams","ATI LPN Exams","Maternal Newborn","ATI PN Obstetrics Nursing Proctored Exam Practice Questions - Set 3","ati-pn-obstetrics-nursing-proctored-exam-practice-questions-set-3","43","pillarPages/nursing-test-bank/subPages/z0xzINtS3EohZNaKosBz/nestedSubPages/lyrHg4RBzN6UafuymMFT/topics/ZwY2vYN2X4tXEKOv2x6h/quizzes/6g11YoqpjY1niS06Ut3U"
"ati pn maternity","2","nursing-test-bank","LPN Exams","ATI LPN Exams","Maternal Newborn","ATI PN Maternity Proctored Exam Practice Questions - Set 24","ati-pn-maternity-proctored-exam-practice-questions-set-24","79","pillarPages/nursing-test-bank/subPages/z0xzINtS3EohZNaKosBz/nestedSubPages/lyrHg4RBzN6UafuymMFT/topics/ZwY2vYN2X4tXEKOv2x6h/quizzes/Z9Sbt2SuITF9UIdZT3bg"
"ati pn maternity","2","nursing-test-bank","LPN Exams","ATI LPN Exams","Maternal Newborn","ATI PN Maternity Proctored Exam Practice Questions - Set 26","ati-pn-maternity-proctored-exam-practice-questions-set-26","62","pillarPages/nursing-test-bank/subPages/z0xzINtS3EohZNaKosBz/nestedSubPages/lyrHg4RBzN6UafuymMFT/topics/ZwY2vYN2X4tXEKOv2x6h/quizzes/sZQUx4PsdcmMMvzytexc"
"ati pn management","4","nursing-test-bank","LPN Exams","ATI LPN Exams","Management","ATI PN Management Proctored Exam 2023 Practice Questions - Set 3","ati-pn-management-proctored-exam-2023-practice-questions-set-3","60","pillarPages/nursing-test-bank/subPages/z0xzINtS3EohZNaKosBz/nestedSubPages/lyrHg4RBzN6UafuymMFT/topics/i0Rf69MPdXLbYTSRdCOW/quizzes/7vTm4dVOz0BwnXRbQyVb"
"ati pn management","4","nursing-test-bank","LPN Exams","ATI LPN Exams","Management","ATI PN Management 2023 Proctored Exam Practice Questions - Set 1","ati-pn-management-2023-proctored-exam-practice-questions-set-1","60","pillarPages/nursing-test-bank/subPages/z0xzINtS3EohZNaKosBz/nestedSubPages/lyrHg4RBzN6UafuymMFT/topics/i0Rf69MPdXLbYTSRdCOW/quizzes/Mlp5QTMLwhnGdWtxHCjV"
"ati pn management","4","nursing-test-bank","LPN Exams","ATI LPN Exams","Management","ATI PN Management 2020 Proctored Exam Practice Questions - Set 6","ati-pn-management-2020-proctored-exam-practice-questions-set-6","86","pillarPages/nursing-test-bank/subPages/z0xzINtS3EohZNaKosBz/nestedSubPages/lyrHg4RBzN6UafuymMFT/topics/i0Rf69MPdXLbYTSRdCOW/quizzes/XC1mmo5mnUHPGaipLmT4"
"ati pn management","4","nursing-test-bank","LPN Exams","ATI LPN Exams","Management","ATI PN Management 2023 Proctored Exam Practice Questions - Set 5","ati-pn-management-2023-proctored-exam-practice-questions-set-5","54","pillarPages/nursing-test-bank/subPages/z0xzINtS3EohZNaKosBz/nestedSubPages/lyrHg4RBzN6UafuymMFT/topics/i0Rf69MPdXLbYTSRdCOW/quizzes/sdqT2VZLyvE4fHe8Mafo"
"ati pn leadership","2","nursing-test-bank","LPN Exams","ATI LPN Exams","Management","ATI PN Leadership Proctored Exam Practice Questions - Set 2","ati-pn-leadership-proctored-exam-practice-questions-set-2","100","pillarPages/nursing-test-bank/subPages/z0xzINtS3EohZNaKosBz/nestedSubPages/lyrHg4RBzN6UafuymMFT/topics/i0Rf69MPdXLbYTSRdCOW/quizzes/Ggl2yTRUdhZqswWSQVP2"
"ati pn leadership","2","nursing-test-bank","LPN Exams","ATI LPN Exams","Management","ATI PN Leadership Proctored Exam Practice Questions - Set 1","ati-pn-leadership-proctored-exam-practice-questions-set-1","32","pillarPages/nursing-test-bank/subPages/z0xzINtS3EohZNaKosBz/nestedSubPages/lyrHg4RBzN6UafuymMFT/topics/i0Rf69MPdXLbYTSRdCOW/quizzes/u8GRZBURJHORiY5xkOWB"
"ati pn nutrition","3","nursing-test-bank","LPN Exams","ATI LPN Exams","Nutrition","ATI PN Nutrition Proctored Exam Practice Questions - Set 3","ati-pn-nutrition-proctored-exam-practice-questions-set-3","37","pillarPages/nursing-test-bank/subPages/z0xzINtS3EohZNaKosBz/nestedSubPages/lyrHg4RBzN6UafuymMFT/topics/ilQ0n4O4zSgd6exoMQfi/quizzes/bCjURiN2y4X6jv6ANRuJ"
"ati pn nutrition","3","nursing-test-bank","LPN Exams","ATI LPN Exams","Nutrition","ATI PN Nutrition Proctored Quiz Practice Questions","ati-pn-nutrition-proctored-quiz-practice-questions","30","pillarPages/nursing-test-bank/subPages/z0xzINtS3EohZNaKosBz/nestedSubPages/lyrHg4RBzN6UafuymMFT/topics/ilQ0n4O4zSgd6exoMQfi/quizzes/cNkAJy10OgzutknKVCo7"
"ati pn nutrition","3","nursing-test-bank","LPN Exams","ATI LPN Exams","Nutrition","ATI PN Nutrition Proctored Exam Practice Questions - Set 2","ati-pn-nutrition-proctored-exam-practice-questions-set-2","36","pillarPages/nursing-test-bank/subPages/z0xzINtS3EohZNaKosBz/nestedSubPages/lyrHg4RBzN6UafuymMFT/topics/ilQ0n4O4zSgd6exoMQfi/quizzes/taiZVN4zRNw7ac4frbMf"
"ati pn anatomy and physiology","6","nursing-test-bank","LPN Exams","ATI LPN Exams","Anatomy and Physiology","ATI PN Anatomy and Physiology Proctored Exam Practice Questions - Set 2","ati-pn-anatomy-and-physiology-proctored-exam-practice-questions-set-2","46","pillarPages/nursing-test-bank/subPages/z0xzINtS3EohZNaKosBz/nestedSubPages/lyrHg4RBzN6UafuymMFT/topics/j5H2Ra9IgckkioC7vNSj/quizzes/BQt862kmRN23DCkh3PyI"
"ati pn anatomy and physiology","6","nursing-test-bank","LPN Exams","ATI LPN Exams","Anatomy and Physiology","ATI PN Anatomy and Physiology Proctored Exam Practice Questions - Set 3","ati-pn-anatomy-and-physiology-proctored-exam-practice-questions-set-3","50","pillarPages/nursing-test-bank/subPages/z0xzINtS3EohZNaKosBz/nestedSubPages/lyrHg4RBzN6UafuymMFT/topics/j5H2Ra9IgckkioC7vNSj/quizzes/BjFkdXJGYGg1TurUdCIg"
"ati pn anatomy and physiology","6","nursing-test-bank","LPN Exams","ATI LPN Exams","Anatomy and Physiology","ATI PN Anatomy and Physiology Proctored Exam Practice Questions - Set 7","ati-pn-anatomy-and-physiology-proctored-exam-practice-questions-set-7","80","pillarPages/nursing-test-bank/subPages/z0xzINtS3EohZNaKosBz/nestedSubPages/lyrHg4RBzN6UafuymMFT/topics/j5H2Ra9IgckkioC7vNSj/quizzes/M9QU2W6AbvrmWM9FUtnK"
"ati pn anatomy and physiology","6","nursing-test-bank","LPN Exams","ATI LPN Exams","Anatomy and Physiology","ATI PN Anatomy and Physiology Proctored Exam Practice Questions - Set 4","ati-pn-anatomy-and-physiology-proctored-exam-practice-questions-set-4","47","pillarPages/nursing-test-bank/subPages/z0xzINtS3EohZNaKosBz/nestedSubPages/lyrHg4RBzN6UafuymMFT/topics/j5H2Ra9IgckkioC7vNSj/quizzes/SPRE7aJa8YoN3Rvy1hGn"
"ati pn anatomy and physiology","6","nursing-test-bank","LPN Exams","ATI LPN Exams","Anatomy and Physiology","ATI PN Anatomy and Physiology Proctored Exam Practice Questions - Set 1","ati-pn-anatomy-and-physiology-proctored-exam-practice-questions-set-1","100","pillarPages/nursing-test-bank/subPages/z0xzINtS3EohZNaKosBz/nestedSubPages/lyrHg4RBzN6UafuymMFT/topics/j5H2Ra9IgckkioC7vNSj/quizzes/vEV3Ov1JMHdvu8tEE8Fx"
"ati pn anatomy and physiology","6","nursing-test-bank","LPN Exams","ATI LPN Exams","Anatomy and Physiology","ATI PN Anatomy and Physiology Proctored Exam Practice Questions - Set 6","ati-pn-anatomy-and-physiology-proctored-exam-practice-questions-set-6","49","pillarPages/nursing-test-bank/subPages/z0xzINtS3EohZNaKosBz/nestedSubPages/lyrHg4RBzN6UafuymMFT/topics/j5H2Ra9IgckkioC7vNSj/quizzes/wnLgyB05a8GIdCTdb6rd"
