"similarity","quizTitleA","quizTitleB","slugA","slugB","locationA","locationB","pathA","pathB"
"1.000","Anatomy & Physiology Proctored Exam Practice Questions","Anatomy and Physiology Proctored Exam Practice Questions - Set 12","anatomy-and-physiology-proctored-exam-practice-questions","anatomy-and-physiology-proctored-exam-practice-questions-set-12","RN Exams > RN Nursing Course Exams > Anatomy and Physiology","RN Exams > RN Nursing Course Exams > Anatomy and Physiology","pillarPages/nursing-test-bank/subPages/SuT1noZoNGEjKGR1vTbi/nestedSubPages/zMFBI0XMiRsJnnXWhL5S/topics/PavJlfHXwXRUhopKAOO9/quizzes/3HV99peZlDL74vJR9KKW","pillarPages/nursing-test-bank/subPages/SuT1noZoNGEjKGR1vTbi/nestedSubPages/zMFBI0XMiRsJnnXWhL5S/topics/PavJlfHXwXRUhopKAOO9/quizzes/6Bcl2LsmOPp4H20jNiDO"
"1.000","Anatomy & Physiology Proctored Exam Practice Questions","Anatomy and Physiology Proctored Exam Practice Questions - Set 13","anatomy-and-physiology-proctored-exam-practice-questions","anatomy-and-physiology-proctored-exam-practice-questions-set-13","RN Exams > RN Nursing Course Exams > Anatomy and Physiology","RN Exams > RN Nursing Course Exams > Anatomy and Physiology","pillarPages/nursing-test-bank/subPages/SuT1noZoNGEjKGR1vTbi/nestedSubPages/zMFBI0XMiRsJnnXWhL5S/topics/PavJlfHXwXRUhopKAOO9/quizzes/3HV99peZlDL74vJR9KKW","pillarPages/nursing-test-bank/subPages/SuT1noZoNGEjKGR1vTbi/nestedSubPages/zMFBI0XMiRsJnnXWhL5S/topics/PavJlfHXwXRUhopKAOO9/quizzes/KwnwfkaWsIjiJvvIGfci"
"1.000","Anatomy & Physiology Proctored Exam Practice Questions","Anatomy and Physiology Proctored Exam Practice Questions - Set 6","anatomy-and-physiology-proctored-exam-practice-questions","anatomy-and-physiology-proctored-exam-practice-questions-set-6","RN Exams > RN Nursing Course Exams > Anatomy and Physiology","RN Exams > RN Nursing Course Exams > Anatomy and Physiology","pillarPages/nursing-test-bank/subPages/SuT1noZoNGEjKGR1vTbi/nestedSubPages/zMFBI0XMiRsJnnXWhL5S/topics/PavJlfHXwXRUhopKAOO9/quizzes/3HV99peZlDL74vJR9KKW","pillarPages/nursing-test-bank/subPages/SuT1noZoNGEjKGR1vTbi/nestedSubPages/zMFBI0XMiRsJnnXWhL5S/topics/PavJlfHXwXRUhopKAOO9/quizzes/Px3PmFCkzXu2KYNRos9R"
"1.000","Anatomy & Physiology Proctored Exam Practice Questions","Anatomy and Physiology Proctored Exam Practice Questions - Set 2","anatomy-and-physiology-proctored-exam-practice-questions","anatomy-and-physiology-proctored-exam-practice-questions-set-2","RN Exams > RN Nursing Course Exams > Anatomy and Physiology","RN Exams > RN Nursing Course Exams > Anatomy and Physiology","pillarPages/nursing-test-bank/subPages/SuT1noZoNGEjKGR1vTbi/nestedSubPages/zMFBI0XMiRsJnnXWhL5S/topics/PavJlfHXwXRUhopKAOO9/quizzes/3HV99peZlDL74vJR9KKW","pillarPages/nursing-test-bank/subPages/SuT1noZoNGEjKGR1vTbi/nestedSubPages/zMFBI0XMiRsJnnXWhL5S/topics/PavJlfHXwXRUhopKAOO9/quizzes/SO2IjWgQx9QmtSofyYfP"
"1.000","Anatomy & Physiology Proctored Exam Practice Questions","LPN Anatomy and Physiology Proctored Exam Practice Questions","anatomy-and-physiology-proctored-exam-practice-questions","lpn-anatomy-and-physiology-proctored-exam-practice-questions","RN Exams > RN Nursing Course Exams > Anatomy and Physiology","RN Exams > RN Nursing Course Exams > Anatomy and Physiology","pillarPages/nursing-test-bank/subPages/SuT1noZoNGEjKGR1vTbi/nestedSubPages/zMFBI0XMiRsJnnXWhL5S/topics/PavJlfHXwXRUhopKAOO9/quizzes/3HV99peZlDL74vJR9KKW","pillarPages/nursing-test-bank/subPages/SuT1noZoNGEjKGR1vTbi/nestedSubPages/zMFBI0XMiRsJnnXWhL5S/topics/PavJlfHXwXRUhopKAOO9/quizzes/obLgG1dl2HKxhBWFu5sv"
"1.000","Anatomy & Physiology Proctored Exam Practice Questions","Anatomy and Physiology Proctored Exam Practice Questions - Set 5","anatomy-and-physiology-proctored-exam-practice-questions","anatomy-and-physiology-proctored-exam-practice-questions-set-5","RN Exams > RN Nursing Course Exams > Anatomy and Physiology","RN Exams > RN Nursing Course Exams > Anatomy and Physiology","pillarPages/nursing-test-bank/subPages/SuT1noZoNGEjKGR1vTbi/nestedSubPages/zMFBI0XMiRsJnnXWhL5S/topics/PavJlfHXwXRUhopKAOO9/quizzes/3HV99peZlDL74vJR9KKW","pillarPages/nursing-test-bank/subPages/SuT1noZoNGEjKGR1vTbi/nestedSubPages/zMFBI0XMiRsJnnXWhL5S/topics/PavJlfHXwXRUhopKAOO9/quizzes/shHudszIJhQYLSh7McFo"
"1.000","Anatomy & Physiology Proctored Exam Practice Questions","Anatomy and Physiology Proctored Exam Practice Questions - Set 10","anatomy-and-physiology-proctored-exam-practice-questions","anatomy-and-physiology-proctored-exam-practice-questions-set-10","RN Exams > RN Nursing Course Exams > Anatomy and Physiology","RN Exams > RN Nursing Course Exams > Anatomy and Physiology","pillarPages/nursing-test-bank/subPages/SuT1noZoNGEjKGR1vTbi/nestedSubPages/zMFBI0XMiRsJnnXWhL5S/topics/PavJlfHXwXRUhopKAOO9/quizzes/3HV99peZlDL74vJR9KKW","pillarPages/nursing-test-bank/subPages/SuT1noZoNGEjKGR1vTbi/nestedSubPages/zMFBI0XMiRsJnnXWhL5S/topics/PavJlfHXwXRUhopKAOO9/quizzes/xgzVBGqVgEjv1E2j4904"
"1.000","Anatomy & Physiology Proctored Exam Practice Questions","ATI PN Anatomy and Physiology Proctored Exam Practice Questions - Set 2","anatomy-and-physiology-proctored-exam-practice-questions","ati-pn-anatomy-and-physiology-proctored-exam-practice-questions-set-2","RN Exams > RN Nursing Course Exams > Anatomy and Physiology","LPN Exams > ATI LPN Exams > Anatomy and Physiology","pillarPages/nursing-test-bank/subPages/SuT1noZoNGEjKGR1vTbi/nestedSubPages/zMFBI0XMiRsJnnXWhL5S/topics/PavJlfHXwXRUhopKAOO9/quizzes/3HV99peZlDL74vJR9KKW","pillarPages/nursing-test-bank/subPages/z0xzINtS3EohZNaKosBz/nestedSubPages/lyrHg4RBzN6UafuymMFT/topics/j5H2Ra9IgckkioC7vNSj/quizzes/BQt862kmRN23DCkh3PyI"
"1.000","Anatomy & Physiology Proctored Exam Practice Questions","ATI PN Anatomy and Physiology Proctored Exam Practice Questions - Set 3","anatomy-and-physiology-proctored-exam-practice-questions","ati-pn-anatomy-and-physiology-proctored-exam-practice-questions-set-3","RN Exams > RN Nursing Course Exams > Anatomy and Physiology","LPN Exams > ATI LPN Exams > Anatomy and Physiology","pillarPages/nursing-test-bank/subPages/SuT1noZoNGEjKGR1vTbi/nestedSubPages/zMFBI0XMiRsJnnXWhL5S/topics/PavJlfHXwXRUhopKAOO9/quizzes/3HV99peZlDL74vJR9KKW","pillarPages/nursing-test-bank/subPages/z0xzINtS3EohZNaKosBz/nestedSubPages/lyrHg4RBzN6UafuymMFT/topics/j5H2Ra9IgckkioC7vNSj/quizzes/BjFkdXJGYGg1TurUdCIg"
"1.000","Anatomy & Physiology Proctored Exam Practice Questions","ATI PN Anatomy and Physiology Proctored Exam Practice Questions - Set 7","anatomy-and-physiology-proctored-exam-practice-questions","ati-pn-anatomy-and-physiology-proctored-exam-practice-questions-set-7","RN Exams > RN Nursing Course Exams > Anatomy and Physiology","LPN Exams > ATI LPN Exams > Anatomy and Physiology","pillarPages/nursing-test-bank/subPages/SuT1noZoNGEjKGR1vTbi/nestedSubPages/zMFBI0XMiRsJnnXWhL5S/topics/PavJlfHXwXRUhopKAOO9/quizzes/3HV99peZlDL74vJR9KKW","pillarPages/nursing-test-bank/subPages/z0xzINtS3EohZNaKosBz/nestedSubPages/lyrHg4RBzN6UafuymMFT/topics/j5H2Ra9IgckkioC7vNSj/quizzes/M9QU2W6AbvrmWM9FUtnK"
"1.000","Anatomy & Physiology Proctored Exam Practice Questions","ATI PN Anatomy and Physiology Proctored Exam Practice Questions - Set 4","anatomy-and-physiology-proctored-exam-practice-questions","ati-pn-anatomy-and-physiology-proctored-exam-practice-questions-set-4","RN Exams > RN Nursing Course Exams > Anatomy and Physiology","LPN Exams > ATI LPN Exams > Anatomy and Physiology","pillarPages/nursing-test-bank/subPages/SuT1noZoNGEjKGR1vTbi/nestedSubPages/zMFBI0XMiRsJnnXWhL5S/topics/PavJlfHXwXRUhopKAOO9/quizzes/3HV99peZlDL74vJR9KKW","pillarPages/nursing-test-bank/subPages/z0xzINtS3EohZNaKosBz/nestedSubPages/lyrHg4RBzN6UafuymMFT/topics/j5H2Ra9IgckkioC7vNSj/quizzes/SPRE7aJa8YoN3Rvy1hGn"
"1.000","Anatomy & Physiology Proctored Exam Practice Questions","ATI PN Anatomy and Physiology Proctored Exam Practice Questions - Set 1","anatomy-and-physiology-proctored-exam-practice-questions","ati-pn-anatomy-and-physiology-proctored-exam-practice-questions-set-1","RN Exams > RN Nursing Course Exams > Anatomy and Physiology","LPN Exams > ATI LPN Exams > Anatomy and Physiology","pillarPages/nursing-test-bank/subPages/SuT1noZoNGEjKGR1vTbi/nestedSubPages/zMFBI0XMiRsJnnXWhL5S/topics/PavJlfHXwXRUhopKAOO9/quizzes/3HV99peZlDL74vJR9KKW","pillarPages/nursing-test-bank/subPages/z0xzINtS3EohZNaKosBz/nestedSubPages/lyrHg4RBzN6UafuymMFT/topics/j5H2Ra9IgckkioC7vNSj/quizzes/vEV3Ov1JMHdvu8tEE8Fx"
"1.000","Anatomy & Physiology Proctored Exam Practice Questions","ATI PN Anatomy and Physiology Proctored Exam Practice Questions - Set 6","anatomy-and-physiology-proctored-exam-practice-questions","ati-pn-anatomy-and-physiology-proctored-exam-practice-questions-set-6","RN Exams > RN Nursing Course Exams > Anatomy and Physiology","LPN Exams > ATI LPN Exams > Anatomy and Physiology","pillarPages/nursing-test-bank/subPages/SuT1noZoNGEjKGR1vTbi/nestedSubPages/zMFBI0XMiRsJnnXWhL5S/topics/PavJlfHXwXRUhopKAOO9/quizzes/3HV99peZlDL74vJR9KKW","pillarPages/nursing-test-bank/subPages/z0xzINtS3EohZNaKosBz/nestedSubPages/lyrHg4RBzN6UafuymMFT/topics/j5H2Ra9IgckkioC7vNSj/quizzes/wnLgyB05a8GIdCTdb6rd"
"1.000","Anatomy and Physiology Proctored Exam Practice Questions - Set 10","ATI PN Anatomy and Physiology Proctored Exam Practice Questions - Set 2","anatomy-and-physiology-proctored-exam-practice-questions-set-10","ati-pn-anatomy-and-physiology-proctored-exam-practice-questions-set-2","RN Exams > RN Nursing Course Exams > Anatomy and Physiology","LPN Exams > ATI LPN Exams > Anatomy and Physiology","pillarPages/nursing-test-bank/subPages/SuT1noZoNGEjKGR1vTbi/nestedSubPages/zMFBI0XMiRsJnnXWhL5S/topics/PavJlfHXwXRUhopKAOO9/quizzes/xgzVBGqVgEjv1E2j4904","pillarPages/nursing-test-bank/subPages/z0xzINtS3EohZNaKosBz/nestedSubPages/lyrHg4RBzN6UafuymMFT/topics/j5H2Ra9IgckkioC7vNSj/quizzes/BQt862kmRN23DCkh3PyI"
"1.000","Anatomy and Physiology Proctored Exam Practice Questions - Set 10","ATI PN Anatomy and Physiology Proctored Exam Practice Questions - Set 3","anatomy-and-physiology-proctored-exam-practice-questions-set-10","ati-pn-anatomy-and-physiology-proctored-exam-practice-questions-set-3","RN Exams > RN Nursing Course Exams > Anatomy and Physiology","LPN Exams > ATI LPN Exams > Anatomy and Physiology","pillarPages/nursing-test-bank/subPages/SuT1noZoNGEjKGR1vTbi/nestedSubPages/zMFBI0XMiRsJnnXWhL5S/topics/PavJlfHXwXRUhopKAOO9/quizzes/xgzVBGqVgEjv1E2j4904","pillarPages/nursing-test-bank/subPages/z0xzINtS3EohZNaKosBz/nestedSubPages/lyrHg4RBzN6UafuymMFT/topics/j5H2Ra9IgckkioC7vNSj/quizzes/BjFkdXJGYGg1TurUdCIg"
"1.000","Anatomy and Physiology Proctored Exam Practice Questions - Set 10","ATI PN Anatomy and Physiology Proctored Exam Practice Questions - Set 7","anatomy-and-physiology-proctored-exam-practice-questions-set-10","ati-pn-anatomy-and-physiology-proctored-exam-practice-questions-set-7","RN Exams > RN Nursing Course Exams > Anatomy and Physiology","LPN Exams > ATI LPN Exams > Anatomy and Physiology","pillarPages/nursing-test-bank/subPages/SuT1noZoNGEjKGR1vTbi/nestedSubPages/zMFBI0XMiRsJnnXWhL5S/topics/PavJlfHXwXRUhopKAOO9/quizzes/xgzVBGqVgEjv1E2j4904","pillarPages/nursing-test-bank/subPages/z0xzINtS3EohZNaKosBz/nestedSubPages/lyrHg4RBzN6UafuymMFT/topics/j5H2Ra9IgckkioC7vNSj/quizzes/M9QU2W6AbvrmWM9FUtnK"
"1.000","Anatomy and Physiology Proctored Exam Practice Questions - Set 10","ATI PN Anatomy and Physiology Proctored Exam Practice Questions - Set 4","anatomy-and-physiology-proctored-exam-practice-questions-set-10","ati-pn-anatomy-and-physiology-proctored-exam-practice-questions-set-4","RN Exams > RN Nursing Course Exams > Anatomy and Physiology","LPN Exams > ATI LPN Exams > Anatomy and Physiology","pillarPages/nursing-test-bank/subPages/SuT1noZoNGEjKGR1vTbi/nestedSubPages/zMFBI0XMiRsJnnXWhL5S/topics/PavJlfHXwXRUhopKAOO9/quizzes/xgzVBGqVgEjv1E2j4904","pillarPages/nursing-test-bank/subPages/z0xzINtS3EohZNaKosBz/nestedSubPages/lyrHg4RBzN6UafuymMFT/topics/j5H2Ra9IgckkioC7vNSj/quizzes/SPRE7aJa8YoN3Rvy1hGn"
"1.000","Anatomy and Physiology Proctored Exam Practice Questions - Set 10","ATI PN Anatomy and Physiology Proctored Exam Practice Questions - Set 1","anatomy-and-physiology-proctored-exam-practice-questions-set-10","ati-pn-anatomy-and-physiology-proctored-exam-practice-questions-set-1","RN Exams > RN Nursing Course Exams > Anatomy and Physiology","LPN Exams > ATI LPN Exams > Anatomy and Physiology","pillarPages/nursing-test-bank/subPages/SuT1noZoNGEjKGR1vTbi/nestedSubPages/zMFBI0XMiRsJnnXWhL5S/topics/PavJlfHXwXRUhopKAOO9/quizzes/xgzVBGqVgEjv1E2j4904","pillarPages/nursing-test-bank/subPages/z0xzINtS3EohZNaKosBz/nestedSubPages/lyrHg4RBzN6UafuymMFT/topics/j5H2Ra9IgckkioC7vNSj/quizzes/vEV3Ov1JMHdvu8tEE8Fx"
"1.000","Anatomy and Physiology Proctored Exam Practice Questions - Set 10","ATI PN Anatomy and Physiology Proctored Exam Practice Questions - Set 6","anatomy-and-physiology-proctored-exam-practice-questions-set-10","ati-pn-anatomy-and-physiology-proctored-exam-practice-questions-set-6","RN Exams > RN Nursing Course Exams > Anatomy and Physiology","LPN Exams > ATI LPN Exams > Anatomy and Physiology","pillarPages/nursing-test-bank/subPages/SuT1noZoNGEjKGR1vTbi/nestedSubPages/zMFBI0XMiRsJnnXWhL5S/topics/PavJlfHXwXRUhopKAOO9/quizzes/xgzVBGqVgEjv1E2j4904","pillarPages/nursing-test-bank/subPages/z0xzINtS3EohZNaKosBz/nestedSubPages/lyrHg4RBzN6UafuymMFT/topics/j5H2Ra9IgckkioC7vNSj/quizzes/wnLgyB05a8GIdCTdb6rd"
"1.000","Anatomy and Physiology Proctored Exam Practice Questions - Set 12","Anatomy and Physiology Proctored Exam Practice Questions - Set 13","anatomy-and-physiology-proctored-exam-practice-questions-set-12","anatomy-and-physiology-proctored-exam-practice-questions-set-13","RN Exams > RN Nursing Course Exams > Anatomy and Physiology","RN Exams > RN Nursing Course Exams > Anatomy and Physiology","pillarPages/nursing-test-bank/subPages/SuT1noZoNGEjKGR1vTbi/nestedSubPages/zMFBI0XMiRsJnnXWhL5S/topics/PavJlfHXwXRUhopKAOO9/quizzes/6Bcl2LsmOPp4H20jNiDO","pillarPages/nursing-test-bank/subPages/SuT1noZoNGEjKGR1vTbi/nestedSubPages/zMFBI0XMiRsJnnXWhL5S/topics/PavJlfHXwXRUhopKAOO9/quizzes/KwnwfkaWsIjiJvvIGfci"
"1.000","Anatomy and Physiology Proctored Exam Practice Questions - Set 12","Anatomy and Physiology Proctored Exam Practice Questions - Set 6","anatomy-and-physiology-proctored-exam-practice-questions-set-12","anatomy-and-physiology-proctored-exam-practice-questions-set-6","RN Exams > RN Nursing Course Exams > Anatomy and Physiology","RN Exams > RN Nursing Course Exams > Anatomy and Physiology","pillarPages/nursing-test-bank/subPages/SuT1noZoNGEjKGR1vTbi/nestedSubPages/zMFBI0XMiRsJnnXWhL5S/topics/PavJlfHXwXRUhopKAOO9/quizzes/6Bcl2LsmOPp4H20jNiDO","pillarPages/nursing-test-bank/subPages/SuT1noZoNGEjKGR1vTbi/nestedSubPages/zMFBI0XMiRsJnnXWhL5S/topics/PavJlfHXwXRUhopKAOO9/quizzes/Px3PmFCkzXu2KYNRos9R"
"1.000","Anatomy and Physiology Proctored Exam Practice Questions - Set 12","Anatomy and Physiology Proctored Exam Practice Questions - Set 2","anatomy-and-physiology-proctored-exam-practice-questions-set-12","anatomy-and-physiology-proctored-exam-practice-questions-set-2","RN Exams > RN Nursing Course Exams > Anatomy and Physiology","RN Exams > RN Nursing Course Exams > Anatomy and Physiology","pillarPages/nursing-test-bank/subPages/SuT1noZoNGEjKGR1vTbi/nestedSubPages/zMFBI0XMiRsJnnXWhL5S/topics/PavJlfHXwXRUhopKAOO9/quizzes/6Bcl2LsmOPp4H20jNiDO","pillarPages/nursing-test-bank/subPages/SuT1noZoNGEjKGR1vTbi/nestedSubPages/zMFBI0XMiRsJnnXWhL5S/topics/PavJlfHXwXRUhopKAOO9/quizzes/SO2IjWgQx9QmtSofyYfP"
"1.000","Anatomy and Physiology Proctored Exam Practice Questions - Set 12","LPN Anatomy and Physiology Proctored Exam Practice Questions","anatomy-and-physiology-proctored-exam-practice-questions-set-12","lpn-anatomy-and-physiology-proctored-exam-practice-questions","RN Exams > RN Nursing Course Exams > Anatomy and Physiology","RN Exams > RN Nursing Course Exams > Anatomy and Physiology","pillarPages/nursing-test-bank/subPages/SuT1noZoNGEjKGR1vTbi/nestedSubPages/zMFBI0XMiRsJnnXWhL5S/topics/PavJlfHXwXRUhopKAOO9/quizzes/6Bcl2LsmOPp4H20jNiDO","pillarPages/nursing-test-bank/subPages/SuT1noZoNGEjKGR1vTbi/nestedSubPages/zMFBI0XMiRsJnnXWhL5S/topics/PavJlfHXwXRUhopKAOO9/quizzes/obLgG1dl2HKxhBWFu5sv"
"1.000","Anatomy and Physiology Proctored Exam Practice Questions - Set 12","Anatomy and Physiology Proctored Exam Practice Questions - Set 5","anatomy-and-physiology-proctored-exam-practice-questions-set-12","anatomy-and-physiology-proctored-exam-practice-questions-set-5","RN Exams > RN Nursing Course Exams > Anatomy and Physiology","RN Exams > RN Nursing Course Exams > Anatomy and Physiology","pillarPages/nursing-test-bank/subPages/SuT1noZoNGEjKGR1vTbi/nestedSubPages/zMFBI0XMiRsJnnXWhL5S/topics/PavJlfHXwXRUhopKAOO9/quizzes/6Bcl2LsmOPp4H20jNiDO","pillarPages/nursing-test-bank/subPages/SuT1noZoNGEjKGR1vTbi/nestedSubPages/zMFBI0XMiRsJnnXWhL5S/topics/PavJlfHXwXRUhopKAOO9/quizzes/shHudszIJhQYLSh7McFo"
"1.000","Anatomy and Physiology Proctored Exam Practice Questions - Set 12","Anatomy and Physiology Proctored Exam Practice Questions - Set 10","anatomy-and-physiology-proctored-exam-practice-questions-set-12","anatomy-and-physiology-proctored-exam-practice-questions-set-10","RN Exams > RN Nursing Course Exams > Anatomy and Physiology","RN Exams > RN Nursing Course Exams > Anatomy and Physiology","pillarPages/nursing-test-bank/subPages/SuT1noZoNGEjKGR1vTbi/nestedSubPages/zMFBI0XMiRsJnnXWhL5S/topics/PavJlfHXwXRUhopKAOO9/quizzes/6Bcl2LsmOPp4H20jNiDO","pillarPages/nursing-test-bank/subPages/SuT1noZoNGEjKGR1vTbi/nestedSubPages/zMFBI0XMiRsJnnXWhL5S/topics/PavJlfHXwXRUhopKAOO9/quizzes/xgzVBGqVgEjv1E2j4904"
"1.000","Anatomy and Physiology Proctored Exam Practice Questions - Set 12","ATI PN Anatomy and Physiology Proctored Exam Practice Questions - Set 2","anatomy-and-physiology-proctored-exam-practice-questions-set-12","ati-pn-anatomy-and-physiology-proctored-exam-practice-questions-set-2","RN Exams > RN Nursing Course Exams > Anatomy and Physiology","LPN Exams > ATI LPN Exams > Anatomy and Physiology","pillarPages/nursing-test-bank/subPages/SuT1noZoNGEjKGR1vTbi/nestedSubPages/zMFBI0XMiRsJnnXWhL5S/topics/PavJlfHXwXRUhopKAOO9/quizzes/6Bcl2LsmOPp4H20jNiDO","pillarPages/nursing-test-bank/subPages/z0xzINtS3EohZNaKosBz/nestedSubPages/lyrHg4RBzN6UafuymMFT/topics/j5H2Ra9IgckkioC7vNSj/quizzes/BQt862kmRN23DCkh3PyI"
"1.000","Anatomy and Physiology Proctored Exam Practice Questions - Set 12","ATI PN Anatomy and Physiology Proctored Exam Practice Questions - Set 3","anatomy-and-physiology-proctored-exam-practice-questions-set-12","ati-pn-anatomy-and-physiology-proctored-exam-practice-questions-set-3","RN Exams > RN Nursing Course Exams > Anatomy and Physiology","LPN Exams > ATI LPN Exams > Anatomy and Physiology","pillarPages/nursing-test-bank/subPages/SuT1noZoNGEjKGR1vTbi/nestedSubPages/zMFBI0XMiRsJnnXWhL5S/topics/PavJlfHXwXRUhopKAOO9/quizzes/6Bcl2LsmOPp4H20jNiDO","pillarPages/nursing-test-bank/subPages/z0xzINtS3EohZNaKosBz/nestedSubPages/lyrHg4RBzN6UafuymMFT/topics/j5H2Ra9IgckkioC7vNSj/quizzes/BjFkdXJGYGg1TurUdCIg"
"1.000","Anatomy and Physiology Proctored Exam Practice Questions - Set 12","ATI PN Anatomy and Physiology Proctored Exam Practice Questions - Set 7","anatomy-and-physiology-proctored-exam-practice-questions-set-12","ati-pn-anatomy-and-physiology-proctored-exam-practice-questions-set-7","RN Exams > RN Nursing Course Exams > Anatomy and Physiology","LPN Exams > ATI LPN Exams > Anatomy and Physiology","pillarPages/nursing-test-bank/subPages/SuT1noZoNGEjKGR1vTbi/nestedSubPages/zMFBI0XMiRsJnnXWhL5S/topics/PavJlfHXwXRUhopKAOO9/quizzes/6Bcl2LsmOPp4H20jNiDO","pillarPages/nursing-test-bank/subPages/z0xzINtS3EohZNaKosBz/nestedSubPages/lyrHg4RBzN6UafuymMFT/topics/j5H2Ra9IgckkioC7vNSj/quizzes/M9QU2W6AbvrmWM9FUtnK"
"1.000","Anatomy and Physiology Proctored Exam Practice Questions - Set 12","ATI PN Anatomy and Physiology Proctored Exam Practice Questions - Set 4","anatomy-and-physiology-proctored-exam-practice-questions-set-12","ati-pn-anatomy-and-physiology-proctored-exam-practice-questions-set-4","RN Exams > RN Nursing Course Exams > Anatomy and Physiology","LPN Exams > ATI LPN Exams > Anatomy and Physiology","pillarPages/nursing-test-bank/subPages/SuT1noZoNGEjKGR1vTbi/nestedSubPages/zMFBI0XMiRsJnnXWhL5S/topics/PavJlfHXwXRUhopKAOO9/quizzes/6Bcl2LsmOPp4H20jNiDO","pillarPages/nursing-test-bank/subPages/z0xzINtS3EohZNaKosBz/nestedSubPages/lyrHg4RBzN6UafuymMFT/topics/j5H2Ra9IgckkioC7vNSj/quizzes/SPRE7aJa8YoN3Rvy1hGn"
"1.000","Anatomy and Physiology Proctored Exam Practice Questions - Set 12","ATI PN Anatomy and Physiology Proctored Exam Practice Questions - Set 1","anatomy-and-physiology-proctored-exam-practice-questions-set-12","ati-pn-anatomy-and-physiology-proctored-exam-practice-questions-set-1","RN Exams > RN Nursing Course Exams > Anatomy and Physiology","LPN Exams > ATI LPN Exams > Anatomy and Physiology","pillarPages/nursing-test-bank/subPages/SuT1noZoNGEjKGR1vTbi/nestedSubPages/zMFBI0XMiRsJnnXWhL5S/topics/PavJlfHXwXRUhopKAOO9/quizzes/6Bcl2LsmOPp4H20jNiDO","pillarPages/nursing-test-bank/subPages/z0xzINtS3EohZNaKosBz/nestedSubPages/lyrHg4RBzN6UafuymMFT/topics/j5H2Ra9IgckkioC7vNSj/quizzes/vEV3Ov1JMHdvu8tEE8Fx"
"1.000","Anatomy and Physiology Proctored Exam Practice Questions - Set 12","ATI PN Anatomy and Physiology Proctored Exam Practice Questions - Set 6","anatomy-and-physiology-proctored-exam-practice-questions-set-12","ati-pn-anatomy-and-physiology-proctored-exam-practice-questions-set-6","RN Exams > RN Nursing Course Exams > Anatomy and Physiology","LPN Exams > ATI LPN Exams > Anatomy and Physiology","pillarPages/nursing-test-bank/subPages/SuT1noZoNGEjKGR1vTbi/nestedSubPages/zMFBI0XMiRsJnnXWhL5S/topics/PavJlfHXwXRUhopKAOO9/quizzes/6Bcl2LsmOPp4H20jNiDO","pillarPages/nursing-test-bank/subPages/z0xzINtS3EohZNaKosBz/nestedSubPages/lyrHg4RBzN6UafuymMFT/topics/j5H2Ra9IgckkioC7vNSj/quizzes/wnLgyB05a8GIdCTdb6rd"
"1.000","Anatomy and Physiology Proctored Exam Practice Questions - Set 13","Anatomy and Physiology Proctored Exam Practice Questions - Set 6","anatomy-and-physiology-proctored-exam-practice-questions-set-13","anatomy-and-physiology-proctored-exam-practice-questions-set-6","RN Exams > RN Nursing Course Exams > Anatomy and Physiology","RN Exams > RN Nursing Course Exams > Anatomy and Physiology","pillarPages/nursing-test-bank/subPages/SuT1noZoNGEjKGR1vTbi/nestedSubPages/zMFBI0XMiRsJnnXWhL5S/topics/PavJlfHXwXRUhopKAOO9/quizzes/KwnwfkaWsIjiJvvIGfci","pillarPages/nursing-test-bank/subPages/SuT1noZoNGEjKGR1vTbi/nestedSubPages/zMFBI0XMiRsJnnXWhL5S/topics/PavJlfHXwXRUhopKAOO9/quizzes/Px3PmFCkzXu2KYNRos9R"
"1.000","Anatomy and Physiology Proctored Exam Practice Questions - Set 13","Anatomy and Physiology Proctored Exam Practice Questions - Set 2","anatomy-and-physiology-proctored-exam-practice-questions-set-13","anatomy-and-physiology-proctored-exam-practice-questions-set-2","RN Exams > RN Nursing Course Exams > Anatomy and Physiology","RN Exams > RN Nursing Course Exams > Anatomy and Physiology","pillarPages/nursing-test-bank/subPages/SuT1noZoNGEjKGR1vTbi/nestedSubPages/zMFBI0XMiRsJnnXWhL5S/topics/PavJlfHXwXRUhopKAOO9/quizzes/KwnwfkaWsIjiJvvIGfci","pillarPages/nursing-test-bank/subPages/SuT1noZoNGEjKGR1vTbi/nestedSubPages/zMFBI0XMiRsJnnXWhL5S/topics/PavJlfHXwXRUhopKAOO9/quizzes/SO2IjWgQx9QmtSofyYfP"
"1.000","Anatomy and Physiology Proctored Exam Practice Questions - Set 13","LPN Anatomy and Physiology Proctored Exam Practice Questions","anatomy-and-physiology-proctored-exam-practice-questions-set-13","lpn-anatomy-and-physiology-proctored-exam-practice-questions","RN Exams > RN Nursing Course Exams > Anatomy and Physiology","RN Exams > RN Nursing Course Exams > Anatomy and Physiology","pillarPages/nursing-test-bank/subPages/SuT1noZoNGEjKGR1vTbi/nestedSubPages/zMFBI0XMiRsJnnXWhL5S/topics/PavJlfHXwXRUhopKAOO9/quizzes/KwnwfkaWsIjiJvvIGfci","pillarPages/nursing-test-bank/subPages/SuT1noZoNGEjKGR1vTbi/nestedSubPages/zMFBI0XMiRsJnnXWhL5S/topics/PavJlfHXwXRUhopKAOO9/quizzes/obLgG1dl2HKxhBWFu5sv"
"1.000","Anatomy and Physiology Proctored Exam Practice Questions - Set 13","Anatomy and Physiology Proctored Exam Practice Questions - Set 5","anatomy-and-physiology-proctored-exam-practice-questions-set-13","anatomy-and-physiology-proctored-exam-practice-questions-set-5","RN Exams > RN Nursing Course Exams > Anatomy and Physiology","RN Exams > RN Nursing Course Exams > Anatomy and Physiology","pillarPages/nursing-test-bank/subPages/SuT1noZoNGEjKGR1vTbi/nestedSubPages/zMFBI0XMiRsJnnXWhL5S/topics/PavJlfHXwXRUhopKAOO9/quizzes/KwnwfkaWsIjiJvvIGfci","pillarPages/nursing-test-bank/subPages/SuT1noZoNGEjKGR1vTbi/nestedSubPages/zMFBI0XMiRsJnnXWhL5S/topics/PavJlfHXwXRUhopKAOO9/quizzes/shHudszIJhQYLSh7McFo"
"1.000","Anatomy and Physiology Proctored Exam Practice Questions - Set 13","Anatomy and Physiology Proctored Exam Practice Questions - Set 10","anatomy-and-physiology-proctored-exam-practice-questions-set-13","anatomy-and-physiology-proctored-exam-practice-questions-set-10","RN Exams > RN Nursing Course Exams > Anatomy and Physiology","RN Exams > RN Nursing Course Exams > Anatomy and Physiology","pillarPages/nursing-test-bank/subPages/SuT1noZoNGEjKGR1vTbi/nestedSubPages/zMFBI0XMiRsJnnXWhL5S/topics/PavJlfHXwXRUhopKAOO9/quizzes/KwnwfkaWsIjiJvvIGfci","pillarPages/nursing-test-bank/subPages/SuT1noZoNGEjKGR1vTbi/nestedSubPages/zMFBI0XMiRsJnnXWhL5S/topics/PavJlfHXwXRUhopKAOO9/quizzes/xgzVBGqVgEjv1E2j4904"
"1.000","Anatomy and Physiology Proctored Exam Practice Questions - Set 13","ATI PN Anatomy and Physiology Proctored Exam Practice Questions - Set 2","anatomy-and-physiology-proctored-exam-practice-questions-set-13","ati-pn-anatomy-and-physiology-proctored-exam-practice-questions-set-2","RN Exams > RN Nursing Course Exams > Anatomy and Physiology","LPN Exams > ATI LPN Exams > Anatomy and Physiology","pillarPages/nursing-test-bank/subPages/SuT1noZoNGEjKGR1vTbi/nestedSubPages/zMFBI0XMiRsJnnXWhL5S/topics/PavJlfHXwXRUhopKAOO9/quizzes/KwnwfkaWsIjiJvvIGfci","pillarPages/nursing-test-bank/subPages/z0xzINtS3EohZNaKosBz/nestedSubPages/lyrHg4RBzN6UafuymMFT/topics/j5H2Ra9IgckkioC7vNSj/quizzes/BQt862kmRN23DCkh3PyI"
"1.000","Anatomy and Physiology Proctored Exam Practice Questions - Set 13","ATI PN Anatomy and Physiology Proctored Exam Practice Questions - Set 3","anatomy-and-physiology-proctored-exam-practice-questions-set-13","ati-pn-anatomy-and-physiology-proctored-exam-practice-questions-set-3","RN Exams > RN Nursing Course Exams > Anatomy and Physiology","LPN Exams > ATI LPN Exams > Anatomy and Physiology","pillarPages/nursing-test-bank/subPages/SuT1noZoNGEjKGR1vTbi/nestedSubPages/zMFBI0XMiRsJnnXWhL5S/topics/PavJlfHXwXRUhopKAOO9/quizzes/KwnwfkaWsIjiJvvIGfci","pillarPages/nursing-test-bank/subPages/z0xzINtS3EohZNaKosBz/nestedSubPages/lyrHg4RBzN6UafuymMFT/topics/j5H2Ra9IgckkioC7vNSj/quizzes/BjFkdXJGYGg1TurUdCIg"
"1.000","Anatomy and Physiology Proctored Exam Practice Questions - Set 13","ATI PN Anatomy and Physiology Proctored Exam Practice Questions - Set 7","anatomy-and-physiology-proctored-exam-practice-questions-set-13","ati-pn-anatomy-and-physiology-proctored-exam-practice-questions-set-7","RN Exams > RN Nursing Course Exams > Anatomy and Physiology","LPN Exams > ATI LPN Exams > Anatomy and Physiology","pillarPages/nursing-test-bank/subPages/SuT1noZoNGEjKGR1vTbi/nestedSubPages/zMFBI0XMiRsJnnXWhL5S/topics/PavJlfHXwXRUhopKAOO9/quizzes/KwnwfkaWsIjiJvvIGfci","pillarPages/nursing-test-bank/subPages/z0xzINtS3EohZNaKosBz/nestedSubPages/lyrHg4RBzN6UafuymMFT/topics/j5H2Ra9IgckkioC7vNSj/quizzes/M9QU2W6AbvrmWM9FUtnK"
"1.000","Anatomy and Physiology Proctored Exam Practice Questions - Set 13","ATI PN Anatomy and Physiology Proctored Exam Practice Questions - Set 4","anatomy-and-physiology-proctored-exam-practice-questions-set-13","ati-pn-anatomy-and-physiology-proctored-exam-practice-questions-set-4","RN Exams > RN Nursing Course Exams > Anatomy and Physiology","LPN Exams > ATI LPN Exams > Anatomy and Physiology","pillarPages/nursing-test-bank/subPages/SuT1noZoNGEjKGR1vTbi/nestedSubPages/zMFBI0XMiRsJnnXWhL5S/topics/PavJlfHXwXRUhopKAOO9/quizzes/KwnwfkaWsIjiJvvIGfci","pillarPages/nursing-test-bank/subPages/z0xzINtS3EohZNaKosBz/nestedSubPages/lyrHg4RBzN6UafuymMFT/topics/j5H2Ra9IgckkioC7vNSj/quizzes/SPRE7aJa8YoN3Rvy1hGn"
"1.000","Anatomy and Physiology Proctored Exam Practice Questions - Set 13","ATI PN Anatomy and Physiology Proctored Exam Practice Questions - Set 1","anatomy-and-physiology-proctored-exam-practice-questions-set-13","ati-pn-anatomy-and-physiology-proctored-exam-practice-questions-set-1","RN Exams > RN Nursing Course Exams > Anatomy and Physiology","LPN Exams > ATI LPN Exams > Anatomy and Physiology","pillarPages/nursing-test-bank/subPages/SuT1noZoNGEjKGR1vTbi/nestedSubPages/zMFBI0XMiRsJnnXWhL5S/topics/PavJlfHXwXRUhopKAOO9/quizzes/KwnwfkaWsIjiJvvIGfci","pillarPages/nursing-test-bank/subPages/z0xzINtS3EohZNaKosBz/nestedSubPages/lyrHg4RBzN6UafuymMFT/topics/j5H2Ra9IgckkioC7vNSj/quizzes/vEV3Ov1JMHdvu8tEE8Fx"
"1.000","Anatomy and Physiology Proctored Exam Practice Questions - Set 13","ATI PN Anatomy and Physiology Proctored Exam Practice Questions - Set 6","anatomy-and-physiology-proctored-exam-practice-questions-set-13","ati-pn-anatomy-and-physiology-proctored-exam-practice-questions-set-6","RN Exams > RN Nursing Course Exams > Anatomy and Physiology","LPN Exams > ATI LPN Exams > Anatomy and Physiology","pillarPages/nursing-test-bank/subPages/SuT1noZoNGEjKGR1vTbi/nestedSubPages/zMFBI0XMiRsJnnXWhL5S/topics/PavJlfHXwXRUhopKAOO9/quizzes/KwnwfkaWsIjiJvvIGfci","pillarPages/nursing-test-bank/subPages/z0xzINtS3EohZNaKosBz/nestedSubPages/lyrHg4RBzN6UafuymMFT/topics/j5H2Ra9IgckkioC7vNSj/quizzes/wnLgyB05a8GIdCTdb6rd"
"1.000","Anatomy and Physiology Proctored Exam Practice Questions - Set 2","LPN Anatomy and Physiology Proctored Exam Practice Questions","anatomy-and-physiology-proctored-exam-practice-questions-set-2","lpn-anatomy-and-physiology-proctored-exam-practice-questions","RN Exams > RN Nursing Course Exams > Anatomy and Physiology","RN Exams > RN Nursing Course Exams > Anatomy and Physiology","pillarPages/nursing-test-bank/subPages/SuT1noZoNGEjKGR1vTbi/nestedSubPages/zMFBI0XMiRsJnnXWhL5S/topics/PavJlfHXwXRUhopKAOO9/quizzes/SO2IjWgQx9QmtSofyYfP","pillarPages/nursing-test-bank/subPages/SuT1noZoNGEjKGR1vTbi/nestedSubPages/zMFBI0XMiRsJnnXWhL5S/topics/PavJlfHXwXRUhopKAOO9/quizzes/obLgG1dl2HKxhBWFu5sv"
"1.000","Anatomy and Physiology Proctored Exam Practice Questions - Set 2","Anatomy and Physiology Proctored Exam Practice Questions - Set 5","anatomy-and-physiology-proctored-exam-practice-questions-set-2","anatomy-and-physiology-proctored-exam-practice-questions-set-5","RN Exams > RN Nursing Course Exams > Anatomy and Physiology","RN Exams > RN Nursing Course Exams > Anatomy and Physiology","pillarPages/nursing-test-bank/subPages/SuT1noZoNGEjKGR1vTbi/nestedSubPages/zMFBI0XMiRsJnnXWhL5S/topics/PavJlfHXwXRUhopKAOO9/quizzes/SO2IjWgQx9QmtSofyYfP","pillarPages/nursing-test-bank/subPages/SuT1noZoNGEjKGR1vTbi/nestedSubPages/zMFBI0XMiRsJnnXWhL5S/topics/PavJlfHXwXRUhopKAOO9/quizzes/shHudszIJhQYLSh7McFo"
"1.000","Anatomy and Physiology Proctored Exam Practice Questions - Set 2","Anatomy and Physiology Proctored Exam Practice Questions - Set 10","anatomy-and-physiology-proctored-exam-practice-questions-set-2","anatomy-and-physiology-proctored-exam-practice-questions-set-10","RN Exams > RN Nursing Course Exams > Anatomy and Physiology","RN Exams > RN Nursing Course Exams > Anatomy and Physiology","pillarPages/nursing-test-bank/subPages/SuT1noZoNGEjKGR1vTbi/nestedSubPages/zMFBI0XMiRsJnnXWhL5S/topics/PavJlfHXwXRUhopKAOO9/quizzes/SO2IjWgQx9QmtSofyYfP","pillarPages/nursing-test-bank/subPages/SuT1noZoNGEjKGR1vTbi/nestedSubPages/zMFBI0XMiRsJnnXWhL5S/topics/PavJlfHXwXRUhopKAOO9/quizzes/xgzVBGqVgEjv1E2j4904"
"1.000","Anatomy and Physiology Proctored Exam Practice Questions - Set 2","ATI PN Anatomy and Physiology Proctored Exam Practice Questions - Set 2","anatomy-and-physiology-proctored-exam-practice-questions-set-2","ati-pn-anatomy-and-physiology-proctored-exam-practice-questions-set-2","RN Exams > RN Nursing Course Exams > Anatomy and Physiology","LPN Exams > ATI LPN Exams > Anatomy and Physiology","pillarPages/nursing-test-bank/subPages/SuT1noZoNGEjKGR1vTbi/nestedSubPages/zMFBI0XMiRsJnnXWhL5S/topics/PavJlfHXwXRUhopKAOO9/quizzes/SO2IjWgQx9QmtSofyYfP","pillarPages/nursing-test-bank/subPages/z0xzINtS3EohZNaKosBz/nestedSubPages/lyrHg4RBzN6UafuymMFT/topics/j5H2Ra9IgckkioC7vNSj/quizzes/BQt862kmRN23DCkh3PyI"
"1.000","Anatomy and Physiology Proctored Exam Practice Questions - Set 2","ATI PN Anatomy and Physiology Proctored Exam Practice Questions - Set 3","anatomy-and-physiology-proctored-exam-practice-questions-set-2","ati-pn-anatomy-and-physiology-proctored-exam-practice-questions-set-3","RN Exams > RN Nursing Course Exams > Anatomy and Physiology","LPN Exams > ATI LPN Exams > Anatomy and Physiology","pillarPages/nursing-test-bank/subPages/SuT1noZoNGEjKGR1vTbi/nestedSubPages/zMFBI0XMiRsJnnXWhL5S/topics/PavJlfHXwXRUhopKAOO9/quizzes/SO2IjWgQx9QmtSofyYfP","pillarPages/nursing-test-bank/subPages/z0xzINtS3EohZNaKosBz/nestedSubPages/lyrHg4RBzN6UafuymMFT/topics/j5H2Ra9IgckkioC7vNSj/quizzes/BjFkdXJGYGg1TurUdCIg"
"1.000","Anatomy and Physiology Proctored Exam Practice Questions - Set 2","ATI PN Anatomy and Physiology Proctored Exam Practice Questions - Set 7","anatomy-and-physiology-proctored-exam-practice-questions-set-2","ati-pn-anatomy-and-physiology-proctored-exam-practice-questions-set-7","RN Exams > RN Nursing Course Exams > Anatomy and Physiology","LPN Exams > ATI LPN Exams > Anatomy and Physiology","pillarPages/nursing-test-bank/subPages/SuT1noZoNGEjKGR1vTbi/nestedSubPages/zMFBI0XMiRsJnnXWhL5S/topics/PavJlfHXwXRUhopKAOO9/quizzes/SO2IjWgQx9QmtSofyYfP","pillarPages/nursing-test-bank/subPages/z0xzINtS3EohZNaKosBz/nestedSubPages/lyrHg4RBzN6UafuymMFT/topics/j5H2Ra9IgckkioC7vNSj/quizzes/M9QU2W6AbvrmWM9FUtnK"
"1.000","Anatomy and Physiology Proctored Exam Practice Questions - Set 2","ATI PN Anatomy and Physiology Proctored Exam Practice Questions - Set 4","anatomy-and-physiology-proctored-exam-practice-questions-set-2","ati-pn-anatomy-and-physiology-proctored-exam-practice-questions-set-4","RN Exams > RN Nursing Course Exams > Anatomy and Physiology","LPN Exams > ATI LPN Exams > Anatomy and Physiology","pillarPages/nursing-test-bank/subPages/SuT1noZoNGEjKGR1vTbi/nestedSubPages/zMFBI0XMiRsJnnXWhL5S/topics/PavJlfHXwXRUhopKAOO9/quizzes/SO2IjWgQx9QmtSofyYfP","pillarPages/nursing-test-bank/subPages/z0xzINtS3EohZNaKosBz/nestedSubPages/lyrHg4RBzN6UafuymMFT/topics/j5H2Ra9IgckkioC7vNSj/quizzes/SPRE7aJa8YoN3Rvy1hGn"
"1.000","Anatomy and Physiology Proctored Exam Practice Questions - Set 2","ATI PN Anatomy and Physiology Proctored Exam Practice Questions - Set 1","anatomy-and-physiology-proctored-exam-practice-questions-set-2","ati-pn-anatomy-and-physiology-proctored-exam-practice-questions-set-1","RN Exams > RN Nursing Course Exams > Anatomy and Physiology","LPN Exams > ATI LPN Exams > Anatomy and Physiology","pillarPages/nursing-test-bank/subPages/SuT1noZoNGEjKGR1vTbi/nestedSubPages/zMFBI0XMiRsJnnXWhL5S/topics/PavJlfHXwXRUhopKAOO9/quizzes/SO2IjWgQx9QmtSofyYfP","pillarPages/nursing-test-bank/subPages/z0xzINtS3EohZNaKosBz/nestedSubPages/lyrHg4RBzN6UafuymMFT/topics/j5H2Ra9IgckkioC7vNSj/quizzes/vEV3Ov1JMHdvu8tEE8Fx"
"1.000","Anatomy and Physiology Proctored Exam Practice Questions - Set 2","ATI PN Anatomy and Physiology Proctored Exam Practice Questions - Set 6","anatomy-and-physiology-proctored-exam-practice-questions-set-2","ati-pn-anatomy-and-physiology-proctored-exam-practice-questions-set-6","RN Exams > RN Nursing Course Exams > Anatomy and Physiology","LPN Exams > ATI LPN Exams > Anatomy and Physiology","pillarPages/nursing-test-bank/subPages/SuT1noZoNGEjKGR1vTbi/nestedSubPages/zMFBI0XMiRsJnnXWhL5S/topics/PavJlfHXwXRUhopKAOO9/quizzes/SO2IjWgQx9QmtSofyYfP","pillarPages/nursing-test-bank/subPages/z0xzINtS3EohZNaKosBz/nestedSubPages/lyrHg4RBzN6UafuymMFT/topics/j5H2Ra9IgckkioC7vNSj/quizzes/wnLgyB05a8GIdCTdb6rd"
"1.000","Anatomy and Physiology Proctored Exam Practice Questions - Set 5","Anatomy and Physiology Proctored Exam Practice Questions - Set 10","anatomy-and-physiology-proctored-exam-practice-questions-set-5","anatomy-and-physiology-proctored-exam-practice-questions-set-10","RN Exams > RN Nursing Course Exams > Anatomy and Physiology","RN Exams > RN Nursing Course Exams > Anatomy and Physiology","pillarPages/nursing-test-bank/subPages/SuT1noZoNGEjKGR1vTbi/nestedSubPages/zMFBI0XMiRsJnnXWhL5S/topics/PavJlfHXwXRUhopKAOO9/quizzes/shHudszIJhQYLSh7McFo","pillarPages/nursing-test-bank/subPages/SuT1noZoNGEjKGR1vTbi/nestedSubPages/zMFBI0XMiRsJnnXWhL5S/topics/PavJlfHXwXRUhopKAOO9/quizzes/xgzVBGqVgEjv1E2j4904"
"1.000","Anatomy and Physiology Proctored Exam Practice Questions - Set 5","ATI PN Anatomy and Physiology Proctored Exam Practice Questions - Set 2","anatomy-and-physiology-proctored-exam-practice-questions-set-5","ati-pn-anatomy-and-physiology-proctored-exam-practice-questions-set-2","RN Exams > RN Nursing Course Exams > Anatomy and Physiology","LPN Exams > ATI LPN Exams > Anatomy and Physiology","pillarPages/nursing-test-bank/subPages/SuT1noZoNGEjKGR1vTbi/nestedSubPages/zMFBI0XMiRsJnnXWhL5S/topics/PavJlfHXwXRUhopKAOO9/quizzes/shHudszIJhQYLSh7McFo","pillarPages/nursing-test-bank/subPages/z0xzINtS3EohZNaKosBz/nestedSubPages/lyrHg4RBzN6UafuymMFT/topics/j5H2Ra9IgckkioC7vNSj/quizzes/BQt862kmRN23DCkh3PyI"
"1.000","Anatomy and Physiology Proctored Exam Practice Questions - Set 5","ATI PN Anatomy and Physiology Proctored Exam Practice Questions - Set 3","anatomy-and-physiology-proctored-exam-practice-questions-set-5","ati-pn-anatomy-and-physiology-proctored-exam-practice-questions-set-3","RN Exams > RN Nursing Course Exams > Anatomy and Physiology","LPN Exams > ATI LPN Exams > Anatomy and Physiology","pillarPages/nursing-test-bank/subPages/SuT1noZoNGEjKGR1vTbi/nestedSubPages/zMFBI0XMiRsJnnXWhL5S/topics/PavJlfHXwXRUhopKAOO9/quizzes/shHudszIJhQYLSh7McFo","pillarPages/nursing-test-bank/subPages/z0xzINtS3EohZNaKosBz/nestedSubPages/lyrHg4RBzN6UafuymMFT/topics/j5H2Ra9IgckkioC7vNSj/quizzes/BjFkdXJGYGg1TurUdCIg"
"1.000","Anatomy and Physiology Proctored Exam Practice Questions - Set 5","ATI PN Anatomy and Physiology Proctored Exam Practice Questions - Set 7","anatomy-and-physiology-proctored-exam-practice-questions-set-5","ati-pn-anatomy-and-physiology-proctored-exam-practice-questions-set-7","RN Exams > RN Nursing Course Exams > Anatomy and Physiology","LPN Exams > ATI LPN Exams > Anatomy and Physiology","pillarPages/nursing-test-bank/subPages/SuT1noZoNGEjKGR1vTbi/nestedSubPages/zMFBI0XMiRsJnnXWhL5S/topics/PavJlfHXwXRUhopKAOO9/quizzes/shHudszIJhQYLSh7McFo","pillarPages/nursing-test-bank/subPages/z0xzINtS3EohZNaKosBz/nestedSubPages/lyrHg4RBzN6UafuymMFT/topics/j5H2Ra9IgckkioC7vNSj/quizzes/M9QU2W6AbvrmWM9FUtnK"
"1.000","Anatomy and Physiology Proctored Exam Practice Questions - Set 5","ATI PN Anatomy and Physiology Proctored Exam Practice Questions - Set 4","anatomy-and-physiology-proctored-exam-practice-questions-set-5","ati-pn-anatomy-and-physiology-proctored-exam-practice-questions-set-4","RN Exams > RN Nursing Course Exams > Anatomy and Physiology","LPN Exams > ATI LPN Exams > Anatomy and Physiology","pillarPages/nursing-test-bank/subPages/SuT1noZoNGEjKGR1vTbi/nestedSubPages/zMFBI0XMiRsJnnXWhL5S/topics/PavJlfHXwXRUhopKAOO9/quizzes/shHudszIJhQYLSh7McFo","pillarPages/nursing-test-bank/subPages/z0xzINtS3EohZNaKosBz/nestedSubPages/lyrHg4RBzN6UafuymMFT/topics/j5H2Ra9IgckkioC7vNSj/quizzes/SPRE7aJa8YoN3Rvy1hGn"
"1.000","Anatomy and Physiology Proctored Exam Practice Questions - Set 5","ATI PN Anatomy and Physiology Proctored Exam Practice Questions - Set 1","anatomy-and-physiology-proctored-exam-practice-questions-set-5","ati-pn-anatomy-and-physiology-proctored-exam-practice-questions-set-1","RN Exams > RN Nursing Course Exams > Anatomy and Physiology","LPN Exams > ATI LPN Exams > Anatomy and Physiology","pillarPages/nursing-test-bank/subPages/SuT1noZoNGEjKGR1vTbi/nestedSubPages/zMFBI0XMiRsJnnXWhL5S/topics/PavJlfHXwXRUhopKAOO9/quizzes/shHudszIJhQYLSh7McFo","pillarPages/nursing-test-bank/subPages/z0xzINtS3EohZNaKosBz/nestedSubPages/lyrHg4RBzN6UafuymMFT/topics/j5H2Ra9IgckkioC7vNSj/quizzes/vEV3Ov1JMHdvu8tEE8Fx"
"1.000","Anatomy and Physiology Proctored Exam Practice Questions - Set 5","ATI PN Anatomy and Physiology Proctored Exam Practice Questions - Set 6","anatomy-and-physiology-proctored-exam-practice-questions-set-5","ati-pn-anatomy-and-physiology-proctored-exam-practice-questions-set-6","RN Exams > RN Nursing Course Exams > Anatomy and Physiology","LPN Exams > ATI LPN Exams > Anatomy and Physiology","pillarPages/nursing-test-bank/subPages/SuT1noZoNGEjKGR1vTbi/nestedSubPages/zMFBI0XMiRsJnnXWhL5S/topics/PavJlfHXwXRUhopKAOO9/quizzes/shHudszIJhQYLSh7McFo","pillarPages/nursing-test-bank/subPages/z0xzINtS3EohZNaKosBz/nestedSubPages/lyrHg4RBzN6UafuymMFT/topics/j5H2Ra9IgckkioC7vNSj/quizzes/wnLgyB05a8GIdCTdb6rd"
"1.000","Anatomy and Physiology Proctored Exam Practice Questions - Set 6","Anatomy and Physiology Proctored Exam Practice Questions - Set 2","anatomy-and-physiology-proctored-exam-practice-questions-set-6","anatomy-and-physiology-proctored-exam-practice-questions-set-2","RN Exams > RN Nursing Course Exams > Anatomy and Physiology","RN Exams > RN Nursing Course Exams > Anatomy and Physiology","pillarPages/nursing-test-bank/subPages/SuT1noZoNGEjKGR1vTbi/nestedSubPages/zMFBI0XMiRsJnnXWhL5S/topics/PavJlfHXwXRUhopKAOO9/quizzes/Px3PmFCkzXu2KYNRos9R","pillarPages/nursing-test-bank/subPages/SuT1noZoNGEjKGR1vTbi/nestedSubPages/zMFBI0XMiRsJnnXWhL5S/topics/PavJlfHXwXRUhopKAOO9/quizzes/SO2IjWgQx9QmtSofyYfP"
"1.000","Anatomy and Physiology Proctored Exam Practice Questions - Set 6","LPN Anatomy and Physiology Proctored Exam Practice Questions","anatomy-and-physiology-proctored-exam-practice-questions-set-6","lpn-anatomy-and-physiology-proctored-exam-practice-questions","RN Exams > RN Nursing Course Exams > Anatomy and Physiology","RN Exams > RN Nursing Course Exams > Anatomy and Physiology","pillarPages/nursing-test-bank/subPages/SuT1noZoNGEjKGR1vTbi/nestedSubPages/zMFBI0XMiRsJnnXWhL5S/topics/PavJlfHXwXRUhopKAOO9/quizzes/Px3PmFCkzXu2KYNRos9R","pillarPages/nursing-test-bank/subPages/SuT1noZoNGEjKGR1vTbi/nestedSubPages/zMFBI0XMiRsJnnXWhL5S/topics/PavJlfHXwXRUhopKAOO9/quizzes/obLgG1dl2HKxhBWFu5sv"
"1.000","Anatomy and Physiology Proctored Exam Practice Questions - Set 6","Anatomy and Physiology Proctored Exam Practice Questions - Set 5","anatomy-and-physiology-proctored-exam-practice-questions-set-6","anatomy-and-physiology-proctored-exam-practice-questions-set-5","RN Exams > RN Nursing Course Exams > Anatomy and Physiology","RN Exams > RN Nursing Course Exams > Anatomy and Physiology","pillarPages/nursing-test-bank/subPages/SuT1noZoNGEjKGR1vTbi/nestedSubPages/zMFBI0XMiRsJnnXWhL5S/topics/PavJlfHXwXRUhopKAOO9/quizzes/Px3PmFCkzXu2KYNRos9R","pillarPages/nursing-test-bank/subPages/SuT1noZoNGEjKGR1vTbi/nestedSubPages/zMFBI0XMiRsJnnXWhL5S/topics/PavJlfHXwXRUhopKAOO9/quizzes/shHudszIJhQYLSh7McFo"
"1.000","Anatomy and Physiology Proctored Exam Practice Questions - Set 6","Anatomy and Physiology Proctored Exam Practice Questions - Set 10","anatomy-and-physiology-proctored-exam-practice-questions-set-6","anatomy-and-physiology-proctored-exam-practice-questions-set-10","RN Exams > RN Nursing Course Exams > Anatomy and Physiology","RN Exams > RN Nursing Course Exams > Anatomy and Physiology","pillarPages/nursing-test-bank/subPages/SuT1noZoNGEjKGR1vTbi/nestedSubPages/zMFBI0XMiRsJnnXWhL5S/topics/PavJlfHXwXRUhopKAOO9/quizzes/Px3PmFCkzXu2KYNRos9R","pillarPages/nursing-test-bank/subPages/SuT1noZoNGEjKGR1vTbi/nestedSubPages/zMFBI0XMiRsJnnXWhL5S/topics/PavJlfHXwXRUhopKAOO9/quizzes/xgzVBGqVgEjv1E2j4904"
"1.000","Anatomy and Physiology Proctored Exam Practice Questions - Set 6","ATI PN Anatomy and Physiology Proctored Exam Practice Questions - Set 2","anatomy-and-physiology-proctored-exam-practice-questions-set-6","ati-pn-anatomy-and-physiology-proctored-exam-practice-questions-set-2","RN Exams > RN Nursing Course Exams > Anatomy and Physiology","LPN Exams > ATI LPN Exams > Anatomy and Physiology","pillarPages/nursing-test-bank/subPages/SuT1noZoNGEjKGR1vTbi/nestedSubPages/zMFBI0XMiRsJnnXWhL5S/topics/PavJlfHXwXRUhopKAOO9/quizzes/Px3PmFCkzXu2KYNRos9R","pillarPages/nursing-test-bank/subPages/z0xzINtS3EohZNaKosBz/nestedSubPages/lyrHg4RBzN6UafuymMFT/topics/j5H2Ra9IgckkioC7vNSj/quizzes/BQt862kmRN23DCkh3PyI"
"1.000","Anatomy and Physiology Proctored Exam Practice Questions - Set 6","ATI PN Anatomy and Physiology Proctored Exam Practice Questions - Set 3","anatomy-and-physiology-proctored-exam-practice-questions-set-6","ati-pn-anatomy-and-physiology-proctored-exam-practice-questions-set-3","RN Exams > RN Nursing Course Exams > Anatomy and Physiology","LPN Exams > ATI LPN Exams > Anatomy and Physiology","pillarPages/nursing-test-bank/subPages/SuT1noZoNGEjKGR1vTbi/nestedSubPages/zMFBI0XMiRsJnnXWhL5S/topics/PavJlfHXwXRUhopKAOO9/quizzes/Px3PmFCkzXu2KYNRos9R","pillarPages/nursing-test-bank/subPages/z0xzINtS3EohZNaKosBz/nestedSubPages/lyrHg4RBzN6UafuymMFT/topics/j5H2Ra9IgckkioC7vNSj/quizzes/BjFkdXJGYGg1TurUdCIg"
"1.000","Anatomy and Physiology Proctored Exam Practice Questions - Set 6","ATI PN Anatomy and Physiology Proctored Exam Practice Questions - Set 7","anatomy-and-physiology-proctored-exam-practice-questions-set-6","ati-pn-anatomy-and-physiology-proctored-exam-practice-questions-set-7","RN Exams > RN Nursing Course Exams > Anatomy and Physiology","LPN Exams > ATI LPN Exams > Anatomy and Physiology","pillarPages/nursing-test-bank/subPages/SuT1noZoNGEjKGR1vTbi/nestedSubPages/zMFBI0XMiRsJnnXWhL5S/topics/PavJlfHXwXRUhopKAOO9/quizzes/Px3PmFCkzXu2KYNRos9R","pillarPages/nursing-test-bank/subPages/z0xzINtS3EohZNaKosBz/nestedSubPages/lyrHg4RBzN6UafuymMFT/topics/j5H2Ra9IgckkioC7vNSj/quizzes/M9QU2W6AbvrmWM9FUtnK"
"1.000","Anatomy and Physiology Proctored Exam Practice Questions - Set 6","ATI PN Anatomy and Physiology Proctored Exam Practice Questions - Set 4","anatomy-and-physiology-proctored-exam-practice-questions-set-6","ati-pn-anatomy-and-physiology-proctored-exam-practice-questions-set-4","RN Exams > RN Nursing Course Exams > Anatomy and Physiology","LPN Exams > ATI LPN Exams > Anatomy and Physiology","pillarPages/nursing-test-bank/subPages/SuT1noZoNGEjKGR1vTbi/nestedSubPages/zMFBI0XMiRsJnnXWhL5S/topics/PavJlfHXwXRUhopKAOO9/quizzes/Px3PmFCkzXu2KYNRos9R","pillarPages/nursing-test-bank/subPages/z0xzINtS3EohZNaKosBz/nestedSubPages/lyrHg4RBzN6UafuymMFT/topics/j5H2Ra9IgckkioC7vNSj/quizzes/SPRE7aJa8YoN3Rvy1hGn"
"1.000","Anatomy and Physiology Proctored Exam Practice Questions - Set 6","ATI PN Anatomy and Physiology Proctored Exam Practice Questions - Set 1","anatomy-and-physiology-proctored-exam-practice-questions-set-6","ati-pn-anatomy-and-physiology-proctored-exam-practice-questions-set-1","RN Exams > RN Nursing Course Exams > Anatomy and Physiology","LPN Exams > ATI LPN Exams > Anatomy and Physiology","pillarPages/nursing-test-bank/subPages/SuT1noZoNGEjKGR1vTbi/nestedSubPages/zMFBI0XMiRsJnnXWhL5S/topics/PavJlfHXwXRUhopKAOO9/quizzes/Px3PmFCkzXu2KYNRos9R","pillarPages/nursing-test-bank/subPages/z0xzINtS3EohZNaKosBz/nestedSubPages/lyrHg4RBzN6UafuymMFT/topics/j5H2Ra9IgckkioC7vNSj/quizzes/vEV3Ov1JMHdvu8tEE8Fx"
"1.000","Anatomy and Physiology Proctored Exam Practice Questions - Set 6","ATI PN Anatomy and Physiology Proctored Exam Practice Questions - Set 6","anatomy-and-physiology-proctored-exam-practice-questions-set-6","ati-pn-anatomy-and-physiology-proctored-exam-practice-questions-set-6","RN Exams > RN Nursing Course Exams > Anatomy and Physiology","LPN Exams > ATI LPN Exams > Anatomy and Physiology","pillarPages/nursing-test-bank/subPages/SuT1noZoNGEjKGR1vTbi/nestedSubPages/zMFBI0XMiRsJnnXWhL5S/topics/PavJlfHXwXRUhopKAOO9/quizzes/Px3PmFCkzXu2KYNRos9R","pillarPages/nursing-test-bank/subPages/z0xzINtS3EohZNaKosBz/nestedSubPages/lyrHg4RBzN6UafuymMFT/topics/j5H2Ra9IgckkioC7vNSj/quizzes/wnLgyB05a8GIdCTdb6rd"
"1.000","ATI Comprehensive Predictor 2023 Proctored Exam","RN Comprehensive Predictor 2023 Proctored Exam","ati-comprehensive-predictor-2023-proctored-exam","rn-comprehensive-predictor-2023-proctored-exam","RN Exams > ATI","RN Exams > ATI","pillarPages/nursing-exit-exam/subPages/S4vSoa5bxDgZ1L5kLOJe/nestedSubPages/QsMAv9L9bzYoFjgdfKgH/quizzes/3Bt8tM2V3bulUqha8Vut","pillarPages/nursing-exit-exam/subPages/S4vSoa5bxDgZ1L5kLOJe/nestedSubPages/QsMAv9L9bzYoFjgdfKgH/quizzes/7NR8TSkiLcI5yGHu5j9P"
"1.000","ATI Comprehensive Predictor 2023 Proctored Exam","RN ATI Comprehensive Predictor 2023 Proctored Exam","ati-comprehensive-predictor-2023-proctored-exam","rn-ati-comprehensive-predictor-2023-proctored-exam","RN Exams > ATI","RN Exams > ATI","pillarPages/nursing-exit-exam/subPages/S4vSoa5bxDgZ1L5kLOJe/nestedSubPages/QsMAv9L9bzYoFjgdfKgH/quizzes/3Bt8tM2V3bulUqha8Vut","pillarPages/nursing-exit-exam/subPages/S4vSoa5bxDgZ1L5kLOJe/nestedSubPages/QsMAv9L9bzYoFjgdfKgH/quizzes/WKomPJ6gFxboSjPJkv0h"
"1.000","ATI Comprehensive Predictor 2023 Proctored Exam","ATI RN Comprehensive Predictor 2023 Retake 1 Proctored Exam","ati-comprehensive-predictor-2023-proctored-exam","ati-rn-comprehensive-predictor-2023-retake-1-proctored-exam","RN Exams > ATI","RN Exams > ATI","pillarPages/nursing-exit-exam/subPages/S4vSoa5bxDgZ1L5kLOJe/nestedSubPages/QsMAv9L9bzYoFjgdfKgH/quizzes/3Bt8tM2V3bulUqha8Vut","pillarPages/nursing-exit-exam/subPages/S4vSoa5bxDgZ1L5kLOJe/nestedSubPages/QsMAv9L9bzYoFjgdfKgH/quizzes/mEBhNztauhOgWhy70kYa"
"1.000","ATI Comprehensive Predictor 2023 Proctored Exam","ATI RN Comprehensive Predictor 2023 Proctored Exam","ati-comprehensive-predictor-2023-proctored-exam","ati-rn-comprehensive-predictor-2023-proctored-exam","RN Exams > ATI","RN Exams > ATI","pillarPages/nursing-exit-exam/subPages/S4vSoa5bxDgZ1L5kLOJe/nestedSubPages/QsMAv9L9bzYoFjgdfKgH/quizzes/3Bt8tM2V3bulUqha8Vut","pillarPages/nursing-exit-exam/subPages/S4vSoa5bxDgZ1L5kLOJe/nestedSubPages/QsMAv9L9bzYoFjgdfKgH/quizzes/u6vxiapFhPTdccYDdmUR"
"1.000","ATI Comprehensive Predictor 2023 Proctored Exam","ATI PN Comprehensive Predictor 2023 Proctored Exam","ati-comprehensive-predictor-2023-proctored-exam","ati-pn-comprehensive-predictor-2023-proctored-exam","RN Exams > ATI","LPN Exams > ATI","pillarPages/nursing-exit-exam/subPages/S4vSoa5bxDgZ1L5kLOJe/nestedSubPages/QsMAv9L9bzYoFjgdfKgH/quizzes/3Bt8tM2V3bulUqha8Vut","pillarPages/nursing-exit-exam/subPages/nkXaaMfkkbvjmrSRwtVq/nestedSubPages/ShdTxCRHYWbhmGg06Sgw/quizzes/7yOPBQK1AMK0cztnZmrv"
"1.000","ATI Comprehensive Predictor 2023 Proctored Exam","ATI LPN Comprehensive Predictor 2023 Proctored Exam","ati-comprehensive-predictor-2023-proctored-exam","ati-lpn-comprehensive-predictor-2023-proctored-exam","RN Exams > ATI","LPN Exams > ATI","pillarPages/nursing-exit-exam/subPages/S4vSoa5bxDgZ1L5kLOJe/nestedSubPages/QsMAv9L9bzYoFjgdfKgH/quizzes/3Bt8tM2V3bulUqha8Vut","pillarPages/nursing-exit-exam/subPages/nkXaaMfkkbvjmrSRwtVq/nestedSubPages/ShdTxCRHYWbhmGg06Sgw/quizzes/EmymgdDcm9romnoheHBP"
"1.000","ATI Comprehensive Predictor 2023 Proctored Exam","PN Comprehensive Predictor PN 2020 Proctored Exam","ati-comprehensive-predictor-2023-proctored-exam","pn-comprehensive-predictor-pn-2020-proctored-exam","RN Exams > ATI","LPN Exams > ATI","pillarPages/nursing-exit-exam/subPages/S4vSoa5bxDgZ1L5kLOJe/nestedSubPages/QsMAv9L9bzYoFjgdfKgH/quizzes/3Bt8tM2V3bulUqha8Vut","pillarPages/nursing-exit-exam/subPages/nkXaaMfkkbvjmrSRwtVq/nestedSubPages/ShdTxCRHYWbhmGg06Sgw/quizzes/LDLjU0O0XVhoyQn0qtEm"
"1.000","ATI Comprehensive Predictor 2023 Proctored Exam","ATI LPN Comprehensive Predictor Proctored Exam","ati-comprehensive-predictor-2023-proctored-exam","ati-lpn-comprehensive-predictor-proctored-exam","RN Exams > ATI","LPN Exams > ATI","pillarPages/nursing-exit-exam/subPages/S4vSoa5bxDgZ1L5kLOJe/nestedSubPages/QsMAv9L9bzYoFjgdfKgH/quizzes/3Bt8tM2V3bulUqha8Vut","pillarPages/nursing-exit-exam/subPages/nkXaaMfkkbvjmrSRwtVq/nestedSubPages/ShdTxCRHYWbhmGg06Sgw/quizzes/T56moNn1qjUb8M6GIRO6"
"1.000","ATI Comprehensive Predictor 2023 Proctored Exam","PN Comprehensive Predictor 2023 Proctored Exam","ati-comprehensive-predictor-2023-proctored-exam","pn-comprehensive-predictor-2023-proctored-exam","RN Exams > ATI","LPN Exams > ATI","pillarPages/nursing-exit-exam/subPages/S4vSoa5bxDgZ1L5kLOJe/nestedSubPages/QsMAv9L9bzYoFjgdfKgH/quizzes/3Bt8tM2V3bulUqha8Vut","pillarPages/nursing-exit-exam/subPages/nkXaaMfkkbvjmrSRwtVq/nestedSubPages/ShdTxCRHYWbhmGg06Sgw/quizzes/Vocj5Ih0PRWIxrUPOjRx"
"1.000","ATI LPN Comprehensive Predictor 2023 Proctored Exam","PN Comprehensive Predictor PN 2020 Proctored Exam","ati-lpn-comprehensive-predictor-2023-proctored-exam","pn-comprehensive-predictor-pn-2020-proctored-exam","LPN Exams > ATI","LPN Exams > ATI","pillarPages/nursing-exit-exam/subPages/nkXaaMfkkbvjmrSRwtVq/nestedSubPages/ShdTxCRHYWbhmGg06Sgw/quizzes/EmymgdDcm9romnoheHBP","pillarPages/nursing-exit-exam/subPages/nkXaaMfkkbvjmrSRwtVq/nestedSubPages/ShdTxCRHYWbhmGg06Sgw/quizzes/LDLjU0O0XVhoyQn0qtEm"
"1.000","ATI LPN Comprehensive Predictor 2023 Proctored Exam","ATI LPN Comprehensive Predictor Proctored Exam","ati-lpn-comprehensive-predictor-2023-proctored-exam","ati-lpn-comprehensive-predictor-proctored-exam","LPN Exams > ATI","LPN Exams > ATI","pillarPages/nursing-exit-exam/subPages/nkXaaMfkkbvjmrSRwtVq/nestedSubPages/ShdTxCRHYWbhmGg06Sgw/quizzes/EmymgdDcm9romnoheHBP","pillarPages/nursing-exit-exam/subPages/nkXaaMfkkbvjmrSRwtVq/nestedSubPages/ShdTxCRHYWbhmGg06Sgw/quizzes/T56moNn1qjUb8M6GIRO6"
"1.000","ATI LPN Comprehensive Predictor 2023 Proctored Exam","PN Comprehensive Predictor 2023 Proctored Exam","ati-lpn-comprehensive-predictor-2023-proctored-exam","pn-comprehensive-predictor-2023-proctored-exam","LPN Exams > ATI","LPN Exams > ATI","pillarPages/nursing-exit-exam/subPages/nkXaaMfkkbvjmrSRwtVq/nestedSubPages/ShdTxCRHYWbhmGg06Sgw/quizzes/EmymgdDcm9romnoheHBP","pillarPages/nursing-exit-exam/subPages/nkXaaMfkkbvjmrSRwtVq/nestedSubPages/ShdTxCRHYWbhmGg06Sgw/quizzes/Vocj5Ih0PRWIxrUPOjRx"
"1.000","ATI LPN Comprehensive Predictor Proctored Exam","PN Comprehensive Predictor 2023 Proctored Exam","ati-lpn-comprehensive-predictor-proctored-exam","pn-comprehensive-predictor-2023-proctored-exam","LPN Exams > ATI","LPN Exams > ATI","pillarPages/nursing-exit-exam/subPages/nkXaaMfkkbvjmrSRwtVq/nestedSubPages/ShdTxCRHYWbhmGg06Sgw/quizzes/T56moNn1qjUb8M6GIRO6","pillarPages/nursing-exit-exam/subPages/nkXaaMfkkbvjmrSRwtVq/nestedSubPages/ShdTxCRHYWbhmGg06Sgw/quizzes/Vocj5Ih0PRWIxrUPOjRx"
"1.000","ATI PN Adult Medical Surgical 2020 with NGN Proctored Exam Practice Questions - Set 65","ATI PN Adult Medical Surgical 2020 with NGN Proctored Exam Practice Questions - Set 68","ati-pn-adult-medical-surgical-2020-with-ngn-proctored-exam-practice-questions-set-65","ati-pn-adult-medical-surgical-2020-with-ngn-proctored-exam-practice-questions-set-68","LPN Exams > ATI LPN Exams > Adult Medical Surgical","LPN Exams > ATI LPN Exams > Adult Medical Surgical","pillarPages/nursing-test-bank/subPages/z0xzINtS3EohZNaKosBz/nestedSubPages/lyrHg4RBzN6UafuymMFT/topics/NywbGW22YNeZSM3kuwKk/quizzes/CAsfGH2M9jrXKN0gAWeC","pillarPages/nursing-test-bank/subPages/z0xzINtS3EohZNaKosBz/nestedSubPages/lyrHg4RBzN6UafuymMFT/topics/NywbGW22YNeZSM3kuwKk/quizzes/kNWiO8VMKh6BQe38Ix3P"
"1.000","ATI PN Adult Medical Surgical 2023 Proctored Exam Practice Questions - Set 63","ATI PN Adult Medical Surgical 2023 Proctored Exam Practice Questions - Set 50","ati-pn-adult-medical-surgical-2023-proctored-exam-practice-questions-set-63","ati-pn-adult-medical-surgical-2023-proctored-exam-practice-questions-set-50","LPN Exams > ATI LPN Exams > Adult Medical Surgical","LPN Exams > ATI LPN Exams > Adult Medical Surgical","pillarPages/nursing-test-bank/subPages/z0xzINtS3EohZNaKosBz/nestedSubPages/lyrHg4RBzN6UafuymMFT/topics/NywbGW22YNeZSM3kuwKk/quizzes/NIonK5tehhM21SSztUCD","pillarPages/nursing-test-bank/subPages/z0xzINtS3EohZNaKosBz/nestedSubPages/lyrHg4RBzN6UafuymMFT/topics/NywbGW22YNeZSM3kuwKk/quizzes/dvBKvnLd8bkg4O6JHBAC"
"1.000","ATI PN Adult Medical Surgical Proctored Exam 2023 Practice Questions - Set 25","ATI PN Adult Medical Surgical 2023 Proctored Exam Practice Questions - Set 63","ati-pn-adult-medical-surgical-proctored-exam-2023-practice-questions-set-25","ati-pn-adult-medical-surgical-2023-proctored-exam-practice-questions-set-63","LPN Exams > ATI LPN Exams > Adult Medical Surgical","LPN Exams > ATI LPN Exams > Adult Medical Surgical","pillarPages/nursing-test-bank/subPages/z0xzINtS3EohZNaKosBz/nestedSubPages/lyrHg4RBzN6UafuymMFT/topics/NywbGW22YNeZSM3kuwKk/quizzes/5UzPbe4Aso7UcswnVW3U","pillarPages/nursing-test-bank/subPages/z0xzINtS3EohZNaKosBz/nestedSubPages/lyrHg4RBzN6UafuymMFT/topics/NywbGW22YNeZSM3kuwKk/quizzes/NIonK5tehhM21SSztUCD"
"1.000","ATI PN Adult Medical Surgical Proctored Exam 2023 Practice Questions - Set 25","ATI PN Adult Medical Surgical 2023 Proctored Exam Practice Questions - Set 50","ati-pn-adult-medical-surgical-proctored-exam-2023-practice-questions-set-25","ati-pn-adult-medical-surgical-2023-proctored-exam-practice-questions-set-50","LPN Exams > ATI LPN Exams > Adult Medical Surgical","LPN Exams > ATI LPN Exams > Adult Medical Surgical","pillarPages/nursing-test-bank/subPages/z0xzINtS3EohZNaKosBz/nestedSubPages/lyrHg4RBzN6UafuymMFT/topics/NywbGW22YNeZSM3kuwKk/quizzes/5UzPbe4Aso7UcswnVW3U","pillarPages/nursing-test-bank/subPages/z0xzINtS3EohZNaKosBz/nestedSubPages/lyrHg4RBzN6UafuymMFT/topics/NywbGW22YNeZSM3kuwKk/quizzes/dvBKvnLd8bkg4O6JHBAC"
"1.000","ATI PN Adult Medical Surgical Proctored Exam 2023 Practice Questions - Set 30","ATI PN Adult Medical Surgical Proctored Exam 2023 Practice Questions - Set 25","ati-pn-adult-medical-surgical-proctored-exam-2023-practice-questions-set-30","ati-pn-adult-medical-surgical-proctored-exam-2023-practice-questions-set-25","LPN Exams > ATI LPN Exams > Adult Medical Surgical","LPN Exams > ATI LPN Exams > Adult Medical Surgical","pillarPages/nursing-test-bank/subPages/z0xzINtS3EohZNaKosBz/nestedSubPages/lyrHg4RBzN6UafuymMFT/topics/NywbGW22YNeZSM3kuwKk/quizzes/3x6KWzk7yWL5Y2MFFcyd","pillarPages/nursing-test-bank/subPages/z0xzINtS3EohZNaKosBz/nestedSubPages/lyrHg4RBzN6UafuymMFT/topics/NywbGW22YNeZSM3kuwKk/quizzes/5UzPbe4Aso7UcswnVW3U"
"1.000","ATI PN Adult Medical Surgical Proctored Exam 2023 Practice Questions - Set 30","ATI PN Adult Medical Surgical 2023 Proctored Exam Practice Questions - Set 63","ati-pn-adult-medical-surgical-proctored-exam-2023-practice-questions-set-30","ati-pn-adult-medical-surgical-2023-proctored-exam-practice-questions-set-63","LPN Exams > ATI LPN Exams > Adult Medical Surgical","LPN Exams > ATI LPN Exams > Adult Medical Surgical","pillarPages/nursing-test-bank/subPages/z0xzINtS3EohZNaKosBz/nestedSubPages/lyrHg4RBzN6UafuymMFT/topics/NywbGW22YNeZSM3kuwKk/quizzes/3x6KWzk7yWL5Y2MFFcyd","pillarPages/nursing-test-bank/subPages/z0xzINtS3EohZNaKosBz/nestedSubPages/lyrHg4RBzN6UafuymMFT/topics/NywbGW22YNeZSM3kuwKk/quizzes/NIonK5tehhM21SSztUCD"
"1.000","ATI PN Adult Medical Surgical Proctored Exam 2023 Practice Questions - Set 30","ATI PN Adult Medical Surgical 2023 Proctored Exam Practice Questions - Set 50","ati-pn-adult-medical-surgical-proctored-exam-2023-practice-questions-set-30","ati-pn-adult-medical-surgical-2023-proctored-exam-practice-questions-set-50","LPN Exams > ATI LPN Exams > Adult Medical Surgical","LPN Exams > ATI LPN Exams > Adult Medical Surgical","pillarPages/nursing-test-bank/subPages/z0xzINtS3EohZNaKosBz/nestedSubPages/lyrHg4RBzN6UafuymMFT/topics/NywbGW22YNeZSM3kuwKk/quizzes/3x6KWzk7yWL5Y2MFFcyd","pillarPages/nursing-test-bank/subPages/z0xzINtS3EohZNaKosBz/nestedSubPages/lyrHg4RBzN6UafuymMFT/topics/NywbGW22YNeZSM3kuwKk/quizzes/dvBKvnLd8bkg4O6JHBAC"
"1.000","ATI PN Advanced Med Surg Proctored Exam Practice Questions - Set 27","ATI PN Advanced Med Surg Proctored Exam. Practice Questions","ati-pn-advanced-med-surg-proctored-exam-practice-questions-set-27","ati-pn-advanced-med-surg-proctored-exam-practice-questions","LPN Exams > ATI LPN Exams > Adult Medical Surgical","LPN Exams > ATI LPN Exams > Adult Medical Surgical","pillarPages/nursing-test-bank/subPages/z0xzINtS3EohZNaKosBz/nestedSubPages/lyrHg4RBzN6UafuymMFT/topics/NywbGW22YNeZSM3kuwKk/quizzes/JXueKblKvor677H6vams","pillarPages/nursing-test-bank/subPages/z0xzINtS3EohZNaKosBz/nestedSubPages/lyrHg4RBzN6UafuymMFT/topics/NywbGW22YNeZSM3kuwKk/quizzes/XHWqHQ2bEOP33PwErUTI"
"1.000","ATI PN Advanced Med Surg Proctored Exam Practice Questions - Set 28","ATI PN Advanced Med Surg Proctored Exam Practice Questions - Set 27","ati-pn-advanced-med-surg-proctored-exam-practice-questions-set-28","ati-pn-advanced-med-surg-proctored-exam-practice-questions-set-27","LPN Exams > ATI LPN Exams > Adult Medical Surgical","LPN Exams > ATI LPN Exams > Adult Medical Surgical","pillarPages/nursing-test-bank/subPages/z0xzINtS3EohZNaKosBz/nestedSubPages/lyrHg4RBzN6UafuymMFT/topics/NywbGW22YNeZSM3kuwKk/quizzes/GHGeirIq9kBxLgCe2Wot","pillarPages/nursing-test-bank/subPages/z0xzINtS3EohZNaKosBz/nestedSubPages/lyrHg4RBzN6UafuymMFT/topics/NywbGW22YNeZSM3kuwKk/quizzes/JXueKblKvor677H6vams"
"1.000","ATI PN Advanced Med Surg Proctored Exam Practice Questions - Set 28","ATI PN Advanced Med Surg Proctored Exam. Practice Questions","ati-pn-advanced-med-surg-proctored-exam-practice-questions-set-28","ati-pn-advanced-med-surg-proctored-exam-practice-questions","LPN Exams > ATI LPN Exams > Adult Medical Surgical","LPN Exams > ATI LPN Exams > Adult Medical Surgical","pillarPages/nursing-test-bank/subPages/z0xzINtS3EohZNaKosBz/nestedSubPages/lyrHg4RBzN6UafuymMFT/topics/NywbGW22YNeZSM3kuwKk/quizzes/GHGeirIq9kBxLgCe2Wot","pillarPages/nursing-test-bank/subPages/z0xzINtS3EohZNaKosBz/nestedSubPages/lyrHg4RBzN6UafuymMFT/topics/NywbGW22YNeZSM3kuwKk/quizzes/XHWqHQ2bEOP33PwErUTI"
"1.000","ATI PN Anatomy and Physiology Proctored Exam Practice Questions - Set 1","ATI PN Anatomy and Physiology Proctored Exam Practice Questions - Set 6","ati-pn-anatomy-and-physiology-proctored-exam-practice-questions-set-1","ati-pn-anatomy-and-physiology-proctored-exam-practice-questions-set-6","LPN Exams > ATI LPN Exams > Anatomy and Physiology","LPN Exams > ATI LPN Exams > Anatomy and Physiology","pillarPages/nursing-test-bank/subPages/z0xzINtS3EohZNaKosBz/nestedSubPages/lyrHg4RBzN6UafuymMFT/topics/j5H2Ra9IgckkioC7vNSj/quizzes/vEV3Ov1JMHdvu8tEE8Fx","pillarPages/nursing-test-bank/subPages/z0xzINtS3EohZNaKosBz/nestedSubPages/lyrHg4RBzN6UafuymMFT/topics/j5H2Ra9IgckkioC7vNSj/quizzes/wnLgyB05a8GIdCTdb6rd"
"1.000","ATI PN Anatomy and Physiology Proctored Exam Practice Questions - Set 2","ATI PN Anatomy and Physiology Proctored Exam Practice Questions - Set 3","ati-pn-anatomy-and-physiology-proctored-exam-practice-questions-set-2","ati-pn-anatomy-and-physiology-proctored-exam-practice-questions-set-3","LPN Exams > ATI LPN Exams > Anatomy and Physiology","LPN Exams > ATI LPN Exams > Anatomy and Physiology","pillarPages/nursing-test-bank/subPages/z0xzINtS3EohZNaKosBz/nestedSubPages/lyrHg4RBzN6UafuymMFT/topics/j5H2Ra9IgckkioC7vNSj/quizzes/BQt862kmRN23DCkh3PyI","pillarPages/nursing-test-bank/subPages/z0xzINtS3EohZNaKosBz/nestedSubPages/lyrHg4RBzN6UafuymMFT/topics/j5H2Ra9IgckkioC7vNSj/quizzes/BjFkdXJGYGg1TurUdCIg"
"1.000","ATI PN Anatomy and Physiology Proctored Exam Practice Questions - Set 2","ATI PN Anatomy and Physiology Proctored Exam Practice Questions - Set 7","ati-pn-anatomy-and-physiology-proctored-exam-practice-questions-set-2","ati-pn-anatomy-and-physiology-proctored-exam-practice-questions-set-7","LPN Exams > ATI LPN Exams > Anatomy and Physiology","LPN Exams > ATI LPN Exams > Anatomy and Physiology","pillarPages/nursing-test-bank/subPages/z0xzINtS3EohZNaKosBz/nestedSubPages/lyrHg4RBzN6UafuymMFT/topics/j5H2Ra9IgckkioC7vNSj/quizzes/BQt862kmRN23DCkh3PyI","pillarPages/nursing-test-bank/subPages/z0xzINtS3EohZNaKosBz/nestedSubPages/lyrHg4RBzN6UafuymMFT/topics/j5H2Ra9IgckkioC7vNSj/quizzes/M9QU2W6AbvrmWM9FUtnK"
"1.000","ATI PN Anatomy and Physiology Proctored Exam Practice Questions - Set 2","ATI PN Anatomy and Physiology Proctored Exam Practice Questions - Set 4","ati-pn-anatomy-and-physiology-proctored-exam-practice-questions-set-2","ati-pn-anatomy-and-physiology-proctored-exam-practice-questions-set-4","LPN Exams > ATI LPN Exams > Anatomy and Physiology","LPN Exams > ATI LPN Exams > Anatomy and Physiology","pillarPages/nursing-test-bank/subPages/z0xzINtS3EohZNaKosBz/nestedSubPages/lyrHg4RBzN6UafuymMFT/topics/j5H2Ra9IgckkioC7vNSj/quizzes/BQt862kmRN23DCkh3PyI","pillarPages/nursing-test-bank/subPages/z0xzINtS3EohZNaKosBz/nestedSubPages/lyrHg4RBzN6UafuymMFT/topics/j5H2Ra9IgckkioC7vNSj/quizzes/SPRE7aJa8YoN3Rvy1hGn"
"1.000","ATI PN Anatomy and Physiology Proctored Exam Practice Questions - Set 2","ATI PN Anatomy and Physiology Proctored Exam Practice Questions - Set 1","ati-pn-anatomy-and-physiology-proctored-exam-practice-questions-set-2","ati-pn-anatomy-and-physiology-proctored-exam-practice-questions-set-1","LPN Exams > ATI LPN Exams > Anatomy and Physiology","LPN Exams > ATI LPN Exams > Anatomy and Physiology","pillarPages/nursing-test-bank/subPages/z0xzINtS3EohZNaKosBz/nestedSubPages/lyrHg4RBzN6UafuymMFT/topics/j5H2Ra9IgckkioC7vNSj/quizzes/BQt862kmRN23DCkh3PyI","pillarPages/nursing-test-bank/subPages/z0xzINtS3EohZNaKosBz/nestedSubPages/lyrHg4RBzN6UafuymMFT/topics/j5H2Ra9IgckkioC7vNSj/quizzes/vEV3Ov1JMHdvu8tEE8Fx"
"1.000","ATI PN Anatomy and Physiology Proctored Exam Practice Questions - Set 2","ATI PN Anatomy and Physiology Proctored Exam Practice Questions - Set 6","ati-pn-anatomy-and-physiology-proctored-exam-practice-questions-set-2","ati-pn-anatomy-and-physiology-proctored-exam-practice-questions-set-6","LPN Exams > ATI LPN Exams > Anatomy and Physiology","LPN Exams > ATI LPN Exams > Anatomy and Physiology","pillarPages/nursing-test-bank/subPages/z0xzINtS3EohZNaKosBz/nestedSubPages/lyrHg4RBzN6UafuymMFT/topics/j5H2Ra9IgckkioC7vNSj/quizzes/BQt862kmRN23DCkh3PyI","pillarPages/nursing-test-bank/subPages/z0xzINtS3EohZNaKosBz/nestedSubPages/lyrHg4RBzN6UafuymMFT/topics/j5H2Ra9IgckkioC7vNSj/quizzes/wnLgyB05a8GIdCTdb6rd"
"1.000","ATI PN Anatomy and Physiology Proctored Exam Practice Questions - Set 3","ATI PN Anatomy and Physiology Proctored Exam Practice Questions - Set 7","ati-pn-anatomy-and-physiology-proctored-exam-practice-questions-set-3","ati-pn-anatomy-and-physiology-proctored-exam-practice-questions-set-7","LPN Exams > ATI LPN Exams > Anatomy and Physiology","LPN Exams > ATI LPN Exams > Anatomy and Physiology","pillarPages/nursing-test-bank/subPages/z0xzINtS3EohZNaKosBz/nestedSubPages/lyrHg4RBzN6UafuymMFT/topics/j5H2Ra9IgckkioC7vNSj/quizzes/BjFkdXJGYGg1TurUdCIg","pillarPages/nursing-test-bank/subPages/z0xzINtS3EohZNaKosBz/nestedSubPages/lyrHg4RBzN6UafuymMFT/topics/j5H2Ra9IgckkioC7vNSj/quizzes/M9QU2W6AbvrmWM9FUtnK"
"1.000","ATI PN Anatomy and Physiology Proctored Exam Practice Questions - Set 3","ATI PN Anatomy and Physiology Proctored Exam Practice Questions - Set 4","ati-pn-anatomy-and-physiology-proctored-exam-practice-questions-set-3","ati-pn-anatomy-and-physiology-proctored-exam-practice-questions-set-4","LPN Exams > ATI LPN Exams > Anatomy and Physiology","LPN Exams > ATI LPN Exams > Anatomy and Physiology","pillarPages/nursing-test-bank/subPages/z0xzINtS3EohZNaKosBz/nestedSubPages/lyrHg4RBzN6UafuymMFT/topics/j5H2Ra9IgckkioC7vNSj/quizzes/BjFkdXJGYGg1TurUdCIg","pillarPages/nursing-test-bank/subPages/z0xzINtS3EohZNaKosBz/nestedSubPages/lyrHg4RBzN6UafuymMFT/topics/j5H2Ra9IgckkioC7vNSj/quizzes/SPRE7aJa8YoN3Rvy1hGn"
"1.000","ATI PN Anatomy and Physiology Proctored Exam Practice Questions - Set 3","ATI PN Anatomy and Physiology Proctored Exam Practice Questions - Set 1","ati-pn-anatomy-and-physiology-proctored-exam-practice-questions-set-3","ati-pn-anatomy-and-physiology-proctored-exam-practice-questions-set-1","LPN Exams > ATI LPN Exams > Anatomy and Physiology","LPN Exams > ATI LPN Exams > Anatomy and Physiology","pillarPages/nursing-test-bank/subPages/z0xzINtS3EohZNaKosBz/nestedSubPages/lyrHg4RBzN6UafuymMFT/topics/j5H2Ra9IgckkioC7vNSj/quizzes/BjFkdXJGYGg1TurUdCIg","pillarPages/nursing-test-bank/subPages/z0xzINtS3EohZNaKosBz/nestedSubPages/lyrHg4RBzN6UafuymMFT/topics/j5H2Ra9IgckkioC7vNSj/quizzes/vEV3Ov1JMHdvu8tEE8Fx"
"1.000","ATI PN Anatomy and Physiology Proctored Exam Practice Questions - Set 3","ATI PN Anatomy and Physiology Proctored Exam Practice Questions - Set 6","ati-pn-anatomy-and-physiology-proctored-exam-practice-questions-set-3","ati-pn-anatomy-and-physiology-proctored-exam-practice-questions-set-6","LPN Exams > ATI LPN Exams > Anatomy and Physiology","LPN Exams > ATI LPN Exams > Anatomy and Physiology","pillarPages/nursing-test-bank/subPages/z0xzINtS3EohZNaKosBz/nestedSubPages/lyrHg4RBzN6UafuymMFT/topics/j5H2Ra9IgckkioC7vNSj/quizzes/BjFkdXJGYGg1TurUdCIg","pillarPages/nursing-test-bank/subPages/z0xzINtS3EohZNaKosBz/nestedSubPages/lyrHg4RBzN6UafuymMFT/topics/j5H2Ra9IgckkioC7vNSj/quizzes/wnLgyB05a8GIdCTdb6rd"
"1.000","ATI PN Anatomy and Physiology Proctored Exam Practice Questions - Set 4","ATI PN Anatomy and Physiology Proctored Exam Practice Questions - Set 1","ati-pn-anatomy-and-physiology-proctored-exam-practice-questions-set-4","ati-pn-anatomy-and-physiology-proctored-exam-practice-questions-set-1","LPN Exams > ATI LPN Exams > Anatomy and Physiology","LPN Exams > ATI LPN Exams > Anatomy and Physiology","pillarPages/nursing-test-bank/subPages/z0xzINtS3EohZNaKosBz/nestedSubPages/lyrHg4RBzN6UafuymMFT/topics/j5H2Ra9IgckkioC7vNSj/quizzes/SPRE7aJa8YoN3Rvy1hGn","pillarPages/nursing-test-bank/subPages/z0xzINtS3EohZNaKosBz/nestedSubPages/lyrHg4RBzN6UafuymMFT/topics/j5H2Ra9IgckkioC7vNSj/quizzes/vEV3Ov1JMHdvu8tEE8Fx"
"1.000","ATI PN Anatomy and Physiology Proctored Exam Practice Questions - Set 4","ATI PN Anatomy and Physiology Proctored Exam Practice Questions - Set 6","ati-pn-anatomy-and-physiology-proctored-exam-practice-questions-set-4","ati-pn-anatomy-and-physiology-proctored-exam-practice-questions-set-6","LPN Exams > ATI LPN Exams > Anatomy and Physiology","LPN Exams > ATI LPN Exams > Anatomy and Physiology","pillarPages/nursing-test-bank/subPages/z0xzINtS3EohZNaKosBz/nestedSubPages/lyrHg4RBzN6UafuymMFT/topics/j5H2Ra9IgckkioC7vNSj/quizzes/SPRE7aJa8YoN3Rvy1hGn","pillarPages/nursing-test-bank/subPages/z0xzINtS3EohZNaKosBz/nestedSubPages/lyrHg4RBzN6UafuymMFT/topics/j5H2Ra9IgckkioC7vNSj/quizzes/wnLgyB05a8GIdCTdb6rd"
"1.000","ATI PN Anatomy and Physiology Proctored Exam Practice Questions - Set 7","ATI PN Anatomy and Physiology Proctored Exam Practice Questions - Set 4","ati-pn-anatomy-and-physiology-proctored-exam-practice-questions-set-7","ati-pn-anatomy-and-physiology-proctored-exam-practice-questions-set-4","LPN Exams > ATI LPN Exams > Anatomy and Physiology","LPN Exams > ATI LPN Exams > Anatomy and Physiology","pillarPages/nursing-test-bank/subPages/z0xzINtS3EohZNaKosBz/nestedSubPages/lyrHg4RBzN6UafuymMFT/topics/j5H2Ra9IgckkioC7vNSj/quizzes/M9QU2W6AbvrmWM9FUtnK","pillarPages/nursing-test-bank/subPages/z0xzINtS3EohZNaKosBz/nestedSubPages/lyrHg4RBzN6UafuymMFT/topics/j5H2Ra9IgckkioC7vNSj/quizzes/SPRE7aJa8YoN3Rvy1hGn"
"1.000","ATI PN Anatomy and Physiology Proctored Exam Practice Questions - Set 7","ATI PN Anatomy and Physiology Proctored Exam Practice Questions - Set 1","ati-pn-anatomy-and-physiology-proctored-exam-practice-questions-set-7","ati-pn-anatomy-and-physiology-proctored-exam-practice-questions-set-1","LPN Exams > ATI LPN Exams > Anatomy and Physiology","LPN Exams > ATI LPN Exams > Anatomy and Physiology","pillarPages/nursing-test-bank/subPages/z0xzINtS3EohZNaKosBz/nestedSubPages/lyrHg4RBzN6UafuymMFT/topics/j5H2Ra9IgckkioC7vNSj/quizzes/M9QU2W6AbvrmWM9FUtnK","pillarPages/nursing-test-bank/subPages/z0xzINtS3EohZNaKosBz/nestedSubPages/lyrHg4RBzN6UafuymMFT/topics/j5H2Ra9IgckkioC7vNSj/quizzes/vEV3Ov1JMHdvu8tEE8Fx"
"1.000","ATI PN Anatomy and Physiology Proctored Exam Practice Questions - Set 7","ATI PN Anatomy and Physiology Proctored Exam Practice Questions - Set 6","ati-pn-anatomy-and-physiology-proctored-exam-practice-questions-set-7","ati-pn-anatomy-and-physiology-proctored-exam-practice-questions-set-6","LPN Exams > ATI LPN Exams > Anatomy and Physiology","LPN Exams > ATI LPN Exams > Anatomy and Physiology","pillarPages/nursing-test-bank/subPages/z0xzINtS3EohZNaKosBz/nestedSubPages/lyrHg4RBzN6UafuymMFT/topics/j5H2Ra9IgckkioC7vNSj/quizzes/M9QU2W6AbvrmWM9FUtnK","pillarPages/nursing-test-bank/subPages/z0xzINtS3EohZNaKosBz/nestedSubPages/lyrHg4RBzN6UafuymMFT/topics/j5H2Ra9IgckkioC7vNSj/quizzes/wnLgyB05a8GIdCTdb6rd"
"1.000","ATI PN Comprehensive Predictor 2023 Proctored Exam","ATI LPN Comprehensive Predictor 2023 Proctored Exam","ati-pn-comprehensive-predictor-2023-proctored-exam","ati-lpn-comprehensive-predictor-2023-proctored-exam","LPN Exams > ATI","LPN Exams > ATI","pillarPages/nursing-exit-exam/subPages/nkXaaMfkkbvjmrSRwtVq/nestedSubPages/ShdTxCRHYWbhmGg06Sgw/quizzes/7yOPBQK1AMK0cztnZmrv","pillarPages/nursing-exit-exam/subPages/nkXaaMfkkbvjmrSRwtVq/nestedSubPages/ShdTxCRHYWbhmGg06Sgw/quizzes/EmymgdDcm9romnoheHBP"
"1.000","ATI PN Comprehensive Predictor 2023 Proctored Exam","PN Comprehensive Predictor PN 2020 Proctored Exam","ati-pn-comprehensive-predictor-2023-proctored-exam","pn-comprehensive-predictor-pn-2020-proctored-exam","LPN Exams > ATI","LPN Exams > ATI","pillarPages/nursing-exit-exam/subPages/nkXaaMfkkbvjmrSRwtVq/nestedSubPages/ShdTxCRHYWbhmGg06Sgw/quizzes/7yOPBQK1AMK0cztnZmrv","pillarPages/nursing-exit-exam/subPages/nkXaaMfkkbvjmrSRwtVq/nestedSubPages/ShdTxCRHYWbhmGg06Sgw/quizzes/LDLjU0O0XVhoyQn0qtEm"
"1.000","ATI PN Comprehensive Predictor 2023 Proctored Exam","ATI LPN Comprehensive Predictor Proctored Exam","ati-pn-comprehensive-predictor-2023-proctored-exam","ati-lpn-comprehensive-predictor-proctored-exam","LPN Exams > ATI","LPN Exams > ATI","pillarPages/nursing-exit-exam/subPages/nkXaaMfkkbvjmrSRwtVq/nestedSubPages/ShdTxCRHYWbhmGg06Sgw/quizzes/7yOPBQK1AMK0cztnZmrv","pillarPages/nursing-exit-exam/subPages/nkXaaMfkkbvjmrSRwtVq/nestedSubPages/ShdTxCRHYWbhmGg06Sgw/quizzes/T56moNn1qjUb8M6GIRO6"
"1.000","ATI PN Comprehensive Predictor 2023 Proctored Exam","PN Comprehensive Predictor 2023 Proctored Exam","ati-pn-comprehensive-predictor-2023-proctored-exam","pn-comprehensive-predictor-2023-proctored-exam","LPN Exams > ATI","LPN Exams > ATI","pillarPages/nursing-exit-exam/subPages/nkXaaMfkkbvjmrSRwtVq/nestedSubPages/ShdTxCRHYWbhmGg06Sgw/quizzes/7yOPBQK1AMK0cztnZmrv","pillarPages/nursing-exit-exam/subPages/nkXaaMfkkbvjmrSRwtVq/nestedSubPages/ShdTxCRHYWbhmGg06Sgw/quizzes/Vocj5Ih0PRWIxrUPOjRx"
"1.000","ATI PN Comprehensive Predictor 2023 Proctored Exam Form 2","ATI LPN Comprehensive Predictor 2023 Proctored Exam Form 2","ati-pn-comprehensive-predictor-2023-proctored-exam-form-2","ati-lpn-comprehensive-predictor-2023-proctored-exam-form-2","LPN Exams > ATI","LPN Exams > ATI","pillarPages/nursing-exit-exam/subPages/nkXaaMfkkbvjmrSRwtVq/nestedSubPages/ShdTxCRHYWbhmGg06Sgw/quizzes/j713hlGJ9h6NB9ntKO81","pillarPages/nursing-exit-exam/subPages/nkXaaMfkkbvjmrSRwtVq/nestedSubPages/ShdTxCRHYWbhmGg06Sgw/quizzes/yptRWKJl0QClxAyZXb2o"
"1.000","ATI PN Critical Thinking Proctored Exam Practice Questions - Set 20","ATI PN Critical Thinking Proctored Exam Practice Questions - Set 1","ati-pn-critical-thinking-proctored-exam-practice-questions-set-20","ati-pn-critical-thinking-proctored-exam-practice-questions-set-1","LPN Exams > ATI LPN Exams > Fundamentals","LPN Exams > ATI LPN Exams > Comprehensive Review","pillarPages/nursing-test-bank/subPages/z0xzINtS3EohZNaKosBz/nestedSubPages/lyrHg4RBzN6UafuymMFT/topics/1Lb0PkKiTEM2wQOIMDtv/quizzes/A29askX7kpjZw2xiiloN","pillarPages/nursing-test-bank/subPages/z0xzINtS3EohZNaKosBz/nestedSubPages/lyrHg4RBzN6UafuymMFT/topics/AIrzHbC5yDHk6TUjdEeM/quizzes/R9da0zbOLu0fM4XjbRYF"
"1.000","ATI PN Level 2 Med Surg Proctored Exam Practice Questions","ATI PN Med Surg Level 2 Proctored Exam Practice Questions - Set 48","ati-pn-level-2-med-surg-proctored-exam-practice-questions","ati-pn-med-surg-level-2-proctored-exam-practice-questions-set-48","LPN Exams > ATI LPN Exams > Adult Medical Surgical","LPN Exams > ATI LPN Exams > Adult Medical Surgical","pillarPages/nursing-test-bank/subPages/z0xzINtS3EohZNaKosBz/nestedSubPages/lyrHg4RBzN6UafuymMFT/topics/NywbGW22YNeZSM3kuwKk/quizzes/xyUf0xy22MHzkHSGvEWc","pillarPages/nursing-test-bank/subPages/z0xzINtS3EohZNaKosBz/nestedSubPages/lyrHg4RBzN6UafuymMFT/topics/NywbGW22YNeZSM3kuwKk/quizzes/yOy9CNVGl4OPGtvpM6l0"
"1.000","ATI PN Level 3 Med Surg Proctored Exam Practice Questions","ATI PN Med Surg Level 3 Proctored Exam Practice Questions","ati-pn-level-3-med-surg-proctored-exam-practice-questions","ati-pn-med-surg-level-3-proctored-exam-practice-questions","LPN Exams > ATI LPN Exams > Adult Medical Surgical","LPN Exams > ATI LPN Exams > Adult Medical Surgical","pillarPages/nursing-test-bank/subPages/z0xzINtS3EohZNaKosBz/nestedSubPages/lyrHg4RBzN6UafuymMFT/topics/NywbGW22YNeZSM3kuwKk/quizzes/G5FmV84i5QyTN65AJMCM","pillarPages/nursing-test-bank/subPages/z0xzINtS3EohZNaKosBz/nestedSubPages/lyrHg4RBzN6UafuymMFT/topics/NywbGW22YNeZSM3kuwKk/quizzes/U4lWr0seZUDaCLMeCVtD"
"1.000","ATI PN Maternal Newborn 2020 Proctored Exam Practice Questions - Set 19","ATI PN Maternal Newborn 2023 Proctored Exam Practice Questions - Set 3","ati-pn-maternal-newborn-2020-proctored-exam-practice-questions-set-19","ati-pn-maternal-newborn-2023-proctored-exam-practice-questions-set-3","LPN Exams > ATI LPN Exams > Maternal Newborn","LPN Exams > ATI LPN Exams > Maternal Newborn","pillarPages/nursing-test-bank/subPages/z0xzINtS3EohZNaKosBz/nestedSubPages/lyrHg4RBzN6UafuymMFT/topics/ZwY2vYN2X4tXEKOv2x6h/quizzes/wgtUsFieAT42tBpHZ3SK","pillarPages/nursing-test-bank/subPages/z0xzINtS3EohZNaKosBz/nestedSubPages/lyrHg4RBzN6UafuymMFT/topics/ZwY2vYN2X4tXEKOv2x6h/quizzes/wwhPYhVvgp3H6fzgUaje"
"1.000","ATI PN Maternal Newborn 2023 Proctored Exam Practice Questions - Set 1","ATI PN Maternal Newborn Proctored Exam Practice Questions - Set 16","ati-pn-maternal-newborn-2023-proctored-exam-practice-questions-set-1","ati-pn-maternal-newborn-proctored-exam-practice-questions-set-16","LPN Exams > ATI LPN Exams > Maternal Newborn","LPN Exams > ATI LPN Exams > Maternal Newborn","pillarPages/nursing-test-bank/subPages/z0xzINtS3EohZNaKosBz/nestedSubPages/lyrHg4RBzN6UafuymMFT/topics/ZwY2vYN2X4tXEKOv2x6h/quizzes/ECRqRGdgjTT62PogLp3c","pillarPages/nursing-test-bank/subPages/z0xzINtS3EohZNaKosBz/nestedSubPages/lyrHg4RBzN6UafuymMFT/topics/ZwY2vYN2X4tXEKOv2x6h/quizzes/H9OIb6stuQTogTuCToAY"
"1.000","ATI PN Maternal Newborn 2023 Proctored Exam Practice Questions - Set 1","ATI PN Maternal Newborn 2023 Proctored Exam Practice Questions - Set 15","ati-pn-maternal-newborn-2023-proctored-exam-practice-questions-set-1","ati-pn-maternal-newborn-2023-proctored-exam-practice-questions-set-15","LPN Exams > ATI LPN Exams > Maternal Newborn","LPN Exams > ATI LPN Exams > Maternal Newborn","pillarPages/nursing-test-bank/subPages/z0xzINtS3EohZNaKosBz/nestedSubPages/lyrHg4RBzN6UafuymMFT/topics/ZwY2vYN2X4tXEKOv2x6h/quizzes/ECRqRGdgjTT62PogLp3c","pillarPages/nursing-test-bank/subPages/z0xzINtS3EohZNaKosBz/nestedSubPages/lyrHg4RBzN6UafuymMFT/topics/ZwY2vYN2X4tXEKOv2x6h/quizzes/JT2c69EWULbYPJQrU4Nb"
"1.000","ATI PN Maternal Newborn 2023 Proctored Exam Practice Questions - Set 1","ATI PN Maternal Newborn 2023 Proctored Exam Practice Questions - Set 14","ati-pn-maternal-newborn-2023-proctored-exam-practice-questions-set-1","ati-pn-maternal-newborn-2023-proctored-exam-practice-questions-set-14","LPN Exams > ATI LPN Exams > Maternal Newborn","LPN Exams > ATI LPN Exams > Maternal Newborn","pillarPages/nursing-test-bank/subPages/z0xzINtS3EohZNaKosBz/nestedSubPages/lyrHg4RBzN6UafuymMFT/topics/ZwY2vYN2X4tXEKOv2x6h/quizzes/ECRqRGdgjTT62PogLp3c","pillarPages/nursing-test-bank/subPages/z0xzINtS3EohZNaKosBz/nestedSubPages/lyrHg4RBzN6UafuymMFT/topics/ZwY2vYN2X4tXEKOv2x6h/quizzes/RwXrs1cNzRzi6xjkzcB9"
"1.000","ATI PN Maternal Newborn 2023 Proctored Exam Practice Questions - Set 1","ATI PN Maternal Newborn 2023 Proctored Exam Practice Questions - Set 9","ati-pn-maternal-newborn-2023-proctored-exam-practice-questions-set-1","ati-pn-maternal-newborn-2023-proctored-exam-practice-questions-set-9","LPN Exams > ATI LPN Exams > Maternal Newborn","LPN Exams > ATI LPN Exams > Maternal Newborn","pillarPages/nursing-test-bank/subPages/z0xzINtS3EohZNaKosBz/nestedSubPages/lyrHg4RBzN6UafuymMFT/topics/ZwY2vYN2X4tXEKOv2x6h/quizzes/ECRqRGdgjTT62PogLp3c","pillarPages/nursing-test-bank/subPages/z0xzINtS3EohZNaKosBz/nestedSubPages/lyrHg4RBzN6UafuymMFT/topics/ZwY2vYN2X4tXEKOv2x6h/quizzes/dMHTlzyIuyJX7CAqVPko"
"1.000","ATI PN Maternal Newborn 2023 Proctored Exam Practice Questions - Set 1","ATI PN Maternal Newborn Proctored Exam Practice Questions - Set 17","ati-pn-maternal-newborn-2023-proctored-exam-practice-questions-set-1","ati-pn-maternal-newborn-proctored-exam-practice-questions-set-17","LPN Exams > ATI LPN Exams > Maternal Newborn","LPN Exams > ATI LPN Exams > Maternal Newborn","pillarPages/nursing-test-bank/subPages/z0xzINtS3EohZNaKosBz/nestedSubPages/lyrHg4RBzN6UafuymMFT/topics/ZwY2vYN2X4tXEKOv2x6h/quizzes/ECRqRGdgjTT62PogLp3c","pillarPages/nursing-test-bank/subPages/z0xzINtS3EohZNaKosBz/nestedSubPages/lyrHg4RBzN6UafuymMFT/topics/ZwY2vYN2X4tXEKOv2x6h/quizzes/ewwc1ofqNfja9FQVcbPG"
"1.000","ATI PN Maternal Newborn 2023 Proctored Exam Practice Questions - Set 1","ATI PN Maternal Newborn Proctored Exam 2023 Practice Questions - Set 7","ati-pn-maternal-newborn-2023-proctored-exam-practice-questions-set-1","ati-pn-maternal-newborn-proctored-exam-2023-practice-questions-set-7","LPN Exams > ATI LPN Exams > Maternal Newborn","LPN Exams > ATI LPN Exams > Maternal Newborn","pillarPages/nursing-test-bank/subPages/z0xzINtS3EohZNaKosBz/nestedSubPages/lyrHg4RBzN6UafuymMFT/topics/ZwY2vYN2X4tXEKOv2x6h/quizzes/ECRqRGdgjTT62PogLp3c","pillarPages/nursing-test-bank/subPages/z0xzINtS3EohZNaKosBz/nestedSubPages/lyrHg4RBzN6UafuymMFT/topics/ZwY2vYN2X4tXEKOv2x6h/quizzes/mJlcPfoVYt4thUpKn4xi"
"1.000","ATI PN Maternal Newborn 2023 Proctored Exam Practice Questions - Set 1","ATI PN Maternal Newborn 2020 Proctored Exam Practice Questions - Set 19","ati-pn-maternal-newborn-2023-proctored-exam-practice-questions-set-1","ati-pn-maternal-newborn-2020-proctored-exam-practice-questions-set-19","LPN Exams > ATI LPN Exams > Maternal Newborn","LPN Exams > ATI LPN Exams > Maternal Newborn","pillarPages/nursing-test-bank/subPages/z0xzINtS3EohZNaKosBz/nestedSubPages/lyrHg4RBzN6UafuymMFT/topics/ZwY2vYN2X4tXEKOv2x6h/quizzes/ECRqRGdgjTT62PogLp3c","pillarPages/nursing-test-bank/subPages/z0xzINtS3EohZNaKosBz/nestedSubPages/lyrHg4RBzN6UafuymMFT/topics/ZwY2vYN2X4tXEKOv2x6h/quizzes/wgtUsFieAT42tBpHZ3SK"
"1.000","ATI PN Maternal Newborn 2023 Proctored Exam Practice Questions - Set 1","ATI PN Maternal Newborn 2023 Proctored Exam Practice Questions - Set 3","ati-pn-maternal-newborn-2023-proctored-exam-practice-questions-set-1","ati-pn-maternal-newborn-2023-proctored-exam-practice-questions-set-3","LPN Exams > ATI LPN Exams > Maternal Newborn","LPN Exams > ATI LPN Exams > Maternal Newborn","pillarPages/nursing-test-bank/subPages/z0xzINtS3EohZNaKosBz/nestedSubPages/lyrHg4RBzN6UafuymMFT/topics/ZwY2vYN2X4tXEKOv2x6h/quizzes/ECRqRGdgjTT62PogLp3c","pillarPages/nursing-test-bank/subPages/z0xzINtS3EohZNaKosBz/nestedSubPages/lyrHg4RBzN6UafuymMFT/topics/ZwY2vYN2X4tXEKOv2x6h/quizzes/wwhPYhVvgp3H6fzgUaje"
"1.000","ATI PN Maternal Newborn 2023 Proctored Exam Practice Questions - Set 14","ATI PN Maternal Newborn 2023 Proctored Exam Practice Questions - Set 9","ati-pn-maternal-newborn-2023-proctored-exam-practice-questions-set-14","ati-pn-maternal-newborn-2023-proctored-exam-practice-questions-set-9","LPN Exams > ATI LPN Exams > Maternal Newborn","LPN Exams > ATI LPN Exams > Maternal Newborn","pillarPages/nursing-test-bank/subPages/z0xzINtS3EohZNaKosBz/nestedSubPages/lyrHg4RBzN6UafuymMFT/topics/ZwY2vYN2X4tXEKOv2x6h/quizzes/RwXrs1cNzRzi6xjkzcB9","pillarPages/nursing-test-bank/subPages/z0xzINtS3EohZNaKosBz/nestedSubPages/lyrHg4RBzN6UafuymMFT/topics/ZwY2vYN2X4tXEKOv2x6h/quizzes/dMHTlzyIuyJX7CAqVPko"
"1.000","ATI PN Maternal Newborn 2023 Proctored Exam Practice Questions - Set 14","ATI PN Maternal Newborn Proctored Exam Practice Questions - Set 17","ati-pn-maternal-newborn-2023-proctored-exam-practice-questions-set-14","ati-pn-maternal-newborn-proctored-exam-practice-questions-set-17","LPN Exams > ATI LPN Exams > Maternal Newborn","LPN Exams > ATI LPN Exams > Maternal Newborn","pillarPages/nursing-test-bank/subPages/z0xzINtS3EohZNaKosBz/nestedSubPages/lyrHg4RBzN6UafuymMFT/topics/ZwY2vYN2X4tXEKOv2x6h/quizzes/RwXrs1cNzRzi6xjkzcB9","pillarPages/nursing-test-bank/subPages/z0xzINtS3EohZNaKosBz/nestedSubPages/lyrHg4RBzN6UafuymMFT/topics/ZwY2vYN2X4tXEKOv2x6h/quizzes/ewwc1ofqNfja9FQVcbPG"
"1.000","ATI PN Maternal Newborn 2023 Proctored Exam Practice Questions - Set 14","ATI PN Maternal Newborn Proctored Exam 2023 Practice Questions - Set 7","ati-pn-maternal-newborn-2023-proctored-exam-practice-questions-set-14","ati-pn-maternal-newborn-proctored-exam-2023-practice-questions-set-7","LPN Exams > ATI LPN Exams > Maternal Newborn","LPN Exams > ATI LPN Exams > Maternal Newborn","pillarPages/nursing-test-bank/subPages/z0xzINtS3EohZNaKosBz/nestedSubPages/lyrHg4RBzN6UafuymMFT/topics/ZwY2vYN2X4tXEKOv2x6h/quizzes/RwXrs1cNzRzi6xjkzcB9","pillarPages/nursing-test-bank/subPages/z0xzINtS3EohZNaKosBz/nestedSubPages/lyrHg4RBzN6UafuymMFT/topics/ZwY2vYN2X4tXEKOv2x6h/quizzes/mJlcPfoVYt4thUpKn4xi"
"1.000","ATI PN Maternal Newborn 2023 Proctored Exam Practice Questions - Set 14","ATI PN Maternal Newborn 2020 Proctored Exam Practice Questions - Set 19","ati-pn-maternal-newborn-2023-proctored-exam-practice-questions-set-14","ati-pn-maternal-newborn-2020-proctored-exam-practice-questions-set-19","LPN Exams > ATI LPN Exams > Maternal Newborn","LPN Exams > ATI LPN Exams > Maternal Newborn","pillarPages/nursing-test-bank/subPages/z0xzINtS3EohZNaKosBz/nestedSubPages/lyrHg4RBzN6UafuymMFT/topics/ZwY2vYN2X4tXEKOv2x6h/quizzes/RwXrs1cNzRzi6xjkzcB9","pillarPages/nursing-test-bank/subPages/z0xzINtS3EohZNaKosBz/nestedSubPages/lyrHg4RBzN6UafuymMFT/topics/ZwY2vYN2X4tXEKOv2x6h/quizzes/wgtUsFieAT42tBpHZ3SK"
"1.000","ATI PN Maternal Newborn 2023 Proctored Exam Practice Questions - Set 14","ATI PN Maternal Newborn 2023 Proctored Exam Practice Questions - Set 3","ati-pn-maternal-newborn-2023-proctored-exam-practice-questions-set-14","ati-pn-maternal-newborn-2023-proctored-exam-practice-questions-set-3","LPN Exams > ATI LPN Exams > Maternal Newborn","LPN Exams > ATI LPN Exams > Maternal Newborn","pillarPages/nursing-test-bank/subPages/z0xzINtS3EohZNaKosBz/nestedSubPages/lyrHg4RBzN6UafuymMFT/topics/ZwY2vYN2X4tXEKOv2x6h/quizzes/RwXrs1cNzRzi6xjkzcB9","pillarPages/nursing-test-bank/subPages/z0xzINtS3EohZNaKosBz/nestedSubPages/lyrHg4RBzN6UafuymMFT/topics/ZwY2vYN2X4tXEKOv2x6h/quizzes/wwhPYhVvgp3H6fzgUaje"
"1.000","ATI PN Maternal Newborn 2023 Proctored Exam Practice Questions - Set 15","ATI PN Maternal Newborn 2023 Proctored Exam Practice Questions - Set 14","ati-pn-maternal-newborn-2023-proctored-exam-practice-questions-set-15","ati-pn-maternal-newborn-2023-proctored-exam-practice-questions-set-14","LPN Exams > ATI LPN Exams > Maternal Newborn","LPN Exams > ATI LPN Exams > Maternal Newborn","pillarPages/nursing-test-bank/subPages/z0xzINtS3EohZNaKosBz/nestedSubPages/lyrHg4RBzN6UafuymMFT/topics/ZwY2vYN2X4tXEKOv2x6h/quizzes/JT2c69EWULbYPJQrU4Nb","pillarPages/nursing-test-bank/subPages/z0xzINtS3EohZNaKosBz/nestedSubPages/lyrHg4RBzN6UafuymMFT/topics/ZwY2vYN2X4tXEKOv2x6h/quizzes/RwXrs1cNzRzi6xjkzcB9"
"1.000","ATI PN Maternal Newborn 2023 Proctored Exam Practice Questions - Set 15","ATI PN Maternal Newborn 2023 Proctored Exam Practice Questions - Set 9","ati-pn-maternal-newborn-2023-proctored-exam-practice-questions-set-15","ati-pn-maternal-newborn-2023-proctored-exam-practice-questions-set-9","LPN Exams > ATI LPN Exams > Maternal Newborn","LPN Exams > ATI LPN Exams > Maternal Newborn","pillarPages/nursing-test-bank/subPages/z0xzINtS3EohZNaKosBz/nestedSubPages/lyrHg4RBzN6UafuymMFT/topics/ZwY2vYN2X4tXEKOv2x6h/quizzes/JT2c69EWULbYPJQrU4Nb","pillarPages/nursing-test-bank/subPages/z0xzINtS3EohZNaKosBz/nestedSubPages/lyrHg4RBzN6UafuymMFT/topics/ZwY2vYN2X4tXEKOv2x6h/quizzes/dMHTlzyIuyJX7CAqVPko"
"1.000","ATI PN Maternal Newborn 2023 Proctored Exam Practice Questions - Set 15","ATI PN Maternal Newborn Proctored Exam Practice Questions - Set 17","ati-pn-maternal-newborn-2023-proctored-exam-practice-questions-set-15","ati-pn-maternal-newborn-proctored-exam-practice-questions-set-17","LPN Exams > ATI LPN Exams > Maternal Newborn","LPN Exams > ATI LPN Exams > Maternal Newborn","pillarPages/nursing-test-bank/subPages/z0xzINtS3EohZNaKosBz/nestedSubPages/lyrHg4RBzN6UafuymMFT/topics/ZwY2vYN2X4tXEKOv2x6h/quizzes/JT2c69EWULbYPJQrU4Nb","pillarPages/nursing-test-bank/subPages/z0xzINtS3EohZNaKosBz/nestedSubPages/lyrHg4RBzN6UafuymMFT/topics/ZwY2vYN2X4tXEKOv2x6h/quizzes/ewwc1ofqNfja9FQVcbPG"
"1.000","ATI PN Maternal Newborn 2023 Proctored Exam Practice Questions - Set 15","ATI PN Maternal Newborn Proctored Exam 2023 Practice Questions - Set 7","ati-pn-maternal-newborn-2023-proctored-exam-practice-questions-set-15","ati-pn-maternal-newborn-proctored-exam-2023-practice-questions-set-7","LPN Exams > ATI LPN Exams > Maternal Newborn","LPN Exams > ATI LPN Exams > Maternal Newborn","pillarPages/nursing-test-bank/subPages/z0xzINtS3EohZNaKosBz/nestedSubPages/lyrHg4RBzN6UafuymMFT/topics/ZwY2vYN2X4tXEKOv2x6h/quizzes/JT2c69EWULbYPJQrU4Nb","pillarPages/nursing-test-bank/subPages/z0xzINtS3EohZNaKosBz/nestedSubPages/lyrHg4RBzN6UafuymMFT/topics/ZwY2vYN2X4tXEKOv2x6h/quizzes/mJlcPfoVYt4thUpKn4xi"
"1.000","ATI PN Maternal Newborn 2023 Proctored Exam Practice Questions - Set 15","ATI PN Maternal Newborn 2020 Proctored Exam Practice Questions - Set 19","ati-pn-maternal-newborn-2023-proctored-exam-practice-questions-set-15","ati-pn-maternal-newborn-2020-proctored-exam-practice-questions-set-19","LPN Exams > ATI LPN Exams > Maternal Newborn","LPN Exams > ATI LPN Exams > Maternal Newborn","pillarPages/nursing-test-bank/subPages/z0xzINtS3EohZNaKosBz/nestedSubPages/lyrHg4RBzN6UafuymMFT/topics/ZwY2vYN2X4tXEKOv2x6h/quizzes/JT2c69EWULbYPJQrU4Nb","pillarPages/nursing-test-bank/subPages/z0xzINtS3EohZNaKosBz/nestedSubPages/lyrHg4RBzN6UafuymMFT/topics/ZwY2vYN2X4tXEKOv2x6h/quizzes/wgtUsFieAT42tBpHZ3SK"
"1.000","ATI PN Maternal Newborn 2023 Proctored Exam Practice Questions - Set 15","ATI PN Maternal Newborn 2023 Proctored Exam Practice Questions - Set 3","ati-pn-maternal-newborn-2023-proctored-exam-practice-questions-set-15","ati-pn-maternal-newborn-2023-proctored-exam-practice-questions-set-3","LPN Exams > ATI LPN Exams > Maternal Newborn","LPN Exams > ATI LPN Exams > Maternal Newborn","pillarPages/nursing-test-bank/subPages/z0xzINtS3EohZNaKosBz/nestedSubPages/lyrHg4RBzN6UafuymMFT/topics/ZwY2vYN2X4tXEKOv2x6h/quizzes/JT2c69EWULbYPJQrU4Nb","pillarPages/nursing-test-bank/subPages/z0xzINtS3EohZNaKosBz/nestedSubPages/lyrHg4RBzN6UafuymMFT/topics/ZwY2vYN2X4tXEKOv2x6h/quizzes/wwhPYhVvgp3H6fzgUaje"
"1.000","ATI PN Maternal Newborn 2023 Proctored Exam Practice Questions - Set 9","ATI PN Maternal Newborn Proctored Exam Practice Questions - Set 17","ati-pn-maternal-newborn-2023-proctored-exam-practice-questions-set-9","ati-pn-maternal-newborn-proctored-exam-practice-questions-set-17","LPN Exams > ATI LPN Exams > Maternal Newborn","LPN Exams > ATI LPN Exams > Maternal Newborn","pillarPages/nursing-test-bank/subPages/z0xzINtS3EohZNaKosBz/nestedSubPages/lyrHg4RBzN6UafuymMFT/topics/ZwY2vYN2X4tXEKOv2x6h/quizzes/dMHTlzyIuyJX7CAqVPko","pillarPages/nursing-test-bank/subPages/z0xzINtS3EohZNaKosBz/nestedSubPages/lyrHg4RBzN6UafuymMFT/topics/ZwY2vYN2X4tXEKOv2x6h/quizzes/ewwc1ofqNfja9FQVcbPG"
"1.000","ATI PN Maternal Newborn 2023 Proctored Exam Practice Questions - Set 9","ATI PN Maternal Newborn Proctored Exam 2023 Practice Questions - Set 7","ati-pn-maternal-newborn-2023-proctored-exam-practice-questions-set-9","ati-pn-maternal-newborn-proctored-exam-2023-practice-questions-set-7","LPN Exams > ATI LPN Exams > Maternal Newborn","LPN Exams > ATI LPN Exams > Maternal Newborn","pillarPages/nursing-test-bank/subPages/z0xzINtS3EohZNaKosBz/nestedSubPages/lyrHg4RBzN6UafuymMFT/topics/ZwY2vYN2X4tXEKOv2x6h/quizzes/dMHTlzyIuyJX7CAqVPko","pillarPages/nursing-test-bank/subPages/z0xzINtS3EohZNaKosBz/nestedSubPages/lyrHg4RBzN6UafuymMFT/topics/ZwY2vYN2X4tXEKOv2x6h/quizzes/mJlcPfoVYt4thUpKn4xi"
"1.000","ATI PN Maternal Newborn 2023 Proctored Exam Practice Questions - Set 9","ATI PN Maternal Newborn 2020 Proctored Exam Practice Questions - Set 19","ati-pn-maternal-newborn-2023-proctored-exam-practice-questions-set-9","ati-pn-maternal-newborn-2020-proctored-exam-practice-questions-set-19","LPN Exams > ATI LPN Exams > Maternal Newborn","LPN Exams > ATI LPN Exams > Maternal Newborn","pillarPages/nursing-test-bank/subPages/z0xzINtS3EohZNaKosBz/nestedSubPages/lyrHg4RBzN6UafuymMFT/topics/ZwY2vYN2X4tXEKOv2x6h/quizzes/dMHTlzyIuyJX7CAqVPko","pillarPages/nursing-test-bank/subPages/z0xzINtS3EohZNaKosBz/nestedSubPages/lyrHg4RBzN6UafuymMFT/topics/ZwY2vYN2X4tXEKOv2x6h/quizzes/wgtUsFieAT42tBpHZ3SK"
"1.000","ATI PN Maternal Newborn 2023 Proctored Exam Practice Questions - Set 9","ATI PN Maternal Newborn 2023 Proctored Exam Practice Questions - Set 3","ati-pn-maternal-newborn-2023-proctored-exam-practice-questions-set-9","ati-pn-maternal-newborn-2023-proctored-exam-practice-questions-set-3","LPN Exams > ATI LPN Exams > Maternal Newborn","LPN Exams > ATI LPN Exams > Maternal Newborn","pillarPages/nursing-test-bank/subPages/z0xzINtS3EohZNaKosBz/nestedSubPages/lyrHg4RBzN6UafuymMFT/topics/ZwY2vYN2X4tXEKOv2x6h/quizzes/dMHTlzyIuyJX7CAqVPko","pillarPages/nursing-test-bank/subPages/z0xzINtS3EohZNaKosBz/nestedSubPages/lyrHg4RBzN6UafuymMFT/topics/ZwY2vYN2X4tXEKOv2x6h/quizzes/wwhPYhVvgp3H6fzgUaje"
"1.000","ATI PN Maternal Newborn Proctored Exam 2023 Practice Questions - Set 7","ATI PN Maternal Newborn 2020 Proctored Exam Practice Questions - Set 19","ati-pn-maternal-newborn-proctored-exam-2023-practice-questions-set-7","ati-pn-maternal-newborn-2020-proctored-exam-practice-questions-set-19","LPN Exams > ATI LPN Exams > Maternal Newborn","LPN Exams > ATI LPN Exams > Maternal Newborn","pillarPages/nursing-test-bank/subPages/z0xzINtS3EohZNaKosBz/nestedSubPages/lyrHg4RBzN6UafuymMFT/topics/ZwY2vYN2X4tXEKOv2x6h/quizzes/mJlcPfoVYt4thUpKn4xi","pillarPages/nursing-test-bank/subPages/z0xzINtS3EohZNaKosBz/nestedSubPages/lyrHg4RBzN6UafuymMFT/topics/ZwY2vYN2X4tXEKOv2x6h/quizzes/wgtUsFieAT42tBpHZ3SK"
"1.000","ATI PN Maternal Newborn Proctored Exam 2023 Practice Questions - Set 7","ATI PN Maternal Newborn 2023 Proctored Exam Practice Questions - Set 3","ati-pn-maternal-newborn-proctored-exam-2023-practice-questions-set-7","ati-pn-maternal-newborn-2023-proctored-exam-practice-questions-set-3","LPN Exams > ATI LPN Exams > Maternal Newborn","LPN Exams > ATI LPN Exams > Maternal Newborn","pillarPages/nursing-test-bank/subPages/z0xzINtS3EohZNaKosBz/nestedSubPages/lyrHg4RBzN6UafuymMFT/topics/ZwY2vYN2X4tXEKOv2x6h/quizzes/mJlcPfoVYt4thUpKn4xi","pillarPages/nursing-test-bank/subPages/z0xzINtS3EohZNaKosBz/nestedSubPages/lyrHg4RBzN6UafuymMFT/topics/ZwY2vYN2X4tXEKOv2x6h/quizzes/wwhPYhVvgp3H6fzgUaje"
"1.000","ATI PN Maternal Newborn Proctored Exam Practice Questions - Set 16","ATI PN Maternal Newborn 2023 Proctored Exam Practice Questions - Set 15","ati-pn-maternal-newborn-proctored-exam-practice-questions-set-16","ati-pn-maternal-newborn-2023-proctored-exam-practice-questions-set-15","LPN Exams > ATI LPN Exams > Maternal Newborn","LPN Exams > ATI LPN Exams > Maternal Newborn","pillarPages/nursing-test-bank/subPages/z0xzINtS3EohZNaKosBz/nestedSubPages/lyrHg4RBzN6UafuymMFT/topics/ZwY2vYN2X4tXEKOv2x6h/quizzes/H9OIb6stuQTogTuCToAY","pillarPages/nursing-test-bank/subPages/z0xzINtS3EohZNaKosBz/nestedSubPages/lyrHg4RBzN6UafuymMFT/topics/ZwY2vYN2X4tXEKOv2x6h/quizzes/JT2c69EWULbYPJQrU4Nb"
"1.000","ATI PN Maternal Newborn Proctored Exam Practice Questions - Set 16","ATI PN Maternal Newborn 2023 Proctored Exam Practice Questions - Set 14","ati-pn-maternal-newborn-proctored-exam-practice-questions-set-16","ati-pn-maternal-newborn-2023-proctored-exam-practice-questions-set-14","LPN Exams > ATI LPN Exams > Maternal Newborn","LPN Exams > ATI LPN Exams > Maternal Newborn","pillarPages/nursing-test-bank/subPages/z0xzINtS3EohZNaKosBz/nestedSubPages/lyrHg4RBzN6UafuymMFT/topics/ZwY2vYN2X4tXEKOv2x6h/quizzes/H9OIb6stuQTogTuCToAY","pillarPages/nursing-test-bank/subPages/z0xzINtS3EohZNaKosBz/nestedSubPages/lyrHg4RBzN6UafuymMFT/topics/ZwY2vYN2X4tXEKOv2x6h/quizzes/RwXrs1cNzRzi6xjkzcB9"
"1.000","ATI PN Maternal Newborn Proctored Exam Practice Questions - Set 16","ATI PN Maternal Newborn 2023 Proctored Exam Practice Questions - Set 9","ati-pn-maternal-newborn-proctored-exam-practice-questions-set-16","ati-pn-maternal-newborn-2023-proctored-exam-practice-questions-set-9","LPN Exams > ATI LPN Exams > Maternal Newborn","LPN Exams > ATI LPN Exams > Maternal Newborn","pillarPages/nursing-test-bank/subPages/z0xzINtS3EohZNaKosBz/nestedSubPages/lyrHg4RBzN6UafuymMFT/topics/ZwY2vYN2X4tXEKOv2x6h/quizzes/H9OIb6stuQTogTuCToAY","pillarPages/nursing-test-bank/subPages/z0xzINtS3EohZNaKosBz/nestedSubPages/lyrHg4RBzN6UafuymMFT/topics/ZwY2vYN2X4tXEKOv2x6h/quizzes/dMHTlzyIuyJX7CAqVPko"
"1.000","ATI PN Maternal Newborn Proctored Exam Practice Questions - Set 16","ATI PN Maternal Newborn Proctored Exam Practice Questions - Set 17","ati-pn-maternal-newborn-proctored-exam-practice-questions-set-16","ati-pn-maternal-newborn-proctored-exam-practice-questions-set-17","LPN Exams > ATI LPN Exams > Maternal Newborn","LPN Exams > ATI LPN Exams > Maternal Newborn","pillarPages/nursing-test-bank/subPages/z0xzINtS3EohZNaKosBz/nestedSubPages/lyrHg4RBzN6UafuymMFT/topics/ZwY2vYN2X4tXEKOv2x6h/quizzes/H9OIb6stuQTogTuCToAY","pillarPages/nursing-test-bank/subPages/z0xzINtS3EohZNaKosBz/nestedSubPages/lyrHg4RBzN6UafuymMFT/topics/ZwY2vYN2X4tXEKOv2x6h/quizzes/ewwc1ofqNfja9FQVcbPG"
"1.000","ATI PN Maternal Newborn Proctored Exam Practice Questions - Set 16","ATI PN Maternal Newborn Proctored Exam 2023 Practice Questions - Set 7","ati-pn-maternal-newborn-proctored-exam-practice-questions-set-16","ati-pn-maternal-newborn-proctored-exam-2023-practice-questions-set-7","LPN Exams > ATI LPN Exams > Maternal Newborn","LPN Exams > ATI LPN Exams > Maternal Newborn","pillarPages/nursing-test-bank/subPages/z0xzINtS3EohZNaKosBz/nestedSubPages/lyrHg4RBzN6UafuymMFT/topics/ZwY2vYN2X4tXEKOv2x6h/quizzes/H9OIb6stuQTogTuCToAY","pillarPages/nursing-test-bank/subPages/z0xzINtS3EohZNaKosBz/nestedSubPages/lyrHg4RBzN6UafuymMFT/topics/ZwY2vYN2X4tXEKOv2x6h/quizzes/mJlcPfoVYt4thUpKn4xi"
"1.000","ATI PN Maternal Newborn Proctored Exam Practice Questions - Set 16","ATI PN Maternal Newborn 2020 Proctored Exam Practice Questions - Set 19","ati-pn-maternal-newborn-proctored-exam-practice-questions-set-16","ati-pn-maternal-newborn-2020-proctored-exam-practice-questions-set-19","LPN Exams > ATI LPN Exams > Maternal Newborn","LPN Exams > ATI LPN Exams > Maternal Newborn","pillarPages/nursing-test-bank/subPages/z0xzINtS3EohZNaKosBz/nestedSubPages/lyrHg4RBzN6UafuymMFT/topics/ZwY2vYN2X4tXEKOv2x6h/quizzes/H9OIb6stuQTogTuCToAY","pillarPages/nursing-test-bank/subPages/z0xzINtS3EohZNaKosBz/nestedSubPages/lyrHg4RBzN6UafuymMFT/topics/ZwY2vYN2X4tXEKOv2x6h/quizzes/wgtUsFieAT42tBpHZ3SK"
"1.000","ATI PN Maternal Newborn Proctored Exam Practice Questions - Set 16","ATI PN Maternal Newborn 2023 Proctored Exam Practice Questions - Set 3","ati-pn-maternal-newborn-proctored-exam-practice-questions-set-16","ati-pn-maternal-newborn-2023-proctored-exam-practice-questions-set-3","LPN Exams > ATI LPN Exams > Maternal Newborn","LPN Exams > ATI LPN Exams > Maternal Newborn","pillarPages/nursing-test-bank/subPages/z0xzINtS3EohZNaKosBz/nestedSubPages/lyrHg4RBzN6UafuymMFT/topics/ZwY2vYN2X4tXEKOv2x6h/quizzes/H9OIb6stuQTogTuCToAY","pillarPages/nursing-test-bank/subPages/z0xzINtS3EohZNaKosBz/nestedSubPages/lyrHg4RBzN6UafuymMFT/topics/ZwY2vYN2X4tXEKOv2x6h/quizzes/wwhPYhVvgp3H6fzgUaje"
"1.000","ATI PN Maternal Newborn Proctored Exam Practice Questions - Set 17","ATI PN Maternal Newborn Proctored Exam 2023 Practice Questions - Set 7","ati-pn-maternal-newborn-proctored-exam-practice-questions-set-17","ati-pn-maternal-newborn-proctored-exam-2023-practice-questions-set-7","LPN Exams > ATI LPN Exams > Maternal Newborn","LPN Exams > ATI LPN Exams > Maternal Newborn","pillarPages/nursing-test-bank/subPages/z0xzINtS3EohZNaKosBz/nestedSubPages/lyrHg4RBzN6UafuymMFT/topics/ZwY2vYN2X4tXEKOv2x6h/quizzes/ewwc1ofqNfja9FQVcbPG","pillarPages/nursing-test-bank/subPages/z0xzINtS3EohZNaKosBz/nestedSubPages/lyrHg4RBzN6UafuymMFT/topics/ZwY2vYN2X4tXEKOv2x6h/quizzes/mJlcPfoVYt4thUpKn4xi"
"1.000","ATI PN Maternal Newborn Proctored Exam Practice Questions - Set 17","ATI PN Maternal Newborn 2020 Proctored Exam Practice Questions - Set 19","ati-pn-maternal-newborn-proctored-exam-practice-questions-set-17","ati-pn-maternal-newborn-2020-proctored-exam-practice-questions-set-19","LPN Exams > ATI LPN Exams > Maternal Newborn","LPN Exams > ATI LPN Exams > Maternal Newborn","pillarPages/nursing-test-bank/subPages/z0xzINtS3EohZNaKosBz/nestedSubPages/lyrHg4RBzN6UafuymMFT/topics/ZwY2vYN2X4tXEKOv2x6h/quizzes/ewwc1ofqNfja9FQVcbPG","pillarPages/nursing-test-bank/subPages/z0xzINtS3EohZNaKosBz/nestedSubPages/lyrHg4RBzN6UafuymMFT/topics/ZwY2vYN2X4tXEKOv2x6h/quizzes/wgtUsFieAT42tBpHZ3SK"
"1.000","ATI PN Maternal Newborn Proctored Exam Practice Questions - Set 17","ATI PN Maternal Newborn 2023 Proctored Exam Practice Questions - Set 3","ati-pn-maternal-newborn-proctored-exam-practice-questions-set-17","ati-pn-maternal-newborn-2023-proctored-exam-practice-questions-set-3","LPN Exams > ATI LPN Exams > Maternal Newborn","LPN Exams > ATI LPN Exams > Maternal Newborn","pillarPages/nursing-test-bank/subPages/z0xzINtS3EohZNaKosBz/nestedSubPages/lyrHg4RBzN6UafuymMFT/topics/ZwY2vYN2X4tXEKOv2x6h/quizzes/ewwc1ofqNfja9FQVcbPG","pillarPages/nursing-test-bank/subPages/z0xzINtS3EohZNaKosBz/nestedSubPages/lyrHg4RBzN6UafuymMFT/topics/ZwY2vYN2X4tXEKOv2x6h/quizzes/wwhPYhVvgp3H6fzgUaje"
"1.000","ATI PN Maternal Newborn Proctored Exam Practice Questions - Set 2","ATI PN Maternal Newborn Proctored Exam Practice Questions - Set 4","ati-pn-maternal-newborn-proctored-exam-practice-questions-set-2","ati-pn-maternal-newborn-proctored-exam-practice-questions-set-4","LPN Exams > ATI LPN Exams > Maternal Newborn","LPN Exams > ATI LPN Exams > Maternal Newborn","pillarPages/nursing-test-bank/subPages/z0xzINtS3EohZNaKosBz/nestedSubPages/lyrHg4RBzN6UafuymMFT/topics/ZwY2vYN2X4tXEKOv2x6h/quizzes/2pISLuROBybQHEYGwydT","pillarPages/nursing-test-bank/subPages/z0xzINtS3EohZNaKosBz/nestedSubPages/lyrHg4RBzN6UafuymMFT/topics/ZwY2vYN2X4tXEKOv2x6h/quizzes/3yr6vUzORUezPATWG4jN"
"1.000","ATI PN Maternal Newborn Proctored Exam Practice Questions - Set 2","ATI PN Maternal Newborn 2023 Proctored Exam Practice Questions - Set 1","ati-pn-maternal-newborn-proctored-exam-practice-questions-set-2","ati-pn-maternal-newborn-2023-proctored-exam-practice-questions-set-1","LPN Exams > ATI LPN Exams > Maternal Newborn","LPN Exams > ATI LPN Exams > Maternal Newborn","pillarPages/nursing-test-bank/subPages/z0xzINtS3EohZNaKosBz/nestedSubPages/lyrHg4RBzN6UafuymMFT/topics/ZwY2vYN2X4tXEKOv2x6h/quizzes/2pISLuROBybQHEYGwydT","pillarPages/nursing-test-bank/subPages/z0xzINtS3EohZNaKosBz/nestedSubPages/lyrHg4RBzN6UafuymMFT/topics/ZwY2vYN2X4tXEKOv2x6h/quizzes/ECRqRGdgjTT62PogLp3c"
"1.000","ATI PN Maternal Newborn Proctored Exam Practice Questions - Set 2","ATI PN Maternal Newborn Proctored Exam Practice Questions - Set 16","ati-pn-maternal-newborn-proctored-exam-practice-questions-set-2","ati-pn-maternal-newborn-proctored-exam-practice-questions-set-16","LPN Exams > ATI LPN Exams > Maternal Newborn","LPN Exams > ATI LPN Exams > Maternal Newborn","pillarPages/nursing-test-bank/subPages/z0xzINtS3EohZNaKosBz/nestedSubPages/lyrHg4RBzN6UafuymMFT/topics/ZwY2vYN2X4tXEKOv2x6h/quizzes/2pISLuROBybQHEYGwydT","pillarPages/nursing-test-bank/subPages/z0xzINtS3EohZNaKosBz/nestedSubPages/lyrHg4RBzN6UafuymMFT/topics/ZwY2vYN2X4tXEKOv2x6h/quizzes/H9OIb6stuQTogTuCToAY"
"1.000","ATI PN Maternal Newborn Proctored Exam Practice Questions - Set 2","ATI PN Maternal Newborn 2023 Proctored Exam Practice Questions - Set 15","ati-pn-maternal-newborn-proctored-exam-practice-questions-set-2","ati-pn-maternal-newborn-2023-proctored-exam-practice-questions-set-15","LPN Exams > ATI LPN Exams > Maternal Newborn","LPN Exams > ATI LPN Exams > Maternal Newborn","pillarPages/nursing-test-bank/subPages/z0xzINtS3EohZNaKosBz/nestedSubPages/lyrHg4RBzN6UafuymMFT/topics/ZwY2vYN2X4tXEKOv2x6h/quizzes/2pISLuROBybQHEYGwydT","pillarPages/nursing-test-bank/subPages/z0xzINtS3EohZNaKosBz/nestedSubPages/lyrHg4RBzN6UafuymMFT/topics/ZwY2vYN2X4tXEKOv2x6h/quizzes/JT2c69EWULbYPJQrU4Nb"
"1.000","ATI PN Maternal Newborn Proctored Exam Practice Questions - Set 2","ATI PN Maternal Newborn 2023 Proctored Exam Practice Questions - Set 14","ati-pn-maternal-newborn-proctored-exam-practice-questions-set-2","ati-pn-maternal-newborn-2023-proctored-exam-practice-questions-set-14","LPN Exams > ATI LPN Exams > Maternal Newborn","LPN Exams > ATI LPN Exams > Maternal Newborn","pillarPages/nursing-test-bank/subPages/z0xzINtS3EohZNaKosBz/nestedSubPages/lyrHg4RBzN6UafuymMFT/topics/ZwY2vYN2X4tXEKOv2x6h/quizzes/2pISLuROBybQHEYGwydT","pillarPages/nursing-test-bank/subPages/z0xzINtS3EohZNaKosBz/nestedSubPages/lyrHg4RBzN6UafuymMFT/topics/ZwY2vYN2X4tXEKOv2x6h/quizzes/RwXrs1cNzRzi6xjkzcB9"
"1.000","ATI PN Maternal Newborn Proctored Exam Practice Questions - Set 2","ATI PN Maternal Newborn 2023 Proctored Exam Practice Questions - Set 9","ati-pn-maternal-newborn-proctored-exam-practice-questions-set-2","ati-pn-maternal-newborn-2023-proctored-exam-practice-questions-set-9","LPN Exams > ATI LPN Exams > Maternal Newborn","LPN Exams > ATI LPN Exams > Maternal Newborn","pillarPages/nursing-test-bank/subPages/z0xzINtS3EohZNaKosBz/nestedSubPages/lyrHg4RBzN6UafuymMFT/topics/ZwY2vYN2X4tXEKOv2x6h/quizzes/2pISLuROBybQHEYGwydT","pillarPages/nursing-test-bank/subPages/z0xzINtS3EohZNaKosBz/nestedSubPages/lyrHg4RBzN6UafuymMFT/topics/ZwY2vYN2X4tXEKOv2x6h/quizzes/dMHTlzyIuyJX7CAqVPko"
"1.000","ATI PN Maternal Newborn Proctored Exam Practice Questions - Set 2","ATI PN Maternal Newborn Proctored Exam Practice Questions - Set 17","ati-pn-maternal-newborn-proctored-exam-practice-questions-set-2","ati-pn-maternal-newborn-proctored-exam-practice-questions-set-17","LPN Exams > ATI LPN Exams > Maternal Newborn","LPN Exams > ATI LPN Exams > Maternal Newborn","pillarPages/nursing-test-bank/subPages/z0xzINtS3EohZNaKosBz/nestedSubPages/lyrHg4RBzN6UafuymMFT/topics/ZwY2vYN2X4tXEKOv2x6h/quizzes/2pISLuROBybQHEYGwydT","pillarPages/nursing-test-bank/subPages/z0xzINtS3EohZNaKosBz/nestedSubPages/lyrHg4RBzN6UafuymMFT/topics/ZwY2vYN2X4tXEKOv2x6h/quizzes/ewwc1ofqNfja9FQVcbPG"
"1.000","ATI PN Maternal Newborn Proctored Exam Practice Questions - Set 2","ATI PN Maternal Newborn Proctored Exam 2023 Practice Questions - Set 7","ati-pn-maternal-newborn-proctored-exam-practice-questions-set-2","ati-pn-maternal-newborn-proctored-exam-2023-practice-questions-set-7","LPN Exams > ATI LPN Exams > Maternal Newborn","LPN Exams > ATI LPN Exams > Maternal Newborn","pillarPages/nursing-test-bank/subPages/z0xzINtS3EohZNaKosBz/nestedSubPages/lyrHg4RBzN6UafuymMFT/topics/ZwY2vYN2X4tXEKOv2x6h/quizzes/2pISLuROBybQHEYGwydT","pillarPages/nursing-test-bank/subPages/z0xzINtS3EohZNaKosBz/nestedSubPages/lyrHg4RBzN6UafuymMFT/topics/ZwY2vYN2X4tXEKOv2x6h/quizzes/mJlcPfoVYt4thUpKn4xi"
"1.000","ATI PN Maternal Newborn Proctored Exam Practice Questions - Set 2","ATI PN Maternal Newborn 2020 Proctored Exam Practice Questions - Set 19","ati-pn-maternal-newborn-proctored-exam-practice-questions-set-2","ati-pn-maternal-newborn-2020-proctored-exam-practice-questions-set-19","LPN Exams > ATI LPN Exams > Maternal Newborn","LPN Exams > ATI LPN Exams > Maternal Newborn","pillarPages/nursing-test-bank/subPages/z0xzINtS3EohZNaKosBz/nestedSubPages/lyrHg4RBzN6UafuymMFT/topics/ZwY2vYN2X4tXEKOv2x6h/quizzes/2pISLuROBybQHEYGwydT","pillarPages/nursing-test-bank/subPages/z0xzINtS3EohZNaKosBz/nestedSubPages/lyrHg4RBzN6UafuymMFT/topics/ZwY2vYN2X4tXEKOv2x6h/quizzes/wgtUsFieAT42tBpHZ3SK"
"1.000","ATI PN Maternal Newborn Proctored Exam Practice Questions - Set 2","ATI PN Maternal Newborn 2023 Proctored Exam Practice Questions - Set 3","ati-pn-maternal-newborn-proctored-exam-practice-questions-set-2","ati-pn-maternal-newborn-2023-proctored-exam-practice-questions-set-3","LPN Exams > ATI LPN Exams > Maternal Newborn","LPN Exams > ATI LPN Exams > Maternal Newborn","pillarPages/nursing-test-bank/subPages/z0xzINtS3EohZNaKosBz/nestedSubPages/lyrHg4RBzN6UafuymMFT/topics/ZwY2vYN2X4tXEKOv2x6h/quizzes/2pISLuROBybQHEYGwydT","pillarPages/nursing-test-bank/subPages/z0xzINtS3EohZNaKosBz/nestedSubPages/lyrHg4RBzN6UafuymMFT/topics/ZwY2vYN2X4tXEKOv2x6h/quizzes/wwhPYhVvgp3H6fzgUaje"
"1.000","ATI PN Maternal Newborn Proctored Exam Practice Questions - Set 4","ATI PN Maternal Newborn 2023 Proctored Exam Practice Questions - Set 1","ati-pn-maternal-newborn-proctored-exam-practice-questions-set-4","ati-pn-maternal-newborn-2023-proctored-exam-practice-questions-set-1","LPN Exams > ATI LPN Exams > Maternal Newborn","LPN Exams > ATI LPN Exams > Maternal Newborn","pillarPages/nursing-test-bank/subPages/z0xzINtS3EohZNaKosBz/nestedSubPages/lyrHg4RBzN6UafuymMFT/topics/ZwY2vYN2X4tXEKOv2x6h/quizzes/3yr6vUzORUezPATWG4jN","pillarPages/nursing-test-bank/subPages/z0xzINtS3EohZNaKosBz/nestedSubPages/lyrHg4RBzN6UafuymMFT/topics/ZwY2vYN2X4tXEKOv2x6h/quizzes/ECRqRGdgjTT62PogLp3c"
"1.000","ATI PN Maternal Newborn Proctored Exam Practice Questions - Set 4","ATI PN Maternal Newborn Proctored Exam Practice Questions - Set 16","ati-pn-maternal-newborn-proctored-exam-practice-questions-set-4","ati-pn-maternal-newborn-proctored-exam-practice-questions-set-16","LPN Exams > ATI LPN Exams > Maternal Newborn","LPN Exams > ATI LPN Exams > Maternal Newborn","pillarPages/nursing-test-bank/subPages/z0xzINtS3EohZNaKosBz/nestedSubPages/lyrHg4RBzN6UafuymMFT/topics/ZwY2vYN2X4tXEKOv2x6h/quizzes/3yr6vUzORUezPATWG4jN","pillarPages/nursing-test-bank/subPages/z0xzINtS3EohZNaKosBz/nestedSubPages/lyrHg4RBzN6UafuymMFT/topics/ZwY2vYN2X4tXEKOv2x6h/quizzes/H9OIb6stuQTogTuCToAY"
"1.000","ATI PN Maternal Newborn Proctored Exam Practice Questions - Set 4","ATI PN Maternal Newborn 2023 Proctored Exam Practice Questions - Set 15","ati-pn-maternal-newborn-proctored-exam-practice-questions-set-4","ati-pn-maternal-newborn-2023-proctored-exam-practice-questions-set-15","LPN Exams > ATI LPN Exams > Maternal Newborn","LPN Exams > ATI LPN Exams > Maternal Newborn","pillarPages/nursing-test-bank/subPages/z0xzINtS3EohZNaKosBz/nestedSubPages/lyrHg4RBzN6UafuymMFT/topics/ZwY2vYN2X4tXEKOv2x6h/quizzes/3yr6vUzORUezPATWG4jN","pillarPages/nursing-test-bank/subPages/z0xzINtS3EohZNaKosBz/nestedSubPages/lyrHg4RBzN6UafuymMFT/topics/ZwY2vYN2X4tXEKOv2x6h/quizzes/JT2c69EWULbYPJQrU4Nb"
"1.000","ATI PN Maternal Newborn Proctored Exam Practice Questions - Set 4","ATI PN Maternal Newborn 2023 Proctored Exam Practice Questions - Set 14","ati-pn-maternal-newborn-proctored-exam-practice-questions-set-4","ati-pn-maternal-newborn-2023-proctored-exam-practice-questions-set-14","LPN Exams > ATI LPN Exams > Maternal Newborn","LPN Exams > ATI LPN Exams > Maternal Newborn","pillarPages/nursing-test-bank/subPages/z0xzINtS3EohZNaKosBz/nestedSubPages/lyrHg4RBzN6UafuymMFT/topics/ZwY2vYN2X4tXEKOv2x6h/quizzes/3yr6vUzORUezPATWG4jN","pillarPages/nursing-test-bank/subPages/z0xzINtS3EohZNaKosBz/nestedSubPages/lyrHg4RBzN6UafuymMFT/topics/ZwY2vYN2X4tXEKOv2x6h/quizzes/RwXrs1cNzRzi6xjkzcB9"
"1.000","ATI PN Maternal Newborn Proctored Exam Practice Questions - Set 4","ATI PN Maternal Newborn 2023 Proctored Exam Practice Questions - Set 9","ati-pn-maternal-newborn-proctored-exam-practice-questions-set-4","ati-pn-maternal-newborn-2023-proctored-exam-practice-questions-set-9","LPN Exams > ATI LPN Exams > Maternal Newborn","LPN Exams > ATI LPN Exams > Maternal Newborn","pillarPages/nursing-test-bank/subPages/z0xzINtS3EohZNaKosBz/nestedSubPages/lyrHg4RBzN6UafuymMFT/topics/ZwY2vYN2X4tXEKOv2x6h/quizzes/3yr6vUzORUezPATWG4jN","pillarPages/nursing-test-bank/subPages/z0xzINtS3EohZNaKosBz/nestedSubPages/lyrHg4RBzN6UafuymMFT/topics/ZwY2vYN2X4tXEKOv2x6h/quizzes/dMHTlzyIuyJX7CAqVPko"
"1.000","ATI PN Maternal Newborn Proctored Exam Practice Questions - Set 4","ATI PN Maternal Newborn Proctored Exam Practice Questions - Set 17","ati-pn-maternal-newborn-proctored-exam-practice-questions-set-4","ati-pn-maternal-newborn-proctored-exam-practice-questions-set-17","LPN Exams > ATI LPN Exams > Maternal Newborn","LPN Exams > ATI LPN Exams > Maternal Newborn","pillarPages/nursing-test-bank/subPages/z0xzINtS3EohZNaKosBz/nestedSubPages/lyrHg4RBzN6UafuymMFT/topics/ZwY2vYN2X4tXEKOv2x6h/quizzes/3yr6vUzORUezPATWG4jN","pillarPages/nursing-test-bank/subPages/z0xzINtS3EohZNaKosBz/nestedSubPages/lyrHg4RBzN6UafuymMFT/topics/ZwY2vYN2X4tXEKOv2x6h/quizzes/ewwc1ofqNfja9FQVcbPG"
"1.000","ATI PN Maternal Newborn Proctored Exam Practice Questions - Set 4","ATI PN Maternal Newborn Proctored Exam 2023 Practice Questions - Set 7","ati-pn-maternal-newborn-proctored-exam-practice-questions-set-4","ati-pn-maternal-newborn-proctored-exam-2023-practice-questions-set-7","LPN Exams > ATI LPN Exams > Maternal Newborn","LPN Exams > ATI LPN Exams > Maternal Newborn","pillarPages/nursing-test-bank/subPages/z0xzINtS3EohZNaKosBz/nestedSubPages/lyrHg4RBzN6UafuymMFT/topics/ZwY2vYN2X4tXEKOv2x6h/quizzes/3yr6vUzORUezPATWG4jN","pillarPages/nursing-test-bank/subPages/z0xzINtS3EohZNaKosBz/nestedSubPages/lyrHg4RBzN6UafuymMFT/topics/ZwY2vYN2X4tXEKOv2x6h/quizzes/mJlcPfoVYt4thUpKn4xi"
"1.000","ATI PN Maternal Newborn Proctored Exam Practice Questions - Set 4","ATI PN Maternal Newborn 2020 Proctored Exam Practice Questions - Set 19","ati-pn-maternal-newborn-proctored-exam-practice-questions-set-4","ati-pn-maternal-newborn-2020-proctored-exam-practice-questions-set-19","LPN Exams > ATI LPN Exams > Maternal Newborn","LPN Exams > ATI LPN Exams > Maternal Newborn","pillarPages/nursing-test-bank/subPages/z0xzINtS3EohZNaKosBz/nestedSubPages/lyrHg4RBzN6UafuymMFT/topics/ZwY2vYN2X4tXEKOv2x6h/quizzes/3yr6vUzORUezPATWG4jN","pillarPages/nursing-test-bank/subPages/z0xzINtS3EohZNaKosBz/nestedSubPages/lyrHg4RBzN6UafuymMFT/topics/ZwY2vYN2X4tXEKOv2x6h/quizzes/wgtUsFieAT42tBpHZ3SK"
"1.000","ATI PN Maternal Newborn Proctored Exam Practice Questions - Set 4","ATI PN Maternal Newborn 2023 Proctored Exam Practice Questions - Set 3","ati-pn-maternal-newborn-proctored-exam-practice-questions-set-4","ati-pn-maternal-newborn-2023-proctored-exam-practice-questions-set-3","LPN Exams > ATI LPN Exams > Maternal Newborn","LPN Exams > ATI LPN Exams > Maternal Newborn","pillarPages/nursing-test-bank/subPages/z0xzINtS3EohZNaKosBz/nestedSubPages/lyrHg4RBzN6UafuymMFT/topics/ZwY2vYN2X4tXEKOv2x6h/quizzes/3yr6vUzORUezPATWG4jN","pillarPages/nursing-test-bank/subPages/z0xzINtS3EohZNaKosBz/nestedSubPages/lyrHg4RBzN6UafuymMFT/topics/ZwY2vYN2X4tXEKOv2x6h/quizzes/wwhPYhVvgp3H6fzgUaje"
"1.000","ATI PN Med Surg Cardiac Proctored Test Practice Questions","ATI PN Med Surg Cardiac Proctored Exam Practice Questions","ati-pn-med-surg-cardiac-proctored-test-practice-questions","ati-pn-med-surg-cardiac-proctored-exam-practice-questions","LPN Exams > ATI LPN Exams > Adult Medical Surgical","LPN Exams > ATI LPN Exams > Adult Medical Surgical","pillarPages/nursing-test-bank/subPages/z0xzINtS3EohZNaKosBz/nestedSubPages/lyrHg4RBzN6UafuymMFT/topics/NywbGW22YNeZSM3kuwKk/quizzes/CjNS6HfMqCXa9cGFseGD","pillarPages/nursing-test-bank/subPages/z0xzINtS3EohZNaKosBz/nestedSubPages/lyrHg4RBzN6UafuymMFT/topics/NywbGW22YNeZSM3kuwKk/quizzes/xMOmkvkfV5ODWK1id5Jg"
"1.000","ATI PN Med Surg Endocrine Proctored Exam Practice Questions - Set 43","ATI PN Med Surg Endocrine Proctored Exam Practice Questions - Set 8","ati-pn-med-surg-endocrine-proctored-exam-practice-questions-set-43","ati-pn-med-surg-endocrine-proctored-exam-practice-questions-set-8","LPN Exams > ATI LPN Exams > Adult Medical Surgical","LPN Exams > ATI LPN Exams > Adult Medical Surgical","pillarPages/nursing-test-bank/subPages/z0xzINtS3EohZNaKosBz/nestedSubPages/lyrHg4RBzN6UafuymMFT/topics/NywbGW22YNeZSM3kuwKk/quizzes/IS7JsFyhrRHEeawd9z5H","pillarPages/nursing-test-bank/subPages/z0xzINtS3EohZNaKosBz/nestedSubPages/lyrHg4RBzN6UafuymMFT/topics/NywbGW22YNeZSM3kuwKk/quizzes/wcSWglUBzWf1JxQyUjqs"
"1.000","ATI PN Med Surg Level 2 Proctored Exam Practice Questions - Set 18","ATI PN Med Surg Level 2 Proctored Exam Practice Questions - Set 57","ati-pn-med-surg-level-2-proctored-exam-practice-questions-set-18","ati-pn-med-surg-level-2-proctored-exam-practice-questions-set-57","LPN Exams > ATI LPN Exams > Adult Medical Surgical","LPN Exams > ATI LPN Exams > Adult Medical Surgical","pillarPages/nursing-test-bank/subPages/z0xzINtS3EohZNaKosBz/nestedSubPages/lyrHg4RBzN6UafuymMFT/topics/NywbGW22YNeZSM3kuwKk/quizzes/OymBEZcoO4Zn83apS0Mz","pillarPages/nursing-test-bank/subPages/z0xzINtS3EohZNaKosBz/nestedSubPages/lyrHg4RBzN6UafuymMFT/topics/NywbGW22YNeZSM3kuwKk/quizzes/amEkav2d6Q4qtanVVH3u"
"1.000","ATI PN Med Surg Level 2 Proctored Exam Practice Questions - Set 18","ATI PN Level 2 Med Surg Proctored Exam Practice Questions","ati-pn-med-surg-level-2-proctored-exam-practice-questions-set-18","ati-pn-level-2-med-surg-proctored-exam-practice-questions","LPN Exams > ATI LPN Exams > Adult Medical Surgical","LPN Exams > ATI LPN Exams > Adult Medical Surgical","pillarPages/nursing-test-bank/subPages/z0xzINtS3EohZNaKosBz/nestedSubPages/lyrHg4RBzN6UafuymMFT/topics/NywbGW22YNeZSM3kuwKk/quizzes/OymBEZcoO4Zn83apS0Mz","pillarPages/nursing-test-bank/subPages/z0xzINtS3EohZNaKosBz/nestedSubPages/lyrHg4RBzN6UafuymMFT/topics/NywbGW22YNeZSM3kuwKk/quizzes/xyUf0xy22MHzkHSGvEWc"
"1.000","ATI PN Med Surg Level 2 Proctored Exam Practice Questions - Set 18","ATI PN Med Surg Level 2 Proctored Exam Practice Questions - Set 48","ati-pn-med-surg-level-2-proctored-exam-practice-questions-set-18","ati-pn-med-surg-level-2-proctored-exam-practice-questions-set-48","LPN Exams > ATI LPN Exams > Adult Medical Surgical","LPN Exams > ATI LPN Exams > Adult Medical Surgical","pillarPages/nursing-test-bank/subPages/z0xzINtS3EohZNaKosBz/nestedSubPages/lyrHg4RBzN6UafuymMFT/topics/NywbGW22YNeZSM3kuwKk/quizzes/OymBEZcoO4Zn83apS0Mz","pillarPages/nursing-test-bank/subPages/z0xzINtS3EohZNaKosBz/nestedSubPages/lyrHg4RBzN6UafuymMFT/topics/NywbGW22YNeZSM3kuwKk/quizzes/yOy9CNVGl4OPGtvpM6l0"
"1.000","ATI PN Med Surg Level 2 Proctored Exam Practice Questions - Set 57","ATI PN Level 2 Med Surg Proctored Exam Practice Questions","ati-pn-med-surg-level-2-proctored-exam-practice-questions-set-57","ati-pn-level-2-med-surg-proctored-exam-practice-questions","LPN Exams > ATI LPN Exams > Adult Medical Surgical","LPN Exams > ATI LPN Exams > Adult Medical Surgical","pillarPages/nursing-test-bank/subPages/z0xzINtS3EohZNaKosBz/nestedSubPages/lyrHg4RBzN6UafuymMFT/topics/NywbGW22YNeZSM3kuwKk/quizzes/amEkav2d6Q4qtanVVH3u","pillarPages/nursing-test-bank/subPages/z0xzINtS3EohZNaKosBz/nestedSubPages/lyrHg4RBzN6UafuymMFT/topics/NywbGW22YNeZSM3kuwKk/quizzes/xyUf0xy22MHzkHSGvEWc"
"1.000","ATI PN Med Surg Level 2 Proctored Exam Practice Questions - Set 57","ATI PN Med Surg Level 2 Proctored Exam Practice Questions - Set 48","ati-pn-med-surg-level-2-proctored-exam-practice-questions-set-57","ati-pn-med-surg-level-2-proctored-exam-practice-questions-set-48","LPN Exams > ATI LPN Exams > Adult Medical Surgical","LPN Exams > ATI LPN Exams > Adult Medical Surgical","pillarPages/nursing-test-bank/subPages/z0xzINtS3EohZNaKosBz/nestedSubPages/lyrHg4RBzN6UafuymMFT/topics/NywbGW22YNeZSM3kuwKk/quizzes/amEkav2d6Q4qtanVVH3u","pillarPages/nursing-test-bank/subPages/z0xzINtS3EohZNaKosBz/nestedSubPages/lyrHg4RBzN6UafuymMFT/topics/NywbGW22YNeZSM3kuwKk/quizzes/yOy9CNVGl4OPGtvpM6l0"
"1.000","ATI PN Med Surg Proctored Exam Practice Questions - Set 14","ATI PN Med Surg Proctored Exam Practice Questions - Set 69","ati-pn-med-surg-proctored-exam-practice-questions-set-14","ati-pn-med-surg-proctored-exam-practice-questions-set-69","LPN Exams > ATI LPN Exams > Adult Medical Surgical","LPN Exams > ATI LPN Exams > Adult Medical Surgical","pillarPages/nursing-test-bank/subPages/z0xzINtS3EohZNaKosBz/nestedSubPages/lyrHg4RBzN6UafuymMFT/topics/NywbGW22YNeZSM3kuwKk/quizzes/4MGJngTxlLpNA9gMl6Hs","pillarPages/nursing-test-bank/subPages/z0xzINtS3EohZNaKosBz/nestedSubPages/lyrHg4RBzN6UafuymMFT/topics/NywbGW22YNeZSM3kuwKk/quizzes/DGXa0b1J9HtFiPOazIql"
"1.000","ATI PN Med Surg Proctored Exam Practice Questions - Set 14","ATI PN Med Surg Proctored Exam Practice Questions - Set 20","ati-pn-med-surg-proctored-exam-practice-questions-set-14","ati-pn-med-surg-proctored-exam-practice-questions-set-20","LPN Exams > ATI LPN Exams > Adult Medical Surgical","LPN Exams > ATI LPN Exams > Adult Medical Surgical","pillarPages/nursing-test-bank/subPages/z0xzINtS3EohZNaKosBz/nestedSubPages/lyrHg4RBzN6UafuymMFT/topics/NywbGW22YNeZSM3kuwKk/quizzes/4MGJngTxlLpNA9gMl6Hs","pillarPages/nursing-test-bank/subPages/z0xzINtS3EohZNaKosBz/nestedSubPages/lyrHg4RBzN6UafuymMFT/topics/NywbGW22YNeZSM3kuwKk/quizzes/UNpA2CM7ebFWBcyGTTh4"
"1.000","ATI PN Med Surg Proctored Exam Practice Questions - Set 69","ATI PN Med Surg Proctored Exam Practice Questions - Set 20","ati-pn-med-surg-proctored-exam-practice-questions-set-69","ati-pn-med-surg-proctored-exam-practice-questions-set-20","LPN Exams > ATI LPN Exams > Adult Medical Surgical","LPN Exams > ATI LPN Exams > Adult Medical Surgical","pillarPages/nursing-test-bank/subPages/z0xzINtS3EohZNaKosBz/nestedSubPages/lyrHg4RBzN6UafuymMFT/topics/NywbGW22YNeZSM3kuwKk/quizzes/DGXa0b1J9HtFiPOazIql","pillarPages/nursing-test-bank/subPages/z0xzINtS3EohZNaKosBz/nestedSubPages/lyrHg4RBzN6UafuymMFT/topics/NywbGW22YNeZSM3kuwKk/quizzes/UNpA2CM7ebFWBcyGTTh4"
"1.000","ATI PN Med Surg Respiratory Proctored Exam Practice Questions - Set 19","ATI PN Med Surg Respiratory Proctored Exam Practice Questions - Set 5","ati-pn-med-surg-respiratory-proctored-exam-practice-questions-set-19","ati-pn-med-surg-respiratory-proctored-exam-practice-questions-set-5","LPN Exams > ATI LPN Exams > Adult Medical Surgical","LPN Exams > ATI LPN Exams > Adult Medical Surgical","pillarPages/nursing-test-bank/subPages/z0xzINtS3EohZNaKosBz/nestedSubPages/lyrHg4RBzN6UafuymMFT/topics/NywbGW22YNeZSM3kuwKk/quizzes/8XHFE7onnG2jheIvCKe7","pillarPages/nursing-test-bank/subPages/z0xzINtS3EohZNaKosBz/nestedSubPages/lyrHg4RBzN6UafuymMFT/topics/NywbGW22YNeZSM3kuwKk/quizzes/zPP70Psg7GnPF0wrD1DP"
"1.000","ATI PN Medical Surgical Proctored Exam 2023 Practice Questions - Set 21","ATI PN Medical Surgical Proctored Exam Practice Questions - Set 45","ati-pn-medical-surgical-proctored-exam-2023-practice-questions-set-21","ati-pn-medical-surgical-proctored-exam-practice-questions-set-45","LPN Exams > ATI LPN Exams > Adult Medical Surgical","LPN Exams > ATI LPN Exams > Adult Medical Surgical","pillarPages/nursing-test-bank/subPages/z0xzINtS3EohZNaKosBz/nestedSubPages/lyrHg4RBzN6UafuymMFT/topics/NywbGW22YNeZSM3kuwKk/quizzes/PSUOf5Jme94saqPFlLyB","pillarPages/nursing-test-bank/subPages/z0xzINtS3EohZNaKosBz/nestedSubPages/lyrHg4RBzN6UafuymMFT/topics/NywbGW22YNeZSM3kuwKk/quizzes/RD3Pi9dVMoVsNQzEa0WN"
"1.000","ATI PN Mental Health 2023 Proctored Exam Practice Questions - Set 16","ATI PN Mental Health Proctored Exam Practice Questions - Set 3","ati-pn-mental-health-2023-proctored-exam-practice-questions-set-16","ati-pn-mental-health-proctored-exam-practice-questions-set-3","LPN Exams > ATI LPN Exams > Mental Health","LPN Exams > ATI LPN Exams > Mental Health","pillarPages/nursing-test-bank/subPages/z0xzINtS3EohZNaKosBz/nestedSubPages/lyrHg4RBzN6UafuymMFT/topics/6i5h4wWlOfz4R8huNTkC/quizzes/Fd4CUWFrC0EHRcUrIpx4","pillarPages/nursing-test-bank/subPages/z0xzINtS3EohZNaKosBz/nestedSubPages/lyrHg4RBzN6UafuymMFT/topics/6i5h4wWlOfz4R8huNTkC/quizzes/NmyWvm446Bgz09F1MCl2"
"1.000","ATI PN Mental Health 2023 Proctored Exam Practice Questions - Set 16","ATI PN Mental Health Proctored Exam Practice Questions - Set 21","ati-pn-mental-health-2023-proctored-exam-practice-questions-set-16","ati-pn-mental-health-proctored-exam-practice-questions-set-21","LPN Exams > ATI LPN Exams > Mental Health","LPN Exams > ATI LPN Exams > Mental Health","pillarPages/nursing-test-bank/subPages/z0xzINtS3EohZNaKosBz/nestedSubPages/lyrHg4RBzN6UafuymMFT/topics/6i5h4wWlOfz4R8huNTkC/quizzes/Fd4CUWFrC0EHRcUrIpx4","pillarPages/nursing-test-bank/subPages/z0xzINtS3EohZNaKosBz/nestedSubPages/lyrHg4RBzN6UafuymMFT/topics/6i5h4wWlOfz4R8huNTkC/quizzes/Q2fS8PmQ5wik85qwHuxw"
"1.000","ATI PN Mental Health 2023 Proctored Exam Practice Questions - Set 16","ATI PN Mental Health 2023 Proctored Exam Practice Questions - Set 17","ati-pn-mental-health-2023-proctored-exam-practice-questions-set-16","ati-pn-mental-health-2023-proctored-exam-practice-questions-set-17","LPN Exams > ATI LPN Exams > Mental Health","LPN Exams > ATI LPN Exams > Mental Health","pillarPages/nursing-test-bank/subPages/z0xzINtS3EohZNaKosBz/nestedSubPages/lyrHg4RBzN6UafuymMFT/topics/6i5h4wWlOfz4R8huNTkC/quizzes/Fd4CUWFrC0EHRcUrIpx4","pillarPages/nursing-test-bank/subPages/z0xzINtS3EohZNaKosBz/nestedSubPages/lyrHg4RBzN6UafuymMFT/topics/6i5h4wWlOfz4R8huNTkC/quizzes/Z4NAfejpaDgZZHU9Qdpz"
"1.000","ATI PN Mental Health 2023 Proctored Exam Practice Questions - Set 16","ATI PN Mental Health Quiz Proctored Exam Practice Questions - Set 19","ati-pn-mental-health-2023-proctored-exam-practice-questions-set-16","ati-pn-mental-health-quiz-proctored-exam-practice-questions-set-19","LPN Exams > ATI LPN Exams > Mental Health","LPN Exams > ATI LPN Exams > Mental Health","pillarPages/nursing-test-bank/subPages/z0xzINtS3EohZNaKosBz/nestedSubPages/lyrHg4RBzN6UafuymMFT/topics/6i5h4wWlOfz4R8huNTkC/quizzes/Fd4CUWFrC0EHRcUrIpx4","pillarPages/nursing-test-bank/subPages/z0xzINtS3EohZNaKosBz/nestedSubPages/lyrHg4RBzN6UafuymMFT/topics/6i5h4wWlOfz4R8huNTkC/quizzes/azlPQZl6jkNGLIXtXnDc"
"1.000","ATI PN Mental Health 2023 Proctored Exam Practice Questions - Set 16","ATI PN Mental Health Proctored Exam Practice Questions - Set 2","ati-pn-mental-health-2023-proctored-exam-practice-questions-set-16","ati-pn-mental-health-proctored-exam-practice-questions-set-2","LPN Exams > ATI LPN Exams > Mental Health","LPN Exams > ATI LPN Exams > Mental Health","pillarPages/nursing-test-bank/subPages/z0xzINtS3EohZNaKosBz/nestedSubPages/lyrHg4RBzN6UafuymMFT/topics/6i5h4wWlOfz4R8huNTkC/quizzes/Fd4CUWFrC0EHRcUrIpx4","pillarPages/nursing-test-bank/subPages/z0xzINtS3EohZNaKosBz/nestedSubPages/lyrHg4RBzN6UafuymMFT/topics/6i5h4wWlOfz4R8huNTkC/quizzes/dUh2HpoMmmz9AkeiPvna"
"1.000","ATI PN Mental Health 2023 Proctored Exam Practice Questions - Set 16","ATI PN Mental Health Proctored Exam Practice Questions - Set 7","ati-pn-mental-health-2023-proctored-exam-practice-questions-set-16","ati-pn-mental-health-proctored-exam-practice-questions-set-7","LPN Exams > ATI LPN Exams > Mental Health","LPN Exams > ATI LPN Exams > Mental Health","pillarPages/nursing-test-bank/subPages/z0xzINtS3EohZNaKosBz/nestedSubPages/lyrHg4RBzN6UafuymMFT/topics/6i5h4wWlOfz4R8huNTkC/quizzes/Fd4CUWFrC0EHRcUrIpx4","pillarPages/nursing-test-bank/subPages/z0xzINtS3EohZNaKosBz/nestedSubPages/lyrHg4RBzN6UafuymMFT/topics/6i5h4wWlOfz4R8huNTkC/quizzes/hthlfOCc1BGRxIETQQ1Z"
"1.000","ATI PN Mental Health 2023 Proctored Exam Practice Questions - Set 16","ATI PN Mental Health Proctored Exam Practice Questions - Set 4","ati-pn-mental-health-2023-proctored-exam-practice-questions-set-16","ati-pn-mental-health-proctored-exam-practice-questions-set-4","LPN Exams > ATI LPN Exams > Mental Health","LPN Exams > ATI LPN Exams > Mental Health","pillarPages/nursing-test-bank/subPages/z0xzINtS3EohZNaKosBz/nestedSubPages/lyrHg4RBzN6UafuymMFT/topics/6i5h4wWlOfz4R8huNTkC/quizzes/Fd4CUWFrC0EHRcUrIpx4","pillarPages/nursing-test-bank/subPages/z0xzINtS3EohZNaKosBz/nestedSubPages/lyrHg4RBzN6UafuymMFT/topics/6i5h4wWlOfz4R8huNTkC/quizzes/sceHL0R4Xdjbg0G5Ksz9"
"1.000","ATI PN Mental Health 2023 Proctored Exam Practice Questions - Set 16","ATI PN Mental Health Proctored Exam Practice Questions - Set 27","ati-pn-mental-health-2023-proctored-exam-practice-questions-set-16","ati-pn-mental-health-proctored-exam-practice-questions-set-27","LPN Exams > ATI LPN Exams > Mental Health","LPN Exams > ATI LPN Exams > Mental Health","pillarPages/nursing-test-bank/subPages/z0xzINtS3EohZNaKosBz/nestedSubPages/lyrHg4RBzN6UafuymMFT/topics/6i5h4wWlOfz4R8huNTkC/quizzes/Fd4CUWFrC0EHRcUrIpx4","pillarPages/nursing-test-bank/subPages/z0xzINtS3EohZNaKosBz/nestedSubPages/lyrHg4RBzN6UafuymMFT/topics/6i5h4wWlOfz4R8huNTkC/quizzes/ujhDVShnkrjKiFa6CSKq"
"1.000","ATI PN Mental Health 2023 Proctored Exam Practice Questions - Set 17","ATI PN Mental Health Quiz Proctored Exam Practice Questions - Set 19","ati-pn-mental-health-2023-proctored-exam-practice-questions-set-17","ati-pn-mental-health-quiz-proctored-exam-practice-questions-set-19","LPN Exams > ATI LPN Exams > Mental Health","LPN Exams > ATI LPN Exams > Mental Health","pillarPages/nursing-test-bank/subPages/z0xzINtS3EohZNaKosBz/nestedSubPages/lyrHg4RBzN6UafuymMFT/topics/6i5h4wWlOfz4R8huNTkC/quizzes/Z4NAfejpaDgZZHU9Qdpz","pillarPages/nursing-test-bank/subPages/z0xzINtS3EohZNaKosBz/nestedSubPages/lyrHg4RBzN6UafuymMFT/topics/6i5h4wWlOfz4R8huNTkC/quizzes/azlPQZl6jkNGLIXtXnDc"
"1.000","ATI PN Mental Health 2023 Proctored Exam Practice Questions - Set 17","ATI PN Mental Health Proctored Exam Practice Questions - Set 2","ati-pn-mental-health-2023-proctored-exam-practice-questions-set-17","ati-pn-mental-health-proctored-exam-practice-questions-set-2","LPN Exams > ATI LPN Exams > Mental Health","LPN Exams > ATI LPN Exams > Mental Health","pillarPages/nursing-test-bank/subPages/z0xzINtS3EohZNaKosBz/nestedSubPages/lyrHg4RBzN6UafuymMFT/topics/6i5h4wWlOfz4R8huNTkC/quizzes/Z4NAfejpaDgZZHU9Qdpz","pillarPages/nursing-test-bank/subPages/z0xzINtS3EohZNaKosBz/nestedSubPages/lyrHg4RBzN6UafuymMFT/topics/6i5h4wWlOfz4R8huNTkC/quizzes/dUh2HpoMmmz9AkeiPvna"
"1.000","ATI PN Mental Health 2023 Proctored Exam Practice Questions - Set 17","ATI PN Mental Health Proctored Exam Practice Questions - Set 7","ati-pn-mental-health-2023-proctored-exam-practice-questions-set-17","ati-pn-mental-health-proctored-exam-practice-questions-set-7","LPN Exams > ATI LPN Exams > Mental Health","LPN Exams > ATI LPN Exams > Mental Health","pillarPages/nursing-test-bank/subPages/z0xzINtS3EohZNaKosBz/nestedSubPages/lyrHg4RBzN6UafuymMFT/topics/6i5h4wWlOfz4R8huNTkC/quizzes/Z4NAfejpaDgZZHU9Qdpz","pillarPages/nursing-test-bank/subPages/z0xzINtS3EohZNaKosBz/nestedSubPages/lyrHg4RBzN6UafuymMFT/topics/6i5h4wWlOfz4R8huNTkC/quizzes/hthlfOCc1BGRxIETQQ1Z"
"1.000","ATI PN Mental Health 2023 Proctored Exam Practice Questions - Set 17","ATI PN Mental Health Proctored Exam Practice Questions - Set 4","ati-pn-mental-health-2023-proctored-exam-practice-questions-set-17","ati-pn-mental-health-proctored-exam-practice-questions-set-4","LPN Exams > ATI LPN Exams > Mental Health","LPN Exams > ATI LPN Exams > Mental Health","pillarPages/nursing-test-bank/subPages/z0xzINtS3EohZNaKosBz/nestedSubPages/lyrHg4RBzN6UafuymMFT/topics/6i5h4wWlOfz4R8huNTkC/quizzes/Z4NAfejpaDgZZHU9Qdpz","pillarPages/nursing-test-bank/subPages/z0xzINtS3EohZNaKosBz/nestedSubPages/lyrHg4RBzN6UafuymMFT/topics/6i5h4wWlOfz4R8huNTkC/quizzes/sceHL0R4Xdjbg0G5Ksz9"
"1.000","ATI PN Mental Health 2023 Proctored Exam Practice Questions - Set 17","ATI PN Mental Health Proctored Exam Practice Questions - Set 27","ati-pn-mental-health-2023-proctored-exam-practice-questions-set-17","ati-pn-mental-health-proctored-exam-practice-questions-set-27","LPN Exams > ATI LPN Exams > Mental Health","LPN Exams > ATI LPN Exams > Mental Health","pillarPages/nursing-test-bank/subPages/z0xzINtS3EohZNaKosBz/nestedSubPages/lyrHg4RBzN6UafuymMFT/topics/6i5h4wWlOfz4R8huNTkC/quizzes/Z4NAfejpaDgZZHU9Qdpz","pillarPages/nursing-test-bank/subPages/z0xzINtS3EohZNaKosBz/nestedSubPages/lyrHg4RBzN6UafuymMFT/topics/6i5h4wWlOfz4R8huNTkC/quizzes/ujhDVShnkrjKiFa6CSKq"
"1.000","ATI PN Mental Health Level 4 Proctored Exam Practice Questions - Set 9","ATI PN Mental Health Level 4 Proctored Exam Practice Questions - Set 11","ati-pn-mental-health-level-4-proctored-exam-practice-questions-set-9","ati-pn-mental-health-level-4-proctored-exam-practice-questions-set-11","LPN Exams > ATI LPN Exams > Mental Health","LPN Exams > ATI LPN Exams > Mental Health","pillarPages/nursing-test-bank/subPages/z0xzINtS3EohZNaKosBz/nestedSubPages/lyrHg4RBzN6UafuymMFT/topics/6i5h4wWlOfz4R8huNTkC/quizzes/G0UOT7GIi3sPiFukngYZ","pillarPages/nursing-test-bank/subPages/z0xzINtS3EohZNaKosBz/nestedSubPages/lyrHg4RBzN6UafuymMFT/topics/6i5h4wWlOfz4R8huNTkC/quizzes/yH9BCMdQCuEK9lej1NxM"
"1.000","ATI PN Mental Health Proctored Exam 2023 Practice Questions - Set 10","ATI PN Mental Health Proctored Exam 2023 Practice Questions - Set 12","ati-pn-mental-health-proctored-exam-2023-practice-questions-set-10","ati-pn-mental-health-proctored-exam-2023-practice-questions-set-12","LPN Exams > ATI LPN Exams > Mental Health","LPN Exams > ATI LPN Exams > Mental Health","pillarPages/nursing-test-bank/subPages/z0xzINtS3EohZNaKosBz/nestedSubPages/lyrHg4RBzN6UafuymMFT/topics/6i5h4wWlOfz4R8huNTkC/quizzes/2fG2uGhn6fyk67ZYFnah","pillarPages/nursing-test-bank/subPages/z0xzINtS3EohZNaKosBz/nestedSubPages/lyrHg4RBzN6UafuymMFT/topics/6i5h4wWlOfz4R8huNTkC/quizzes/87iwgbc9j81OVcednIg7"
"1.000","ATI PN Mental Health Proctored Exam 2023 Practice Questions - Set 10","ATI PN Mental Health Proctored Exam Practice Questions - Set 6","ati-pn-mental-health-proctored-exam-2023-practice-questions-set-10","ati-pn-mental-health-proctored-exam-practice-questions-set-6","LPN Exams > ATI LPN Exams > Mental Health","LPN Exams > ATI LPN Exams > Mental Health","pillarPages/nursing-test-bank/subPages/z0xzINtS3EohZNaKosBz/nestedSubPages/lyrHg4RBzN6UafuymMFT/topics/6i5h4wWlOfz4R8huNTkC/quizzes/2fG2uGhn6fyk67ZYFnah","pillarPages/nursing-test-bank/subPages/z0xzINtS3EohZNaKosBz/nestedSubPages/lyrHg4RBzN6UafuymMFT/topics/6i5h4wWlOfz4R8huNTkC/quizzes/D7Gmvl2j5bTkFaVU4erQ"
"1.000","ATI PN Mental Health Proctored Exam 2023 Practice Questions - Set 10","ATI PN Mental Health Proctored Exam Practice Questions - Set 20","ati-pn-mental-health-proctored-exam-2023-practice-questions-set-10","ati-pn-mental-health-proctored-exam-practice-questions-set-20","LPN Exams > ATI LPN Exams > Mental Health","LPN Exams > ATI LPN Exams > Mental Health","pillarPages/nursing-test-bank/subPages/z0xzINtS3EohZNaKosBz/nestedSubPages/lyrHg4RBzN6UafuymMFT/topics/6i5h4wWlOfz4R8huNTkC/quizzes/2fG2uGhn6fyk67ZYFnah","pillarPages/nursing-test-bank/subPages/z0xzINtS3EohZNaKosBz/nestedSubPages/lyrHg4RBzN6UafuymMFT/topics/6i5h4wWlOfz4R8huNTkC/quizzes/EfV4aTuYMVOaoBvfUZFW"
"1.000","ATI PN Mental Health Proctored Exam 2023 Practice Questions - Set 10","ATI PN Mental Health 2023 Proctored Exam Practice Questions - Set 16","ati-pn-mental-health-proctored-exam-2023-practice-questions-set-10","ati-pn-mental-health-2023-proctored-exam-practice-questions-set-16","LPN Exams > ATI LPN Exams > Mental Health","LPN Exams > ATI LPN Exams > Mental Health","pillarPages/nursing-test-bank/subPages/z0xzINtS3EohZNaKosBz/nestedSubPages/lyrHg4RBzN6UafuymMFT/topics/6i5h4wWlOfz4R8huNTkC/quizzes/2fG2uGhn6fyk67ZYFnah","pillarPages/nursing-test-bank/subPages/z0xzINtS3EohZNaKosBz/nestedSubPages/lyrHg4RBzN6UafuymMFT/topics/6i5h4wWlOfz4R8huNTkC/quizzes/Fd4CUWFrC0EHRcUrIpx4"
"1.000","ATI PN Mental Health Proctored Exam 2023 Practice Questions - Set 10","ATI PN Mental Health Proctored Exam Practice Questions - Set 3","ati-pn-mental-health-proctored-exam-2023-practice-questions-set-10","ati-pn-mental-health-proctored-exam-practice-questions-set-3","LPN Exams > ATI LPN Exams > Mental Health","LPN Exams > ATI LPN Exams > Mental Health","pillarPages/nursing-test-bank/subPages/z0xzINtS3EohZNaKosBz/nestedSubPages/lyrHg4RBzN6UafuymMFT/topics/6i5h4wWlOfz4R8huNTkC/quizzes/2fG2uGhn6fyk67ZYFnah","pillarPages/nursing-test-bank/subPages/z0xzINtS3EohZNaKosBz/nestedSubPages/lyrHg4RBzN6UafuymMFT/topics/6i5h4wWlOfz4R8huNTkC/quizzes/NmyWvm446Bgz09F1MCl2"
"1.000","ATI PN Mental Health Proctored Exam 2023 Practice Questions - Set 10","ATI PN Mental Health Proctored Exam Practice Questions - Set 21","ati-pn-mental-health-proctored-exam-2023-practice-questions-set-10","ati-pn-mental-health-proctored-exam-practice-questions-set-21","LPN Exams > ATI LPN Exams > Mental Health","LPN Exams > ATI LPN Exams > Mental Health","pillarPages/nursing-test-bank/subPages/z0xzINtS3EohZNaKosBz/nestedSubPages/lyrHg4RBzN6UafuymMFT/topics/6i5h4wWlOfz4R8huNTkC/quizzes/2fG2uGhn6fyk67ZYFnah","pillarPages/nursing-test-bank/subPages/z0xzINtS3EohZNaKosBz/nestedSubPages/lyrHg4RBzN6UafuymMFT/topics/6i5h4wWlOfz4R8huNTkC/quizzes/Q2fS8PmQ5wik85qwHuxw"
"1.000","ATI PN Mental Health Proctored Exam 2023 Practice Questions - Set 10","ATI PN Mental Health 2023 Proctored Exam Practice Questions - Set 17","ati-pn-mental-health-proctored-exam-2023-practice-questions-set-10","ati-pn-mental-health-2023-proctored-exam-practice-questions-set-17","LPN Exams > ATI LPN Exams > Mental Health","LPN Exams > ATI LPN Exams > Mental Health","pillarPages/nursing-test-bank/subPages/z0xzINtS3EohZNaKosBz/nestedSubPages/lyrHg4RBzN6UafuymMFT/topics/6i5h4wWlOfz4R8huNTkC/quizzes/2fG2uGhn6fyk67ZYFnah","pillarPages/nursing-test-bank/subPages/z0xzINtS3EohZNaKosBz/nestedSubPages/lyrHg4RBzN6UafuymMFT/topics/6i5h4wWlOfz4R8huNTkC/quizzes/Z4NAfejpaDgZZHU9Qdpz"
"1.000","ATI PN Mental Health Proctored Exam 2023 Practice Questions - Set 10","ATI PN Mental Health Quiz Proctored Exam Practice Questions - Set 19","ati-pn-mental-health-proctored-exam-2023-practice-questions-set-10","ati-pn-mental-health-quiz-proctored-exam-practice-questions-set-19","LPN Exams > ATI LPN Exams > Mental Health","LPN Exams > ATI LPN Exams > Mental Health","pillarPages/nursing-test-bank/subPages/z0xzINtS3EohZNaKosBz/nestedSubPages/lyrHg4RBzN6UafuymMFT/topics/6i5h4wWlOfz4R8huNTkC/quizzes/2fG2uGhn6fyk67ZYFnah","pillarPages/nursing-test-bank/subPages/z0xzINtS3EohZNaKosBz/nestedSubPages/lyrHg4RBzN6UafuymMFT/topics/6i5h4wWlOfz4R8huNTkC/quizzes/azlPQZl6jkNGLIXtXnDc"
"1.000","ATI PN Mental Health Proctored Exam 2023 Practice Questions - Set 10","ATI PN Mental Health Proctored Exam Practice Questions - Set 2","ati-pn-mental-health-proctored-exam-2023-practice-questions-set-10","ati-pn-mental-health-proctored-exam-practice-questions-set-2","LPN Exams > ATI LPN Exams > Mental Health","LPN Exams > ATI LPN Exams > Mental Health","pillarPages/nursing-test-bank/subPages/z0xzINtS3EohZNaKosBz/nestedSubPages/lyrHg4RBzN6UafuymMFT/topics/6i5h4wWlOfz4R8huNTkC/quizzes/2fG2uGhn6fyk67ZYFnah","pillarPages/nursing-test-bank/subPages/z0xzINtS3EohZNaKosBz/nestedSubPages/lyrHg4RBzN6UafuymMFT/topics/6i5h4wWlOfz4R8huNTkC/quizzes/dUh2HpoMmmz9AkeiPvna"
"1.000","ATI PN Mental Health Proctored Exam 2023 Practice Questions - Set 10","ATI PN Mental Health Proctored Exam Practice Questions - Set 7","ati-pn-mental-health-proctored-exam-2023-practice-questions-set-10","ati-pn-mental-health-proctored-exam-practice-questions-set-7","LPN Exams > ATI LPN Exams > Mental Health","LPN Exams > ATI LPN Exams > Mental Health","pillarPages/nursing-test-bank/subPages/z0xzINtS3EohZNaKosBz/nestedSubPages/lyrHg4RBzN6UafuymMFT/topics/6i5h4wWlOfz4R8huNTkC/quizzes/2fG2uGhn6fyk67ZYFnah","pillarPages/nursing-test-bank/subPages/z0xzINtS3EohZNaKosBz/nestedSubPages/lyrHg4RBzN6UafuymMFT/topics/6i5h4wWlOfz4R8huNTkC/quizzes/hthlfOCc1BGRxIETQQ1Z"
"1.000","ATI PN Mental Health Proctored Exam 2023 Practice Questions - Set 10","ATI PN Mental Health Proctored Exam Practice Questions - Set 4","ati-pn-mental-health-proctored-exam-2023-practice-questions-set-10","ati-pn-mental-health-proctored-exam-practice-questions-set-4","LPN Exams > ATI LPN Exams > Mental Health","LPN Exams > ATI LPN Exams > Mental Health","pillarPages/nursing-test-bank/subPages/z0xzINtS3EohZNaKosBz/nestedSubPages/lyrHg4RBzN6UafuymMFT/topics/6i5h4wWlOfz4R8huNTkC/quizzes/2fG2uGhn6fyk67ZYFnah","pillarPages/nursing-test-bank/subPages/z0xzINtS3EohZNaKosBz/nestedSubPages/lyrHg4RBzN6UafuymMFT/topics/6i5h4wWlOfz4R8huNTkC/quizzes/sceHL0R4Xdjbg0G5Ksz9"
"1.000","ATI PN Mental Health Proctored Exam 2023 Practice Questions - Set 10","ATI PN Mental Health Proctored Exam Practice Questions - Set 27","ati-pn-mental-health-proctored-exam-2023-practice-questions-set-10","ati-pn-mental-health-proctored-exam-practice-questions-set-27","LPN Exams > ATI LPN Exams > Mental Health","LPN Exams > ATI LPN Exams > Mental Health","pillarPages/nursing-test-bank/subPages/z0xzINtS3EohZNaKosBz/nestedSubPages/lyrHg4RBzN6UafuymMFT/topics/6i5h4wWlOfz4R8huNTkC/quizzes/2fG2uGhn6fyk67ZYFnah","pillarPages/nursing-test-bank/subPages/z0xzINtS3EohZNaKosBz/nestedSubPages/lyrHg4RBzN6UafuymMFT/topics/6i5h4wWlOfz4R8huNTkC/quizzes/ujhDVShnkrjKiFa6CSKq"
"1.000","ATI PN Mental Health Proctored Exam 2023 Practice Questions - Set 12","ATI PN Mental Health Proctored Exam Practice Questions - Set 6","ati-pn-mental-health-proctored-exam-2023-practice-questions-set-12","ati-pn-mental-health-proctored-exam-practice-questions-set-6","LPN Exams > ATI LPN Exams > Mental Health","LPN Exams > ATI LPN Exams > Mental Health","pillarPages/nursing-test-bank/subPages/z0xzINtS3EohZNaKosBz/nestedSubPages/lyrHg4RBzN6UafuymMFT/topics/6i5h4wWlOfz4R8huNTkC/quizzes/87iwgbc9j81OVcednIg7","pillarPages/nursing-test-bank/subPages/z0xzINtS3EohZNaKosBz/nestedSubPages/lyrHg4RBzN6UafuymMFT/topics/6i5h4wWlOfz4R8huNTkC/quizzes/D7Gmvl2j5bTkFaVU4erQ"
"1.000","ATI PN Mental Health Proctored Exam 2023 Practice Questions - Set 12","ATI PN Mental Health Proctored Exam Practice Questions - Set 20","ati-pn-mental-health-proctored-exam-2023-practice-questions-set-12","ati-pn-mental-health-proctored-exam-practice-questions-set-20","LPN Exams > ATI LPN Exams > Mental Health","LPN Exams > ATI LPN Exams > Mental Health","pillarPages/nursing-test-bank/subPages/z0xzINtS3EohZNaKosBz/nestedSubPages/lyrHg4RBzN6UafuymMFT/topics/6i5h4wWlOfz4R8huNTkC/quizzes/87iwgbc9j81OVcednIg7","pillarPages/nursing-test-bank/subPages/z0xzINtS3EohZNaKosBz/nestedSubPages/lyrHg4RBzN6UafuymMFT/topics/6i5h4wWlOfz4R8huNTkC/quizzes/EfV4aTuYMVOaoBvfUZFW"
"1.000","ATI PN Mental Health Proctored Exam 2023 Practice Questions - Set 12","ATI PN Mental Health 2023 Proctored Exam Practice Questions - Set 16","ati-pn-mental-health-proctored-exam-2023-practice-questions-set-12","ati-pn-mental-health-2023-proctored-exam-practice-questions-set-16","LPN Exams > ATI LPN Exams > Mental Health","LPN Exams > ATI LPN Exams > Mental Health","pillarPages/nursing-test-bank/subPages/z0xzINtS3EohZNaKosBz/nestedSubPages/lyrHg4RBzN6UafuymMFT/topics/6i5h4wWlOfz4R8huNTkC/quizzes/87iwgbc9j81OVcednIg7","pillarPages/nursing-test-bank/subPages/z0xzINtS3EohZNaKosBz/nestedSubPages/lyrHg4RBzN6UafuymMFT/topics/6i5h4wWlOfz4R8huNTkC/quizzes/Fd4CUWFrC0EHRcUrIpx4"
"1.000","ATI PN Mental Health Proctored Exam 2023 Practice Questions - Set 12","ATI PN Mental Health Proctored Exam Practice Questions - Set 3","ati-pn-mental-health-proctored-exam-2023-practice-questions-set-12","ati-pn-mental-health-proctored-exam-practice-questions-set-3","LPN Exams > ATI LPN Exams > Mental Health","LPN Exams > ATI LPN Exams > Mental Health","pillarPages/nursing-test-bank/subPages/z0xzINtS3EohZNaKosBz/nestedSubPages/lyrHg4RBzN6UafuymMFT/topics/6i5h4wWlOfz4R8huNTkC/quizzes/87iwgbc9j81OVcednIg7","pillarPages/nursing-test-bank/subPages/z0xzINtS3EohZNaKosBz/nestedSubPages/lyrHg4RBzN6UafuymMFT/topics/6i5h4wWlOfz4R8huNTkC/quizzes/NmyWvm446Bgz09F1MCl2"
"1.000","ATI PN Mental Health Proctored Exam 2023 Practice Questions - Set 12","ATI PN Mental Health Proctored Exam Practice Questions - Set 21","ati-pn-mental-health-proctored-exam-2023-practice-questions-set-12","ati-pn-mental-health-proctored-exam-practice-questions-set-21","LPN Exams > ATI LPN Exams > Mental Health","LPN Exams > ATI LPN Exams > Mental Health","pillarPages/nursing-test-bank/subPages/z0xzINtS3EohZNaKosBz/nestedSubPages/lyrHg4RBzN6UafuymMFT/topics/6i5h4wWlOfz4R8huNTkC/quizzes/87iwgbc9j81OVcednIg7","pillarPages/nursing-test-bank/subPages/z0xzINtS3EohZNaKosBz/nestedSubPages/lyrHg4RBzN6UafuymMFT/topics/6i5h4wWlOfz4R8huNTkC/quizzes/Q2fS8PmQ5wik85qwHuxw"
"1.000","ATI PN Mental Health Proctored Exam 2023 Practice Questions - Set 12","ATI PN Mental Health 2023 Proctored Exam Practice Questions - Set 17","ati-pn-mental-health-proctored-exam-2023-practice-questions-set-12","ati-pn-mental-health-2023-proctored-exam-practice-questions-set-17","LPN Exams > ATI LPN Exams > Mental Health","LPN Exams > ATI LPN Exams > Mental Health","pillarPages/nursing-test-bank/subPages/z0xzINtS3EohZNaKosBz/nestedSubPages/lyrHg4RBzN6UafuymMFT/topics/6i5h4wWlOfz4R8huNTkC/quizzes/87iwgbc9j81OVcednIg7","pillarPages/nursing-test-bank/subPages/z0xzINtS3EohZNaKosBz/nestedSubPages/lyrHg4RBzN6UafuymMFT/topics/6i5h4wWlOfz4R8huNTkC/quizzes/Z4NAfejpaDgZZHU9Qdpz"
"1.000","ATI PN Mental Health Proctored Exam 2023 Practice Questions - Set 12","ATI PN Mental Health Quiz Proctored Exam Practice Questions - Set 19","ati-pn-mental-health-proctored-exam-2023-practice-questions-set-12","ati-pn-mental-health-quiz-proctored-exam-practice-questions-set-19","LPN Exams > ATI LPN Exams > Mental Health","LPN Exams > ATI LPN Exams > Mental Health","pillarPages/nursing-test-bank/subPages/z0xzINtS3EohZNaKosBz/nestedSubPages/lyrHg4RBzN6UafuymMFT/topics/6i5h4wWlOfz4R8huNTkC/quizzes/87iwgbc9j81OVcednIg7","pillarPages/nursing-test-bank/subPages/z0xzINtS3EohZNaKosBz/nestedSubPages/lyrHg4RBzN6UafuymMFT/topics/6i5h4wWlOfz4R8huNTkC/quizzes/azlPQZl6jkNGLIXtXnDc"
"1.000","ATI PN Mental Health Proctored Exam 2023 Practice Questions - Set 12","ATI PN Mental Health Proctored Exam Practice Questions - Set 2","ati-pn-mental-health-proctored-exam-2023-practice-questions-set-12","ati-pn-mental-health-proctored-exam-practice-questions-set-2","LPN Exams > ATI LPN Exams > Mental Health","LPN Exams > ATI LPN Exams > Mental Health","pillarPages/nursing-test-bank/subPages/z0xzINtS3EohZNaKosBz/nestedSubPages/lyrHg4RBzN6UafuymMFT/topics/6i5h4wWlOfz4R8huNTkC/quizzes/87iwgbc9j81OVcednIg7","pillarPages/nursing-test-bank/subPages/z0xzINtS3EohZNaKosBz/nestedSubPages/lyrHg4RBzN6UafuymMFT/topics/6i5h4wWlOfz4R8huNTkC/quizzes/dUh2HpoMmmz9AkeiPvna"
"1.000","ATI PN Mental Health Proctored Exam 2023 Practice Questions - Set 12","ATI PN Mental Health Proctored Exam Practice Questions - Set 7","ati-pn-mental-health-proctored-exam-2023-practice-questions-set-12","ati-pn-mental-health-proctored-exam-practice-questions-set-7","LPN Exams > ATI LPN Exams > Mental Health","LPN Exams > ATI LPN Exams > Mental Health","pillarPages/nursing-test-bank/subPages/z0xzINtS3EohZNaKosBz/nestedSubPages/lyrHg4RBzN6UafuymMFT/topics/6i5h4wWlOfz4R8huNTkC/quizzes/87iwgbc9j81OVcednIg7","pillarPages/nursing-test-bank/subPages/z0xzINtS3EohZNaKosBz/nestedSubPages/lyrHg4RBzN6UafuymMFT/topics/6i5h4wWlOfz4R8huNTkC/quizzes/hthlfOCc1BGRxIETQQ1Z"
"1.000","ATI PN Mental Health Proctored Exam 2023 Practice Questions - Set 12","ATI PN Mental Health Proctored Exam Practice Questions - Set 4","ati-pn-mental-health-proctored-exam-2023-practice-questions-set-12","ati-pn-mental-health-proctored-exam-practice-questions-set-4","LPN Exams > ATI LPN Exams > Mental Health","LPN Exams > ATI LPN Exams > Mental Health","pillarPages/nursing-test-bank/subPages/z0xzINtS3EohZNaKosBz/nestedSubPages/lyrHg4RBzN6UafuymMFT/topics/6i5h4wWlOfz4R8huNTkC/quizzes/87iwgbc9j81OVcednIg7","pillarPages/nursing-test-bank/subPages/z0xzINtS3EohZNaKosBz/nestedSubPages/lyrHg4RBzN6UafuymMFT/topics/6i5h4wWlOfz4R8huNTkC/quizzes/sceHL0R4Xdjbg0G5Ksz9"
"1.000","ATI PN Mental Health Proctored Exam 2023 Practice Questions - Set 12","ATI PN Mental Health Proctored Exam Practice Questions - Set 27","ati-pn-mental-health-proctored-exam-2023-practice-questions-set-12","ati-pn-mental-health-proctored-exam-practice-questions-set-27","LPN Exams > ATI LPN Exams > Mental Health","LPN Exams > ATI LPN Exams > Mental Health","pillarPages/nursing-test-bank/subPages/z0xzINtS3EohZNaKosBz/nestedSubPages/lyrHg4RBzN6UafuymMFT/topics/6i5h4wWlOfz4R8huNTkC/quizzes/87iwgbc9j81OVcednIg7","pillarPages/nursing-test-bank/subPages/z0xzINtS3EohZNaKosBz/nestedSubPages/lyrHg4RBzN6UafuymMFT/topics/6i5h4wWlOfz4R8huNTkC/quizzes/ujhDVShnkrjKiFa6CSKq"
"1.000","ATI PN Mental Health Proctored Exam Practice Questions - Set 18","ATI PN Mental Health Proctored Exam 2023 Practice Questions - Set 10","ati-pn-mental-health-proctored-exam-practice-questions-set-18","ati-pn-mental-health-proctored-exam-2023-practice-questions-set-10","LPN Exams > ATI LPN Exams > Mental Health","LPN Exams > ATI LPN Exams > Mental Health","pillarPages/nursing-test-bank/subPages/z0xzINtS3EohZNaKosBz/nestedSubPages/lyrHg4RBzN6UafuymMFT/topics/6i5h4wWlOfz4R8huNTkC/quizzes/0XWKxkayJ6Z3kVf3raA0","pillarPages/nursing-test-bank/subPages/z0xzINtS3EohZNaKosBz/nestedSubPages/lyrHg4RBzN6UafuymMFT/topics/6i5h4wWlOfz4R8huNTkC/quizzes/2fG2uGhn6fyk67ZYFnah"
"1.000","ATI PN Mental Health Proctored Exam Practice Questions - Set 18","ATI PN Mental Health Proctored Exam 2023 Practice Questions - Set 12","ati-pn-mental-health-proctored-exam-practice-questions-set-18","ati-pn-mental-health-proctored-exam-2023-practice-questions-set-12","LPN Exams > ATI LPN Exams > Mental Health","LPN Exams > ATI LPN Exams > Mental Health","pillarPages/nursing-test-bank/subPages/z0xzINtS3EohZNaKosBz/nestedSubPages/lyrHg4RBzN6UafuymMFT/topics/6i5h4wWlOfz4R8huNTkC/quizzes/0XWKxkayJ6Z3kVf3raA0","pillarPages/nursing-test-bank/subPages/z0xzINtS3EohZNaKosBz/nestedSubPages/lyrHg4RBzN6UafuymMFT/topics/6i5h4wWlOfz4R8huNTkC/quizzes/87iwgbc9j81OVcednIg7"
"1.000","ATI PN Mental Health Proctored Exam Practice Questions - Set 18","ATI PN Mental Health Proctored Exam Practice Questions - Set 6","ati-pn-mental-health-proctored-exam-practice-questions-set-18","ati-pn-mental-health-proctored-exam-practice-questions-set-6","LPN Exams > ATI LPN Exams > Mental Health","LPN Exams > ATI LPN Exams > Mental Health","pillarPages/nursing-test-bank/subPages/z0xzINtS3EohZNaKosBz/nestedSubPages/lyrHg4RBzN6UafuymMFT/topics/6i5h4wWlOfz4R8huNTkC/quizzes/0XWKxkayJ6Z3kVf3raA0","pillarPages/nursing-test-bank/subPages/z0xzINtS3EohZNaKosBz/nestedSubPages/lyrHg4RBzN6UafuymMFT/topics/6i5h4wWlOfz4R8huNTkC/quizzes/D7Gmvl2j5bTkFaVU4erQ"
"1.000","ATI PN Mental Health Proctored Exam Practice Questions - Set 18","ATI PN Mental Health Proctored Exam Practice Questions - Set 20","ati-pn-mental-health-proctored-exam-practice-questions-set-18","ati-pn-mental-health-proctored-exam-practice-questions-set-20","LPN Exams > ATI LPN Exams > Mental Health","LPN Exams > ATI LPN Exams > Mental Health","pillarPages/nursing-test-bank/subPages/z0xzINtS3EohZNaKosBz/nestedSubPages/lyrHg4RBzN6UafuymMFT/topics/6i5h4wWlOfz4R8huNTkC/quizzes/0XWKxkayJ6Z3kVf3raA0","pillarPages/nursing-test-bank/subPages/z0xzINtS3EohZNaKosBz/nestedSubPages/lyrHg4RBzN6UafuymMFT/topics/6i5h4wWlOfz4R8huNTkC/quizzes/EfV4aTuYMVOaoBvfUZFW"
"1.000","ATI PN Mental Health Proctored Exam Practice Questions - Set 18","ATI PN Mental Health 2023 Proctored Exam Practice Questions - Set 16","ati-pn-mental-health-proctored-exam-practice-questions-set-18","ati-pn-mental-health-2023-proctored-exam-practice-questions-set-16","LPN Exams > ATI LPN Exams > Mental Health","LPN Exams > ATI LPN Exams > Mental Health","pillarPages/nursing-test-bank/subPages/z0xzINtS3EohZNaKosBz/nestedSubPages/lyrHg4RBzN6UafuymMFT/topics/6i5h4wWlOfz4R8huNTkC/quizzes/0XWKxkayJ6Z3kVf3raA0","pillarPages/nursing-test-bank/subPages/z0xzINtS3EohZNaKosBz/nestedSubPages/lyrHg4RBzN6UafuymMFT/topics/6i5h4wWlOfz4R8huNTkC/quizzes/Fd4CUWFrC0EHRcUrIpx4"
"1.000","ATI PN Mental Health Proctored Exam Practice Questions - Set 18","ATI PN Mental Health Proctored Exam Practice Questions - Set 3","ati-pn-mental-health-proctored-exam-practice-questions-set-18","ati-pn-mental-health-proctored-exam-practice-questions-set-3","LPN Exams > ATI LPN Exams > Mental Health","LPN Exams > ATI LPN Exams > Mental Health","pillarPages/nursing-test-bank/subPages/z0xzINtS3EohZNaKosBz/nestedSubPages/lyrHg4RBzN6UafuymMFT/topics/6i5h4wWlOfz4R8huNTkC/quizzes/0XWKxkayJ6Z3kVf3raA0","pillarPages/nursing-test-bank/subPages/z0xzINtS3EohZNaKosBz/nestedSubPages/lyrHg4RBzN6UafuymMFT/topics/6i5h4wWlOfz4R8huNTkC/quizzes/NmyWvm446Bgz09F1MCl2"
"1.000","ATI PN Mental Health Proctored Exam Practice Questions - Set 18","ATI PN Mental Health Proctored Exam Practice Questions - Set 21","ati-pn-mental-health-proctored-exam-practice-questions-set-18","ati-pn-mental-health-proctored-exam-practice-questions-set-21","LPN Exams > ATI LPN Exams > Mental Health","LPN Exams > ATI LPN Exams > Mental Health","pillarPages/nursing-test-bank/subPages/z0xzINtS3EohZNaKosBz/nestedSubPages/lyrHg4RBzN6UafuymMFT/topics/6i5h4wWlOfz4R8huNTkC/quizzes/0XWKxkayJ6Z3kVf3raA0","pillarPages/nursing-test-bank/subPages/z0xzINtS3EohZNaKosBz/nestedSubPages/lyrHg4RBzN6UafuymMFT/topics/6i5h4wWlOfz4R8huNTkC/quizzes/Q2fS8PmQ5wik85qwHuxw"
"1.000","ATI PN Mental Health Proctored Exam Practice Questions - Set 18","ATI PN Mental Health 2023 Proctored Exam Practice Questions - Set 17","ati-pn-mental-health-proctored-exam-practice-questions-set-18","ati-pn-mental-health-2023-proctored-exam-practice-questions-set-17","LPN Exams > ATI LPN Exams > Mental Health","LPN Exams > ATI LPN Exams > Mental Health","pillarPages/nursing-test-bank/subPages/z0xzINtS3EohZNaKosBz/nestedSubPages/lyrHg4RBzN6UafuymMFT/topics/6i5h4wWlOfz4R8huNTkC/quizzes/0XWKxkayJ6Z3kVf3raA0","pillarPages/nursing-test-bank/subPages/z0xzINtS3EohZNaKosBz/nestedSubPages/lyrHg4RBzN6UafuymMFT/topics/6i5h4wWlOfz4R8huNTkC/quizzes/Z4NAfejpaDgZZHU9Qdpz"
"1.000","ATI PN Mental Health Proctored Exam Practice Questions - Set 18","ATI PN Mental Health Quiz Proctored Exam Practice Questions - Set 19","ati-pn-mental-health-proctored-exam-practice-questions-set-18","ati-pn-mental-health-quiz-proctored-exam-practice-questions-set-19","LPN Exams > ATI LPN Exams > Mental Health","LPN Exams > ATI LPN Exams > Mental Health","pillarPages/nursing-test-bank/subPages/z0xzINtS3EohZNaKosBz/nestedSubPages/lyrHg4RBzN6UafuymMFT/topics/6i5h4wWlOfz4R8huNTkC/quizzes/0XWKxkayJ6Z3kVf3raA0","pillarPages/nursing-test-bank/subPages/z0xzINtS3EohZNaKosBz/nestedSubPages/lyrHg4RBzN6UafuymMFT/topics/6i5h4wWlOfz4R8huNTkC/quizzes/azlPQZl6jkNGLIXtXnDc"
"1.000","ATI PN Mental Health Proctored Exam Practice Questions - Set 18","ATI PN Mental Health Proctored Exam Practice Questions - Set 2","ati-pn-mental-health-proctored-exam-practice-questions-set-18","ati-pn-mental-health-proctored-exam-practice-questions-set-2","LPN Exams > ATI LPN Exams > Mental Health","LPN Exams > ATI LPN Exams > Mental Health","pillarPages/nursing-test-bank/subPages/z0xzINtS3EohZNaKosBz/nestedSubPages/lyrHg4RBzN6UafuymMFT/topics/6i5h4wWlOfz4R8huNTkC/quizzes/0XWKxkayJ6Z3kVf3raA0","pillarPages/nursing-test-bank/subPages/z0xzINtS3EohZNaKosBz/nestedSubPages/lyrHg4RBzN6UafuymMFT/topics/6i5h4wWlOfz4R8huNTkC/quizzes/dUh2HpoMmmz9AkeiPvna"
"1.000","ATI PN Mental Health Proctored Exam Practice Questions - Set 18","ATI PN Mental Health Proctored Exam Practice Questions - Set 7","ati-pn-mental-health-proctored-exam-practice-questions-set-18","ati-pn-mental-health-proctored-exam-practice-questions-set-7","LPN Exams > ATI LPN Exams > Mental Health","LPN Exams > ATI LPN Exams > Mental Health","pillarPages/nursing-test-bank/subPages/z0xzINtS3EohZNaKosBz/nestedSubPages/lyrHg4RBzN6UafuymMFT/topics/6i5h4wWlOfz4R8huNTkC/quizzes/0XWKxkayJ6Z3kVf3raA0","pillarPages/nursing-test-bank/subPages/z0xzINtS3EohZNaKosBz/nestedSubPages/lyrHg4RBzN6UafuymMFT/topics/6i5h4wWlOfz4R8huNTkC/quizzes/hthlfOCc1BGRxIETQQ1Z"
"1.000","ATI PN Mental Health Proctored Exam Practice Questions - Set 18","ATI PN Mental Health Proctored Exam Practice Questions - Set 4","ati-pn-mental-health-proctored-exam-practice-questions-set-18","ati-pn-mental-health-proctored-exam-practice-questions-set-4","LPN Exams > ATI LPN Exams > Mental Health","LPN Exams > ATI LPN Exams > Mental Health","pillarPages/nursing-test-bank/subPages/z0xzINtS3EohZNaKosBz/nestedSubPages/lyrHg4RBzN6UafuymMFT/topics/6i5h4wWlOfz4R8huNTkC/quizzes/0XWKxkayJ6Z3kVf3raA0","pillarPages/nursing-test-bank/subPages/z0xzINtS3EohZNaKosBz/nestedSubPages/lyrHg4RBzN6UafuymMFT/topics/6i5h4wWlOfz4R8huNTkC/quizzes/sceHL0R4Xdjbg0G5Ksz9"
"1.000","ATI PN Mental Health Proctored Exam Practice Questions - Set 18","ATI PN Mental Health Proctored Exam Practice Questions - Set 27","ati-pn-mental-health-proctored-exam-practice-questions-set-18","ati-pn-mental-health-proctored-exam-practice-questions-set-27","LPN Exams > ATI LPN Exams > Mental Health","LPN Exams > ATI LPN Exams > Mental Health","pillarPages/nursing-test-bank/subPages/z0xzINtS3EohZNaKosBz/nestedSubPages/lyrHg4RBzN6UafuymMFT/topics/6i5h4wWlOfz4R8huNTkC/quizzes/0XWKxkayJ6Z3kVf3raA0","pillarPages/nursing-test-bank/subPages/z0xzINtS3EohZNaKosBz/nestedSubPages/lyrHg4RBzN6UafuymMFT/topics/6i5h4wWlOfz4R8huNTkC/quizzes/ujhDVShnkrjKiFa6CSKq"
"1.000","ATI PN Mental Health Proctored Exam Practice Questions - Set 2","ATI PN Mental Health Proctored Exam Practice Questions - Set 7","ati-pn-mental-health-proctored-exam-practice-questions-set-2","ati-pn-mental-health-proctored-exam-practice-questions-set-7","LPN Exams > ATI LPN Exams > Mental Health","LPN Exams > ATI LPN Exams > Mental Health","pillarPages/nursing-test-bank/subPages/z0xzINtS3EohZNaKosBz/nestedSubPages/lyrHg4RBzN6UafuymMFT/topics/6i5h4wWlOfz4R8huNTkC/quizzes/dUh2HpoMmmz9AkeiPvna","pillarPages/nursing-test-bank/subPages/z0xzINtS3EohZNaKosBz/nestedSubPages/lyrHg4RBzN6UafuymMFT/topics/6i5h4wWlOfz4R8huNTkC/quizzes/hthlfOCc1BGRxIETQQ1Z"
"1.000","ATI PN Mental Health Proctored Exam Practice Questions - Set 2","ATI PN Mental Health Proctored Exam Practice Questions - Set 4","ati-pn-mental-health-proctored-exam-practice-questions-set-2","ati-pn-mental-health-proctored-exam-practice-questions-set-4","LPN Exams > ATI LPN Exams > Mental Health","LPN Exams > ATI LPN Exams > Mental Health","pillarPages/nursing-test-bank/subPages/z0xzINtS3EohZNaKosBz/nestedSubPages/lyrHg4RBzN6UafuymMFT/topics/6i5h4wWlOfz4R8huNTkC/quizzes/dUh2HpoMmmz9AkeiPvna","pillarPages/nursing-test-bank/subPages/z0xzINtS3EohZNaKosBz/nestedSubPages/lyrHg4RBzN6UafuymMFT/topics/6i5h4wWlOfz4R8huNTkC/quizzes/sceHL0R4Xdjbg0G5Ksz9"
"1.000","ATI PN Mental Health Proctored Exam Practice Questions - Set 2","ATI PN Mental Health Proctored Exam Practice Questions - Set 27","ati-pn-mental-health-proctored-exam-practice-questions-set-2","ati-pn-mental-health-proctored-exam-practice-questions-set-27","LPN Exams > ATI LPN Exams > Mental Health","LPN Exams > ATI LPN Exams > Mental Health","pillarPages/nursing-test-bank/subPages/z0xzINtS3EohZNaKosBz/nestedSubPages/lyrHg4RBzN6UafuymMFT/topics/6i5h4wWlOfz4R8huNTkC/quizzes/dUh2HpoMmmz9AkeiPvna","pillarPages/nursing-test-bank/subPages/z0xzINtS3EohZNaKosBz/nestedSubPages/lyrHg4RBzN6UafuymMFT/topics/6i5h4wWlOfz4R8huNTkC/quizzes/ujhDVShnkrjKiFa6CSKq"
"1.000","ATI PN Mental Health Proctored Exam Practice Questions - Set 20","ATI PN Mental Health 2023 Proctored Exam Practice Questions - Set 16","ati-pn-mental-health-proctored-exam-practice-questions-set-20","ati-pn-mental-health-2023-proctored-exam-practice-questions-set-16","LPN Exams > ATI LPN Exams > Mental Health","LPN Exams > ATI LPN Exams > Mental Health","pillarPages/nursing-test-bank/subPages/z0xzINtS3EohZNaKosBz/nestedSubPages/lyrHg4RBzN6UafuymMFT/topics/6i5h4wWlOfz4R8huNTkC/quizzes/EfV4aTuYMVOaoBvfUZFW","pillarPages/nursing-test-bank/subPages/z0xzINtS3EohZNaKosBz/nestedSubPages/lyrHg4RBzN6UafuymMFT/topics/6i5h4wWlOfz4R8huNTkC/quizzes/Fd4CUWFrC0EHRcUrIpx4"
"1.000","ATI PN Mental Health Proctored Exam Practice Questions - Set 20","ATI PN Mental Health Proctored Exam Practice Questions - Set 3","ati-pn-mental-health-proctored-exam-practice-questions-set-20","ati-pn-mental-health-proctored-exam-practice-questions-set-3","LPN Exams > ATI LPN Exams > Mental Health","LPN Exams > ATI LPN Exams > Mental Health","pillarPages/nursing-test-bank/subPages/z0xzINtS3EohZNaKosBz/nestedSubPages/lyrHg4RBzN6UafuymMFT/topics/6i5h4wWlOfz4R8huNTkC/quizzes/EfV4aTuYMVOaoBvfUZFW","pillarPages/nursing-test-bank/subPages/z0xzINtS3EohZNaKosBz/nestedSubPages/lyrHg4RBzN6UafuymMFT/topics/6i5h4wWlOfz4R8huNTkC/quizzes/NmyWvm446Bgz09F1MCl2"
"1.000","ATI PN Mental Health Proctored Exam Practice Questions - Set 20","ATI PN Mental Health Proctored Exam Practice Questions - Set 21","ati-pn-mental-health-proctored-exam-practice-questions-set-20","ati-pn-mental-health-proctored-exam-practice-questions-set-21","LPN Exams > ATI LPN Exams > Mental Health","LPN Exams > ATI LPN Exams > Mental Health","pillarPages/nursing-test-bank/subPages/z0xzINtS3EohZNaKosBz/nestedSubPages/lyrHg4RBzN6UafuymMFT/topics/6i5h4wWlOfz4R8huNTkC/quizzes/EfV4aTuYMVOaoBvfUZFW","pillarPages/nursing-test-bank/subPages/z0xzINtS3EohZNaKosBz/nestedSubPages/lyrHg4RBzN6UafuymMFT/topics/6i5h4wWlOfz4R8huNTkC/quizzes/Q2fS8PmQ5wik85qwHuxw"
"1.000","ATI PN Mental Health Proctored Exam Practice Questions - Set 20","ATI PN Mental Health 2023 Proctored Exam Practice Questions - Set 17","ati-pn-mental-health-proctored-exam-practice-questions-set-20","ati-pn-mental-health-2023-proctored-exam-practice-questions-set-17","LPN Exams > ATI LPN Exams > Mental Health","LPN Exams > ATI LPN Exams > Mental Health","pillarPages/nursing-test-bank/subPages/z0xzINtS3EohZNaKosBz/nestedSubPages/lyrHg4RBzN6UafuymMFT/topics/6i5h4wWlOfz4R8huNTkC/quizzes/EfV4aTuYMVOaoBvfUZFW","pillarPages/nursing-test-bank/subPages/z0xzINtS3EohZNaKosBz/nestedSubPages/lyrHg4RBzN6UafuymMFT/topics/6i5h4wWlOfz4R8huNTkC/quizzes/Z4NAfejpaDgZZHU9Qdpz"
"1.000","ATI PN Mental Health Proctored Exam Practice Questions - Set 20","ATI PN Mental Health Quiz Proctored Exam Practice Questions - Set 19","ati-pn-mental-health-proctored-exam-practice-questions-set-20","ati-pn-mental-health-quiz-proctored-exam-practice-questions-set-19","LPN Exams > ATI LPN Exams > Mental Health","LPN Exams > ATI LPN Exams > Mental Health","pillarPages/nursing-test-bank/subPages/z0xzINtS3EohZNaKosBz/nestedSubPages/lyrHg4RBzN6UafuymMFT/topics/6i5h4wWlOfz4R8huNTkC/quizzes/EfV4aTuYMVOaoBvfUZFW","pillarPages/nursing-test-bank/subPages/z0xzINtS3EohZNaKosBz/nestedSubPages/lyrHg4RBzN6UafuymMFT/topics/6i5h4wWlOfz4R8huNTkC/quizzes/azlPQZl6jkNGLIXtXnDc"
"1.000","ATI PN Mental Health Proctored Exam Practice Questions - Set 20","ATI PN Mental Health Proctored Exam Practice Questions - Set 2","ati-pn-mental-health-proctored-exam-practice-questions-set-20","ati-pn-mental-health-proctored-exam-practice-questions-set-2","LPN Exams > ATI LPN Exams > Mental Health","LPN Exams > ATI LPN Exams > Mental Health","pillarPages/nursing-test-bank/subPages/z0xzINtS3EohZNaKosBz/nestedSubPages/lyrHg4RBzN6UafuymMFT/topics/6i5h4wWlOfz4R8huNTkC/quizzes/EfV4aTuYMVOaoBvfUZFW","pillarPages/nursing-test-bank/subPages/z0xzINtS3EohZNaKosBz/nestedSubPages/lyrHg4RBzN6UafuymMFT/topics/6i5h4wWlOfz4R8huNTkC/quizzes/dUh2HpoMmmz9AkeiPvna"
"1.000","ATI PN Mental Health Proctored Exam Practice Questions - Set 20","ATI PN Mental Health Proctored Exam Practice Questions - Set 7","ati-pn-mental-health-proctored-exam-practice-questions-set-20","ati-pn-mental-health-proctored-exam-practice-questions-set-7","LPN Exams > ATI LPN Exams > Mental Health","LPN Exams > ATI LPN Exams > Mental Health","pillarPages/nursing-test-bank/subPages/z0xzINtS3EohZNaKosBz/nestedSubPages/lyrHg4RBzN6UafuymMFT/topics/6i5h4wWlOfz4R8huNTkC/quizzes/EfV4aTuYMVOaoBvfUZFW","pillarPages/nursing-test-bank/subPages/z0xzINtS3EohZNaKosBz/nestedSubPages/lyrHg4RBzN6UafuymMFT/topics/6i5h4wWlOfz4R8huNTkC/quizzes/hthlfOCc1BGRxIETQQ1Z"
"1.000","ATI PN Mental Health Proctored Exam Practice Questions - Set 20","ATI PN Mental Health Proctored Exam Practice Questions - Set 4","ati-pn-mental-health-proctored-exam-practice-questions-set-20","ati-pn-mental-health-proctored-exam-practice-questions-set-4","LPN Exams > ATI LPN Exams > Mental Health","LPN Exams > ATI LPN Exams > Mental Health","pillarPages/nursing-test-bank/subPages/z0xzINtS3EohZNaKosBz/nestedSubPages/lyrHg4RBzN6UafuymMFT/topics/6i5h4wWlOfz4R8huNTkC/quizzes/EfV4aTuYMVOaoBvfUZFW","pillarPages/nursing-test-bank/subPages/z0xzINtS3EohZNaKosBz/nestedSubPages/lyrHg4RBzN6UafuymMFT/topics/6i5h4wWlOfz4R8huNTkC/quizzes/sceHL0R4Xdjbg0G5Ksz9"
"1.000","ATI PN Mental Health Proctored Exam Practice Questions - Set 20","ATI PN Mental Health Proctored Exam Practice Questions - Set 27","ati-pn-mental-health-proctored-exam-practice-questions-set-20","ati-pn-mental-health-proctored-exam-practice-questions-set-27","LPN Exams > ATI LPN Exams > Mental Health","LPN Exams > ATI LPN Exams > Mental Health","pillarPages/nursing-test-bank/subPages/z0xzINtS3EohZNaKosBz/nestedSubPages/lyrHg4RBzN6UafuymMFT/topics/6i5h4wWlOfz4R8huNTkC/quizzes/EfV4aTuYMVOaoBvfUZFW","pillarPages/nursing-test-bank/subPages/z0xzINtS3EohZNaKosBz/nestedSubPages/lyrHg4RBzN6UafuymMFT/topics/6i5h4wWlOfz4R8huNTkC/quizzes/ujhDVShnkrjKiFa6CSKq"
"1.000","ATI PN Mental Health Proctored Exam Practice Questions - Set 21","ATI PN Mental Health 2023 Proctored Exam Practice Questions - Set 17","ati-pn-mental-health-proctored-exam-practice-questions-set-21","ati-pn-mental-health-2023-proctored-exam-practice-questions-set-17","LPN Exams > ATI LPN Exams > Mental Health","LPN Exams > ATI LPN Exams > Mental Health","pillarPages/nursing-test-bank/subPages/z0xzINtS3EohZNaKosBz/nestedSubPages/lyrHg4RBzN6UafuymMFT/topics/6i5h4wWlOfz4R8huNTkC/quizzes/Q2fS8PmQ5wik85qwHuxw","pillarPages/nursing-test-bank/subPages/z0xzINtS3EohZNaKosBz/nestedSubPages/lyrHg4RBzN6UafuymMFT/topics/6i5h4wWlOfz4R8huNTkC/quizzes/Z4NAfejpaDgZZHU9Qdpz"
"1.000","ATI PN Mental Health Proctored Exam Practice Questions - Set 21","ATI PN Mental Health Quiz Proctored Exam Practice Questions - Set 19","ati-pn-mental-health-proctored-exam-practice-questions-set-21","ati-pn-mental-health-quiz-proctored-exam-practice-questions-set-19","LPN Exams > ATI LPN Exams > Mental Health","LPN Exams > ATI LPN Exams > Mental Health","pillarPages/nursing-test-bank/subPages/z0xzINtS3EohZNaKosBz/nestedSubPages/lyrHg4RBzN6UafuymMFT/topics/6i5h4wWlOfz4R8huNTkC/quizzes/Q2fS8PmQ5wik85qwHuxw","pillarPages/nursing-test-bank/subPages/z0xzINtS3EohZNaKosBz/nestedSubPages/lyrHg4RBzN6UafuymMFT/topics/6i5h4wWlOfz4R8huNTkC/quizzes/azlPQZl6jkNGLIXtXnDc"
"1.000","ATI PN Mental Health Proctored Exam Practice Questions - Set 21","ATI PN Mental Health Proctored Exam Practice Questions - Set 2","ati-pn-mental-health-proctored-exam-practice-questions-set-21","ati-pn-mental-health-proctored-exam-practice-questions-set-2","LPN Exams > ATI LPN Exams > Mental Health","LPN Exams > ATI LPN Exams > Mental Health","pillarPages/nursing-test-bank/subPages/z0xzINtS3EohZNaKosBz/nestedSubPages/lyrHg4RBzN6UafuymMFT/topics/6i5h4wWlOfz4R8huNTkC/quizzes/Q2fS8PmQ5wik85qwHuxw","pillarPages/nursing-test-bank/subPages/z0xzINtS3EohZNaKosBz/nestedSubPages/lyrHg4RBzN6UafuymMFT/topics/6i5h4wWlOfz4R8huNTkC/quizzes/dUh2HpoMmmz9AkeiPvna"
"1.000","ATI PN Mental Health Proctored Exam Practice Questions - Set 21","ATI PN Mental Health Proctored Exam Practice Questions - Set 7","ati-pn-mental-health-proctored-exam-practice-questions-set-21","ati-pn-mental-health-proctored-exam-practice-questions-set-7","LPN Exams > ATI LPN Exams > Mental Health","LPN Exams > ATI LPN Exams > Mental Health","pillarPages/nursing-test-bank/subPages/z0xzINtS3EohZNaKosBz/nestedSubPages/lyrHg4RBzN6UafuymMFT/topics/6i5h4wWlOfz4R8huNTkC/quizzes/Q2fS8PmQ5wik85qwHuxw","pillarPages/nursing-test-bank/subPages/z0xzINtS3EohZNaKosBz/nestedSubPages/lyrHg4RBzN6UafuymMFT/topics/6i5h4wWlOfz4R8huNTkC/quizzes/hthlfOCc1BGRxIETQQ1Z"
"1.000","ATI PN Mental Health Proctored Exam Practice Questions - Set 21","ATI PN Mental Health Proctored Exam Practice Questions - Set 4","ati-pn-mental-health-proctored-exam-practice-questions-set-21","ati-pn-mental-health-proctored-exam-practice-questions-set-4","LPN Exams > ATI LPN Exams > Mental Health","LPN Exams > ATI LPN Exams > Mental Health","pillarPages/nursing-test-bank/subPages/z0xzINtS3EohZNaKosBz/nestedSubPages/lyrHg4RBzN6UafuymMFT/topics/6i5h4wWlOfz4R8huNTkC/quizzes/Q2fS8PmQ5wik85qwHuxw","pillarPages/nursing-test-bank/subPages/z0xzINtS3EohZNaKosBz/nestedSubPages/lyrHg4RBzN6UafuymMFT/topics/6i5h4wWlOfz4R8huNTkC/quizzes/sceHL0R4Xdjbg0G5Ksz9"
"1.000","ATI PN Mental Health Proctored Exam Practice Questions - Set 21","ATI PN Mental Health Proctored Exam Practice Questions - Set 27","ati-pn-mental-health-proctored-exam-practice-questions-set-21","ati-pn-mental-health-proctored-exam-practice-questions-set-27","LPN Exams > ATI LPN Exams > Mental Health","LPN Exams > ATI LPN Exams > Mental Health","pillarPages/nursing-test-bank/subPages/z0xzINtS3EohZNaKosBz/nestedSubPages/lyrHg4RBzN6UafuymMFT/topics/6i5h4wWlOfz4R8huNTkC/quizzes/Q2fS8PmQ5wik85qwHuxw","pillarPages/nursing-test-bank/subPages/z0xzINtS3EohZNaKosBz/nestedSubPages/lyrHg4RBzN6UafuymMFT/topics/6i5h4wWlOfz4R8huNTkC/quizzes/ujhDVShnkrjKiFa6CSKq"
"1.000","ATI PN Mental Health Proctored Exam Practice Questions - Set 3","ATI PN Mental Health Proctored Exam Practice Questions - Set 21","ati-pn-mental-health-proctored-exam-practice-questions-set-3","ati-pn-mental-health-proctored-exam-practice-questions-set-21","LPN Exams > ATI LPN Exams > Mental Health","LPN Exams > ATI LPN Exams > Mental Health","pillarPages/nursing-test-bank/subPages/z0xzINtS3EohZNaKosBz/nestedSubPages/lyrHg4RBzN6UafuymMFT/topics/6i5h4wWlOfz4R8huNTkC/quizzes/NmyWvm446Bgz09F1MCl2","pillarPages/nursing-test-bank/subPages/z0xzINtS3EohZNaKosBz/nestedSubPages/lyrHg4RBzN6UafuymMFT/topics/6i5h4wWlOfz4R8huNTkC/quizzes/Q2fS8PmQ5wik85qwHuxw"
"1.000","ATI PN Mental Health Proctored Exam Practice Questions - Set 3","ATI PN Mental Health 2023 Proctored Exam Practice Questions - Set 17","ati-pn-mental-health-proctored-exam-practice-questions-set-3","ati-pn-mental-health-2023-proctored-exam-practice-questions-set-17","LPN Exams > ATI LPN Exams > Mental Health","LPN Exams > ATI LPN Exams > Mental Health","pillarPages/nursing-test-bank/subPages/z0xzINtS3EohZNaKosBz/nestedSubPages/lyrHg4RBzN6UafuymMFT/topics/6i5h4wWlOfz4R8huNTkC/quizzes/NmyWvm446Bgz09F1MCl2","pillarPages/nursing-test-bank/subPages/z0xzINtS3EohZNaKosBz/nestedSubPages/lyrHg4RBzN6UafuymMFT/topics/6i5h4wWlOfz4R8huNTkC/quizzes/Z4NAfejpaDgZZHU9Qdpz"
"1.000","ATI PN Mental Health Proctored Exam Practice Questions - Set 3","ATI PN Mental Health Quiz Proctored Exam Practice Questions - Set 19","ati-pn-mental-health-proctored-exam-practice-questions-set-3","ati-pn-mental-health-quiz-proctored-exam-practice-questions-set-19","LPN Exams > ATI LPN Exams > Mental Health","LPN Exams > ATI LPN Exams > Mental Health","pillarPages/nursing-test-bank/subPages/z0xzINtS3EohZNaKosBz/nestedSubPages/lyrHg4RBzN6UafuymMFT/topics/6i5h4wWlOfz4R8huNTkC/quizzes/NmyWvm446Bgz09F1MCl2","pillarPages/nursing-test-bank/subPages/z0xzINtS3EohZNaKosBz/nestedSubPages/lyrHg4RBzN6UafuymMFT/topics/6i5h4wWlOfz4R8huNTkC/quizzes/azlPQZl6jkNGLIXtXnDc"
"1.000","ATI PN Mental Health Proctored Exam Practice Questions - Set 3","ATI PN Mental Health Proctored Exam Practice Questions - Set 2","ati-pn-mental-health-proctored-exam-practice-questions-set-3","ati-pn-mental-health-proctored-exam-practice-questions-set-2","LPN Exams > ATI LPN Exams > Mental Health","LPN Exams > ATI LPN Exams > Mental Health","pillarPages/nursing-test-bank/subPages/z0xzINtS3EohZNaKosBz/nestedSubPages/lyrHg4RBzN6UafuymMFT/topics/6i5h4wWlOfz4R8huNTkC/quizzes/NmyWvm446Bgz09F1MCl2","pillarPages/nursing-test-bank/subPages/z0xzINtS3EohZNaKosBz/nestedSubPages/lyrHg4RBzN6UafuymMFT/topics/6i5h4wWlOfz4R8huNTkC/quizzes/dUh2HpoMmmz9AkeiPvna"
"1.000","ATI PN Mental Health Proctored Exam Practice Questions - Set 3","ATI PN Mental Health Proctored Exam Practice Questions - Set 7","ati-pn-mental-health-proctored-exam-practice-questions-set-3","ati-pn-mental-health-proctored-exam-practice-questions-set-7","LPN Exams > ATI LPN Exams > Mental Health","LPN Exams > ATI LPN Exams > Mental Health","pillarPages/nursing-test-bank/subPages/z0xzINtS3EohZNaKosBz/nestedSubPages/lyrHg4RBzN6UafuymMFT/topics/6i5h4wWlOfz4R8huNTkC/quizzes/NmyWvm446Bgz09F1MCl2","pillarPages/nursing-test-bank/subPages/z0xzINtS3EohZNaKosBz/nestedSubPages/lyrHg4RBzN6UafuymMFT/topics/6i5h4wWlOfz4R8huNTkC/quizzes/hthlfOCc1BGRxIETQQ1Z"
"1.000","ATI PN Mental Health Proctored Exam Practice Questions - Set 3","ATI PN Mental Health Proctored Exam Practice Questions - Set 4","ati-pn-mental-health-proctored-exam-practice-questions-set-3","ati-pn-mental-health-proctored-exam-practice-questions-set-4","LPN Exams > ATI LPN Exams > Mental Health","LPN Exams > ATI LPN Exams > Mental Health","pillarPages/nursing-test-bank/subPages/z0xzINtS3EohZNaKosBz/nestedSubPages/lyrHg4RBzN6UafuymMFT/topics/6i5h4wWlOfz4R8huNTkC/quizzes/NmyWvm446Bgz09F1MCl2","pillarPages/nursing-test-bank/subPages/z0xzINtS3EohZNaKosBz/nestedSubPages/lyrHg4RBzN6UafuymMFT/topics/6i5h4wWlOfz4R8huNTkC/quizzes/sceHL0R4Xdjbg0G5Ksz9"
"1.000","ATI PN Mental Health Proctored Exam Practice Questions - Set 3","ATI PN Mental Health Proctored Exam Practice Questions - Set 27","ati-pn-mental-health-proctored-exam-practice-questions-set-3","ati-pn-mental-health-proctored-exam-practice-questions-set-27","LPN Exams > ATI LPN Exams > Mental Health","LPN Exams > ATI LPN Exams > Mental Health","pillarPages/nursing-test-bank/subPages/z0xzINtS3EohZNaKosBz/nestedSubPages/lyrHg4RBzN6UafuymMFT/topics/6i5h4wWlOfz4R8huNTkC/quizzes/NmyWvm446Bgz09F1MCl2","pillarPages/nursing-test-bank/subPages/z0xzINtS3EohZNaKosBz/nestedSubPages/lyrHg4RBzN6UafuymMFT/topics/6i5h4wWlOfz4R8huNTkC/quizzes/ujhDVShnkrjKiFa6CSKq"
"1.000","ATI PN Mental Health Proctored Exam Practice Questions - Set 4","ATI PN Mental Health Proctored Exam Practice Questions - Set 27","ati-pn-mental-health-proctored-exam-practice-questions-set-4","ati-pn-mental-health-proctored-exam-practice-questions-set-27","LPN Exams > ATI LPN Exams > Mental Health","LPN Exams > ATI LPN Exams > Mental Health","pillarPages/nursing-test-bank/subPages/z0xzINtS3EohZNaKosBz/nestedSubPages/lyrHg4RBzN6UafuymMFT/topics/6i5h4wWlOfz4R8huNTkC/quizzes/sceHL0R4Xdjbg0G5Ksz9","pillarPages/nursing-test-bank/subPages/z0xzINtS3EohZNaKosBz/nestedSubPages/lyrHg4RBzN6UafuymMFT/topics/6i5h4wWlOfz4R8huNTkC/quizzes/ujhDVShnkrjKiFa6CSKq"
"1.000","ATI PN Mental Health Proctored Exam Practice Questions - Set 6","ATI PN Mental Health Proctored Exam Practice Questions - Set 20","ati-pn-mental-health-proctored-exam-practice-questions-set-6","ati-pn-mental-health-proctored-exam-practice-questions-set-20","LPN Exams > ATI LPN Exams > Mental Health","LPN Exams > ATI LPN Exams > Mental Health","pillarPages/nursing-test-bank/subPages/z0xzINtS3EohZNaKosBz/nestedSubPages/lyrHg4RBzN6UafuymMFT/topics/6i5h4wWlOfz4R8huNTkC/quizzes/D7Gmvl2j5bTkFaVU4erQ","pillarPages/nursing-test-bank/subPages/z0xzINtS3EohZNaKosBz/nestedSubPages/lyrHg4RBzN6UafuymMFT/topics/6i5h4wWlOfz4R8huNTkC/quizzes/EfV4aTuYMVOaoBvfUZFW"
"1.000","ATI PN Mental Health Proctored Exam Practice Questions - Set 6","ATI PN Mental Health 2023 Proctored Exam Practice Questions - Set 16","ati-pn-mental-health-proctored-exam-practice-questions-set-6","ati-pn-mental-health-2023-proctored-exam-practice-questions-set-16","LPN Exams > ATI LPN Exams > Mental Health","LPN Exams > ATI LPN Exams > Mental Health","pillarPages/nursing-test-bank/subPages/z0xzINtS3EohZNaKosBz/nestedSubPages/lyrHg4RBzN6UafuymMFT/topics/6i5h4wWlOfz4R8huNTkC/quizzes/D7Gmvl2j5bTkFaVU4erQ","pillarPages/nursing-test-bank/subPages/z0xzINtS3EohZNaKosBz/nestedSubPages/lyrHg4RBzN6UafuymMFT/topics/6i5h4wWlOfz4R8huNTkC/quizzes/Fd4CUWFrC0EHRcUrIpx4"
"1.000","ATI PN Mental Health Proctored Exam Practice Questions - Set 6","ATI PN Mental Health Proctored Exam Practice Questions - Set 3","ati-pn-mental-health-proctored-exam-practice-questions-set-6","ati-pn-mental-health-proctored-exam-practice-questions-set-3","LPN Exams > ATI LPN Exams > Mental Health","LPN Exams > ATI LPN Exams > Mental Health","pillarPages/nursing-test-bank/subPages/z0xzINtS3EohZNaKosBz/nestedSubPages/lyrHg4RBzN6UafuymMFT/topics/6i5h4wWlOfz4R8huNTkC/quizzes/D7Gmvl2j5bTkFaVU4erQ","pillarPages/nursing-test-bank/subPages/z0xzINtS3EohZNaKosBz/nestedSubPages/lyrHg4RBzN6UafuymMFT/topics/6i5h4wWlOfz4R8huNTkC/quizzes/NmyWvm446Bgz09F1MCl2"
"1.000","ATI PN Mental Health Proctored Exam Practice Questions - Set 6","ATI PN Mental Health Proctored Exam Practice Questions - Set 21","ati-pn-mental-health-proctored-exam-practice-questions-set-6","ati-pn-mental-health-proctored-exam-practice-questions-set-21","LPN Exams > ATI LPN Exams > Mental Health","LPN Exams > ATI LPN Exams > Mental Health","pillarPages/nursing-test-bank/subPages/z0xzINtS3EohZNaKosBz/nestedSubPages/lyrHg4RBzN6UafuymMFT/topics/6i5h4wWlOfz4R8huNTkC/quizzes/D7Gmvl2j5bTkFaVU4erQ","pillarPages/nursing-test-bank/subPages/z0xzINtS3EohZNaKosBz/nestedSubPages/lyrHg4RBzN6UafuymMFT/topics/6i5h4wWlOfz4R8huNTkC/quizzes/Q2fS8PmQ5wik85qwHuxw"
"1.000","ATI PN Mental Health Proctored Exam Practice Questions - Set 6","ATI PN Mental Health 2023 Proctored Exam Practice Questions - Set 17","ati-pn-mental-health-proctored-exam-practice-questions-set-6","ati-pn-mental-health-2023-proctored-exam-practice-questions-set-17","LPN Exams > ATI LPN Exams > Mental Health","LPN Exams > ATI LPN Exams > Mental Health","pillarPages/nursing-test-bank/subPages/z0xzINtS3EohZNaKosBz/nestedSubPages/lyrHg4RBzN6UafuymMFT/topics/6i5h4wWlOfz4R8huNTkC/quizzes/D7Gmvl2j5bTkFaVU4erQ","pillarPages/nursing-test-bank/subPages/z0xzINtS3EohZNaKosBz/nestedSubPages/lyrHg4RBzN6UafuymMFT/topics/6i5h4wWlOfz4R8huNTkC/quizzes/Z4NAfejpaDgZZHU9Qdpz"
"1.000","ATI PN Mental Health Proctored Exam Practice Questions - Set 6","ATI PN Mental Health Quiz Proctored Exam Practice Questions - Set 19","ati-pn-mental-health-proctored-exam-practice-questions-set-6","ati-pn-mental-health-quiz-proctored-exam-practice-questions-set-19","LPN Exams > ATI LPN Exams > Mental Health","LPN Exams > ATI LPN Exams > Mental Health","pillarPages/nursing-test-bank/subPages/z0xzINtS3EohZNaKosBz/nestedSubPages/lyrHg4RBzN6UafuymMFT/topics/6i5h4wWlOfz4R8huNTkC/quizzes/D7Gmvl2j5bTkFaVU4erQ","pillarPages/nursing-test-bank/subPages/z0xzINtS3EohZNaKosBz/nestedSubPages/lyrHg4RBzN6UafuymMFT/topics/6i5h4wWlOfz4R8huNTkC/quizzes/azlPQZl6jkNGLIXtXnDc"
"1.000","ATI PN Mental Health Proctored Exam Practice Questions - Set 6","ATI PN Mental Health Proctored Exam Practice Questions - Set 2","ati-pn-mental-health-proctored-exam-practice-questions-set-6","ati-pn-mental-health-proctored-exam-practice-questions-set-2","LPN Exams > ATI LPN Exams > Mental Health","LPN Exams > ATI LPN Exams > Mental Health","pillarPages/nursing-test-bank/subPages/z0xzINtS3EohZNaKosBz/nestedSubPages/lyrHg4RBzN6UafuymMFT/topics/6i5h4wWlOfz4R8huNTkC/quizzes/D7Gmvl2j5bTkFaVU4erQ","pillarPages/nursing-test-bank/subPages/z0xzINtS3EohZNaKosBz/nestedSubPages/lyrHg4RBzN6UafuymMFT/topics/6i5h4wWlOfz4R8huNTkC/quizzes/dUh2HpoMmmz9AkeiPvna"
"1.000","ATI PN Mental Health Proctored Exam Practice Questions - Set 6","ATI PN Mental Health Proctored Exam Practice Questions - Set 7","ati-pn-mental-health-proctored-exam-practice-questions-set-6","ati-pn-mental-health-proctored-exam-practice-questions-set-7","LPN Exams > ATI LPN Exams > Mental Health","LPN Exams > ATI LPN Exams > Mental Health","pillarPages/nursing-test-bank/subPages/z0xzINtS3EohZNaKosBz/nestedSubPages/lyrHg4RBzN6UafuymMFT/topics/6i5h4wWlOfz4R8huNTkC/quizzes/D7Gmvl2j5bTkFaVU4erQ","pillarPages/nursing-test-bank/subPages/z0xzINtS3EohZNaKosBz/nestedSubPages/lyrHg4RBzN6UafuymMFT/topics/6i5h4wWlOfz4R8huNTkC/quizzes/hthlfOCc1BGRxIETQQ1Z"
"1.000","ATI PN Mental Health Proctored Exam Practice Questions - Set 6","ATI PN Mental Health Proctored Exam Practice Questions - Set 4","ati-pn-mental-health-proctored-exam-practice-questions-set-6","ati-pn-mental-health-proctored-exam-practice-questions-set-4","LPN Exams > ATI LPN Exams > Mental Health","LPN Exams > ATI LPN Exams > Mental Health","pillarPages/nursing-test-bank/subPages/z0xzINtS3EohZNaKosBz/nestedSubPages/lyrHg4RBzN6UafuymMFT/topics/6i5h4wWlOfz4R8huNTkC/quizzes/D7Gmvl2j5bTkFaVU4erQ","pillarPages/nursing-test-bank/subPages/z0xzINtS3EohZNaKosBz/nestedSubPages/lyrHg4RBzN6UafuymMFT/topics/6i5h4wWlOfz4R8huNTkC/quizzes/sceHL0R4Xdjbg0G5Ksz9"
"1.000","ATI PN Mental Health Proctored Exam Practice Questions - Set 6","ATI PN Mental Health Proctored Exam Practice Questions - Set 27","ati-pn-mental-health-proctored-exam-practice-questions-set-6","ati-pn-mental-health-proctored-exam-practice-questions-set-27","LPN Exams > ATI LPN Exams > Mental Health","LPN Exams > ATI LPN Exams > Mental Health","pillarPages/nursing-test-bank/subPages/z0xzINtS3EohZNaKosBz/nestedSubPages/lyrHg4RBzN6UafuymMFT/topics/6i5h4wWlOfz4R8huNTkC/quizzes/D7Gmvl2j5bTkFaVU4erQ","pillarPages/nursing-test-bank/subPages/z0xzINtS3EohZNaKosBz/nestedSubPages/lyrHg4RBzN6UafuymMFT/topics/6i5h4wWlOfz4R8huNTkC/quizzes/ujhDVShnkrjKiFa6CSKq"
"1.000","ATI PN Mental Health Proctored Exam Practice Questions - Set 7","ATI PN Mental Health Proctored Exam Practice Questions - Set 4","ati-pn-mental-health-proctored-exam-practice-questions-set-7","ati-pn-mental-health-proctored-exam-practice-questions-set-4","LPN Exams > ATI LPN Exams > Mental Health","LPN Exams > ATI LPN Exams > Mental Health","pillarPages/nursing-test-bank/subPages/z0xzINtS3EohZNaKosBz/nestedSubPages/lyrHg4RBzN6UafuymMFT/topics/6i5h4wWlOfz4R8huNTkC/quizzes/hthlfOCc1BGRxIETQQ1Z","pillarPages/nursing-test-bank/subPages/z0xzINtS3EohZNaKosBz/nestedSubPages/lyrHg4RBzN6UafuymMFT/topics/6i5h4wWlOfz4R8huNTkC/quizzes/sceHL0R4Xdjbg0G5Ksz9"
"1.000","ATI PN Mental Health Proctored Exam Practice Questions - Set 7","ATI PN Mental Health Proctored Exam Practice Questions - Set 27","ati-pn-mental-health-proctored-exam-practice-questions-set-7","ati-pn-mental-health-proctored-exam-practice-questions-set-27","LPN Exams > ATI LPN Exams > Mental Health","LPN Exams > ATI LPN Exams > Mental Health","pillarPages/nursing-test-bank/subPages/z0xzINtS3EohZNaKosBz/nestedSubPages/lyrHg4RBzN6UafuymMFT/topics/6i5h4wWlOfz4R8huNTkC/quizzes/hthlfOCc1BGRxIETQQ1Z","pillarPages/nursing-test-bank/subPages/z0xzINtS3EohZNaKosBz/nestedSubPages/lyrHg4RBzN6UafuymMFT/topics/6i5h4wWlOfz4R8huNTkC/quizzes/ujhDVShnkrjKiFa6CSKq"
"1.000","ATI PN Mental Health Quiz Proctored Exam Practice Questions - Set 19","ATI PN Mental Health Proctored Exam Practice Questions - Set 2","ati-pn-mental-health-quiz-proctored-exam-practice-questions-set-19","ati-pn-mental-health-proctored-exam-practice-questions-set-2","LPN Exams > ATI LPN Exams > Mental Health","LPN Exams > ATI LPN Exams > Mental Health","pillarPages/nursing-test-bank/subPages/z0xzINtS3EohZNaKosBz/nestedSubPages/lyrHg4RBzN6UafuymMFT/topics/6i5h4wWlOfz4R8huNTkC/quizzes/azlPQZl6jkNGLIXtXnDc","pillarPages/nursing-test-bank/subPages/z0xzINtS3EohZNaKosBz/nestedSubPages/lyrHg4RBzN6UafuymMFT/topics/6i5h4wWlOfz4R8huNTkC/quizzes/dUh2HpoMmmz9AkeiPvna"
"1.000","ATI PN Mental Health Quiz Proctored Exam Practice Questions - Set 19","ATI PN Mental Health Proctored Exam Practice Questions - Set 7","ati-pn-mental-health-quiz-proctored-exam-practice-questions-set-19","ati-pn-mental-health-proctored-exam-practice-questions-set-7","LPN Exams > ATI LPN Exams > Mental Health","LPN Exams > ATI LPN Exams > Mental Health","pillarPages/nursing-test-bank/subPages/z0xzINtS3EohZNaKosBz/nestedSubPages/lyrHg4RBzN6UafuymMFT/topics/6i5h4wWlOfz4R8huNTkC/quizzes/azlPQZl6jkNGLIXtXnDc","pillarPages/nursing-test-bank/subPages/z0xzINtS3EohZNaKosBz/nestedSubPages/lyrHg4RBzN6UafuymMFT/topics/6i5h4wWlOfz4R8huNTkC/quizzes/hthlfOCc1BGRxIETQQ1Z"
"1.000","ATI PN Mental Health Quiz Proctored Exam Practice Questions - Set 19","ATI PN Mental Health Proctored Exam Practice Questions - Set 4","ati-pn-mental-health-quiz-proctored-exam-practice-questions-set-19","ati-pn-mental-health-proctored-exam-practice-questions-set-4","LPN Exams > ATI LPN Exams > Mental Health","LPN Exams > ATI LPN Exams > Mental Health","pillarPages/nursing-test-bank/subPages/z0xzINtS3EohZNaKosBz/nestedSubPages/lyrHg4RBzN6UafuymMFT/topics/6i5h4wWlOfz4R8huNTkC/quizzes/azlPQZl6jkNGLIXtXnDc","pillarPages/nursing-test-bank/subPages/z0xzINtS3EohZNaKosBz/nestedSubPages/lyrHg4RBzN6UafuymMFT/topics/6i5h4wWlOfz4R8huNTkC/quizzes/sceHL0R4Xdjbg0G5Ksz9"
"1.000","ATI PN Mental Health Quiz Proctored Exam Practice Questions - Set 19","ATI PN Mental Health Proctored Exam Practice Questions - Set 27","ati-pn-mental-health-quiz-proctored-exam-practice-questions-set-19","ati-pn-mental-health-proctored-exam-practice-questions-set-27","LPN Exams > ATI LPN Exams > Mental Health","LPN Exams > ATI LPN Exams > Mental Health","pillarPages/nursing-test-bank/subPages/z0xzINtS3EohZNaKosBz/nestedSubPages/lyrHg4RBzN6UafuymMFT/topics/6i5h4wWlOfz4R8huNTkC/quizzes/azlPQZl6jkNGLIXtXnDc","pillarPages/nursing-test-bank/subPages/z0xzINtS3EohZNaKosBz/nestedSubPages/lyrHg4RBzN6UafuymMFT/topics/6i5h4wWlOfz4R8huNTkC/quizzes/ujhDVShnkrjKiFa6CSKq"
"1.000","ATI PN N113 Pharmacology Proctored Exam Practice Questions","ATI PN Pharmacology N113 Proctored Exam Practice Questions","ati-pn-n113-pharmacology-proctored-exam-practice-questions","ati-pn-pharmacology-n113-proctored-exam-practice-questions","LPN Exams > ATI LPN Exams > Pharmacology","LPN Exams > ATI LPN Exams > Pharmacology","pillarPages/nursing-test-bank/subPages/z0xzINtS3EohZNaKosBz/nestedSubPages/lyrHg4RBzN6UafuymMFT/topics/13a3GLxldltUqhIxNzkr/quizzes/4a4yRaf5JCOew6DwKlmk","pillarPages/nursing-test-bank/subPages/z0xzINtS3EohZNaKosBz/nestedSubPages/lyrHg4RBzN6UafuymMFT/topics/13a3GLxldltUqhIxNzkr/quizzes/DhMS8Howm4uIPaPfnLMR"
"1.000","ATI PN Pediatrics Proctored Exam Cohort 65 Practice Questions","ATI PN Pediatrics Nursing Cohort 65 Proctored Exam Practice Questions","ati-pn-pediatrics-proctored-exam-cohort-65-practice-questions","ati-pn-pediatrics-nursing-cohort-65-proctored-exam-practice-questions","LPN Exams > ATI LPN Exams > Pediatric Nursing","LPN Exams > ATI LPN Exams > Pediatric Nursing","pillarPages/nursing-test-bank/subPages/z0xzINtS3EohZNaKosBz/nestedSubPages/lyrHg4RBzN6UafuymMFT/topics/Y0MhOdG0hGVh8AUsgVrz/quizzes/MwkYcvCob0bLUAi6xe3j","pillarPages/nursing-test-bank/subPages/z0xzINtS3EohZNaKosBz/nestedSubPages/lyrHg4RBzN6UafuymMFT/topics/Y0MhOdG0hGVh8AUsgVrz/quizzes/wE4GXTcn7EHREtaZOrYf"
"1.000","ATI RN Comprehensive Predictor 2023 Proctored Exam","ATI PN Comprehensive Predictor 2023 Proctored Exam","ati-rn-comprehensive-predictor-2023-proctored-exam","ati-pn-comprehensive-predictor-2023-proctored-exam","RN Exams > ATI","LPN Exams > ATI","pillarPages/nursing-exit-exam/subPages/S4vSoa5bxDgZ1L5kLOJe/nestedSubPages/QsMAv9L9bzYoFjgdfKgH/quizzes/u6vxiapFhPTdccYDdmUR","pillarPages/nursing-exit-exam/subPages/nkXaaMfkkbvjmrSRwtVq/nestedSubPages/ShdTxCRHYWbhmGg06Sgw/quizzes/7yOPBQK1AMK0cztnZmrv"
"1.000","ATI RN Comprehensive Predictor 2023 Proctored Exam","ATI LPN Comprehensive Predictor 2023 Proctored Exam","ati-rn-comprehensive-predictor-2023-proctored-exam","ati-lpn-comprehensive-predictor-2023-proctored-exam","RN Exams > ATI","LPN Exams > ATI","pillarPages/nursing-exit-exam/subPages/S4vSoa5bxDgZ1L5kLOJe/nestedSubPages/QsMAv9L9bzYoFjgdfKgH/quizzes/u6vxiapFhPTdccYDdmUR","pillarPages/nursing-exit-exam/subPages/nkXaaMfkkbvjmrSRwtVq/nestedSubPages/ShdTxCRHYWbhmGg06Sgw/quizzes/EmymgdDcm9romnoheHBP"
"1.000","ATI RN Comprehensive Predictor 2023 Proctored Exam","PN Comprehensive Predictor PN 2020 Proctored Exam","ati-rn-comprehensive-predictor-2023-proctored-exam","pn-comprehensive-predictor-pn-2020-proctored-exam","RN Exams > ATI","LPN Exams > ATI","pillarPages/nursing-exit-exam/subPages/S4vSoa5bxDgZ1L5kLOJe/nestedSubPages/QsMAv9L9bzYoFjgdfKgH/quizzes/u6vxiapFhPTdccYDdmUR","pillarPages/nursing-exit-exam/subPages/nkXaaMfkkbvjmrSRwtVq/nestedSubPages/ShdTxCRHYWbhmGg06Sgw/quizzes/LDLjU0O0XVhoyQn0qtEm"
"1.000","ATI RN Comprehensive Predictor 2023 Proctored Exam","ATI LPN Comprehensive Predictor Proctored Exam","ati-rn-comprehensive-predictor-2023-proctored-exam","ati-lpn-comprehensive-predictor-proctored-exam","RN Exams > ATI","LPN Exams > ATI","pillarPages/nursing-exit-exam/subPages/S4vSoa5bxDgZ1L5kLOJe/nestedSubPages/QsMAv9L9bzYoFjgdfKgH/quizzes/u6vxiapFhPTdccYDdmUR","pillarPages/nursing-exit-exam/subPages/nkXaaMfkkbvjmrSRwtVq/nestedSubPages/ShdTxCRHYWbhmGg06Sgw/quizzes/T56moNn1qjUb8M6GIRO6"
"1.000","ATI RN Comprehensive Predictor 2023 Proctored Exam","PN Comprehensive Predictor 2023 Proctored Exam","ati-rn-comprehensive-predictor-2023-proctored-exam","pn-comprehensive-predictor-2023-proctored-exam","RN Exams > ATI","LPN Exams > ATI","pillarPages/nursing-exit-exam/subPages/S4vSoa5bxDgZ1L5kLOJe/nestedSubPages/QsMAv9L9bzYoFjgdfKgH/quizzes/u6vxiapFhPTdccYDdmUR","pillarPages/nursing-exit-exam/subPages/nkXaaMfkkbvjmrSRwtVq/nestedSubPages/ShdTxCRHYWbhmGg06Sgw/quizzes/Vocj5Ih0PRWIxrUPOjRx"
"1.000","ATI RN Comprehensive Predictor 2023 Proctored Exam Form 2","PN Comprehensive Predictor 2023 Proctored Exam Form 2","ati-rn-comprehensive-predictor-2023-proctored-exam-form-2","pn-comprehensive-predictor-2023-proctored-exam-form-2","RN Exams > ATI","LPN Exams > ATI","pillarPages/nursing-exit-exam/subPages/S4vSoa5bxDgZ1L5kLOJe/nestedSubPages/QsMAv9L9bzYoFjgdfKgH/quizzes/tvVIOaw6SCI8xOS1oOuO","pillarPages/nursing-exit-exam/subPages/nkXaaMfkkbvjmrSRwtVq/nestedSubPages/ShdTxCRHYWbhmGg06Sgw/quizzes/1dBbdop6CG5ZUaAR5Ojk"
"1.000","ATI RN Comprehensive Predictor 2023 Proctored Exam Form 2","ATI PN Comprehensive Predictor 2023 Proctored Exam Form 2","ati-rn-comprehensive-predictor-2023-proctored-exam-form-2","ati-pn-comprehensive-predictor-2023-proctored-exam-form-2","RN Exams > ATI","LPN Exams > ATI","pillarPages/nursing-exit-exam/subPages/S4vSoa5bxDgZ1L5kLOJe/nestedSubPages/QsMAv9L9bzYoFjgdfKgH/quizzes/tvVIOaw6SCI8xOS1oOuO","pillarPages/nursing-exit-exam/subPages/nkXaaMfkkbvjmrSRwtVq/nestedSubPages/ShdTxCRHYWbhmGg06Sgw/quizzes/j713hlGJ9h6NB9ntKO81"
"1.000","ATI RN Comprehensive Predictor 2023 Proctored Exam Form 2","ATI LPN Comprehensive Predictor 2023 Proctored Exam Form 2","ati-rn-comprehensive-predictor-2023-proctored-exam-form-2","ati-lpn-comprehensive-predictor-2023-proctored-exam-form-2","RN Exams > ATI","LPN Exams > ATI","pillarPages/nursing-exit-exam/subPages/S4vSoa5bxDgZ1L5kLOJe/nestedSubPages/QsMAv9L9bzYoFjgdfKgH/quizzes/tvVIOaw6SCI8xOS1oOuO","pillarPages/nursing-exit-exam/subPages/nkXaaMfkkbvjmrSRwtVq/nestedSubPages/ShdTxCRHYWbhmGg06Sgw/quizzes/yptRWKJl0QClxAyZXb2o"
"1.000","ATI RN Comprehensive Predictor 2023 Proctored Exam Form 3","RN Comprehensive Predictor 2023 Proctored Exam Form 3","ati-rn-comprehensive-predictor-2023-proctored-exam-form-3","rn-comprehensive-predictor-2023-proctored-exam-form-3","RN Exams > ATI","RN Exams > ATI","pillarPages/nursing-exit-exam/subPages/S4vSoa5bxDgZ1L5kLOJe/nestedSubPages/QsMAv9L9bzYoFjgdfKgH/quizzes/4b9ZGlgK7CqJUZ5UVnDo","pillarPages/nursing-exit-exam/subPages/S4vSoa5bxDgZ1L5kLOJe/nestedSubPages/QsMAv9L9bzYoFjgdfKgH/quizzes/IiHMzzI8LfJoTo4mpK3v"
"1.000","ATI RN Comprehensive Predictor 2023 Proctored Exam Form 3","PN Comprehensive Predictor 2023 Proctored Exam Form 3","ati-rn-comprehensive-predictor-2023-proctored-exam-form-3","pn-comprehensive-predictor-2023-proctored-exam-form-3","RN Exams > ATI","LPN Exams > ATI","pillarPages/nursing-exit-exam/subPages/S4vSoa5bxDgZ1L5kLOJe/nestedSubPages/QsMAv9L9bzYoFjgdfKgH/quizzes/4b9ZGlgK7CqJUZ5UVnDo","pillarPages/nursing-exit-exam/subPages/nkXaaMfkkbvjmrSRwtVq/nestedSubPages/ShdTxCRHYWbhmGg06Sgw/quizzes/4FIPxrbfxMxd49Z2O82X"
"1.000","ATI RN Comprehensive Predictor 2023 Retake 1 Proctored Exam","ATI RN Comprehensive Predictor 2023 Proctored Exam","ati-rn-comprehensive-predictor-2023-retake-1-proctored-exam","ati-rn-comprehensive-predictor-2023-proctored-exam","RN Exams > ATI","RN Exams > ATI","pillarPages/nursing-exit-exam/subPages/S4vSoa5bxDgZ1L5kLOJe/nestedSubPages/QsMAv9L9bzYoFjgdfKgH/quizzes/mEBhNztauhOgWhy70kYa","pillarPages/nursing-exit-exam/subPages/S4vSoa5bxDgZ1L5kLOJe/nestedSubPages/QsMAv9L9bzYoFjgdfKgH/quizzes/u6vxiapFhPTdccYDdmUR"
"1.000","ATI RN Comprehensive Predictor 2023 Retake 1 Proctored Exam","ATI PN Comprehensive Predictor 2023 Proctored Exam","ati-rn-comprehensive-predictor-2023-retake-1-proctored-exam","ati-pn-comprehensive-predictor-2023-proctored-exam","RN Exams > ATI","LPN Exams > ATI","pillarPages/nursing-exit-exam/subPages/S4vSoa5bxDgZ1L5kLOJe/nestedSubPages/QsMAv9L9bzYoFjgdfKgH/quizzes/mEBhNztauhOgWhy70kYa","pillarPages/nursing-exit-exam/subPages/nkXaaMfkkbvjmrSRwtVq/nestedSubPages/ShdTxCRHYWbhmGg06Sgw/quizzes/7yOPBQK1AMK0cztnZmrv"
"1.000","ATI RN Comprehensive Predictor 2023 Retake 1 Proctored Exam","ATI LPN Comprehensive Predictor 2023 Proctored Exam","ati-rn-comprehensive-predictor-2023-retake-1-proctored-exam","ati-lpn-comprehensive-predictor-2023-proctored-exam","RN Exams > ATI","LPN Exams > ATI","pillarPages/nursing-exit-exam/subPages/S4vSoa5bxDgZ1L5kLOJe/nestedSubPages/QsMAv9L9bzYoFjgdfKgH/quizzes/mEBhNztauhOgWhy70kYa","pillarPages/nursing-exit-exam/subPages/nkXaaMfkkbvjmrSRwtVq/nestedSubPages/ShdTxCRHYWbhmGg06Sgw/quizzes/EmymgdDcm9romnoheHBP"
"1.000","ATI RN Comprehensive Predictor 2023 Retake 1 Proctored Exam","PN Comprehensive Predictor PN 2020 Proctored Exam","ati-rn-comprehensive-predictor-2023-retake-1-proctored-exam","pn-comprehensive-predictor-pn-2020-proctored-exam","RN Exams > ATI","LPN Exams > ATI","pillarPages/nursing-exit-exam/subPages/S4vSoa5bxDgZ1L5kLOJe/nestedSubPages/QsMAv9L9bzYoFjgdfKgH/quizzes/mEBhNztauhOgWhy70kYa","pillarPages/nursing-exit-exam/subPages/nkXaaMfkkbvjmrSRwtVq/nestedSubPages/ShdTxCRHYWbhmGg06Sgw/quizzes/LDLjU0O0XVhoyQn0qtEm"
"1.000","ATI RN Comprehensive Predictor 2023 Retake 1 Proctored Exam","ATI LPN Comprehensive Predictor Proctored Exam","ati-rn-comprehensive-predictor-2023-retake-1-proctored-exam","ati-lpn-comprehensive-predictor-proctored-exam","RN Exams > ATI","LPN Exams > ATI","pillarPages/nursing-exit-exam/subPages/S4vSoa5bxDgZ1L5kLOJe/nestedSubPages/QsMAv9L9bzYoFjgdfKgH/quizzes/mEBhNztauhOgWhy70kYa","pillarPages/nursing-exit-exam/subPages/nkXaaMfkkbvjmrSRwtVq/nestedSubPages/ShdTxCRHYWbhmGg06Sgw/quizzes/T56moNn1qjUb8M6GIRO6"
"1.000","ATI RN Comprehensive Predictor 2023 Retake 1 Proctored Exam","PN Comprehensive Predictor 2023 Proctored Exam","ati-rn-comprehensive-predictor-2023-retake-1-proctored-exam","pn-comprehensive-predictor-2023-proctored-exam","RN Exams > ATI","LPN Exams > ATI","pillarPages/nursing-exit-exam/subPages/S4vSoa5bxDgZ1L5kLOJe/nestedSubPages/QsMAv9L9bzYoFjgdfKgH/quizzes/mEBhNztauhOgWhy70kYa","pillarPages/nursing-exit-exam/subPages/nkXaaMfkkbvjmrSRwtVq/nestedSubPages/ShdTxCRHYWbhmGg06Sgw/quizzes/Vocj5Ih0PRWIxrUPOjRx"
"1.000","ATI RN Comprehensive Predictor 2023 Retake Proctored Exam","ATI LPN Comprehensive Predictor 2023 Retake Proctored Exam","ati-rn-comprehensive-predictor-2023-retake-proctored-exam","ati-lpn-comprehensive-predictor-2023-retake-proctored-exam","RN Exams > ATI","LPN Exams > ATI","pillarPages/nursing-exit-exam/subPages/S4vSoa5bxDgZ1L5kLOJe/nestedSubPages/QsMAv9L9bzYoFjgdfKgH/quizzes/vOWWI2x8xlwrKNXMCmY5","pillarPages/nursing-exit-exam/subPages/nkXaaMfkkbvjmrSRwtVq/nestedSubPages/ShdTxCRHYWbhmGg06Sgw/quizzes/PsZ63j7LR3i3XlccIO9q"
"1.000","Dosage Calculation PN Maternal Newborn Assessment 3.2 Proctored Exam Practice Questions","ATI PN Dosage Calculation PN Maternal Newborn Proctored Assessment 3.2 Practice Questions","dosage-calculation-pn-maternal-newborn-assessment-3-2-proctored-exam-practice-questions","ati-pn-dosage-calculation-pn-maternal-newborn-proctored-assessment-3-2-practice-questions","LPN Exams > LPN Nursing Course Exams > Dosage Calculations","LPN Exams > ATI LPN Exams > Dosage Calculations","pillarPages/nursing-test-bank/subPages/z0xzINtS3EohZNaKosBz/nestedSubPages/3K3wv7IGcDcXvSNM9Kxm/topics/0HON8THyW0E7BoW1rSm1/quizzes/cpGHIoxoDi6Gf9JEe63k","pillarPages/nursing-test-bank/subPages/z0xzINtS3EohZNaKosBz/nestedSubPages/lyrHg4RBzN6UafuymMFT/topics/NHgx9LFXpsLVcFjsOujF/quizzes/27TsqaTixAbnjVSxKE9B"
"1.000","Dosage Calculation Proctored Exam Practice Questions - Set 18","Dosage Calculation Proctored Exam Practice Questions - Set 6","dosage-calculation-proctored-exam-practice-questions-set-18","dosage-calculation-proctored-exam-practice-questions-set-6","RN Exams > RN Nursing Course Exams > Dosage Calculations","RN Exams > RN Nursing Course Exams > Dosage Calculations","pillarPages/nursing-test-bank/subPages/SuT1noZoNGEjKGR1vTbi/nestedSubPages/zMFBI0XMiRsJnnXWhL5S/topics/GXrH3QXIidtKg5Jx0ly4/quizzes/GMx2hPFXjBhHG8Fz9fav","pillarPages/nursing-test-bank/subPages/SuT1noZoNGEjKGR1vTbi/nestedSubPages/zMFBI0XMiRsJnnXWhL5S/topics/GXrH3QXIidtKg5Jx0ly4/quizzes/cWWMYoOYm0HtySXPjVBi"
"1.000","Dosage Calculation RN Maternal Newborn Proctored Assessment 3.2 Practice Questions","Dosage Calculation PN Maternal Newborn Assessment 3.2 Proctored Exam Practice Questions","dosage-calculation-rn-maternal-newborn-proctored-assessment-3-2-practice-questions","dosage-calculation-pn-maternal-newborn-assessment-3-2-proctored-exam-practice-questions","RN Exams > RN Nursing Course Exams > Dosage Calculations","LPN Exams > LPN Nursing Course Exams > Dosage Calculations","pillarPages/nursing-test-bank/subPages/SuT1noZoNGEjKGR1vTbi/nestedSubPages/zMFBI0XMiRsJnnXWhL5S/topics/GXrH3QXIidtKg5Jx0ly4/quizzes/yIpScNyHvbc8iyYqqtUc","pillarPages/nursing-test-bank/subPages/z0xzINtS3EohZNaKosBz/nestedSubPages/3K3wv7IGcDcXvSNM9Kxm/topics/0HON8THyW0E7BoW1rSm1/quizzes/cpGHIoxoDi6Gf9JEe63k"
"1.000","Dosage Calculation RN Maternal Newborn Proctored Assessment 3.2 Practice Questions","ATI PN Dosage Calculation PN Maternal Newborn Proctored Assessment 3.2 Practice Questions","dosage-calculation-rn-maternal-newborn-proctored-assessment-3-2-practice-questions","ati-pn-dosage-calculation-pn-maternal-newborn-proctored-assessment-3-2-practice-questions","RN Exams > RN Nursing Course Exams > Dosage Calculations","LPN Exams > ATI LPN Exams > Dosage Calculations","pillarPages/nursing-test-bank/subPages/SuT1noZoNGEjKGR1vTbi/nestedSubPages/zMFBI0XMiRsJnnXWhL5S/topics/GXrH3QXIidtKg5Jx0ly4/quizzes/yIpScNyHvbc8iyYqqtUc","pillarPages/nursing-test-bank/subPages/z0xzINtS3EohZNaKosBz/nestedSubPages/lyrHg4RBzN6UafuymMFT/topics/NHgx9LFXpsLVcFjsOujF/quizzes/27TsqaTixAbnjVSxKE9B"
"1.000","Dosage Calculations RN Adult Medical Surgical Assessment 3.1 Proctored Exam Practice Questions","ATI PN Dosage Calculations. Adult Medical Surgical Proctored Assessment 3.1 Practice Questions","dosage-calculations-rn-adult-medical-surgical-assessment-3-1-proctored-exam-practice-questions","ati-pn-dosage-calculations-adult-medical-surgical-proctored-assessment-3-1-practice-questions","RN Exams > RN Nursing Course Exams > Dosage Calculations","LPN Exams > ATI LPN Exams > Dosage Calculations","pillarPages/nursing-test-bank/subPages/SuT1noZoNGEjKGR1vTbi/nestedSubPages/zMFBI0XMiRsJnnXWhL5S/topics/GXrH3QXIidtKg5Jx0ly4/quizzes/eaRv518gAdWICQdzyYm8","pillarPages/nursing-test-bank/subPages/z0xzINtS3EohZNaKosBz/nestedSubPages/lyrHg4RBzN6UafuymMFT/topics/NHgx9LFXpsLVcFjsOujF/quizzes/qH3HbT4o6WapzmYCYPxk"
"1.000","Health Assessment Proctored Exam Practice Questions - Set 1","Health Assessment Proctored Exam Practice Questions - Set 4","health-assessment-proctored-exam-practice-questions-set-1","health-assessment-proctored-exam-practice-questions-set-4","RN Exams > RN Nursing Course Exams > Health Assessment","RN Exams > RN Nursing Course Exams > Health Assessment","pillarPages/nursing-test-bank/subPages/SuT1noZoNGEjKGR1vTbi/nestedSubPages/zMFBI0XMiRsJnnXWhL5S/topics/XQlgh9zsLrRK6vilmJPA/quizzes/6aA7KAug9A8g2waCziGr","pillarPages/nursing-test-bank/subPages/SuT1noZoNGEjKGR1vTbi/nestedSubPages/zMFBI0XMiRsJnnXWhL5S/topics/XQlgh9zsLrRK6vilmJPA/quizzes/vJDnpdwTIyEsfitripeZ"
"1.000","Health Assessment Proctored Exam Practice Questions - Set 1","Health Assessment LPN Proctored Exam Practice Questions","health-assessment-proctored-exam-practice-questions-set-1","health-assessment-lpn-proctored-exam-practice-questions","RN Exams > RN Nursing Course Exams > Health Assessment","LPN Exams > LPN Nursing Course Exams > Health Assessment","pillarPages/nursing-test-bank/subPages/SuT1noZoNGEjKGR1vTbi/nestedSubPages/zMFBI0XMiRsJnnXWhL5S/topics/XQlgh9zsLrRK6vilmJPA/quizzes/6aA7KAug9A8g2waCziGr","pillarPages/nursing-test-bank/subPages/z0xzINtS3EohZNaKosBz/nestedSubPages/3K3wv7IGcDcXvSNM9Kxm/topics/ZZkcjv41bafusCBaLafv/quizzes/hqm7I9TtDFT1r7yWZgDO"
"1.000","Health Assessment Proctored Exam Practice Questions - Set 4","Health Assessment LPN Proctored Exam Practice Questions","health-assessment-proctored-exam-practice-questions-set-4","health-assessment-lpn-proctored-exam-practice-questions","RN Exams > RN Nursing Course Exams > Health Assessment","LPN Exams > LPN Nursing Course Exams > Health Assessment","pillarPages/nursing-test-bank/subPages/SuT1noZoNGEjKGR1vTbi/nestedSubPages/zMFBI0XMiRsJnnXWhL5S/topics/XQlgh9zsLrRK6vilmJPA/quizzes/vJDnpdwTIyEsfitripeZ","pillarPages/nursing-test-bank/subPages/z0xzINtS3EohZNaKosBz/nestedSubPages/3K3wv7IGcDcXvSNM9Kxm/topics/ZZkcjv41bafusCBaLafv/quizzes/hqm7I9TtDFT1r7yWZgDO"
"1.000","HESI Compass Exit Proctored Exam","HESI RN Compass Exit Proctored Exam","hesi-compass-exit-proctored-exam","hesi-rn-compass-exit-proctored-exam","RN Exams > HESI","RN Exams > HESI","pillarPages/nursing-exit-exam/subPages/S4vSoa5bxDgZ1L5kLOJe/nestedSubPages/MVHmi7FJbSDlPPz28jh5/quizzes/mSfj9Ge3mWS89bQPjuzd","pillarPages/nursing-exit-exam/subPages/S4vSoa5bxDgZ1L5kLOJe/nestedSubPages/MVHmi7FJbSDlPPz28jh5/quizzes/qZv7XC2XE7yqy7ypIeNk"
"1.000","HESI Exit II Proctored Exam","HESI PN Exit 2023 II Proctored Exam","hesi-exit-ii-proctored-exam","hesi-pn-exit-2023-ii-proctored-exam","RN Exams > HESI","LPN Exams > HESI","pillarPages/nursing-exit-exam/subPages/S4vSoa5bxDgZ1L5kLOJe/nestedSubPages/MVHmi7FJbSDlPPz28jh5/quizzes/nriuJWbd68nHMlvq86Ko","pillarPages/nursing-exit-exam/subPages/nkXaaMfkkbvjmrSRwtVq/nestedSubPages/BH31o1XVf6CrhNvQvfOO/quizzes/dhg196Z3vWOEC6yq8bCf"
"1.000","HESI RN Adult Health Proctored Exam Practice Questions - Set 8","HESI RN Adult Health Proctored Exam Practice Questions - Set 9","hesi-rn-adult-health-proctored-exam-practice-questions-set-8","hesi-rn-adult-health-proctored-exam-practice-questions-set-9","RN Exams > HESI RN Exams > Adult Health","RN Exams > HESI RN Exams > Adult Health","pillarPages/nursing-test-bank/subPages/SuT1noZoNGEjKGR1vTbi/nestedSubPages/iT55qp9NAFOvZLBAiQzC/topics/n2FK9jdRFYQvHbryoAbl/quizzes/J8G9P7ngjYS9XTUaQoTb","pillarPages/nursing-test-bank/subPages/SuT1noZoNGEjKGR1vTbi/nestedSubPages/iT55qp9NAFOvZLBAiQzC/topics/n2FK9jdRFYQvHbryoAbl/quizzes/O0MNkYzaA0yzGxyY5Hhe"
"1.000","HESI RN Compass Exit B Proctored Exam","HESI Compass B Exit Proctored Exam","hesi-rn-compass-exit-b-proctored-exam","hesi-compass-b-exit-proctored-exam","RN Exams > HESI","RN Exams > HESI","pillarPages/nursing-exit-exam/subPages/S4vSoa5bxDgZ1L5kLOJe/nestedSubPages/MVHmi7FJbSDlPPz28jh5/quizzes/BU6VjVfuanoVQ2WBdPlL","pillarPages/nursing-exit-exam/subPages/S4vSoa5bxDgZ1L5kLOJe/nestedSubPages/MVHmi7FJbSDlPPz28jh5/quizzes/gCvVKm52hSETkS45zYso"
"1.000","HESI RN Dosage Calculation Proctored Exam Practice Questions - Set 1","HESI RN Dosage Calculation Proctored Exam Practice Questions - Set 4","hesi-rn-dosage-calculation-proctored-exam-practice-questions-set-1","hesi-rn-dosage-calculation-proctored-exam-practice-questions-set-4","RN Exams > HESI RN Exams > Dosage Calculations","RN Exams > HESI RN Exams > Dosage Calculations","pillarPages/nursing-test-bank/subPages/SuT1noZoNGEjKGR1vTbi/nestedSubPages/iT55qp9NAFOvZLBAiQzC/topics/dfRlrdGOvpDhVVXIqa0H/quizzes/GP7hIHmLyM8Y1SdmELTc","pillarPages/nursing-test-bank/subPages/SuT1noZoNGEjKGR1vTbi/nestedSubPages/iT55qp9NAFOvZLBAiQzC/topics/dfRlrdGOvpDhVVXIqa0H/quizzes/KXkIAIdmuvGAhSoQlqS6"
"1.000","HESI RN Dosage Calculation Proctored Exam Practice Questions - Set 1","HESI RN Dosage Calculation Proctored Exam Practice Questions - Set 6","hesi-rn-dosage-calculation-proctored-exam-practice-questions-set-1","hesi-rn-dosage-calculation-proctored-exam-practice-questions-set-6","RN Exams > HESI RN Exams > Dosage Calculations","RN Exams > HESI RN Exams > Dosage Calculations","pillarPages/nursing-test-bank/subPages/SuT1noZoNGEjKGR1vTbi/nestedSubPages/iT55qp9NAFOvZLBAiQzC/topics/dfRlrdGOvpDhVVXIqa0H/quizzes/GP7hIHmLyM8Y1SdmELTc","pillarPages/nursing-test-bank/subPages/SuT1noZoNGEjKGR1vTbi/nestedSubPages/iT55qp9NAFOvZLBAiQzC/topics/dfRlrdGOvpDhVVXIqa0H/quizzes/iRh6LiEuUJG9QK0K9GtC"
"1.000","HESI RN Dosage Calculation Proctored Exam Practice Questions - Set 1","HESI RN Dosage Calculation Proctored Exam Practice Questions - Set 2","hesi-rn-dosage-calculation-proctored-exam-practice-questions-set-1","hesi-rn-dosage-calculation-proctored-exam-practice-questions-set-2","RN Exams > HESI RN Exams > Dosage Calculations","RN Exams > HESI RN Exams > Dosage Calculations","pillarPages/nursing-test-bank/subPages/SuT1noZoNGEjKGR1vTbi/nestedSubPages/iT55qp9NAFOvZLBAiQzC/topics/dfRlrdGOvpDhVVXIqa0H/quizzes/GP7hIHmLyM8Y1SdmELTc","pillarPages/nursing-test-bank/subPages/SuT1noZoNGEjKGR1vTbi/nestedSubPages/iT55qp9NAFOvZLBAiQzC/topics/dfRlrdGOvpDhVVXIqa0H/quizzes/rEzixDoU0KmYlFGpEDwo"
"1.000","HESI RN Dosage Calculation Proctored Exam Practice Questions - Set 1","Dosage Calculation Proctored Exam Practice Questions - Set 18","hesi-rn-dosage-calculation-proctored-exam-practice-questions-set-1","dosage-calculation-proctored-exam-practice-questions-set-18","RN Exams > HESI RN Exams > Dosage Calculations","RN Exams > RN Nursing Course Exams > Dosage Calculations","pillarPages/nursing-test-bank/subPages/SuT1noZoNGEjKGR1vTbi/nestedSubPages/iT55qp9NAFOvZLBAiQzC/topics/dfRlrdGOvpDhVVXIqa0H/quizzes/GP7hIHmLyM8Y1SdmELTc","pillarPages/nursing-test-bank/subPages/SuT1noZoNGEjKGR1vTbi/nestedSubPages/zMFBI0XMiRsJnnXWhL5S/topics/GXrH3QXIidtKg5Jx0ly4/quizzes/GMx2hPFXjBhHG8Fz9fav"
"1.000","HESI RN Dosage Calculation Proctored Exam Practice Questions - Set 1","Dosage Calculation Proctored Exam Practice Questions - Set 6","hesi-rn-dosage-calculation-proctored-exam-practice-questions-set-1","dosage-calculation-proctored-exam-practice-questions-set-6","RN Exams > HESI RN Exams > Dosage Calculations","RN Exams > RN Nursing Course Exams > Dosage Calculations","pillarPages/nursing-test-bank/subPages/SuT1noZoNGEjKGR1vTbi/nestedSubPages/iT55qp9NAFOvZLBAiQzC/topics/dfRlrdGOvpDhVVXIqa0H/quizzes/GP7hIHmLyM8Y1SdmELTc","pillarPages/nursing-test-bank/subPages/SuT1noZoNGEjKGR1vTbi/nestedSubPages/zMFBI0XMiRsJnnXWhL5S/topics/GXrH3QXIidtKg5Jx0ly4/quizzes/cWWMYoOYm0HtySXPjVBi"
"1.000","HESI RN Dosage Calculation Proctored Exam Practice Questions - Set 11","HESI RN Dosage Calculation Proctored Exam Practice Questions - Set 1","hesi-rn-dosage-calculation-proctored-exam-practice-questions-set-11","hesi-rn-dosage-calculation-proctored-exam-practice-questions-set-1","RN Exams > HESI RN Exams > Dosage Calculations","RN Exams > HESI RN Exams > Dosage Calculations","pillarPages/nursing-test-bank/subPages/SuT1noZoNGEjKGR1vTbi/nestedSubPages/iT55qp9NAFOvZLBAiQzC/topics/dfRlrdGOvpDhVVXIqa0H/quizzes/9WOH5pavyKugwfu7ogZn","pillarPages/nursing-test-bank/subPages/SuT1noZoNGEjKGR1vTbi/nestedSubPages/iT55qp9NAFOvZLBAiQzC/topics/dfRlrdGOvpDhVVXIqa0H/quizzes/GP7hIHmLyM8Y1SdmELTc"
"1.000","HESI RN Dosage Calculation Proctored Exam Practice Questions - Set 11","HESI RN Dosage Calculation Proctored Exam Practice Questions - Set 4","hesi-rn-dosage-calculation-proctored-exam-practice-questions-set-11","hesi-rn-dosage-calculation-proctored-exam-practice-questions-set-4","RN Exams > HESI RN Exams > Dosage Calculations","RN Exams > HESI RN Exams > Dosage Calculations","pillarPages/nursing-test-bank/subPages/SuT1noZoNGEjKGR1vTbi/nestedSubPages/iT55qp9NAFOvZLBAiQzC/topics/dfRlrdGOvpDhVVXIqa0H/quizzes/9WOH5pavyKugwfu7ogZn","pillarPages/nursing-test-bank/subPages/SuT1noZoNGEjKGR1vTbi/nestedSubPages/iT55qp9NAFOvZLBAiQzC/topics/dfRlrdGOvpDhVVXIqa0H/quizzes/KXkIAIdmuvGAhSoQlqS6"
"1.000","HESI RN Dosage Calculation Proctored Exam Practice Questions - Set 11","HESI RN Dosage Calculation Proctored Exam Practice Questions - Set 6","hesi-rn-dosage-calculation-proctored-exam-practice-questions-set-11","hesi-rn-dosage-calculation-proctored-exam-practice-questions-set-6","RN Exams > HESI RN Exams > Dosage Calculations","RN Exams > HESI RN Exams > Dosage Calculations","pillarPages/nursing-test-bank/subPages/SuT1noZoNGEjKGR1vTbi/nestedSubPages/iT55qp9NAFOvZLBAiQzC/topics/dfRlrdGOvpDhVVXIqa0H/quizzes/9WOH5pavyKugwfu7ogZn","pillarPages/nursing-test-bank/subPages/SuT1noZoNGEjKGR1vTbi/nestedSubPages/iT55qp9NAFOvZLBAiQzC/topics/dfRlrdGOvpDhVVXIqa0H/quizzes/iRh6LiEuUJG9QK0K9GtC"
"1.000","HESI RN Dosage Calculation Proctored Exam Practice Questions - Set 11","HESI RN Dosage Calculation Proctored Exam Practice Questions - Set 2","hesi-rn-dosage-calculation-proctored-exam-practice-questions-set-11","hesi-rn-dosage-calculation-proctored-exam-practice-questions-set-2","RN Exams > HESI RN Exams > Dosage Calculations","RN Exams > HESI RN Exams > Dosage Calculations","pillarPages/nursing-test-bank/subPages/SuT1noZoNGEjKGR1vTbi/nestedSubPages/iT55qp9NAFOvZLBAiQzC/topics/dfRlrdGOvpDhVVXIqa0H/quizzes/9WOH5pavyKugwfu7ogZn","pillarPages/nursing-test-bank/subPages/SuT1noZoNGEjKGR1vTbi/nestedSubPages/iT55qp9NAFOvZLBAiQzC/topics/dfRlrdGOvpDhVVXIqa0H/quizzes/rEzixDoU0KmYlFGpEDwo"
"1.000","HESI RN Dosage Calculation Proctored Exam Practice Questions - Set 11","Dosage Calculation Proctored Exam Practice Questions - Set 18","hesi-rn-dosage-calculation-proctored-exam-practice-questions-set-11","dosage-calculation-proctored-exam-practice-questions-set-18","RN Exams > HESI RN Exams > Dosage Calculations","RN Exams > RN Nursing Course Exams > Dosage Calculations","pillarPages/nursing-test-bank/subPages/SuT1noZoNGEjKGR1vTbi/nestedSubPages/iT55qp9NAFOvZLBAiQzC/topics/dfRlrdGOvpDhVVXIqa0H/quizzes/9WOH5pavyKugwfu7ogZn","pillarPages/nursing-test-bank/subPages/SuT1noZoNGEjKGR1vTbi/nestedSubPages/zMFBI0XMiRsJnnXWhL5S/topics/GXrH3QXIidtKg5Jx0ly4/quizzes/GMx2hPFXjBhHG8Fz9fav"
"1.000","HESI RN Dosage Calculation Proctored Exam Practice Questions - Set 11","Dosage Calculation Proctored Exam Practice Questions - Set 6","hesi-rn-dosage-calculation-proctored-exam-practice-questions-set-11","dosage-calculation-proctored-exam-practice-questions-set-6","RN Exams > HESI RN Exams > Dosage Calculations","RN Exams > RN Nursing Course Exams > Dosage Calculations","pillarPages/nursing-test-bank/subPages/SuT1noZoNGEjKGR1vTbi/nestedSubPages/iT55qp9NAFOvZLBAiQzC/topics/dfRlrdGOvpDhVVXIqa0H/quizzes/9WOH5pavyKugwfu7ogZn","pillarPages/nursing-test-bank/subPages/SuT1noZoNGEjKGR1vTbi/nestedSubPages/zMFBI0XMiRsJnnXWhL5S/topics/GXrH3QXIidtKg5Jx0ly4/quizzes/cWWMYoOYm0HtySXPjVBi"
"1.000","HESI RN Dosage Calculation Proctored Exam Practice Questions - Set 2","Dosage Calculation Proctored Exam Practice Questions - Set 18","hesi-rn-dosage-calculation-proctored-exam-practice-questions-set-2","dosage-calculation-proctored-exam-practice-questions-set-18","RN Exams > HESI RN Exams > Dosage Calculations","RN Exams > RN Nursing Course Exams > Dosage Calculations","pillarPages/nursing-test-bank/subPages/SuT1noZoNGEjKGR1vTbi/nestedSubPages/iT55qp9NAFOvZLBAiQzC/topics/dfRlrdGOvpDhVVXIqa0H/quizzes/rEzixDoU0KmYlFGpEDwo","pillarPages/nursing-test-bank/subPages/SuT1noZoNGEjKGR1vTbi/nestedSubPages/zMFBI0XMiRsJnnXWhL5S/topics/GXrH3QXIidtKg5Jx0ly4/quizzes/GMx2hPFXjBhHG8Fz9fav"
"1.000","HESI RN Dosage Calculation Proctored Exam Practice Questions - Set 2","Dosage Calculation Proctored Exam Practice Questions - Set 6","hesi-rn-dosage-calculation-proctored-exam-practice-questions-set-2","dosage-calculation-proctored-exam-practice-questions-set-6","RN Exams > HESI RN Exams > Dosage Calculations","RN Exams > RN Nursing Course Exams > Dosage Calculations","pillarPages/nursing-test-bank/subPages/SuT1noZoNGEjKGR1vTbi/nestedSubPages/iT55qp9NAFOvZLBAiQzC/topics/dfRlrdGOvpDhVVXIqa0H/quizzes/rEzixDoU0KmYlFGpEDwo","pillarPages/nursing-test-bank/subPages/SuT1noZoNGEjKGR1vTbi/nestedSubPages/zMFBI0XMiRsJnnXWhL5S/topics/GXrH3QXIidtKg5Jx0ly4/quizzes/cWWMYoOYm0HtySXPjVBi"
"1.000","HESI RN Dosage Calculation Proctored Exam Practice Questions - Set 4","HESI RN Dosage Calculation Proctored Exam Practice Questions - Set 6","hesi-rn-dosage-calculation-proctored-exam-practice-questions-set-4","hesi-rn-dosage-calculation-proctored-exam-practice-questions-set-6","RN Exams > HESI RN Exams > Dosage Calculations","RN Exams > HESI RN Exams > Dosage Calculations","pillarPages/nursing-test-bank/subPages/SuT1noZoNGEjKGR1vTbi/nestedSubPages/iT55qp9NAFOvZLBAiQzC/topics/dfRlrdGOvpDhVVXIqa0H/quizzes/KXkIAIdmuvGAhSoQlqS6","pillarPages/nursing-test-bank/subPages/SuT1noZoNGEjKGR1vTbi/nestedSubPages/iT55qp9NAFOvZLBAiQzC/topics/dfRlrdGOvpDhVVXIqa0H/quizzes/iRh6LiEuUJG9QK0K9GtC"
"1.000","HESI RN Dosage Calculation Proctored Exam Practice Questions - Set 4","HESI RN Dosage Calculation Proctored Exam Practice Questions - Set 2","hesi-rn-dosage-calculation-proctored-exam-practice-questions-set-4","hesi-rn-dosage-calculation-proctored-exam-practice-questions-set-2","RN Exams > HESI RN Exams > Dosage Calculations","RN Exams > HESI RN Exams > Dosage Calculations","pillarPages/nursing-test-bank/subPages/SuT1noZoNGEjKGR1vTbi/nestedSubPages/iT55qp9NAFOvZLBAiQzC/topics/dfRlrdGOvpDhVVXIqa0H/quizzes/KXkIAIdmuvGAhSoQlqS6","pillarPages/nursing-test-bank/subPages/SuT1noZoNGEjKGR1vTbi/nestedSubPages/iT55qp9NAFOvZLBAiQzC/topics/dfRlrdGOvpDhVVXIqa0H/quizzes/rEzixDoU0KmYlFGpEDwo"
"1.000","HESI RN Dosage Calculation Proctored Exam Practice Questions - Set 4","Dosage Calculation Proctored Exam Practice Questions - Set 18","hesi-rn-dosage-calculation-proctored-exam-practice-questions-set-4","dosage-calculation-proctored-exam-practice-questions-set-18","RN Exams > HESI RN Exams > Dosage Calculations","RN Exams > RN Nursing Course Exams > Dosage Calculations","pillarPages/nursing-test-bank/subPages/SuT1noZoNGEjKGR1vTbi/nestedSubPages/iT55qp9NAFOvZLBAiQzC/topics/dfRlrdGOvpDhVVXIqa0H/quizzes/KXkIAIdmuvGAhSoQlqS6","pillarPages/nursing-test-bank/subPages/SuT1noZoNGEjKGR1vTbi/nestedSubPages/zMFBI0XMiRsJnnXWhL5S/topics/GXrH3QXIidtKg5Jx0ly4/quizzes/GMx2hPFXjBhHG8Fz9fav"
"1.000","HESI RN Dosage Calculation Proctored Exam Practice Questions - Set 4","Dosage Calculation Proctored Exam Practice Questions - Set 6","hesi-rn-dosage-calculation-proctored-exam-practice-questions-set-4","dosage-calculation-proctored-exam-practice-questions-set-6","RN Exams > HESI RN Exams > Dosage Calculations","RN Exams > RN Nursing Course Exams > Dosage Calculations","pillarPages/nursing-test-bank/subPages/SuT1noZoNGEjKGR1vTbi/nestedSubPages/iT55qp9NAFOvZLBAiQzC/topics/dfRlrdGOvpDhVVXIqa0H/quizzes/KXkIAIdmuvGAhSoQlqS6","pillarPages/nursing-test-bank/subPages/SuT1noZoNGEjKGR1vTbi/nestedSubPages/zMFBI0XMiRsJnnXWhL5S/topics/GXrH3QXIidtKg5Jx0ly4/quizzes/cWWMYoOYm0HtySXPjVBi"
"1.000","HESI RN Dosage Calculation Proctored Exam Practice Questions - Set 6","HESI RN Dosage Calculation Proctored Exam Practice Questions - Set 2","hesi-rn-dosage-calculation-proctored-exam-practice-questions-set-6","hesi-rn-dosage-calculation-proctored-exam-practice-questions-set-2","RN Exams > HESI RN Exams > Dosage Calculations","RN Exams > HESI RN Exams > Dosage Calculations","pillarPages/nursing-test-bank/subPages/SuT1noZoNGEjKGR1vTbi/nestedSubPages/iT55qp9NAFOvZLBAiQzC/topics/dfRlrdGOvpDhVVXIqa0H/quizzes/iRh6LiEuUJG9QK0K9GtC","pillarPages/nursing-test-bank/subPages/SuT1noZoNGEjKGR1vTbi/nestedSubPages/iT55qp9NAFOvZLBAiQzC/topics/dfRlrdGOvpDhVVXIqa0H/quizzes/rEzixDoU0KmYlFGpEDwo"
"1.000","HESI RN Dosage Calculation Proctored Exam Practice Questions - Set 6","Dosage Calculation Proctored Exam Practice Questions - Set 18","hesi-rn-dosage-calculation-proctored-exam-practice-questions-set-6","dosage-calculation-proctored-exam-practice-questions-set-18","RN Exams > HESI RN Exams > Dosage Calculations","RN Exams > RN Nursing Course Exams > Dosage Calculations","pillarPages/nursing-test-bank/subPages/SuT1noZoNGEjKGR1vTbi/nestedSubPages/iT55qp9NAFOvZLBAiQzC/topics/dfRlrdGOvpDhVVXIqa0H/quizzes/iRh6LiEuUJG9QK0K9GtC","pillarPages/nursing-test-bank/subPages/SuT1noZoNGEjKGR1vTbi/nestedSubPages/zMFBI0XMiRsJnnXWhL5S/topics/GXrH3QXIidtKg5Jx0ly4/quizzes/GMx2hPFXjBhHG8Fz9fav"
"1.000","HESI RN Dosage Calculation Proctored Exam Practice Questions - Set 6","Dosage Calculation Proctored Exam Practice Questions - Set 6","hesi-rn-dosage-calculation-proctored-exam-practice-questions-set-6","dosage-calculation-proctored-exam-practice-questions-set-6","RN Exams > HESI RN Exams > Dosage Calculations","RN Exams > RN Nursing Course Exams > Dosage Calculations","pillarPages/nursing-test-bank/subPages/SuT1noZoNGEjKGR1vTbi/nestedSubPages/iT55qp9NAFOvZLBAiQzC/topics/dfRlrdGOvpDhVVXIqa0H/quizzes/iRh6LiEuUJG9QK0K9GtC","pillarPages/nursing-test-bank/subPages/SuT1noZoNGEjKGR1vTbi/nestedSubPages/zMFBI0XMiRsJnnXWhL5S/topics/GXrH3QXIidtKg5Jx0ly4/quizzes/cWWMYoOYm0HtySXPjVBi"
"1.000","HESI RN Dosage Calculations Proctored Exam Practice Questions - Set 3","HESI RN Dosage Calculations Proctored Exam Practice Questions - Set 15","hesi-rn-dosage-calculations-proctored-exam-practice-questions-set-3","hesi-rn-dosage-calculations-proctored-exam-practice-questions-set-15","RN Exams > HESI RN Exams > Dosage Calculations","RN Exams > HESI RN Exams > Dosage Calculations","pillarPages/nursing-test-bank/subPages/SuT1noZoNGEjKGR1vTbi/nestedSubPages/iT55qp9NAFOvZLBAiQzC/topics/dfRlrdGOvpDhVVXIqa0H/quizzes/JhNf05IJwo7a3tHlTSKZ","pillarPages/nursing-test-bank/subPages/SuT1noZoNGEjKGR1vTbi/nestedSubPages/iT55qp9NAFOvZLBAiQzC/topics/dfRlrdGOvpDhVVXIqa0H/quizzes/SVVQfOKYIggLRcDTT7b5"
"1.000","HESI RN Exit 1 Proctored Exam","HESI Exit LPN Proctored Exam 1","hesi-rn-exit-1-proctored-exam","hesi-exit-lpn-proctored-exam-1","RN Exams > HESI","LPN Exams > HESI","pillarPages/nursing-exit-exam/subPages/S4vSoa5bxDgZ1L5kLOJe/nestedSubPages/MVHmi7FJbSDlPPz28jh5/quizzes/H3nkE3A7rwhckNQRsYCn","pillarPages/nursing-exit-exam/subPages/nkXaaMfkkbvjmrSRwtVq/nestedSubPages/BH31o1XVf6CrhNvQvfOO/quizzes/x0hOLTw0YPqt8bdhog4P"
"1.000","HESI RN Exit Exam IV Proctored Exam","HESI LPN Exit Exam IV Proctored Exam","hesi-rn-exit-exam-iv-proctored-exam","hesi-lpn-exit-exam-iv-proctored-exam","RN Exams > HESI","LPN Exams > HESI","pillarPages/nursing-exit-exam/subPages/S4vSoa5bxDgZ1L5kLOJe/nestedSubPages/MVHmi7FJbSDlPPz28jh5/quizzes/nRXVfbpxyciENjlM8JkK","pillarPages/nursing-exit-exam/subPages/nkXaaMfkkbvjmrSRwtVq/nestedSubPages/BH31o1XVf6CrhNvQvfOO/quizzes/loM9ZGTe9mAST7p6WrHc"
"1.000","HESI RN Exit Proctored Exam Form 2","HESI LPN Exit Proctored Exam Form 2","hesi-rn-exit-proctored-exam-form-2","hesi-lpn-exit-proctored-exam-form-2","RN Exams > HESI","LPN Exams > HESI","pillarPages/nursing-exit-exam/subPages/S4vSoa5bxDgZ1L5kLOJe/nestedSubPages/MVHmi7FJbSDlPPz28jh5/quizzes/x06emEognC65qULQiuee","pillarPages/nursing-exit-exam/subPages/nkXaaMfkkbvjmrSRwtVq/nestedSubPages/BH31o1XVf6CrhNvQvfOO/quizzes/OhiCydCR6nyBRLEbewMi"
"1.000","HESI RN Foundation of Nursing Proctored Exam Practice Questions - Set 1","HESI RN Foundation of Nursing Proctored Exam Practice Questions - Set 2","hesi-rn-foundation-of-nursing-proctored-exam-practice-questions-set-1","hesi-rn-foundation-of-nursing-proctored-exam-practice-questions-set-2","RN Exams > HESI RN Exams > Fundamentals","RN Exams > HESI RN Exams > Fundamentals","pillarPages/nursing-test-bank/subPages/SuT1noZoNGEjKGR1vTbi/nestedSubPages/iT55qp9NAFOvZLBAiQzC/topics/70YsvvAfpEoWkJ2zO8Vy/quizzes/NfPJ265rq9c8di4ztbOj","pillarPages/nursing-test-bank/subPages/SuT1noZoNGEjKGR1vTbi/nestedSubPages/iT55qp9NAFOvZLBAiQzC/topics/70YsvvAfpEoWkJ2zO8Vy/quizzes/X1eaDnp3sJTf7o7Sb1sI"
"1.000","HESI RN Foundation of Nursing Proctored Exam Practice Questions - Set 1","HESI RN Foundation of Nursing Proctored Exam Practice Questions - Set 5","hesi-rn-foundation-of-nursing-proctored-exam-practice-questions-set-1","hesi-rn-foundation-of-nursing-proctored-exam-practice-questions-set-5","RN Exams > HESI RN Exams > Fundamentals","RN Exams > HESI RN Exams > Fundamentals","pillarPages/nursing-test-bank/subPages/SuT1noZoNGEjKGR1vTbi/nestedSubPages/iT55qp9NAFOvZLBAiQzC/topics/70YsvvAfpEoWkJ2zO8Vy/quizzes/NfPJ265rq9c8di4ztbOj","pillarPages/nursing-test-bank/subPages/SuT1noZoNGEjKGR1vTbi/nestedSubPages/iT55qp9NAFOvZLBAiQzC/topics/70YsvvAfpEoWkJ2zO8Vy/quizzes/qgeMcOXGFV2EmreroacJ"
"1.000","HESI RN Foundation of Nursing Proctored Exam Practice Questions - Set 2","HESI RN Foundation of Nursing Proctored Exam Practice Questions - Set 5","hesi-rn-foundation-of-nursing-proctored-exam-practice-questions-set-2","hesi-rn-foundation-of-nursing-proctored-exam-practice-questions-set-5","RN Exams > HESI RN Exams > Fundamentals","RN Exams > HESI RN Exams > Fundamentals","pillarPages/nursing-test-bank/subPages/SuT1noZoNGEjKGR1vTbi/nestedSubPages/iT55qp9NAFOvZLBAiQzC/topics/70YsvvAfpEoWkJ2zO8Vy/quizzes/X1eaDnp3sJTf7o7Sb1sI","pillarPages/nursing-test-bank/subPages/SuT1noZoNGEjKGR1vTbi/nestedSubPages/iT55qp9NAFOvZLBAiQzC/topics/70YsvvAfpEoWkJ2zO8Vy/quizzes/qgeMcOXGFV2EmreroacJ"
"1.000","HESI RN Foundation of Nursing WGU Proctored Exam Practice Questions","WGU HESI RN Foundation of Nursing Proctored Exam Practice Questions","hesi-rn-foundation-of-nursing-wgu-proctored-exam-practice-questions","wgu-hesi-rn-foundation-of-nursing-proctored-exam-practice-questions","RN Exams > HESI RN Exams > Fundamentals","RN Exams > HESI RN Exams > Fundamentals","pillarPages/nursing-test-bank/subPages/SuT1noZoNGEjKGR1vTbi/nestedSubPages/iT55qp9NAFOvZLBAiQzC/topics/70YsvvAfpEoWkJ2zO8Vy/quizzes/VwI7ZDJkdwonDjEtu6w9","pillarPages/nursing-test-bank/subPages/SuT1noZoNGEjKGR1vTbi/nestedSubPages/iT55qp9NAFOvZLBAiQzC/topics/70YsvvAfpEoWkJ2zO8Vy/quizzes/scUQyNlRvgEmdkevnnJk"
"1.000","HESI RN Fundamentals of Nursing Proctored Exam Practice Questions","ATI PN Fundamentals of Nursing Proctored Exam Practice Questions","hesi-rn-fundamentals-of-nursing-proctored-exam-practice-questions","ati-pn-fundamentals-of-nursing-proctored-exam-practice-questions","RN Exams > HESI RN Exams > Fundamentals","LPN Exams > ATI LPN Exams > Fundamentals","pillarPages/nursing-test-bank/subPages/SuT1noZoNGEjKGR1vTbi/nestedSubPages/iT55qp9NAFOvZLBAiQzC/topics/70YsvvAfpEoWkJ2zO8Vy/quizzes/GDhuFtIUI1q65M7ZeW11","pillarPages/nursing-test-bank/subPages/z0xzINtS3EohZNaKosBz/nestedSubPages/lyrHg4RBzN6UafuymMFT/topics/1Lb0PkKiTEM2wQOIMDtv/quizzes/VFt5wT4m1CJIifuxcPWC"
"1.000","HESI RN Fundamentals Proctored Exam 1 Practice Questions","ATI PN Fundamentals Proctored Exam 1 Practice Questions - Set 44","hesi-rn-fundamentals-proctored-exam-1-practice-questions","ati-pn-fundamentals-proctored-exam-1-practice-questions-set-44","RN Exams > HESI RN Exams > Fundamentals","LPN Exams > ATI LPN Exams > Fundamentals","pillarPages/nursing-test-bank/subPages/SuT1noZoNGEjKGR1vTbi/nestedSubPages/iT55qp9NAFOvZLBAiQzC/topics/70YsvvAfpEoWkJ2zO8Vy/quizzes/iBkKx6OWA10QLFKipTAz","pillarPages/nursing-test-bank/subPages/z0xzINtS3EohZNaKosBz/nestedSubPages/lyrHg4RBzN6UafuymMFT/topics/1Lb0PkKiTEM2wQOIMDtv/quizzes/9RcANbQcqCRyd1l38hNz"
"1.000","HESI RN Fundamentals with NGN Proctored Exam Practice Questions","ATI PN Fundamentals 2020 with NGN Proctored Exam Practice Questions","hesi-rn-fundamentals-with-ngn-proctored-exam-practice-questions","ati-pn-fundamentals-2020-with-ngn-proctored-exam-practice-questions","RN Exams > HESI RN Exams > Fundamentals","LPN Exams > ATI LPN Exams > Fundamentals","pillarPages/nursing-test-bank/subPages/SuT1noZoNGEjKGR1vTbi/nestedSubPages/iT55qp9NAFOvZLBAiQzC/topics/70YsvvAfpEoWkJ2zO8Vy/quizzes/YUbZPDUnP6yc7WlCK3MP","pillarPages/nursing-test-bank/subPages/z0xzINtS3EohZNaKosBz/nestedSubPages/lyrHg4RBzN6UafuymMFT/topics/1Lb0PkKiTEM2wQOIMDtv/quizzes/c9oW9NYlen4KkGTouwol"
"1.000","HESI RN Health Assessment Proctored Exam Practice Questions - Set 10","HESI RN Health Assessment Proctored Exam Practice Questions - Set 9","hesi-rn-health-assessment-proctored-exam-practice-questions-set-10","hesi-rn-health-assessment-proctored-exam-practice-questions-set-9","RN Exams > HESI RN Exams > Health Assessment","RN Exams > HESI RN Exams > Health Assessment","pillarPages/nursing-test-bank/subPages/SuT1noZoNGEjKGR1vTbi/nestedSubPages/iT55qp9NAFOvZLBAiQzC/topics/0zSu4efsFf1RPT4W2Xjn/quizzes/qEb1Tiv8JYweZrmrHVpe","pillarPages/nursing-test-bank/subPages/SuT1noZoNGEjKGR1vTbi/nestedSubPages/iT55qp9NAFOvZLBAiQzC/topics/0zSu4efsFf1RPT4W2Xjn/quizzes/sOn0pbKMGL11VBrnpykI"
"1.000","HESI RN Health Assessment Proctored Exam Practice Questions - Set 10","HESI RN Health Assessment Proctored Exam Practice Questions - Set 13","hesi-rn-health-assessment-proctored-exam-practice-questions-set-10","hesi-rn-health-assessment-proctored-exam-practice-questions-set-13","RN Exams > HESI RN Exams > Health Assessment","RN Exams > HESI RN Exams > Health Assessment","pillarPages/nursing-test-bank/subPages/SuT1noZoNGEjKGR1vTbi/nestedSubPages/iT55qp9NAFOvZLBAiQzC/topics/0zSu4efsFf1RPT4W2Xjn/quizzes/qEb1Tiv8JYweZrmrHVpe","pillarPages/nursing-test-bank/subPages/SuT1noZoNGEjKGR1vTbi/nestedSubPages/iT55qp9NAFOvZLBAiQzC/topics/0zSu4efsFf1RPT4W2Xjn/quizzes/se0AdeGgDu0iVJ4rHbWl"
"1.000","HESI RN Health Assessment Proctored Exam Practice Questions - Set 10","HESI RN Health Assessment Proctored Exam Practice Questions - Set 7","hesi-rn-health-assessment-proctored-exam-practice-questions-set-10","hesi-rn-health-assessment-proctored-exam-practice-questions-set-7","RN Exams > HESI RN Exams > Health Assessment","RN Exams > HESI RN Exams > Health Assessment","pillarPages/nursing-test-bank/subPages/SuT1noZoNGEjKGR1vTbi/nestedSubPages/iT55qp9NAFOvZLBAiQzC/topics/0zSu4efsFf1RPT4W2Xjn/quizzes/qEb1Tiv8JYweZrmrHVpe","pillarPages/nursing-test-bank/subPages/SuT1noZoNGEjKGR1vTbi/nestedSubPages/iT55qp9NAFOvZLBAiQzC/topics/0zSu4efsFf1RPT4W2Xjn/quizzes/vdXhH028081wPPONObfb"
"1.000","HESI RN Health Assessment Proctored Exam Practice Questions - Set 10","Health Assessment Proctored Exam Practice Questions - Set 1","hesi-rn-health-assessment-proctored-exam-practice-questions-set-10","health-assessment-proctored-exam-practice-questions-set-1","RN Exams > HESI RN Exams > Health Assessment","RN Exams > RN Nursing Course Exams > Health Assessment","pillarPages/nursing-test-bank/subPages/SuT1noZoNGEjKGR1vTbi/nestedSubPages/iT55qp9NAFOvZLBAiQzC/topics/0zSu4efsFf1RPT4W2Xjn/quizzes/qEb1Tiv8JYweZrmrHVpe","pillarPages/nursing-test-bank/subPages/SuT1noZoNGEjKGR1vTbi/nestedSubPages/zMFBI0XMiRsJnnXWhL5S/topics/XQlgh9zsLrRK6vilmJPA/quizzes/6aA7KAug9A8g2waCziGr"
"1.000","HESI RN Health Assessment Proctored Exam Practice Questions - Set 10","Health Assessment Proctored Exam Practice Questions - Set 4","hesi-rn-health-assessment-proctored-exam-practice-questions-set-10","health-assessment-proctored-exam-practice-questions-set-4","RN Exams > HESI RN Exams > Health Assessment","RN Exams > RN Nursing Course Exams > Health Assessment","pillarPages/nursing-test-bank/subPages/SuT1noZoNGEjKGR1vTbi/nestedSubPages/iT55qp9NAFOvZLBAiQzC/topics/0zSu4efsFf1RPT4W2Xjn/quizzes/qEb1Tiv8JYweZrmrHVpe","pillarPages/nursing-test-bank/subPages/SuT1noZoNGEjKGR1vTbi/nestedSubPages/zMFBI0XMiRsJnnXWhL5S/topics/XQlgh9zsLrRK6vilmJPA/quizzes/vJDnpdwTIyEsfitripeZ"
"1.000","HESI RN Health Assessment Proctored Exam Practice Questions - Set 10","Health Assessment LPN Proctored Exam Practice Questions","hesi-rn-health-assessment-proctored-exam-practice-questions-set-10","health-assessment-lpn-proctored-exam-practice-questions","RN Exams > HESI RN Exams > Health Assessment","LPN Exams > LPN Nursing Course Exams > Health Assessment","pillarPages/nursing-test-bank/subPages/SuT1noZoNGEjKGR1vTbi/nestedSubPages/iT55qp9NAFOvZLBAiQzC/topics/0zSu4efsFf1RPT4W2Xjn/quizzes/qEb1Tiv8JYweZrmrHVpe","pillarPages/nursing-test-bank/subPages/z0xzINtS3EohZNaKosBz/nestedSubPages/3K3wv7IGcDcXvSNM9Kxm/topics/ZZkcjv41bafusCBaLafv/quizzes/hqm7I9TtDFT1r7yWZgDO"
"1.000","HESI RN Health Assessment Proctored Exam Practice Questions - Set 12","HESI RN Health Assessment Proctored Exam Practice Questions - Set 4","hesi-rn-health-assessment-proctored-exam-practice-questions-set-12","hesi-rn-health-assessment-proctored-exam-practice-questions-set-4","RN Exams > HESI RN Exams > Health Assessment","RN Exams > HESI RN Exams > Health Assessment","pillarPages/nursing-test-bank/subPages/SuT1noZoNGEjKGR1vTbi/nestedSubPages/iT55qp9NAFOvZLBAiQzC/topics/0zSu4efsFf1RPT4W2Xjn/quizzes/HaaCQJVhg85l6RYP04GK","pillarPages/nursing-test-bank/subPages/SuT1noZoNGEjKGR1vTbi/nestedSubPages/iT55qp9NAFOvZLBAiQzC/topics/0zSu4efsFf1RPT4W2Xjn/quizzes/RIcEqUYAbza4ncsEF3oW"
"1.000","HESI RN Health Assessment Proctored Exam Practice Questions - Set 12","HESI RN Health Assessment Proctored Exam Practice Questions - Set 15","hesi-rn-health-assessment-proctored-exam-practice-questions-set-12","hesi-rn-health-assessment-proctored-exam-practice-questions-set-15","RN Exams > HESI RN Exams > Health Assessment","RN Exams > HESI RN Exams > Health Assessment","pillarPages/nursing-test-bank/subPages/SuT1noZoNGEjKGR1vTbi/nestedSubPages/iT55qp9NAFOvZLBAiQzC/topics/0zSu4efsFf1RPT4W2Xjn/quizzes/HaaCQJVhg85l6RYP04GK","pillarPages/nursing-test-bank/subPages/SuT1noZoNGEjKGR1vTbi/nestedSubPages/iT55qp9NAFOvZLBAiQzC/topics/0zSu4efsFf1RPT4W2Xjn/quizzes/iWDZXv53kM1Yl4aF89hJ"
"1.000","HESI RN Health Assessment Proctored Exam Practice Questions - Set 12","HESI RN Health Assessment Proctored Exam Practice Questions - Set 10","hesi-rn-health-assessment-proctored-exam-practice-questions-set-12","hesi-rn-health-assessment-proctored-exam-practice-questions-set-10","RN Exams > HESI RN Exams > Health Assessment","RN Exams > HESI RN Exams > Health Assessment","pillarPages/nursing-test-bank/subPages/SuT1noZoNGEjKGR1vTbi/nestedSubPages/iT55qp9NAFOvZLBAiQzC/topics/0zSu4efsFf1RPT4W2Xjn/quizzes/HaaCQJVhg85l6RYP04GK","pillarPages/nursing-test-bank/subPages/SuT1noZoNGEjKGR1vTbi/nestedSubPages/iT55qp9NAFOvZLBAiQzC/topics/0zSu4efsFf1RPT4W2Xjn/quizzes/qEb1Tiv8JYweZrmrHVpe"
"1.000","HESI RN Health Assessment Proctored Exam Practice Questions - Set 12","HESI RN Health Assessment Proctored Exam Practice Questions - Set 9","hesi-rn-health-assessment-proctored-exam-practice-questions-set-12","hesi-rn-health-assessment-proctored-exam-practice-questions-set-9","RN Exams > HESI RN Exams > Health Assessment","RN Exams > HESI RN Exams > Health Assessment","pillarPages/nursing-test-bank/subPages/SuT1noZoNGEjKGR1vTbi/nestedSubPages/iT55qp9NAFOvZLBAiQzC/topics/0zSu4efsFf1RPT4W2Xjn/quizzes/HaaCQJVhg85l6RYP04GK","pillarPages/nursing-test-bank/subPages/SuT1noZoNGEjKGR1vTbi/nestedSubPages/iT55qp9NAFOvZLBAiQzC/topics/0zSu4efsFf1RPT4W2Xjn/quizzes/sOn0pbKMGL11VBrnpykI"
"1.000","HESI RN Health Assessment Proctored Exam Practice Questions - Set 12","HESI RN Health Assessment Proctored Exam Practice Questions - Set 13","hesi-rn-health-assessment-proctored-exam-practice-questions-set-12","hesi-rn-health-assessment-proctored-exam-practice-questions-set-13","RN Exams > HESI RN Exams > Health Assessment","RN Exams > HESI RN Exams > Health Assessment","pillarPages/nursing-test-bank/subPages/SuT1noZoNGEjKGR1vTbi/nestedSubPages/iT55qp9NAFOvZLBAiQzC/topics/0zSu4efsFf1RPT4W2Xjn/quizzes/HaaCQJVhg85l6RYP04GK","pillarPages/nursing-test-bank/subPages/SuT1noZoNGEjKGR1vTbi/nestedSubPages/iT55qp9NAFOvZLBAiQzC/topics/0zSu4efsFf1RPT4W2Xjn/quizzes/se0AdeGgDu0iVJ4rHbWl"
"1.000","HESI RN Health Assessment Proctored Exam Practice Questions - Set 12","HESI RN Health Assessment Proctored Exam Practice Questions - Set 7","hesi-rn-health-assessment-proctored-exam-practice-questions-set-12","hesi-rn-health-assessment-proctored-exam-practice-questions-set-7","RN Exams > HESI RN Exams > Health Assessment","RN Exams > HESI RN Exams > Health Assessment","pillarPages/nursing-test-bank/subPages/SuT1noZoNGEjKGR1vTbi/nestedSubPages/iT55qp9NAFOvZLBAiQzC/topics/0zSu4efsFf1RPT4W2Xjn/quizzes/HaaCQJVhg85l6RYP04GK","pillarPages/nursing-test-bank/subPages/SuT1noZoNGEjKGR1vTbi/nestedSubPages/iT55qp9NAFOvZLBAiQzC/topics/0zSu4efsFf1RPT4W2Xjn/quizzes/vdXhH028081wPPONObfb"
"1.000","HESI RN Health Assessment Proctored Exam Practice Questions - Set 12","Health Assessment Proctored Exam Practice Questions - Set 1","hesi-rn-health-assessment-proctored-exam-practice-questions-set-12","health-assessment-proctored-exam-practice-questions-set-1","RN Exams > HESI RN Exams > Health Assessment","RN Exams > RN Nursing Course Exams > Health Assessment","pillarPages/nursing-test-bank/subPages/SuT1noZoNGEjKGR1vTbi/nestedSubPages/iT55qp9NAFOvZLBAiQzC/topics/0zSu4efsFf1RPT4W2Xjn/quizzes/HaaCQJVhg85l6RYP04GK","pillarPages/nursing-test-bank/subPages/SuT1noZoNGEjKGR1vTbi/nestedSubPages/zMFBI0XMiRsJnnXWhL5S/topics/XQlgh9zsLrRK6vilmJPA/quizzes/6aA7KAug9A8g2waCziGr"
"1.000","HESI RN Health Assessment Proctored Exam Practice Questions - Set 12","Health Assessment Proctored Exam Practice Questions - Set 4","hesi-rn-health-assessment-proctored-exam-practice-questions-set-12","health-assessment-proctored-exam-practice-questions-set-4","RN Exams > HESI RN Exams > Health Assessment","RN Exams > RN Nursing Course Exams > Health Assessment","pillarPages/nursing-test-bank/subPages/SuT1noZoNGEjKGR1vTbi/nestedSubPages/iT55qp9NAFOvZLBAiQzC/topics/0zSu4efsFf1RPT4W2Xjn/quizzes/HaaCQJVhg85l6RYP04GK","pillarPages/nursing-test-bank/subPages/SuT1noZoNGEjKGR1vTbi/nestedSubPages/zMFBI0XMiRsJnnXWhL5S/topics/XQlgh9zsLrRK6vilmJPA/quizzes/vJDnpdwTIyEsfitripeZ"
"1.000","HESI RN Health Assessment Proctored Exam Practice Questions - Set 12","Health Assessment LPN Proctored Exam Practice Questions","hesi-rn-health-assessment-proctored-exam-practice-questions-set-12","health-assessment-lpn-proctored-exam-practice-questions","RN Exams > HESI RN Exams > Health Assessment","LPN Exams > LPN Nursing Course Exams > Health Assessment","pillarPages/nursing-test-bank/subPages/SuT1noZoNGEjKGR1vTbi/nestedSubPages/iT55qp9NAFOvZLBAiQzC/topics/0zSu4efsFf1RPT4W2Xjn/quizzes/HaaCQJVhg85l6RYP04GK","pillarPages/nursing-test-bank/subPages/z0xzINtS3EohZNaKosBz/nestedSubPages/3K3wv7IGcDcXvSNM9Kxm/topics/ZZkcjv41bafusCBaLafv/quizzes/hqm7I9TtDFT1r7yWZgDO"
"1.000","HESI RN Health Assessment Proctored Exam Practice Questions - Set 13","HESI RN Health Assessment Proctored Exam Practice Questions - Set 7","hesi-rn-health-assessment-proctored-exam-practice-questions-set-13","hesi-rn-health-assessment-proctored-exam-practice-questions-set-7","RN Exams > HESI RN Exams > Health Assessment","RN Exams > HESI RN Exams > Health Assessment","pillarPages/nursing-test-bank/subPages/SuT1noZoNGEjKGR1vTbi/nestedSubPages/iT55qp9NAFOvZLBAiQzC/topics/0zSu4efsFf1RPT4W2Xjn/quizzes/se0AdeGgDu0iVJ4rHbWl","pillarPages/nursing-test-bank/subPages/SuT1noZoNGEjKGR1vTbi/nestedSubPages/iT55qp9NAFOvZLBAiQzC/topics/0zSu4efsFf1RPT4W2Xjn/quizzes/vdXhH028081wPPONObfb"
"1.000","HESI RN Health Assessment Proctored Exam Practice Questions - Set 13","Health Assessment Proctored Exam Practice Questions - Set 1","hesi-rn-health-assessment-proctored-exam-practice-questions-set-13","health-assessment-proctored-exam-practice-questions-set-1","RN Exams > HESI RN Exams > Health Assessment","RN Exams > RN Nursing Course Exams > Health Assessment","pillarPages/nursing-test-bank/subPages/SuT1noZoNGEjKGR1vTbi/nestedSubPages/iT55qp9NAFOvZLBAiQzC/topics/0zSu4efsFf1RPT4W2Xjn/quizzes/se0AdeGgDu0iVJ4rHbWl","pillarPages/nursing-test-bank/subPages/SuT1noZoNGEjKGR1vTbi/nestedSubPages/zMFBI0XMiRsJnnXWhL5S/topics/XQlgh9zsLrRK6vilmJPA/quizzes/6aA7KAug9A8g2waCziGr"
"1.000","HESI RN Health Assessment Proctored Exam Practice Questions - Set 13","Health Assessment Proctored Exam Practice Questions - Set 4","hesi-rn-health-assessment-proctored-exam-practice-questions-set-13","health-assessment-proctored-exam-practice-questions-set-4","RN Exams > HESI RN Exams > Health Assessment","RN Exams > RN Nursing Course Exams > Health Assessment","pillarPages/nursing-test-bank/subPages/SuT1noZoNGEjKGR1vTbi/nestedSubPages/iT55qp9NAFOvZLBAiQzC/topics/0zSu4efsFf1RPT4W2Xjn/quizzes/se0AdeGgDu0iVJ4rHbWl","pillarPages/nursing-test-bank/subPages/SuT1noZoNGEjKGR1vTbi/nestedSubPages/zMFBI0XMiRsJnnXWhL5S/topics/XQlgh9zsLrRK6vilmJPA/quizzes/vJDnpdwTIyEsfitripeZ"
"1.000","HESI RN Health Assessment Proctored Exam Practice Questions - Set 13","Health Assessment LPN Proctored Exam Practice Questions","hesi-rn-health-assessment-proctored-exam-practice-questions-set-13","health-assessment-lpn-proctored-exam-practice-questions","RN Exams > HESI RN Exams > Health Assessment","LPN Exams > LPN Nursing Course Exams > Health Assessment","pillarPages/nursing-test-bank/subPages/SuT1noZoNGEjKGR1vTbi/nestedSubPages/iT55qp9NAFOvZLBAiQzC/topics/0zSu4efsFf1RPT4W2Xjn/quizzes/se0AdeGgDu0iVJ4rHbWl","pillarPages/nursing-test-bank/subPages/z0xzINtS3EohZNaKosBz/nestedSubPages/3K3wv7IGcDcXvSNM9Kxm/topics/ZZkcjv41bafusCBaLafv/quizzes/hqm7I9TtDFT1r7yWZgDO"
"1.000","HESI RN Health Assessment Proctored Exam Practice Questions - Set 15","HESI RN Health Assessment Proctored Exam Practice Questions - Set 10","hesi-rn-health-assessment-proctored-exam-practice-questions-set-15","hesi-rn-health-assessment-proctored-exam-practice-questions-set-10","RN Exams > HESI RN Exams > Health Assessment","RN Exams > HESI RN Exams > Health Assessment","pillarPages/nursing-test-bank/subPages/SuT1noZoNGEjKGR1vTbi/nestedSubPages/iT55qp9NAFOvZLBAiQzC/topics/0zSu4efsFf1RPT4W2Xjn/quizzes/iWDZXv53kM1Yl4aF89hJ","pillarPages/nursing-test-bank/subPages/SuT1noZoNGEjKGR1vTbi/nestedSubPages/iT55qp9NAFOvZLBAiQzC/topics/0zSu4efsFf1RPT4W2Xjn/quizzes/qEb1Tiv8JYweZrmrHVpe"
"1.000","HESI RN Health Assessment Proctored Exam Practice Questions - Set 15","HESI RN Health Assessment Proctored Exam Practice Questions - Set 9","hesi-rn-health-assessment-proctored-exam-practice-questions-set-15","hesi-rn-health-assessment-proctored-exam-practice-questions-set-9","RN Exams > HESI RN Exams > Health Assessment","RN Exams > HESI RN Exams > Health Assessment","pillarPages/nursing-test-bank/subPages/SuT1noZoNGEjKGR1vTbi/nestedSubPages/iT55qp9NAFOvZLBAiQzC/topics/0zSu4efsFf1RPT4W2Xjn/quizzes/iWDZXv53kM1Yl4aF89hJ","pillarPages/nursing-test-bank/subPages/SuT1noZoNGEjKGR1vTbi/nestedSubPages/iT55qp9NAFOvZLBAiQzC/topics/0zSu4efsFf1RPT4W2Xjn/quizzes/sOn0pbKMGL11VBrnpykI"
"1.000","HESI RN Health Assessment Proctored Exam Practice Questions - Set 15","HESI RN Health Assessment Proctored Exam Practice Questions - Set 13","hesi-rn-health-assessment-proctored-exam-practice-questions-set-15","hesi-rn-health-assessment-proctored-exam-practice-questions-set-13","RN Exams > HESI RN Exams > Health Assessment","RN Exams > HESI RN Exams > Health Assessment","pillarPages/nursing-test-bank/subPages/SuT1noZoNGEjKGR1vTbi/nestedSubPages/iT55qp9NAFOvZLBAiQzC/topics/0zSu4efsFf1RPT4W2Xjn/quizzes/iWDZXv53kM1Yl4aF89hJ","pillarPages/nursing-test-bank/subPages/SuT1noZoNGEjKGR1vTbi/nestedSubPages/iT55qp9NAFOvZLBAiQzC/topics/0zSu4efsFf1RPT4W2Xjn/quizzes/se0AdeGgDu0iVJ4rHbWl"
"1.000","HESI RN Health Assessment Proctored Exam Practice Questions - Set 15","HESI RN Health Assessment Proctored Exam Practice Questions - Set 7","hesi-rn-health-assessment-proctored-exam-practice-questions-set-15","hesi-rn-health-assessment-proctored-exam-practice-questions-set-7","RN Exams > HESI RN Exams > Health Assessment","RN Exams > HESI RN Exams > Health Assessment","pillarPages/nursing-test-bank/subPages/SuT1noZoNGEjKGR1vTbi/nestedSubPages/iT55qp9NAFOvZLBAiQzC/topics/0zSu4efsFf1RPT4W2Xjn/quizzes/iWDZXv53kM1Yl4aF89hJ","pillarPages/nursing-test-bank/subPages/SuT1noZoNGEjKGR1vTbi/nestedSubPages/iT55qp9NAFOvZLBAiQzC/topics/0zSu4efsFf1RPT4W2Xjn/quizzes/vdXhH028081wPPONObfb"
"1.000","HESI RN Health Assessment Proctored Exam Practice Questions - Set 15","Health Assessment Proctored Exam Practice Questions - Set 1","hesi-rn-health-assessment-proctored-exam-practice-questions-set-15","health-assessment-proctored-exam-practice-questions-set-1","RN Exams > HESI RN Exams > Health Assessment","RN Exams > RN Nursing Course Exams > Health Assessment","pillarPages/nursing-test-bank/subPages/SuT1noZoNGEjKGR1vTbi/nestedSubPages/iT55qp9NAFOvZLBAiQzC/topics/0zSu4efsFf1RPT4W2Xjn/quizzes/iWDZXv53kM1Yl4aF89hJ","pillarPages/nursing-test-bank/subPages/SuT1noZoNGEjKGR1vTbi/nestedSubPages/zMFBI0XMiRsJnnXWhL5S/topics/XQlgh9zsLrRK6vilmJPA/quizzes/6aA7KAug9A8g2waCziGr"
"1.000","HESI RN Health Assessment Proctored Exam Practice Questions - Set 15","Health Assessment Proctored Exam Practice Questions - Set 4","hesi-rn-health-assessment-proctored-exam-practice-questions-set-15","health-assessment-proctored-exam-practice-questions-set-4","RN Exams > HESI RN Exams > Health Assessment","RN Exams > RN Nursing Course Exams > Health Assessment","pillarPages/nursing-test-bank/subPages/SuT1noZoNGEjKGR1vTbi/nestedSubPages/iT55qp9NAFOvZLBAiQzC/topics/0zSu4efsFf1RPT4W2Xjn/quizzes/iWDZXv53kM1Yl4aF89hJ","pillarPages/nursing-test-bank/subPages/SuT1noZoNGEjKGR1vTbi/nestedSubPages/zMFBI0XMiRsJnnXWhL5S/topics/XQlgh9zsLrRK6vilmJPA/quizzes/vJDnpdwTIyEsfitripeZ"
"1.000","HESI RN Health Assessment Proctored Exam Practice Questions - Set 15","Health Assessment LPN Proctored Exam Practice Questions","hesi-rn-health-assessment-proctored-exam-practice-questions-set-15","health-assessment-lpn-proctored-exam-practice-questions","RN Exams > HESI RN Exams > Health Assessment","LPN Exams > LPN Nursing Course Exams > Health Assessment","pillarPages/nursing-test-bank/subPages/SuT1noZoNGEjKGR1vTbi/nestedSubPages/iT55qp9NAFOvZLBAiQzC/topics/0zSu4efsFf1RPT4W2Xjn/quizzes/iWDZXv53kM1Yl4aF89hJ","pillarPages/nursing-test-bank/subPages/z0xzINtS3EohZNaKosBz/nestedSubPages/3K3wv7IGcDcXvSNM9Kxm/topics/ZZkcjv41bafusCBaLafv/quizzes/hqm7I9TtDFT1r7yWZgDO"
"1.000","HESI RN Health Assessment Proctored Exam Practice Questions - Set 3","HESI RN Health Assessment Proctored Exam Practice Questions - Set 12","hesi-rn-health-assessment-proctored-exam-practice-questions-set-3","hesi-rn-health-assessment-proctored-exam-practice-questions-set-12","RN Exams > HESI RN Exams > Health Assessment","RN Exams > HESI RN Exams > Health Assessment","pillarPages/nursing-test-bank/subPages/SuT1noZoNGEjKGR1vTbi/nestedSubPages/iT55qp9NAFOvZLBAiQzC/topics/0zSu4efsFf1RPT4W2Xjn/quizzes/AjyirqBc8UZigcalHOr3","pillarPages/nursing-test-bank/subPages/SuT1noZoNGEjKGR1vTbi/nestedSubPages/iT55qp9NAFOvZLBAiQzC/topics/0zSu4efsFf1RPT4W2Xjn/quizzes/HaaCQJVhg85l6RYP04GK"
"1.000","HESI RN Health Assessment Proctored Exam Practice Questions - Set 3","HESI RN Health Assessment Proctored Exam Practice Questions - Set 4","hesi-rn-health-assessment-proctored-exam-practice-questions-set-3","hesi-rn-health-assessment-proctored-exam-practice-questions-set-4","RN Exams > HESI RN Exams > Health Assessment","RN Exams > HESI RN Exams > Health Assessment","pillarPages/nursing-test-bank/subPages/SuT1noZoNGEjKGR1vTbi/nestedSubPages/iT55qp9NAFOvZLBAiQzC/topics/0zSu4efsFf1RPT4W2Xjn/quizzes/AjyirqBc8UZigcalHOr3","pillarPages/nursing-test-bank/subPages/SuT1noZoNGEjKGR1vTbi/nestedSubPages/iT55qp9NAFOvZLBAiQzC/topics/0zSu4efsFf1RPT4W2Xjn/quizzes/RIcEqUYAbza4ncsEF3oW"
"1.000","HESI RN Health Assessment Proctored Exam Practice Questions - Set 3","HESI RN Health Assessment Proctored Exam Practice Questions - Set 15","hesi-rn-health-assessment-proctored-exam-practice-questions-set-3","hesi-rn-health-assessment-proctored-exam-practice-questions-set-15","RN Exams > HESI RN Exams > Health Assessment","RN Exams > HESI RN Exams > Health Assessment","pillarPages/nursing-test-bank/subPages/SuT1noZoNGEjKGR1vTbi/nestedSubPages/iT55qp9NAFOvZLBAiQzC/topics/0zSu4efsFf1RPT4W2Xjn/quizzes/AjyirqBc8UZigcalHOr3","pillarPages/nursing-test-bank/subPages/SuT1noZoNGEjKGR1vTbi/nestedSubPages/iT55qp9NAFOvZLBAiQzC/topics/0zSu4efsFf1RPT4W2Xjn/quizzes/iWDZXv53kM1Yl4aF89hJ"
"1.000","HESI RN Health Assessment Proctored Exam Practice Questions - Set 3","HESI RN Health Assessment Proctored Exam Practice Questions - Set 10","hesi-rn-health-assessment-proctored-exam-practice-questions-set-3","hesi-rn-health-assessment-proctored-exam-practice-questions-set-10","RN Exams > HESI RN Exams > Health Assessment","RN Exams > HESI RN Exams > Health Assessment","pillarPages/nursing-test-bank/subPages/SuT1noZoNGEjKGR1vTbi/nestedSubPages/iT55qp9NAFOvZLBAiQzC/topics/0zSu4efsFf1RPT4W2Xjn/quizzes/AjyirqBc8UZigcalHOr3","pillarPages/nursing-test-bank/subPages/SuT1noZoNGEjKGR1vTbi/nestedSubPages/iT55qp9NAFOvZLBAiQzC/topics/0zSu4efsFf1RPT4W2Xjn/quizzes/qEb1Tiv8JYweZrmrHVpe"
"1.000","HESI RN Health Assessment Proctored Exam Practice Questions - Set 3","HESI RN Health Assessment Proctored Exam Practice Questions - Set 9","hesi-rn-health-assessment-proctored-exam-practice-questions-set-3","hesi-rn-health-assessment-proctored-exam-practice-questions-set-9","RN Exams > HESI RN Exams > Health Assessment","RN Exams > HESI RN Exams > Health Assessment","pillarPages/nursing-test-bank/subPages/SuT1noZoNGEjKGR1vTbi/nestedSubPages/iT55qp9NAFOvZLBAiQzC/topics/0zSu4efsFf1RPT4W2Xjn/quizzes/AjyirqBc8UZigcalHOr3","pillarPages/nursing-test-bank/subPages/SuT1noZoNGEjKGR1vTbi/nestedSubPages/iT55qp9NAFOvZLBAiQzC/topics/0zSu4efsFf1RPT4W2Xjn/quizzes/sOn0pbKMGL11VBrnpykI"
"1.000","HESI RN Health Assessment Proctored Exam Practice Questions - Set 3","HESI RN Health Assessment Proctored Exam Practice Questions - Set 13","hesi-rn-health-assessment-proctored-exam-practice-questions-set-3","hesi-rn-health-assessment-proctored-exam-practice-questions-set-13","RN Exams > HESI RN Exams > Health Assessment","RN Exams > HESI RN Exams > Health Assessment","pillarPages/nursing-test-bank/subPages/SuT1noZoNGEjKGR1vTbi/nestedSubPages/iT55qp9NAFOvZLBAiQzC/topics/0zSu4efsFf1RPT4W2Xjn/quizzes/AjyirqBc8UZigcalHOr3","pillarPages/nursing-test-bank/subPages/SuT1noZoNGEjKGR1vTbi/nestedSubPages/iT55qp9NAFOvZLBAiQzC/topics/0zSu4efsFf1RPT4W2Xjn/quizzes/se0AdeGgDu0iVJ4rHbWl"
"1.000","HESI RN Health Assessment Proctored Exam Practice Questions - Set 3","HESI RN Health Assessment Proctored Exam Practice Questions - Set 7","hesi-rn-health-assessment-proctored-exam-practice-questions-set-3","hesi-rn-health-assessment-proctored-exam-practice-questions-set-7","RN Exams > HESI RN Exams > Health Assessment","RN Exams > HESI RN Exams > Health Assessment","pillarPages/nursing-test-bank/subPages/SuT1noZoNGEjKGR1vTbi/nestedSubPages/iT55qp9NAFOvZLBAiQzC/topics/0zSu4efsFf1RPT4W2Xjn/quizzes/AjyirqBc8UZigcalHOr3","pillarPages/nursing-test-bank/subPages/SuT1noZoNGEjKGR1vTbi/nestedSubPages/iT55qp9NAFOvZLBAiQzC/topics/0zSu4efsFf1RPT4W2Xjn/quizzes/vdXhH028081wPPONObfb"
"1.000","HESI RN Health Assessment Proctored Exam Practice Questions - Set 3","Health Assessment Proctored Exam Practice Questions - Set 1","hesi-rn-health-assessment-proctored-exam-practice-questions-set-3","health-assessment-proctored-exam-practice-questions-set-1","RN Exams > HESI RN Exams > Health Assessment","RN Exams > RN Nursing Course Exams > Health Assessment","pillarPages/nursing-test-bank/subPages/SuT1noZoNGEjKGR1vTbi/nestedSubPages/iT55qp9NAFOvZLBAiQzC/topics/0zSu4efsFf1RPT4W2Xjn/quizzes/AjyirqBc8UZigcalHOr3","pillarPages/nursing-test-bank/subPages/SuT1noZoNGEjKGR1vTbi/nestedSubPages/zMFBI0XMiRsJnnXWhL5S/topics/XQlgh9zsLrRK6vilmJPA/quizzes/6aA7KAug9A8g2waCziGr"
"1.000","HESI RN Health Assessment Proctored Exam Practice Questions - Set 3","Health Assessment Proctored Exam Practice Questions - Set 4","hesi-rn-health-assessment-proctored-exam-practice-questions-set-3","health-assessment-proctored-exam-practice-questions-set-4","RN Exams > HESI RN Exams > Health Assessment","RN Exams > RN Nursing Course Exams > Health Assessment","pillarPages/nursing-test-bank/subPages/SuT1noZoNGEjKGR1vTbi/nestedSubPages/iT55qp9NAFOvZLBAiQzC/topics/0zSu4efsFf1RPT4W2Xjn/quizzes/AjyirqBc8UZigcalHOr3","pillarPages/nursing-test-bank/subPages/SuT1noZoNGEjKGR1vTbi/nestedSubPages/zMFBI0XMiRsJnnXWhL5S/topics/XQlgh9zsLrRK6vilmJPA/quizzes/vJDnpdwTIyEsfitripeZ"
"1.000","HESI RN Health Assessment Proctored Exam Practice Questions - Set 3","Health Assessment LPN Proctored Exam Practice Questions","hesi-rn-health-assessment-proctored-exam-practice-questions-set-3","health-assessment-lpn-proctored-exam-practice-questions","RN Exams > HESI RN Exams > Health Assessment","LPN Exams > LPN Nursing Course Exams > Health Assessment","pillarPages/nursing-test-bank/subPages/SuT1noZoNGEjKGR1vTbi/nestedSubPages/iT55qp9NAFOvZLBAiQzC/topics/0zSu4efsFf1RPT4W2Xjn/quizzes/AjyirqBc8UZigcalHOr3","pillarPages/nursing-test-bank/subPages/z0xzINtS3EohZNaKosBz/nestedSubPages/3K3wv7IGcDcXvSNM9Kxm/topics/ZZkcjv41bafusCBaLafv/quizzes/hqm7I9TtDFT1r7yWZgDO"
"1.000","HESI RN Health Assessment Proctored Exam Practice Questions - Set 4","HESI RN Health Assessment Proctored Exam Practice Questions - Set 15","hesi-rn-health-assessment-proctored-exam-practice-questions-set-4","hesi-rn-health-assessment-proctored-exam-practice-questions-set-15","RN Exams > HESI RN Exams > Health Assessment","RN Exams > HESI RN Exams > Health Assessment","pillarPages/nursing-test-bank/subPages/SuT1noZoNGEjKGR1vTbi/nestedSubPages/iT55qp9NAFOvZLBAiQzC/topics/0zSu4efsFf1RPT4W2Xjn/quizzes/RIcEqUYAbza4ncsEF3oW","pillarPages/nursing-test-bank/subPages/SuT1noZoNGEjKGR1vTbi/nestedSubPages/iT55qp9NAFOvZLBAiQzC/topics/0zSu4efsFf1RPT4W2Xjn/quizzes/iWDZXv53kM1Yl4aF89hJ"
"1.000","HESI RN Health Assessment Proctored Exam Practice Questions - Set 4","HESI RN Health Assessment Proctored Exam Practice Questions - Set 10","hesi-rn-health-assessment-proctored-exam-practice-questions-set-4","hesi-rn-health-assessment-proctored-exam-practice-questions-set-10","RN Exams > HESI RN Exams > Health Assessment","RN Exams > HESI RN Exams > Health Assessment","pillarPages/nursing-test-bank/subPages/SuT1noZoNGEjKGR1vTbi/nestedSubPages/iT55qp9NAFOvZLBAiQzC/topics/0zSu4efsFf1RPT4W2Xjn/quizzes/RIcEqUYAbza4ncsEF3oW","pillarPages/nursing-test-bank/subPages/SuT1noZoNGEjKGR1vTbi/nestedSubPages/iT55qp9NAFOvZLBAiQzC/topics/0zSu4efsFf1RPT4W2Xjn/quizzes/qEb1Tiv8JYweZrmrHVpe"
"1.000","HESI RN Health Assessment Proctored Exam Practice Questions - Set 4","HESI RN Health Assessment Proctored Exam Practice Questions - Set 9","hesi-rn-health-assessment-proctored-exam-practice-questions-set-4","hesi-rn-health-assessment-proctored-exam-practice-questions-set-9","RN Exams > HESI RN Exams > Health Assessment","RN Exams > HESI RN Exams > Health Assessment","pillarPages/nursing-test-bank/subPages/SuT1noZoNGEjKGR1vTbi/nestedSubPages/iT55qp9NAFOvZLBAiQzC/topics/0zSu4efsFf1RPT4W2Xjn/quizzes/RIcEqUYAbza4ncsEF3oW","pillarPages/nursing-test-bank/subPages/SuT1noZoNGEjKGR1vTbi/nestedSubPages/iT55qp9NAFOvZLBAiQzC/topics/0zSu4efsFf1RPT4W2Xjn/quizzes/sOn0pbKMGL11VBrnpykI"
"1.000","HESI RN Health Assessment Proctored Exam Practice Questions - Set 4","HESI RN Health Assessment Proctored Exam Practice Questions - Set 13","hesi-rn-health-assessment-proctored-exam-practice-questions-set-4","hesi-rn-health-assessment-proctored-exam-practice-questions-set-13","RN Exams > HESI RN Exams > Health Assessment","RN Exams > HESI RN Exams > Health Assessment","pillarPages/nursing-test-bank/subPages/SuT1noZoNGEjKGR1vTbi/nestedSubPages/iT55qp9NAFOvZLBAiQzC/topics/0zSu4efsFf1RPT4W2Xjn/quizzes/RIcEqUYAbza4ncsEF3oW","pillarPages/nursing-test-bank/subPages/SuT1noZoNGEjKGR1vTbi/nestedSubPages/iT55qp9NAFOvZLBAiQzC/topics/0zSu4efsFf1RPT4W2Xjn/quizzes/se0AdeGgDu0iVJ4rHbWl"
"1.000","HESI RN Health Assessment Proctored Exam Practice Questions - Set 4","HESI RN Health Assessment Proctored Exam Practice Questions - Set 7","hesi-rn-health-assessment-proctored-exam-practice-questions-set-4","hesi-rn-health-assessment-proctored-exam-practice-questions-set-7","RN Exams > HESI RN Exams > Health Assessment","RN Exams > HESI RN Exams > Health Assessment","pillarPages/nursing-test-bank/subPages/SuT1noZoNGEjKGR1vTbi/nestedSubPages/iT55qp9NAFOvZLBAiQzC/topics/0zSu4efsFf1RPT4W2Xjn/quizzes/RIcEqUYAbza4ncsEF3oW","pillarPages/nursing-test-bank/subPages/SuT1noZoNGEjKGR1vTbi/nestedSubPages/iT55qp9NAFOvZLBAiQzC/topics/0zSu4efsFf1RPT4W2Xjn/quizzes/vdXhH028081wPPONObfb"
"1.000","HESI RN Health Assessment Proctored Exam Practice Questions - Set 4","Health Assessment Proctored Exam Practice Questions - Set 1","hesi-rn-health-assessment-proctored-exam-practice-questions-set-4","health-assessment-proctored-exam-practice-questions-set-1","RN Exams > HESI RN Exams > Health Assessment","RN Exams > RN Nursing Course Exams > Health Assessment","pillarPages/nursing-test-bank/subPages/SuT1noZoNGEjKGR1vTbi/nestedSubPages/iT55qp9NAFOvZLBAiQzC/topics/0zSu4efsFf1RPT4W2Xjn/quizzes/RIcEqUYAbza4ncsEF3oW","pillarPages/nursing-test-bank/subPages/SuT1noZoNGEjKGR1vTbi/nestedSubPages/zMFBI0XMiRsJnnXWhL5S/topics/XQlgh9zsLrRK6vilmJPA/quizzes/6aA7KAug9A8g2waCziGr"
"1.000","HESI RN Health Assessment Proctored Exam Practice Questions - Set 4","Health Assessment Proctored Exam Practice Questions - Set 4","hesi-rn-health-assessment-proctored-exam-practice-questions-set-4","health-assessment-proctored-exam-practice-questions-set-4","RN Exams > HESI RN Exams > Health Assessment","RN Exams > RN Nursing Course Exams > Health Assessment","pillarPages/nursing-test-bank/subPages/SuT1noZoNGEjKGR1vTbi/nestedSubPages/iT55qp9NAFOvZLBAiQzC/topics/0zSu4efsFf1RPT4W2Xjn/quizzes/RIcEqUYAbza4ncsEF3oW","pillarPages/nursing-test-bank/subPages/SuT1noZoNGEjKGR1vTbi/nestedSubPages/zMFBI0XMiRsJnnXWhL5S/topics/XQlgh9zsLrRK6vilmJPA/quizzes/vJDnpdwTIyEsfitripeZ"
"1.000","HESI RN Health Assessment Proctored Exam Practice Questions - Set 4","Health Assessment LPN Proctored Exam Practice Questions","hesi-rn-health-assessment-proctored-exam-practice-questions-set-4","health-assessment-lpn-proctored-exam-practice-questions","RN Exams > HESI RN Exams > Health Assessment","LPN Exams > LPN Nursing Course Exams > Health Assessment","pillarPages/nursing-test-bank/subPages/SuT1noZoNGEjKGR1vTbi/nestedSubPages/iT55qp9NAFOvZLBAiQzC/topics/0zSu4efsFf1RPT4W2Xjn/quizzes/RIcEqUYAbza4ncsEF3oW","pillarPages/nursing-test-bank/subPages/z0xzINtS3EohZNaKosBz/nestedSubPages/3K3wv7IGcDcXvSNM9Kxm/topics/ZZkcjv41bafusCBaLafv/quizzes/hqm7I9TtDFT1r7yWZgDO"
"1.000","HESI RN Health Assessment Proctored Exam Practice Questions - Set 7","Health Assessment Proctored Exam Practice Questions - Set 1","hesi-rn-health-assessment-proctored-exam-practice-questions-set-7","health-assessment-proctored-exam-practice-questions-set-1","RN Exams > HESI RN Exams > Health Assessment","RN Exams > RN Nursing Course Exams > Health Assessment","pillarPages/nursing-test-bank/subPages/SuT1noZoNGEjKGR1vTbi/nestedSubPages/iT55qp9NAFOvZLBAiQzC/topics/0zSu4efsFf1RPT4W2Xjn/quizzes/vdXhH028081wPPONObfb","pillarPages/nursing-test-bank/subPages/SuT1noZoNGEjKGR1vTbi/nestedSubPages/zMFBI0XMiRsJnnXWhL5S/topics/XQlgh9zsLrRK6vilmJPA/quizzes/6aA7KAug9A8g2waCziGr"
"1.000","HESI RN Health Assessment Proctored Exam Practice Questions - Set 7","Health Assessment Proctored Exam Practice Questions - Set 4","hesi-rn-health-assessment-proctored-exam-practice-questions-set-7","health-assessment-proctored-exam-practice-questions-set-4","RN Exams > HESI RN Exams > Health Assessment","RN Exams > RN Nursing Course Exams > Health Assessment","pillarPages/nursing-test-bank/subPages/SuT1noZoNGEjKGR1vTbi/nestedSubPages/iT55qp9NAFOvZLBAiQzC/topics/0zSu4efsFf1RPT4W2Xjn/quizzes/vdXhH028081wPPONObfb","pillarPages/nursing-test-bank/subPages/SuT1noZoNGEjKGR1vTbi/nestedSubPages/zMFBI0XMiRsJnnXWhL5S/topics/XQlgh9zsLrRK6vilmJPA/quizzes/vJDnpdwTIyEsfitripeZ"
"1.000","HESI RN Health Assessment Proctored Exam Practice Questions - Set 7","Health Assessment LPN Proctored Exam Practice Questions","hesi-rn-health-assessment-proctored-exam-practice-questions-set-7","health-assessment-lpn-proctored-exam-practice-questions","RN Exams > HESI RN Exams > Health Assessment","LPN Exams > LPN Nursing Course Exams > Health Assessment","pillarPages/nursing-test-bank/subPages/SuT1noZoNGEjKGR1vTbi/nestedSubPages/iT55qp9NAFOvZLBAiQzC/topics/0zSu4efsFf1RPT4W2Xjn/quizzes/vdXhH028081wPPONObfb","pillarPages/nursing-test-bank/subPages/z0xzINtS3EohZNaKosBz/nestedSubPages/3K3wv7IGcDcXvSNM9Kxm/topics/ZZkcjv41bafusCBaLafv/quizzes/hqm7I9TtDFT1r7yWZgDO"
"1.000","HESI RN Health Assessment Proctored Exam Practice Questions - Set 9","HESI RN Health Assessment Proctored Exam Practice Questions - Set 13","hesi-rn-health-assessment-proctored-exam-practice-questions-set-9","hesi-rn-health-assessment-proctored-exam-practice-questions-set-13","RN Exams > HESI RN Exams > Health Assessment","RN Exams > HESI RN Exams > Health Assessment","pillarPages/nursing-test-bank/subPages/SuT1noZoNGEjKGR1vTbi/nestedSubPages/iT55qp9NAFOvZLBAiQzC/topics/0zSu4efsFf1RPT4W2Xjn/quizzes/sOn0pbKMGL11VBrnpykI","pillarPages/nursing-test-bank/subPages/SuT1noZoNGEjKGR1vTbi/nestedSubPages/iT55qp9NAFOvZLBAiQzC/topics/0zSu4efsFf1RPT4W2Xjn/quizzes/se0AdeGgDu0iVJ4rHbWl"
"1.000","HESI RN Health Assessment Proctored Exam Practice Questions - Set 9","HESI RN Health Assessment Proctored Exam Practice Questions - Set 7","hesi-rn-health-assessment-proctored-exam-practice-questions-set-9","hesi-rn-health-assessment-proctored-exam-practice-questions-set-7","RN Exams > HESI RN Exams > Health Assessment","RN Exams > HESI RN Exams > Health Assessment","pillarPages/nursing-test-bank/subPages/SuT1noZoNGEjKGR1vTbi/nestedSubPages/iT55qp9NAFOvZLBAiQzC/topics/0zSu4efsFf1RPT4W2Xjn/quizzes/sOn0pbKMGL11VBrnpykI","pillarPages/nursing-test-bank/subPages/SuT1noZoNGEjKGR1vTbi/nestedSubPages/iT55qp9NAFOvZLBAiQzC/topics/0zSu4efsFf1RPT4W2Xjn/quizzes/vdXhH028081wPPONObfb"
"1.000","HESI RN Health Assessment Proctored Exam Practice Questions - Set 9","Health Assessment Proctored Exam Practice Questions - Set 1","hesi-rn-health-assessment-proctored-exam-practice-questions-set-9","health-assessment-proctored-exam-practice-questions-set-1","RN Exams > HESI RN Exams > Health Assessment","RN Exams > RN Nursing Course Exams > Health Assessment","pillarPages/nursing-test-bank/subPages/SuT1noZoNGEjKGR1vTbi/nestedSubPages/iT55qp9NAFOvZLBAiQzC/topics/0zSu4efsFf1RPT4W2Xjn/quizzes/sOn0pbKMGL11VBrnpykI","pillarPages/nursing-test-bank/subPages/SuT1noZoNGEjKGR1vTbi/nestedSubPages/zMFBI0XMiRsJnnXWhL5S/topics/XQlgh9zsLrRK6vilmJPA/quizzes/6aA7KAug9A8g2waCziGr"
"1.000","HESI RN Health Assessment Proctored Exam Practice Questions - Set 9","Health Assessment Proctored Exam Practice Questions - Set 4","hesi-rn-health-assessment-proctored-exam-practice-questions-set-9","health-assessment-proctored-exam-practice-questions-set-4","RN Exams > HESI RN Exams > Health Assessment","RN Exams > RN Nursing Course Exams > Health Assessment","pillarPages/nursing-test-bank/subPages/SuT1noZoNGEjKGR1vTbi/nestedSubPages/iT55qp9NAFOvZLBAiQzC/topics/0zSu4efsFf1RPT4W2Xjn/quizzes/sOn0pbKMGL11VBrnpykI","pillarPages/nursing-test-bank/subPages/SuT1noZoNGEjKGR1vTbi/nestedSubPages/zMFBI0XMiRsJnnXWhL5S/topics/XQlgh9zsLrRK6vilmJPA/quizzes/vJDnpdwTIyEsfitripeZ"
"1.000","HESI RN Health Assessment Proctored Exam Practice Questions - Set 9","Health Assessment LPN Proctored Exam Practice Questions","hesi-rn-health-assessment-proctored-exam-practice-questions-set-9","health-assessment-lpn-proctored-exam-practice-questions","RN Exams > HESI RN Exams > Health Assessment","LPN Exams > LPN Nursing Course Exams > Health Assessment","pillarPages/nursing-test-bank/subPages/SuT1noZoNGEjKGR1vTbi/nestedSubPages/iT55qp9NAFOvZLBAiQzC/topics/0zSu4efsFf1RPT4W2Xjn/quizzes/sOn0pbKMGL11VBrnpykI","pillarPages/nursing-test-bank/subPages/z0xzINtS3EohZNaKosBz/nestedSubPages/3K3wv7IGcDcXvSNM9Kxm/topics/ZZkcjv41bafusCBaLafv/quizzes/hqm7I9TtDFT1r7yWZgDO"
"1.000","HESI RN Maternal Newborn Proctored Exam Practice Questions - Set 3","RN Maternal Newborn 2023 Proctored Exam Practice Questions","hesi-rn-maternal-newborn-proctored-exam-practice-questions-set-3","rn-maternal-newborn-2023-proctored-exam-practice-questions","RN Exams > HESI RN Exams > Maternity","RN Exams > RN Nursing Course Exams > Maternal Newborn","pillarPages/nursing-test-bank/subPages/SuT1noZoNGEjKGR1vTbi/nestedSubPages/iT55qp9NAFOvZLBAiQzC/topics/ULDy5qJrNGEhyYIuXZvp/quizzes/VfX9wDChJqGovTWIuR3f","pillarPages/nursing-test-bank/subPages/SuT1noZoNGEjKGR1vTbi/nestedSubPages/zMFBI0XMiRsJnnXWhL5S/topics/stnDIFRoA0VwLaoxbGv1/quizzes/NCqTrM2MmGHFbaJ0NM2N"
"1.000","HESI RN Maternal Newborn Proctored Exam Practice Questions - Set 3","Maternal Newborn Proctored Exam Practice Questions","hesi-rn-maternal-newborn-proctored-exam-practice-questions-set-3","maternal-newborn-proctored-exam-practice-questions","RN Exams > HESI RN Exams > Maternity","RN Exams > RN Nursing Course Exams > Maternal Newborn","pillarPages/nursing-test-bank/subPages/SuT1noZoNGEjKGR1vTbi/nestedSubPages/iT55qp9NAFOvZLBAiQzC/topics/ULDy5qJrNGEhyYIuXZvp/quizzes/VfX9wDChJqGovTWIuR3f","pillarPages/nursing-test-bank/subPages/SuT1noZoNGEjKGR1vTbi/nestedSubPages/zMFBI0XMiRsJnnXWhL5S/topics/stnDIFRoA0VwLaoxbGv1/quizzes/iCXgtYgRNK2zgPHiEt04"
"1.000","HESI RN Maternal Newborn Proctored Exam Practice Questions - Set 3","ATI PN Maternal Newborn Proctored Exam Practice Questions - Set 2","hesi-rn-maternal-newborn-proctored-exam-practice-questions-set-3","ati-pn-maternal-newborn-proctored-exam-practice-questions-set-2","RN Exams > HESI RN Exams > Maternity","LPN Exams > ATI LPN Exams > Maternal Newborn","pillarPages/nursing-test-bank/subPages/SuT1noZoNGEjKGR1vTbi/nestedSubPages/iT55qp9NAFOvZLBAiQzC/topics/ULDy5qJrNGEhyYIuXZvp/quizzes/VfX9wDChJqGovTWIuR3f","pillarPages/nursing-test-bank/subPages/z0xzINtS3EohZNaKosBz/nestedSubPages/lyrHg4RBzN6UafuymMFT/topics/ZwY2vYN2X4tXEKOv2x6h/quizzes/2pISLuROBybQHEYGwydT"
"1.000","HESI RN Maternal Newborn Proctored Exam Practice Questions - Set 3","ATI PN Maternal Newborn Proctored Exam Practice Questions - Set 4","hesi-rn-maternal-newborn-proctored-exam-practice-questions-set-3","ati-pn-maternal-newborn-proctored-exam-practice-questions-set-4","RN Exams > HESI RN Exams > Maternity","LPN Exams > ATI LPN Exams > Maternal Newborn","pillarPages/nursing-test-bank/subPages/SuT1noZoNGEjKGR1vTbi/nestedSubPages/iT55qp9NAFOvZLBAiQzC/topics/ULDy5qJrNGEhyYIuXZvp/quizzes/VfX9wDChJqGovTWIuR3f","pillarPages/nursing-test-bank/subPages/z0xzINtS3EohZNaKosBz/nestedSubPages/lyrHg4RBzN6UafuymMFT/topics/ZwY2vYN2X4tXEKOv2x6h/quizzes/3yr6vUzORUezPATWG4jN"
"1.000","HESI RN Maternal Newborn Proctored Exam Practice Questions - Set 3","ATI PN Maternal Newborn 2023 Proctored Exam Practice Questions - Set 1","hesi-rn-maternal-newborn-proctored-exam-practice-questions-set-3","ati-pn-maternal-newborn-2023-proctored-exam-practice-questions-set-1","RN Exams > HESI RN Exams > Maternity","LPN Exams > ATI LPN Exams > Maternal Newborn","pillarPages/nursing-test-bank/subPages/SuT1noZoNGEjKGR1vTbi/nestedSubPages/iT55qp9NAFOvZLBAiQzC/topics/ULDy5qJrNGEhyYIuXZvp/quizzes/VfX9wDChJqGovTWIuR3f","pillarPages/nursing-test-bank/subPages/z0xzINtS3EohZNaKosBz/nestedSubPages/lyrHg4RBzN6UafuymMFT/topics/ZwY2vYN2X4tXEKOv2x6h/quizzes/ECRqRGdgjTT62PogLp3c"
"1.000","HESI RN Maternal Newborn Proctored Exam Practice Questions - Set 3","ATI PN Maternal Newborn Proctored Exam Practice Questions - Set 16","hesi-rn-maternal-newborn-proctored-exam-practice-questions-set-3","ati-pn-maternal-newborn-proctored-exam-practice-questions-set-16","RN Exams > HESI RN Exams > Maternity","LPN Exams > ATI LPN Exams > Maternal Newborn","pillarPages/nursing-test-bank/subPages/SuT1noZoNGEjKGR1vTbi/nestedSubPages/iT55qp9NAFOvZLBAiQzC/topics/ULDy5qJrNGEhyYIuXZvp/quizzes/VfX9wDChJqGovTWIuR3f","pillarPages/nursing-test-bank/subPages/z0xzINtS3EohZNaKosBz/nestedSubPages/lyrHg4RBzN6UafuymMFT/topics/ZwY2vYN2X4tXEKOv2x6h/quizzes/H9OIb6stuQTogTuCToAY"
"1.000","HESI RN Maternal Newborn Proctored Exam Practice Questions - Set 3","ATI PN Maternal Newborn 2023 Proctored Exam Practice Questions - Set 15","hesi-rn-maternal-newborn-proctored-exam-practice-questions-set-3","ati-pn-maternal-newborn-2023-proctored-exam-practice-questions-set-15","RN Exams > HESI RN Exams > Maternity","LPN Exams > ATI LPN Exams > Maternal Newborn","pillarPages/nursing-test-bank/subPages/SuT1noZoNGEjKGR1vTbi/nestedSubPages/iT55qp9NAFOvZLBAiQzC/topics/ULDy5qJrNGEhyYIuXZvp/quizzes/VfX9wDChJqGovTWIuR3f","pillarPages/nursing-test-bank/subPages/z0xzINtS3EohZNaKosBz/nestedSubPages/lyrHg4RBzN6UafuymMFT/topics/ZwY2vYN2X4tXEKOv2x6h/quizzes/JT2c69EWULbYPJQrU4Nb"
"1.000","HESI RN Maternal Newborn Proctored Exam Practice Questions - Set 3","ATI PN Maternal Newborn 2023 Proctored Exam Practice Questions - Set 14","hesi-rn-maternal-newborn-proctored-exam-practice-questions-set-3","ati-pn-maternal-newborn-2023-proctored-exam-practice-questions-set-14","RN Exams > HESI RN Exams > Maternity","LPN Exams > ATI LPN Exams > Maternal Newborn","pillarPages/nursing-test-bank/subPages/SuT1noZoNGEjKGR1vTbi/nestedSubPages/iT55qp9NAFOvZLBAiQzC/topics/ULDy5qJrNGEhyYIuXZvp/quizzes/VfX9wDChJqGovTWIuR3f","pillarPages/nursing-test-bank/subPages/z0xzINtS3EohZNaKosBz/nestedSubPages/lyrHg4RBzN6UafuymMFT/topics/ZwY2vYN2X4tXEKOv2x6h/quizzes/RwXrs1cNzRzi6xjkzcB9"
"1.000","HESI RN Maternal Newborn Proctored Exam Practice Questions - Set 3","ATI PN Maternal Newborn 2023 Proctored Exam Practice Questions - Set 9","hesi-rn-maternal-newborn-proctored-exam-practice-questions-set-3","ati-pn-maternal-newborn-2023-proctored-exam-practice-questions-set-9","RN Exams > HESI RN Exams > Maternity","LPN Exams > ATI LPN Exams > Maternal Newborn","pillarPages/nursing-test-bank/subPages/SuT1noZoNGEjKGR1vTbi/nestedSubPages/iT55qp9NAFOvZLBAiQzC/topics/ULDy5qJrNGEhyYIuXZvp/quizzes/VfX9wDChJqGovTWIuR3f","pillarPages/nursing-test-bank/subPages/z0xzINtS3EohZNaKosBz/nestedSubPages/lyrHg4RBzN6UafuymMFT/topics/ZwY2vYN2X4tXEKOv2x6h/quizzes/dMHTlzyIuyJX7CAqVPko"
"1.000","HESI RN Maternal Newborn Proctored Exam Practice Questions - Set 3","ATI PN Maternal Newborn Proctored Exam Practice Questions - Set 17","hesi-rn-maternal-newborn-proctored-exam-practice-questions-set-3","ati-pn-maternal-newborn-proctored-exam-practice-questions-set-17","RN Exams > HESI RN Exams > Maternity","LPN Exams > ATI LPN Exams > Maternal Newborn","pillarPages/nursing-test-bank/subPages/SuT1noZoNGEjKGR1vTbi/nestedSubPages/iT55qp9NAFOvZLBAiQzC/topics/ULDy5qJrNGEhyYIuXZvp/quizzes/VfX9wDChJqGovTWIuR3f","pillarPages/nursing-test-bank/subPages/z0xzINtS3EohZNaKosBz/nestedSubPages/lyrHg4RBzN6UafuymMFT/topics/ZwY2vYN2X4tXEKOv2x6h/quizzes/ewwc1ofqNfja9FQVcbPG"
"1.000","HESI RN Maternal Newborn Proctored Exam Practice Questions - Set 3","ATI PN Maternal Newborn Proctored Exam 2023 Practice Questions - Set 7","hesi-rn-maternal-newborn-proctored-exam-practice-questions-set-3","ati-pn-maternal-newborn-proctored-exam-2023-practice-questions-set-7","RN Exams > HESI RN Exams > Maternity","LPN Exams > ATI LPN Exams > Maternal Newborn","pillarPages/nursing-test-bank/subPages/SuT1noZoNGEjKGR1vTbi/nestedSubPages/iT55qp9NAFOvZLBAiQzC/topics/ULDy5qJrNGEhyYIuXZvp/quizzes/VfX9wDChJqGovTWIuR3f","pillarPages/nursing-test-bank/subPages/z0xzINtS3EohZNaKosBz/nestedSubPages/lyrHg4RBzN6UafuymMFT/topics/ZwY2vYN2X4tXEKOv2x6h/quizzes/mJlcPfoVYt4thUpKn4xi"
"1.000","HESI RN Maternal Newborn Proctored Exam Practice Questions - Set 3","ATI PN Maternal Newborn 2020 Proctored Exam Practice Questions - Set 19","hesi-rn-maternal-newborn-proctored-exam-practice-questions-set-3","ati-pn-maternal-newborn-2020-proctored-exam-practice-questions-set-19","RN Exams > HESI RN Exams > Maternity","LPN Exams > ATI LPN Exams > Maternal Newborn","pillarPages/nursing-test-bank/subPages/SuT1noZoNGEjKGR1vTbi/nestedSubPages/iT55qp9NAFOvZLBAiQzC/topics/ULDy5qJrNGEhyYIuXZvp/quizzes/VfX9wDChJqGovTWIuR3f","pillarPages/nursing-test-bank/subPages/z0xzINtS3EohZNaKosBz/nestedSubPages/lyrHg4RBzN6UafuymMFT/topics/ZwY2vYN2X4tXEKOv2x6h/quizzes/wgtUsFieAT42tBpHZ3SK"
"1.000","HESI RN Maternal Newborn Proctored Exam Practice Questions - Set 3","ATI PN Maternal Newborn 2023 Proctored Exam Practice Questions - Set 3","hesi-rn-maternal-newborn-proctored-exam-practice-questions-set-3","ati-pn-maternal-newborn-2023-proctored-exam-practice-questions-set-3","RN Exams > HESI RN Exams > Maternity","LPN Exams > ATI LPN Exams > Maternal Newborn","pillarPages/nursing-test-bank/subPages/SuT1noZoNGEjKGR1vTbi/nestedSubPages/iT55qp9NAFOvZLBAiQzC/topics/ULDy5qJrNGEhyYIuXZvp/quizzes/VfX9wDChJqGovTWIuR3f","pillarPages/nursing-test-bank/subPages/z0xzINtS3EohZNaKosBz/nestedSubPages/lyrHg4RBzN6UafuymMFT/topics/ZwY2vYN2X4tXEKOv2x6h/quizzes/wwhPYhVvgp3H6fzgUaje"
"1.000","HESI RN Maternal Newborn Proctored Exam Practice Questions - Set 4","HESI RN Maternal Newborn Proctored Exam Practice Questions - Set 3","hesi-rn-maternal-newborn-proctored-exam-practice-questions-set-4","hesi-rn-maternal-newborn-proctored-exam-practice-questions-set-3","RN Exams > HESI RN Exams > Maternity","RN Exams > HESI RN Exams > Maternity","pillarPages/nursing-test-bank/subPages/SuT1noZoNGEjKGR1vTbi/nestedSubPages/iT55qp9NAFOvZLBAiQzC/topics/ULDy5qJrNGEhyYIuXZvp/quizzes/B7G9VusMXp0er21SDP4U","pillarPages/nursing-test-bank/subPages/SuT1noZoNGEjKGR1vTbi/nestedSubPages/iT55qp9NAFOvZLBAiQzC/topics/ULDy5qJrNGEhyYIuXZvp/quizzes/VfX9wDChJqGovTWIuR3f"
"1.000","HESI RN Maternal Newborn Proctored Exam Practice Questions - Set 4","RN Maternal Newborn 2023 Proctored Exam Practice Questions","hesi-rn-maternal-newborn-proctored-exam-practice-questions-set-4","rn-maternal-newborn-2023-proctored-exam-practice-questions","RN Exams > HESI RN Exams > Maternity","RN Exams > RN Nursing Course Exams > Maternal Newborn","pillarPages/nursing-test-bank/subPages/SuT1noZoNGEjKGR1vTbi/nestedSubPages/iT55qp9NAFOvZLBAiQzC/topics/ULDy5qJrNGEhyYIuXZvp/quizzes/B7G9VusMXp0er21SDP4U","pillarPages/nursing-test-bank/subPages/SuT1noZoNGEjKGR1vTbi/nestedSubPages/zMFBI0XMiRsJnnXWhL5S/topics/stnDIFRoA0VwLaoxbGv1/quizzes/NCqTrM2MmGHFbaJ0NM2N"
"1.000","HESI RN Maternal Newborn Proctored Exam Practice Questions - Set 4","Maternal Newborn Proctored Exam Practice Questions","hesi-rn-maternal-newborn-proctored-exam-practice-questions-set-4","maternal-newborn-proctored-exam-practice-questions","RN Exams > HESI RN Exams > Maternity","RN Exams > RN Nursing Course Exams > Maternal Newborn","pillarPages/nursing-test-bank/subPages/SuT1noZoNGEjKGR1vTbi/nestedSubPages/iT55qp9NAFOvZLBAiQzC/topics/ULDy5qJrNGEhyYIuXZvp/quizzes/B7G9VusMXp0er21SDP4U","pillarPages/nursing-test-bank/subPages/SuT1noZoNGEjKGR1vTbi/nestedSubPages/zMFBI0XMiRsJnnXWhL5S/topics/stnDIFRoA0VwLaoxbGv1/quizzes/iCXgtYgRNK2zgPHiEt04"
"1.000","HESI RN Maternal Newborn Proctored Exam Practice Questions - Set 4","ATI PN Maternal Newborn Proctored Exam Practice Questions - Set 2","hesi-rn-maternal-newborn-proctored-exam-practice-questions-set-4","ati-pn-maternal-newborn-proctored-exam-practice-questions-set-2","RN Exams > HESI RN Exams > Maternity","LPN Exams > ATI LPN Exams > Maternal Newborn","pillarPages/nursing-test-bank/subPages/SuT1noZoNGEjKGR1vTbi/nestedSubPages/iT55qp9NAFOvZLBAiQzC/topics/ULDy5qJrNGEhyYIuXZvp/quizzes/B7G9VusMXp0er21SDP4U","pillarPages/nursing-test-bank/subPages/z0xzINtS3EohZNaKosBz/nestedSubPages/lyrHg4RBzN6UafuymMFT/topics/ZwY2vYN2X4tXEKOv2x6h/quizzes/2pISLuROBybQHEYGwydT"
"1.000","HESI RN Maternal Newborn Proctored Exam Practice Questions - Set 4","ATI PN Maternal Newborn Proctored Exam Practice Questions - Set 4","hesi-rn-maternal-newborn-proctored-exam-practice-questions-set-4","ati-pn-maternal-newborn-proctored-exam-practice-questions-set-4","RN Exams > HESI RN Exams > Maternity","LPN Exams > ATI LPN Exams > Maternal Newborn","pillarPages/nursing-test-bank/subPages/SuT1noZoNGEjKGR1vTbi/nestedSubPages/iT55qp9NAFOvZLBAiQzC/topics/ULDy5qJrNGEhyYIuXZvp/quizzes/B7G9VusMXp0er21SDP4U","pillarPages/nursing-test-bank/subPages/z0xzINtS3EohZNaKosBz/nestedSubPages/lyrHg4RBzN6UafuymMFT/topics/ZwY2vYN2X4tXEKOv2x6h/quizzes/3yr6vUzORUezPATWG4jN"
"1.000","HESI RN Maternal Newborn Proctored Exam Practice Questions - Set 4","ATI PN Maternal Newborn 2023 Proctored Exam Practice Questions - Set 1","hesi-rn-maternal-newborn-proctored-exam-practice-questions-set-4","ati-pn-maternal-newborn-2023-proctored-exam-practice-questions-set-1","RN Exams > HESI RN Exams > Maternity","LPN Exams > ATI LPN Exams > Maternal Newborn","pillarPages/nursing-test-bank/subPages/SuT1noZoNGEjKGR1vTbi/nestedSubPages/iT55qp9NAFOvZLBAiQzC/topics/ULDy5qJrNGEhyYIuXZvp/quizzes/B7G9VusMXp0er21SDP4U","pillarPages/nursing-test-bank/subPages/z0xzINtS3EohZNaKosBz/nestedSubPages/lyrHg4RBzN6UafuymMFT/topics/ZwY2vYN2X4tXEKOv2x6h/quizzes/ECRqRGdgjTT62PogLp3c"
"1.000","HESI RN Maternal Newborn Proctored Exam Practice Questions - Set 4","ATI PN Maternal Newborn Proctored Exam Practice Questions - Set 16","hesi-rn-maternal-newborn-proctored-exam-practice-questions-set-4","ati-pn-maternal-newborn-proctored-exam-practice-questions-set-16","RN Exams > HESI RN Exams > Maternity","LPN Exams > ATI LPN Exams > Maternal Newborn","pillarPages/nursing-test-bank/subPages/SuT1noZoNGEjKGR1vTbi/nestedSubPages/iT55qp9NAFOvZLBAiQzC/topics/ULDy5qJrNGEhyYIuXZvp/quizzes/B7G9VusMXp0er21SDP4U","pillarPages/nursing-test-bank/subPages/z0xzINtS3EohZNaKosBz/nestedSubPages/lyrHg4RBzN6UafuymMFT/topics/ZwY2vYN2X4tXEKOv2x6h/quizzes/H9OIb6stuQTogTuCToAY"
"1.000","HESI RN Maternal Newborn Proctored Exam Practice Questions - Set 4","ATI PN Maternal Newborn 2023 Proctored Exam Practice Questions - Set 15","hesi-rn-maternal-newborn-proctored-exam-practice-questions-set-4","ati-pn-maternal-newborn-2023-proctored-exam-practice-questions-set-15","RN Exams > HESI RN Exams > Maternity","LPN Exams > ATI LPN Exams > Maternal Newborn","pillarPages/nursing-test-bank/subPages/SuT1noZoNGEjKGR1vTbi/nestedSubPages/iT55qp9NAFOvZLBAiQzC/topics/ULDy5qJrNGEhyYIuXZvp/quizzes/B7G9VusMXp0er21SDP4U","pillarPages/nursing-test-bank/subPages/z0xzINtS3EohZNaKosBz/nestedSubPages/lyrHg4RBzN6UafuymMFT/topics/ZwY2vYN2X4tXEKOv2x6h/quizzes/JT2c69EWULbYPJQrU4Nb"
"1.000","HESI RN Maternal Newborn Proctored Exam Practice Questions - Set 4","ATI PN Maternal Newborn 2023 Proctored Exam Practice Questions - Set 14","hesi-rn-maternal-newborn-proctored-exam-practice-questions-set-4","ati-pn-maternal-newborn-2023-proctored-exam-practice-questions-set-14","RN Exams > HESI RN Exams > Maternity","LPN Exams > ATI LPN Exams > Maternal Newborn","pillarPages/nursing-test-bank/subPages/SuT1noZoNGEjKGR1vTbi/nestedSubPages/iT55qp9NAFOvZLBAiQzC/topics/ULDy5qJrNGEhyYIuXZvp/quizzes/B7G9VusMXp0er21SDP4U","pillarPages/nursing-test-bank/subPages/z0xzINtS3EohZNaKosBz/nestedSubPages/lyrHg4RBzN6UafuymMFT/topics/ZwY2vYN2X4tXEKOv2x6h/quizzes/RwXrs1cNzRzi6xjkzcB9"
"1.000","HESI RN Maternal Newborn Proctored Exam Practice Questions - Set 4","ATI PN Maternal Newborn 2023 Proctored Exam Practice Questions - Set 9","hesi-rn-maternal-newborn-proctored-exam-practice-questions-set-4","ati-pn-maternal-newborn-2023-proctored-exam-practice-questions-set-9","RN Exams > HESI RN Exams > Maternity","LPN Exams > ATI LPN Exams > Maternal Newborn","pillarPages/nursing-test-bank/subPages/SuT1noZoNGEjKGR1vTbi/nestedSubPages/iT55qp9NAFOvZLBAiQzC/topics/ULDy5qJrNGEhyYIuXZvp/quizzes/B7G9VusMXp0er21SDP4U","pillarPages/nursing-test-bank/subPages/z0xzINtS3EohZNaKosBz/nestedSubPages/lyrHg4RBzN6UafuymMFT/topics/ZwY2vYN2X4tXEKOv2x6h/quizzes/dMHTlzyIuyJX7CAqVPko"
"1.000","HESI RN Maternal Newborn Proctored Exam Practice Questions - Set 4","ATI PN Maternal Newborn Proctored Exam Practice Questions - Set 17","hesi-rn-maternal-newborn-proctored-exam-practice-questions-set-4","ati-pn-maternal-newborn-proctored-exam-practice-questions-set-17","RN Exams > HESI RN Exams > Maternity","LPN Exams > ATI LPN Exams > Maternal Newborn","pillarPages/nursing-test-bank/subPages/SuT1noZoNGEjKGR1vTbi/nestedSubPages/iT55qp9NAFOvZLBAiQzC/topics/ULDy5qJrNGEhyYIuXZvp/quizzes/B7G9VusMXp0er21SDP4U","pillarPages/nursing-test-bank/subPages/z0xzINtS3EohZNaKosBz/nestedSubPages/lyrHg4RBzN6UafuymMFT/topics/ZwY2vYN2X4tXEKOv2x6h/quizzes/ewwc1ofqNfja9FQVcbPG"
"1.000","HESI RN Maternal Newborn Proctored Exam Practice Questions - Set 4","ATI PN Maternal Newborn Proctored Exam 2023 Practice Questions - Set 7","hesi-rn-maternal-newborn-proctored-exam-practice-questions-set-4","ati-pn-maternal-newborn-proctored-exam-2023-practice-questions-set-7","RN Exams > HESI RN Exams > Maternity","LPN Exams > ATI LPN Exams > Maternal Newborn","pillarPages/nursing-test-bank/subPages/SuT1noZoNGEjKGR1vTbi/nestedSubPages/iT55qp9NAFOvZLBAiQzC/topics/ULDy5qJrNGEhyYIuXZvp/quizzes/B7G9VusMXp0er21SDP4U","pillarPages/nursing-test-bank/subPages/z0xzINtS3EohZNaKosBz/nestedSubPages/lyrHg4RBzN6UafuymMFT/topics/ZwY2vYN2X4tXEKOv2x6h/quizzes/mJlcPfoVYt4thUpKn4xi"
"1.000","HESI RN Maternal Newborn Proctored Exam Practice Questions - Set 4","ATI PN Maternal Newborn 2020 Proctored Exam Practice Questions - Set 19","hesi-rn-maternal-newborn-proctored-exam-practice-questions-set-4","ati-pn-maternal-newborn-2020-proctored-exam-practice-questions-set-19","RN Exams > HESI RN Exams > Maternity","LPN Exams > ATI LPN Exams > Maternal Newborn","pillarPages/nursing-test-bank/subPages/SuT1noZoNGEjKGR1vTbi/nestedSubPages/iT55qp9NAFOvZLBAiQzC/topics/ULDy5qJrNGEhyYIuXZvp/quizzes/B7G9VusMXp0er21SDP4U","pillarPages/nursing-test-bank/subPages/z0xzINtS3EohZNaKosBz/nestedSubPages/lyrHg4RBzN6UafuymMFT/topics/ZwY2vYN2X4tXEKOv2x6h/quizzes/wgtUsFieAT42tBpHZ3SK"
"1.000","HESI RN Maternal Newborn Proctored Exam Practice Questions - Set 4","ATI PN Maternal Newborn 2023 Proctored Exam Practice Questions - Set 3","hesi-rn-maternal-newborn-proctored-exam-practice-questions-set-4","ati-pn-maternal-newborn-2023-proctored-exam-practice-questions-set-3","RN Exams > HESI RN Exams > Maternity","LPN Exams > ATI LPN Exams > Maternal Newborn","pillarPages/nursing-test-bank/subPages/SuT1noZoNGEjKGR1vTbi/nestedSubPages/iT55qp9NAFOvZLBAiQzC/topics/ULDy5qJrNGEhyYIuXZvp/quizzes/B7G9VusMXp0er21SDP4U","pillarPages/nursing-test-bank/subPages/z0xzINtS3EohZNaKosBz/nestedSubPages/lyrHg4RBzN6UafuymMFT/topics/ZwY2vYN2X4tXEKOv2x6h/quizzes/wwhPYhVvgp3H6fzgUaje"
"1.000","HESI RN Med Surg 2 Proctored Exam Practice Questions","ATI PN Med Surg Proctored Exam 2 Practice Questions","hesi-rn-med-surg-2-proctored-exam-practice-questions","ati-pn-med-surg-proctored-exam-2-practice-questions","RN Exams > HESI RN Exams > Medical Surgical","LPN Exams > ATI LPN Exams > Adult Medical Surgical","pillarPages/nursing-test-bank/subPages/SuT1noZoNGEjKGR1vTbi/nestedSubPages/iT55qp9NAFOvZLBAiQzC/topics/aS23yuUD7OS39aVVutYn/quizzes/qzMaDefuJlROZo48d5ua","pillarPages/nursing-test-bank/subPages/z0xzINtS3EohZNaKosBz/nestedSubPages/lyrHg4RBzN6UafuymMFT/topics/NywbGW22YNeZSM3kuwKk/quizzes/v53iZzOiGjibWYzuB3J4"
"1.000","HESI RN Med Surg Adult Health Proctored Exam Practice Questions","HESI RN Adult Health Proctored Exam (Med Surg) Practice Questions","hesi-rn-med-surg-adult-health-proctored-exam-practice-questions","hesi-rn-adult-health-proctored-exam-med-surg-practice-questions","RN Exams > HESI RN Exams > Medical Surgical","RN Exams > HESI RN Exams > Adult Health","pillarPages/nursing-test-bank/subPages/SuT1noZoNGEjKGR1vTbi/nestedSubPages/iT55qp9NAFOvZLBAiQzC/topics/aS23yuUD7OS39aVVutYn/quizzes/ZKOxLRyPt0GrDrDpGKsl","pillarPages/nursing-test-bank/subPages/SuT1noZoNGEjKGR1vTbi/nestedSubPages/iT55qp9NAFOvZLBAiQzC/topics/n2FK9jdRFYQvHbryoAbl/quizzes/pbRsMo4XFQmz6nhLvNF1"
"1.000","HESI RN Med Surg Proctored Exam 1 Practice Questions","Med Surg Proctored Exam 1 Practice Questions","hesi-rn-med-surg-proctored-exam-1-practice-questions","med-surg-proctored-exam-1-practice-questions","RN Exams > HESI RN Exams > Medical Surgical","RN Exams > RN Nursing Course Exams > Medical Surgical","pillarPages/nursing-test-bank/subPages/SuT1noZoNGEjKGR1vTbi/nestedSubPages/iT55qp9NAFOvZLBAiQzC/topics/aS23yuUD7OS39aVVutYn/quizzes/7gorf5DAGRgMTLQ2tP79","pillarPages/nursing-test-bank/subPages/SuT1noZoNGEjKGR1vTbi/nestedSubPages/zMFBI0XMiRsJnnXWhL5S/topics/4xNDZPMszSkpgRfEsOck/quizzes/DxDHsUII46yEZIORt5SH"
"1.000","HESI RN Med Surg Proctored Exam 1 Practice Questions","ATI PN Med Surg Proctored Exam 1 Practice Questions","hesi-rn-med-surg-proctored-exam-1-practice-questions","ati-pn-med-surg-proctored-exam-1-practice-questions","RN Exams > HESI RN Exams > Medical Surgical","LPN Exams > ATI LPN Exams > Adult Medical Surgical","pillarPages/nursing-test-bank/subPages/SuT1noZoNGEjKGR1vTbi/nestedSubPages/iT55qp9NAFOvZLBAiQzC/topics/aS23yuUD7OS39aVVutYn/quizzes/7gorf5DAGRgMTLQ2tP79","pillarPages/nursing-test-bank/subPages/z0xzINtS3EohZNaKosBz/nestedSubPages/lyrHg4RBzN6UafuymMFT/topics/NywbGW22YNeZSM3kuwKk/quizzes/OVd57ylNVkKiGk0fVGnc"
"1.000","HESI RN Med Surg Proctored Exam 2 Practice Questions","HESI RN Med Surg 2 Proctored Exam Practice Questions","hesi-rn-med-surg-proctored-exam-2-practice-questions","hesi-rn-med-surg-2-proctored-exam-practice-questions","RN Exams > HESI RN Exams > Medical Surgical","RN Exams > HESI RN Exams > Medical Surgical","pillarPages/nursing-test-bank/subPages/SuT1noZoNGEjKGR1vTbi/nestedSubPages/iT55qp9NAFOvZLBAiQzC/topics/aS23yuUD7OS39aVVutYn/quizzes/HsjU9k0PBBb9l5g5aXV4","pillarPages/nursing-test-bank/subPages/SuT1noZoNGEjKGR1vTbi/nestedSubPages/iT55qp9NAFOvZLBAiQzC/topics/aS23yuUD7OS39aVVutYn/quizzes/qzMaDefuJlROZo48d5ua"
"1.000","HESI RN Med Surg Proctored Exam 2 Practice Questions","ATI PN Med Surg Proctored Exam 2 Practice Questions","hesi-rn-med-surg-proctored-exam-2-practice-questions","ati-pn-med-surg-proctored-exam-2-practice-questions","RN Exams > HESI RN Exams > Medical Surgical","LPN Exams > ATI LPN Exams > Adult Medical Surgical","pillarPages/nursing-test-bank/subPages/SuT1noZoNGEjKGR1vTbi/nestedSubPages/iT55qp9NAFOvZLBAiQzC/topics/aS23yuUD7OS39aVVutYn/quizzes/HsjU9k0PBBb9l5g5aXV4","pillarPages/nursing-test-bank/subPages/z0xzINtS3EohZNaKosBz/nestedSubPages/lyrHg4RBzN6UafuymMFT/topics/NywbGW22YNeZSM3kuwKk/quizzes/v53iZzOiGjibWYzuB3J4"
"1.000","HESI RN Med Surg Proctored Exam 3 Practice Questions","HESI RN Med-Surg 3 Proctored Exam Practice Questions","hesi-rn-med-surg-proctored-exam-3-practice-questions","hesi-rn-med-surg-3-proctored-exam-practice-questions","RN Exams > HESI RN Exams > Medical Surgical","RN Exams > HESI RN Exams > Medical Surgical","pillarPages/nursing-test-bank/subPages/SuT1noZoNGEjKGR1vTbi/nestedSubPages/iT55qp9NAFOvZLBAiQzC/topics/aS23yuUD7OS39aVVutYn/quizzes/68pkBTmBBTcwFROhjBbQ","pillarPages/nursing-test-bank/subPages/SuT1noZoNGEjKGR1vTbi/nestedSubPages/iT55qp9NAFOvZLBAiQzC/topics/aS23yuUD7OS39aVVutYn/quizzes/izTMfmhoYZaRo4TSvWpf"
"1.000","HESI RN Med Surg Proctored Exam 3 Practice Questions","Med Surg Proctored Exam 3 Practice Questions","hesi-rn-med-surg-proctored-exam-3-practice-questions","med-surg-proctored-exam-3-practice-questions","RN Exams > HESI RN Exams > Medical Surgical","RN Exams > RN Nursing Course Exams > Medical Surgical","pillarPages/nursing-test-bank/subPages/SuT1noZoNGEjKGR1vTbi/nestedSubPages/iT55qp9NAFOvZLBAiQzC/topics/aS23yuUD7OS39aVVutYn/quizzes/68pkBTmBBTcwFROhjBbQ","pillarPages/nursing-test-bank/subPages/SuT1noZoNGEjKGR1vTbi/nestedSubPages/zMFBI0XMiRsJnnXWhL5S/topics/4xNDZPMszSkpgRfEsOck/quizzes/lebFu8klEDivsuA5H3PG"
"1.000","HESI RN Med Surg Proctored Exam 3 Practice Questions","ATI PN Med Surg Proctored Exam 3 Practice Questions","hesi-rn-med-surg-proctored-exam-3-practice-questions","ati-pn-med-surg-proctored-exam-3-practice-questions","RN Exams > HESI RN Exams > Medical Surgical","LPN Exams > ATI LPN Exams > Adult Medical Surgical","pillarPages/nursing-test-bank/subPages/SuT1noZoNGEjKGR1vTbi/nestedSubPages/iT55qp9NAFOvZLBAiQzC/topics/aS23yuUD7OS39aVVutYn/quizzes/68pkBTmBBTcwFROhjBbQ","pillarPages/nursing-test-bank/subPages/z0xzINtS3EohZNaKosBz/nestedSubPages/lyrHg4RBzN6UafuymMFT/topics/NywbGW22YNeZSM3kuwKk/quizzes/3bRF6qKDmGnCadouiYFL"
"1.000","HESI RN Med Surg Proctored Exam Practice Questions - Set 11","HESI RN Med Surg Proctored Exam Practice Questions - Set 18","hesi-rn-med-surg-proctored-exam-practice-questions-set-11","hesi-rn-med-surg-proctored-exam-practice-questions-set-18","RN Exams > HESI RN Exams > Medical Surgical","RN Exams > HESI RN Exams > Medical Surgical","pillarPages/nursing-test-bank/subPages/SuT1noZoNGEjKGR1vTbi/nestedSubPages/iT55qp9NAFOvZLBAiQzC/topics/aS23yuUD7OS39aVVutYn/quizzes/RC5k5gS4J3fAcMSGLpro","pillarPages/nursing-test-bank/subPages/SuT1noZoNGEjKGR1vTbi/nestedSubPages/iT55qp9NAFOvZLBAiQzC/topics/aS23yuUD7OS39aVVutYn/quizzes/Ym7zIiOGStg77ErrE2cK"
"1.000","HESI RN Med Surg Proctored Exam Practice Questions - Set 11","Med Surg Proctored Exam Practice Questions - Set 22","hesi-rn-med-surg-proctored-exam-practice-questions-set-11","med-surg-proctored-exam-practice-questions-set-22","RN Exams > HESI RN Exams > Medical Surgical","RN Exams > RN Nursing Course Exams > Medical Surgical","pillarPages/nursing-test-bank/subPages/SuT1noZoNGEjKGR1vTbi/nestedSubPages/iT55qp9NAFOvZLBAiQzC/topics/aS23yuUD7OS39aVVutYn/quizzes/RC5k5gS4J3fAcMSGLpro","pillarPages/nursing-test-bank/subPages/SuT1noZoNGEjKGR1vTbi/nestedSubPages/zMFBI0XMiRsJnnXWhL5S/topics/4xNDZPMszSkpgRfEsOck/quizzes/17x5zcpTW7i6gPd4EPa0"
"1.000","HESI RN Med Surg Proctored Exam Practice Questions - Set 11","Med Surg Proctored Exam Practice Questions - Set 5","hesi-rn-med-surg-proctored-exam-practice-questions-set-11","med-surg-proctored-exam-practice-questions-set-5","RN Exams > HESI RN Exams > Medical Surgical","RN Exams > RN Nursing Course Exams > Medical Surgical","pillarPages/nursing-test-bank/subPages/SuT1noZoNGEjKGR1vTbi/nestedSubPages/iT55qp9NAFOvZLBAiQzC/topics/aS23yuUD7OS39aVVutYn/quizzes/RC5k5gS4J3fAcMSGLpro","pillarPages/nursing-test-bank/subPages/SuT1noZoNGEjKGR1vTbi/nestedSubPages/zMFBI0XMiRsJnnXWhL5S/topics/4xNDZPMszSkpgRfEsOck/quizzes/9H8PUyPX9NWQsASETPT0"
"1.000","HESI RN Med Surg Proctored Exam Practice Questions - Set 11","Med Surg Proctored Exam Practice Questions - Set 14","hesi-rn-med-surg-proctored-exam-practice-questions-set-11","med-surg-proctored-exam-practice-questions-set-14","RN Exams > HESI RN Exams > Medical Surgical","RN Exams > RN Nursing Course Exams > Medical Surgical","pillarPages/nursing-test-bank/subPages/SuT1noZoNGEjKGR1vTbi/nestedSubPages/iT55qp9NAFOvZLBAiQzC/topics/aS23yuUD7OS39aVVutYn/quizzes/RC5k5gS4J3fAcMSGLpro","pillarPages/nursing-test-bank/subPages/SuT1noZoNGEjKGR1vTbi/nestedSubPages/zMFBI0XMiRsJnnXWhL5S/topics/4xNDZPMszSkpgRfEsOck/quizzes/FRXHFtNu8RU37uZsFKmn"
"1.000","HESI RN Med Surg Proctored Exam Practice Questions - Set 11","Med Surg Proctored Exam Practice Questions - Set 78","hesi-rn-med-surg-proctored-exam-practice-questions-set-11","med-surg-proctored-exam-practice-questions-set-78","RN Exams > HESI RN Exams > Medical Surgical","RN Exams > RN Nursing Course Exams > Medical Surgical","pillarPages/nursing-test-bank/subPages/SuT1noZoNGEjKGR1vTbi/nestedSubPages/iT55qp9NAFOvZLBAiQzC/topics/aS23yuUD7OS39aVVutYn/quizzes/RC5k5gS4J3fAcMSGLpro","pillarPages/nursing-test-bank/subPages/SuT1noZoNGEjKGR1vTbi/nestedSubPages/zMFBI0XMiRsJnnXWhL5S/topics/4xNDZPMszSkpgRfEsOck/quizzes/bxEnceOHYKbq97fBDGLt"
"1.000","HESI RN Med Surg Proctored Exam Practice Questions - Set 11","Med Surg Proctored Exam Practice Questions - Set 15","hesi-rn-med-surg-proctored-exam-practice-questions-set-11","med-surg-proctored-exam-practice-questions-set-15","RN Exams > HESI RN Exams > Medical Surgical","RN Exams > RN Nursing Course Exams > Medical Surgical","pillarPages/nursing-test-bank/subPages/SuT1noZoNGEjKGR1vTbi/nestedSubPages/iT55qp9NAFOvZLBAiQzC/topics/aS23yuUD7OS39aVVutYn/quizzes/RC5k5gS4J3fAcMSGLpro","pillarPages/nursing-test-bank/subPages/SuT1noZoNGEjKGR1vTbi/nestedSubPages/zMFBI0XMiRsJnnXWhL5S/topics/4xNDZPMszSkpgRfEsOck/quizzes/iNBMfTiCFqE5vLMAXKYk"
"1.000","HESI RN Med Surg Proctored Exam Practice Questions - Set 11","Med Surg Proctored Exam Practice Questions - Set 19","hesi-rn-med-surg-proctored-exam-practice-questions-set-11","med-surg-proctored-exam-practice-questions-set-19","RN Exams > HESI RN Exams > Medical Surgical","RN Exams > RN Nursing Course Exams > Medical Surgical","pillarPages/nursing-test-bank/subPages/SuT1noZoNGEjKGR1vTbi/nestedSubPages/iT55qp9NAFOvZLBAiQzC/topics/aS23yuUD7OS39aVVutYn/quizzes/RC5k5gS4J3fAcMSGLpro","pillarPages/nursing-test-bank/subPages/SuT1noZoNGEjKGR1vTbi/nestedSubPages/zMFBI0XMiRsJnnXWhL5S/topics/4xNDZPMszSkpgRfEsOck/quizzes/kYAOUCGOPnDKVwTnNHHT"
"1.000","HESI RN Med Surg Proctored Exam Practice Questions - Set 11","Med Surg Proctored Exam Practice Questions - Set 37","hesi-rn-med-surg-proctored-exam-practice-questions-set-11","med-surg-proctored-exam-practice-questions-set-37","RN Exams > HESI RN Exams > Medical Surgical","RN Exams > RN Nursing Course Exams > Medical Surgical","pillarPages/nursing-test-bank/subPages/SuT1noZoNGEjKGR1vTbi/nestedSubPages/iT55qp9NAFOvZLBAiQzC/topics/aS23yuUD7OS39aVVutYn/quizzes/RC5k5gS4J3fAcMSGLpro","pillarPages/nursing-test-bank/subPages/SuT1noZoNGEjKGR1vTbi/nestedSubPages/zMFBI0XMiRsJnnXWhL5S/topics/4xNDZPMszSkpgRfEsOck/quizzes/oar2ziAapKkrLXGLV1dv"
"1.000","HESI RN Med Surg Proctored Exam Practice Questions - Set 11","Med Surg Proctored Exam Practice Questions - Set 29","hesi-rn-med-surg-proctored-exam-practice-questions-set-11","med-surg-proctored-exam-practice-questions-set-29","RN Exams > HESI RN Exams > Medical Surgical","RN Exams > RN Nursing Course Exams > Medical Surgical","pillarPages/nursing-test-bank/subPages/SuT1noZoNGEjKGR1vTbi/nestedSubPages/iT55qp9NAFOvZLBAiQzC/topics/aS23yuUD7OS39aVVutYn/quizzes/RC5k5gS4J3fAcMSGLpro","pillarPages/nursing-test-bank/subPages/SuT1noZoNGEjKGR1vTbi/nestedSubPages/zMFBI0XMiRsJnnXWhL5S/topics/4xNDZPMszSkpgRfEsOck/quizzes/tf6gDqQZSQ3wBzJUvup3"
"1.000","HESI RN Med Surg Proctored Exam Practice Questions - Set 11","LPN Med Surg Proctored Exam Practice Questions","hesi-rn-med-surg-proctored-exam-practice-questions-set-11","lpn-med-surg-proctored-exam-practice-questions","RN Exams > HESI RN Exams > Medical Surgical","LPN Exams > LPN Nursing Course Exams > Medical Surgical","pillarPages/nursing-test-bank/subPages/SuT1noZoNGEjKGR1vTbi/nestedSubPages/iT55qp9NAFOvZLBAiQzC/topics/aS23yuUD7OS39aVVutYn/quizzes/RC5k5gS4J3fAcMSGLpro","pillarPages/nursing-test-bank/subPages/z0xzINtS3EohZNaKosBz/nestedSubPages/3K3wv7IGcDcXvSNM9Kxm/topics/AlR3KvZbCSZXo21jeLnT/quizzes/r0i9bbqJEBzcWYyMY6K2"
"1.000","HESI RN Med Surg Proctored Exam Practice Questions - Set 11","ATI PN Med Surg Proctored Exam Practice Questions - Set 14","hesi-rn-med-surg-proctored-exam-practice-questions-set-11","ati-pn-med-surg-proctored-exam-practice-questions-set-14","RN Exams > HESI RN Exams > Medical Surgical","LPN Exams > ATI LPN Exams > Adult Medical Surgical","pillarPages/nursing-test-bank/subPages/SuT1noZoNGEjKGR1vTbi/nestedSubPages/iT55qp9NAFOvZLBAiQzC/topics/aS23yuUD7OS39aVVutYn/quizzes/RC5k5gS4J3fAcMSGLpro","pillarPages/nursing-test-bank/subPages/z0xzINtS3EohZNaKosBz/nestedSubPages/lyrHg4RBzN6UafuymMFT/topics/NywbGW22YNeZSM3kuwKk/quizzes/4MGJngTxlLpNA9gMl6Hs"
"1.000","HESI RN Med Surg Proctored Exam Practice Questions - Set 11","ATI PN Med Surg Proctored Exam Practice Questions - Set 69","hesi-rn-med-surg-proctored-exam-practice-questions-set-11","ati-pn-med-surg-proctored-exam-practice-questions-set-69","RN Exams > HESI RN Exams > Medical Surgical","LPN Exams > ATI LPN Exams > Adult Medical Surgical","pillarPages/nursing-test-bank/subPages/SuT1noZoNGEjKGR1vTbi/nestedSubPages/iT55qp9NAFOvZLBAiQzC/topics/aS23yuUD7OS39aVVutYn/quizzes/RC5k5gS4J3fAcMSGLpro","pillarPages/nursing-test-bank/subPages/z0xzINtS3EohZNaKosBz/nestedSubPages/lyrHg4RBzN6UafuymMFT/topics/NywbGW22YNeZSM3kuwKk/quizzes/DGXa0b1J9HtFiPOazIql"
"1.000","HESI RN Med Surg Proctored Exam Practice Questions - Set 11","ATI PN Med Surg Proctored Exam Practice Questions - Set 20","hesi-rn-med-surg-proctored-exam-practice-questions-set-11","ati-pn-med-surg-proctored-exam-practice-questions-set-20","RN Exams > HESI RN Exams > Medical Surgical","LPN Exams > ATI LPN Exams > Adult Medical Surgical","pillarPages/nursing-test-bank/subPages/SuT1noZoNGEjKGR1vTbi/nestedSubPages/iT55qp9NAFOvZLBAiQzC/topics/aS23yuUD7OS39aVVutYn/quizzes/RC5k5gS4J3fAcMSGLpro","pillarPages/nursing-test-bank/subPages/z0xzINtS3EohZNaKosBz/nestedSubPages/lyrHg4RBzN6UafuymMFT/topics/NywbGW22YNeZSM3kuwKk/quizzes/UNpA2CM7ebFWBcyGTTh4"
"1.000","HESI RN Med Surg Proctored Exam Practice Questions - Set 17","HESI RN Med Surg Proctored Exam Practice Questions - Set 11","hesi-rn-med-surg-proctored-exam-practice-questions-set-17","hesi-rn-med-surg-proctored-exam-practice-questions-set-11","RN Exams > HESI RN Exams > Medical Surgical","RN Exams > HESI RN Exams > Medical Surgical","pillarPages/nursing-test-bank/subPages/SuT1noZoNGEjKGR1vTbi/nestedSubPages/iT55qp9NAFOvZLBAiQzC/topics/aS23yuUD7OS39aVVutYn/quizzes/L6gkODn0fR5nW6lmO9oP","pillarPages/nursing-test-bank/subPages/SuT1noZoNGEjKGR1vTbi/nestedSubPages/iT55qp9NAFOvZLBAiQzC/topics/aS23yuUD7OS39aVVutYn/quizzes/RC5k5gS4J3fAcMSGLpro"
"1.000","HESI RN Med Surg Proctored Exam Practice Questions - Set 17","HESI RN Med Surg Proctored Exam Practice Questions - Set 18","hesi-rn-med-surg-proctored-exam-practice-questions-set-17","hesi-rn-med-surg-proctored-exam-practice-questions-set-18","RN Exams > HESI RN Exams > Medical Surgical","RN Exams > HESI RN Exams > Medical Surgical","pillarPages/nursing-test-bank/subPages/SuT1noZoNGEjKGR1vTbi/nestedSubPages/iT55qp9NAFOvZLBAiQzC/topics/aS23yuUD7OS39aVVutYn/quizzes/L6gkODn0fR5nW6lmO9oP","pillarPages/nursing-test-bank/subPages/SuT1noZoNGEjKGR1vTbi/nestedSubPages/iT55qp9NAFOvZLBAiQzC/topics/aS23yuUD7OS39aVVutYn/quizzes/Ym7zIiOGStg77ErrE2cK"
"1.000","HESI RN Med Surg Proctored Exam Practice Questions - Set 17","Med Surg Proctored Exam Practice Questions - Set 22","hesi-rn-med-surg-proctored-exam-practice-questions-set-17","med-surg-proctored-exam-practice-questions-set-22","RN Exams > HESI RN Exams > Medical Surgical","RN Exams > RN Nursing Course Exams > Medical Surgical","pillarPages/nursing-test-bank/subPages/SuT1noZoNGEjKGR1vTbi/nestedSubPages/iT55qp9NAFOvZLBAiQzC/topics/aS23yuUD7OS39aVVutYn/quizzes/L6gkODn0fR5nW6lmO9oP","pillarPages/nursing-test-bank/subPages/SuT1noZoNGEjKGR1vTbi/nestedSubPages/zMFBI0XMiRsJnnXWhL5S/topics/4xNDZPMszSkpgRfEsOck/quizzes/17x5zcpTW7i6gPd4EPa0"
"1.000","HESI RN Med Surg Proctored Exam Practice Questions - Set 17","Med Surg Proctored Exam Practice Questions - Set 5","hesi-rn-med-surg-proctored-exam-practice-questions-set-17","med-surg-proctored-exam-practice-questions-set-5","RN Exams > HESI RN Exams > Medical Surgical","RN Exams > RN Nursing Course Exams > Medical Surgical","pillarPages/nursing-test-bank/subPages/SuT1noZoNGEjKGR1vTbi/nestedSubPages/iT55qp9NAFOvZLBAiQzC/topics/aS23yuUD7OS39aVVutYn/quizzes/L6gkODn0fR5nW6lmO9oP","pillarPages/nursing-test-bank/subPages/SuT1noZoNGEjKGR1vTbi/nestedSubPages/zMFBI0XMiRsJnnXWhL5S/topics/4xNDZPMszSkpgRfEsOck/quizzes/9H8PUyPX9NWQsASETPT0"
"1.000","HESI RN Med Surg Proctored Exam Practice Questions - Set 17","Med Surg Proctored Exam Practice Questions - Set 14","hesi-rn-med-surg-proctored-exam-practice-questions-set-17","med-surg-proctored-exam-practice-questions-set-14","RN Exams > HESI RN Exams > Medical Surgical","RN Exams > RN Nursing Course Exams > Medical Surgical","pillarPages/nursing-test-bank/subPages/SuT1noZoNGEjKGR1vTbi/nestedSubPages/iT55qp9NAFOvZLBAiQzC/topics/aS23yuUD7OS39aVVutYn/quizzes/L6gkODn0fR5nW6lmO9oP","pillarPages/nursing-test-bank/subPages/SuT1noZoNGEjKGR1vTbi/nestedSubPages/zMFBI0XMiRsJnnXWhL5S/topics/4xNDZPMszSkpgRfEsOck/quizzes/FRXHFtNu8RU37uZsFKmn"
"1.000","HESI RN Med Surg Proctored Exam Practice Questions - Set 17","Med Surg Proctored Exam Practice Questions - Set 78","hesi-rn-med-surg-proctored-exam-practice-questions-set-17","med-surg-proctored-exam-practice-questions-set-78","RN Exams > HESI RN Exams > Medical Surgical","RN Exams > RN Nursing Course Exams > Medical Surgical","pillarPages/nursing-test-bank/subPages/SuT1noZoNGEjKGR1vTbi/nestedSubPages/iT55qp9NAFOvZLBAiQzC/topics/aS23yuUD7OS39aVVutYn/quizzes/L6gkODn0fR5nW6lmO9oP","pillarPages/nursing-test-bank/subPages/SuT1noZoNGEjKGR1vTbi/nestedSubPages/zMFBI0XMiRsJnnXWhL5S/topics/4xNDZPMszSkpgRfEsOck/quizzes/bxEnceOHYKbq97fBDGLt"
"1.000","HESI RN Med Surg Proctored Exam Practice Questions - Set 17","Med Surg Proctored Exam Practice Questions - Set 15","hesi-rn-med-surg-proctored-exam-practice-questions-set-17","med-surg-proctored-exam-practice-questions-set-15","RN Exams > HESI RN Exams > Medical Surgical","RN Exams > RN Nursing Course Exams > Medical Surgical","pillarPages/nursing-test-bank/subPages/SuT1noZoNGEjKGR1vTbi/nestedSubPages/iT55qp9NAFOvZLBAiQzC/topics/aS23yuUD7OS39aVVutYn/quizzes/L6gkODn0fR5nW6lmO9oP","pillarPages/nursing-test-bank/subPages/SuT1noZoNGEjKGR1vTbi/nestedSubPages/zMFBI0XMiRsJnnXWhL5S/topics/4xNDZPMszSkpgRfEsOck/quizzes/iNBMfTiCFqE5vLMAXKYk"
"1.000","HESI RN Med Surg Proctored Exam Practice Questions - Set 17","Med Surg Proctored Exam Practice Questions - Set 19","hesi-rn-med-surg-proctored-exam-practice-questions-set-17","med-surg-proctored-exam-practice-questions-set-19","RN Exams > HESI RN Exams > Medical Surgical","RN Exams > RN Nursing Course Exams > Medical Surgical","pillarPages/nursing-test-bank/subPages/SuT1noZoNGEjKGR1vTbi/nestedSubPages/iT55qp9NAFOvZLBAiQzC/topics/aS23yuUD7OS39aVVutYn/quizzes/L6gkODn0fR5nW6lmO9oP","pillarPages/nursing-test-bank/subPages/SuT1noZoNGEjKGR1vTbi/nestedSubPages/zMFBI0XMiRsJnnXWhL5S/topics/4xNDZPMszSkpgRfEsOck/quizzes/kYAOUCGOPnDKVwTnNHHT"
"1.000","HESI RN Med Surg Proctored Exam Practice Questions - Set 17","Med Surg Proctored Exam Practice Questions - Set 37","hesi-rn-med-surg-proctored-exam-practice-questions-set-17","med-surg-proctored-exam-practice-questions-set-37","RN Exams > HESI RN Exams > Medical Surgical","RN Exams > RN Nursing Course Exams > Medical Surgical","pillarPages/nursing-test-bank/subPages/SuT1noZoNGEjKGR1vTbi/nestedSubPages/iT55qp9NAFOvZLBAiQzC/topics/aS23yuUD7OS39aVVutYn/quizzes/L6gkODn0fR5nW6lmO9oP","pillarPages/nursing-test-bank/subPages/SuT1noZoNGEjKGR1vTbi/nestedSubPages/zMFBI0XMiRsJnnXWhL5S/topics/4xNDZPMszSkpgRfEsOck/quizzes/oar2ziAapKkrLXGLV1dv"
"1.000","HESI RN Med Surg Proctored Exam Practice Questions - Set 17","Med Surg Proctored Exam Practice Questions - Set 29","hesi-rn-med-surg-proctored-exam-practice-questions-set-17","med-surg-proctored-exam-practice-questions-set-29","RN Exams > HESI RN Exams > Medical Surgical","RN Exams > RN Nursing Course Exams > Medical Surgical","pillarPages/nursing-test-bank/subPages/SuT1noZoNGEjKGR1vTbi/nestedSubPages/iT55qp9NAFOvZLBAiQzC/topics/aS23yuUD7OS39aVVutYn/quizzes/L6gkODn0fR5nW6lmO9oP","pillarPages/nursing-test-bank/subPages/SuT1noZoNGEjKGR1vTbi/nestedSubPages/zMFBI0XMiRsJnnXWhL5S/topics/4xNDZPMszSkpgRfEsOck/quizzes/tf6gDqQZSQ3wBzJUvup3"
"1.000","HESI RN Med Surg Proctored Exam Practice Questions - Set 17","LPN Med Surg Proctored Exam Practice Questions","hesi-rn-med-surg-proctored-exam-practice-questions-set-17","lpn-med-surg-proctored-exam-practice-questions","RN Exams > HESI RN Exams > Medical Surgical","LPN Exams > LPN Nursing Course Exams > Medical Surgical","pillarPages/nursing-test-bank/subPages/SuT1noZoNGEjKGR1vTbi/nestedSubPages/iT55qp9NAFOvZLBAiQzC/topics/aS23yuUD7OS39aVVutYn/quizzes/L6gkODn0fR5nW6lmO9oP","pillarPages/nursing-test-bank/subPages/z0xzINtS3EohZNaKosBz/nestedSubPages/3K3wv7IGcDcXvSNM9Kxm/topics/AlR3KvZbCSZXo21jeLnT/quizzes/r0i9bbqJEBzcWYyMY6K2"
"1.000","HESI RN Med Surg Proctored Exam Practice Questions - Set 17","ATI PN Med Surg Proctored Exam Practice Questions - Set 14","hesi-rn-med-surg-proctored-exam-practice-questions-set-17","ati-pn-med-surg-proctored-exam-practice-questions-set-14","RN Exams > HESI RN Exams > Medical Surgical","LPN Exams > ATI LPN Exams > Adult Medical Surgical","pillarPages/nursing-test-bank/subPages/SuT1noZoNGEjKGR1vTbi/nestedSubPages/iT55qp9NAFOvZLBAiQzC/topics/aS23yuUD7OS39aVVutYn/quizzes/L6gkODn0fR5nW6lmO9oP","pillarPages/nursing-test-bank/subPages/z0xzINtS3EohZNaKosBz/nestedSubPages/lyrHg4RBzN6UafuymMFT/topics/NywbGW22YNeZSM3kuwKk/quizzes/4MGJngTxlLpNA9gMl6Hs"
"1.000","HESI RN Med Surg Proctored Exam Practice Questions - Set 17","ATI PN Med Surg Proctored Exam Practice Questions - Set 69","hesi-rn-med-surg-proctored-exam-practice-questions-set-17","ati-pn-med-surg-proctored-exam-practice-questions-set-69","RN Exams > HESI RN Exams > Medical Surgical","LPN Exams > ATI LPN Exams > Adult Medical Surgical","pillarPages/nursing-test-bank/subPages/SuT1noZoNGEjKGR1vTbi/nestedSubPages/iT55qp9NAFOvZLBAiQzC/topics/aS23yuUD7OS39aVVutYn/quizzes/L6gkODn0fR5nW6lmO9oP","pillarPages/nursing-test-bank/subPages/z0xzINtS3EohZNaKosBz/nestedSubPages/lyrHg4RBzN6UafuymMFT/topics/NywbGW22YNeZSM3kuwKk/quizzes/DGXa0b1J9HtFiPOazIql"
"1.000","HESI RN Med Surg Proctored Exam Practice Questions - Set 17","ATI PN Med Surg Proctored Exam Practice Questions - Set 20","hesi-rn-med-surg-proctored-exam-practice-questions-set-17","ati-pn-med-surg-proctored-exam-practice-questions-set-20","RN Exams > HESI RN Exams > Medical Surgical","LPN Exams > ATI LPN Exams > Adult Medical Surgical","pillarPages/nursing-test-bank/subPages/SuT1noZoNGEjKGR1vTbi/nestedSubPages/iT55qp9NAFOvZLBAiQzC/topics/aS23yuUD7OS39aVVutYn/quizzes/L6gkODn0fR5nW6lmO9oP","pillarPages/nursing-test-bank/subPages/z0xzINtS3EohZNaKosBz/nestedSubPages/lyrHg4RBzN6UafuymMFT/topics/NywbGW22YNeZSM3kuwKk/quizzes/UNpA2CM7ebFWBcyGTTh4"
"1.000","HESI RN Med Surg Proctored Exam Practice Questions - Set 18","Med Surg Proctored Exam Practice Questions - Set 22","hesi-rn-med-surg-proctored-exam-practice-questions-set-18","med-surg-proctored-exam-practice-questions-set-22","RN Exams > HESI RN Exams > Medical Surgical","RN Exams > RN Nursing Course Exams > Medical Surgical","pillarPages/nursing-test-bank/subPages/SuT1noZoNGEjKGR1vTbi/nestedSubPages/iT55qp9NAFOvZLBAiQzC/topics/aS23yuUD7OS39aVVutYn/quizzes/Ym7zIiOGStg77ErrE2cK","pillarPages/nursing-test-bank/subPages/SuT1noZoNGEjKGR1vTbi/nestedSubPages/zMFBI0XMiRsJnnXWhL5S/topics/4xNDZPMszSkpgRfEsOck/quizzes/17x5zcpTW7i6gPd4EPa0"
"1.000","HESI RN Med Surg Proctored Exam Practice Questions - Set 18","Med Surg Proctored Exam Practice Questions - Set 5","hesi-rn-med-surg-proctored-exam-practice-questions-set-18","med-surg-proctored-exam-practice-questions-set-5","RN Exams > HESI RN Exams > Medical Surgical","RN Exams > RN Nursing Course Exams > Medical Surgical","pillarPages/nursing-test-bank/subPages/SuT1noZoNGEjKGR1vTbi/nestedSubPages/iT55qp9NAFOvZLBAiQzC/topics/aS23yuUD7OS39aVVutYn/quizzes/Ym7zIiOGStg77ErrE2cK","pillarPages/nursing-test-bank/subPages/SuT1noZoNGEjKGR1vTbi/nestedSubPages/zMFBI0XMiRsJnnXWhL5S/topics/4xNDZPMszSkpgRfEsOck/quizzes/9H8PUyPX9NWQsASETPT0"
"1.000","HESI RN Med Surg Proctored Exam Practice Questions - Set 18","Med Surg Proctored Exam Practice Questions - Set 14","hesi-rn-med-surg-proctored-exam-practice-questions-set-18","med-surg-proctored-exam-practice-questions-set-14","RN Exams > HESI RN Exams > Medical Surgical","RN Exams > RN Nursing Course Exams > Medical Surgical","pillarPages/nursing-test-bank/subPages/SuT1noZoNGEjKGR1vTbi/nestedSubPages/iT55qp9NAFOvZLBAiQzC/topics/aS23yuUD7OS39aVVutYn/quizzes/Ym7zIiOGStg77ErrE2cK","pillarPages/nursing-test-bank/subPages/SuT1noZoNGEjKGR1vTbi/nestedSubPages/zMFBI0XMiRsJnnXWhL5S/topics/4xNDZPMszSkpgRfEsOck/quizzes/FRXHFtNu8RU37uZsFKmn"
"1.000","HESI RN Med Surg Proctored Exam Practice Questions - Set 18","Med Surg Proctored Exam Practice Questions - Set 78","hesi-rn-med-surg-proctored-exam-practice-questions-set-18","med-surg-proctored-exam-practice-questions-set-78","RN Exams > HESI RN Exams > Medical Surgical","RN Exams > RN Nursing Course Exams > Medical Surgical","pillarPages/nursing-test-bank/subPages/SuT1noZoNGEjKGR1vTbi/nestedSubPages/iT55qp9NAFOvZLBAiQzC/topics/aS23yuUD7OS39aVVutYn/quizzes/Ym7zIiOGStg77ErrE2cK","pillarPages/nursing-test-bank/subPages/SuT1noZoNGEjKGR1vTbi/nestedSubPages/zMFBI0XMiRsJnnXWhL5S/topics/4xNDZPMszSkpgRfEsOck/quizzes/bxEnceOHYKbq97fBDGLt"
"1.000","HESI RN Med Surg Proctored Exam Practice Questions - Set 18","Med Surg Proctored Exam Practice Questions - Set 15","hesi-rn-med-surg-proctored-exam-practice-questions-set-18","med-surg-proctored-exam-practice-questions-set-15","RN Exams > HESI RN Exams > Medical Surgical","RN Exams > RN Nursing Course Exams > Medical Surgical","pillarPages/nursing-test-bank/subPages/SuT1noZoNGEjKGR1vTbi/nestedSubPages/iT55qp9NAFOvZLBAiQzC/topics/aS23yuUD7OS39aVVutYn/quizzes/Ym7zIiOGStg77ErrE2cK","pillarPages/nursing-test-bank/subPages/SuT1noZoNGEjKGR1vTbi/nestedSubPages/zMFBI0XMiRsJnnXWhL5S/topics/4xNDZPMszSkpgRfEsOck/quizzes/iNBMfTiCFqE5vLMAXKYk"
"1.000","HESI RN Med Surg Proctored Exam Practice Questions - Set 18","Med Surg Proctored Exam Practice Questions - Set 19","hesi-rn-med-surg-proctored-exam-practice-questions-set-18","med-surg-proctored-exam-practice-questions-set-19","RN Exams > HESI RN Exams > Medical Surgical","RN Exams > RN Nursing Course Exams > Medical Surgical","pillarPages/nursing-test-bank/subPages/SuT1noZoNGEjKGR1vTbi/nestedSubPages/iT55qp9NAFOvZLBAiQzC/topics/aS23yuUD7OS39aVVutYn/quizzes/Ym7zIiOGStg77ErrE2cK","pillarPages/nursing-test-bank/subPages/SuT1noZoNGEjKGR1vTbi/nestedSubPages/zMFBI0XMiRsJnnXWhL5S/topics/4xNDZPMszSkpgRfEsOck/quizzes/kYAOUCGOPnDKVwTnNHHT"
"1.000","HESI RN Med Surg Proctored Exam Practice Questions - Set 18","Med Surg Proctored Exam Practice Questions - Set 37","hesi-rn-med-surg-proctored-exam-practice-questions-set-18","med-surg-proctored-exam-practice-questions-set-37","RN Exams > HESI RN Exams > Medical Surgical","RN Exams > RN Nursing Course Exams > Medical Surgical","pillarPages/nursing-test-bank/subPages/SuT1noZoNGEjKGR1vTbi/nestedSubPages/iT55qp9NAFOvZLBAiQzC/topics/aS23yuUD7OS39aVVutYn/quizzes/Ym7zIiOGStg77ErrE2cK","pillarPages/nursing-test-bank/subPages/SuT1noZoNGEjKGR1vTbi/nestedSubPages/zMFBI0XMiRsJnnXWhL5S/topics/4xNDZPMszSkpgRfEsOck/quizzes/oar2ziAapKkrLXGLV1dv"
"1.000","HESI RN Med Surg Proctored Exam Practice Questions - Set 18","Med Surg Proctored Exam Practice Questions - Set 29","hesi-rn-med-surg-proctored-exam-practice-questions-set-18","med-surg-proctored-exam-practice-questions-set-29","RN Exams > HESI RN Exams > Medical Surgical","RN Exams > RN Nursing Course Exams > Medical Surgical","pillarPages/nursing-test-bank/subPages/SuT1noZoNGEjKGR1vTbi/nestedSubPages/iT55qp9NAFOvZLBAiQzC/topics/aS23yuUD7OS39aVVutYn/quizzes/Ym7zIiOGStg77ErrE2cK","pillarPages/nursing-test-bank/subPages/SuT1noZoNGEjKGR1vTbi/nestedSubPages/zMFBI0XMiRsJnnXWhL5S/topics/4xNDZPMszSkpgRfEsOck/quizzes/tf6gDqQZSQ3wBzJUvup3"
"1.000","HESI RN Med Surg Proctored Exam Practice Questions - Set 18","LPN Med Surg Proctored Exam Practice Questions","hesi-rn-med-surg-proctored-exam-practice-questions-set-18","lpn-med-surg-proctored-exam-practice-questions","RN Exams > HESI RN Exams > Medical Surgical","LPN Exams > LPN Nursing Course Exams > Medical Surgical","pillarPages/nursing-test-bank/subPages/SuT1noZoNGEjKGR1vTbi/nestedSubPages/iT55qp9NAFOvZLBAiQzC/topics/aS23yuUD7OS39aVVutYn/quizzes/Ym7zIiOGStg77ErrE2cK","pillarPages/nursing-test-bank/subPages/z0xzINtS3EohZNaKosBz/nestedSubPages/3K3wv7IGcDcXvSNM9Kxm/topics/AlR3KvZbCSZXo21jeLnT/quizzes/r0i9bbqJEBzcWYyMY6K2"
"1.000","HESI RN Med Surg Proctored Exam Practice Questions - Set 18","ATI PN Med Surg Proctored Exam Practice Questions - Set 14","hesi-rn-med-surg-proctored-exam-practice-questions-set-18","ati-pn-med-surg-proctored-exam-practice-questions-set-14","RN Exams > HESI RN Exams > Medical Surgical","LPN Exams > ATI LPN Exams > Adult Medical Surgical","pillarPages/nursing-test-bank/subPages/SuT1noZoNGEjKGR1vTbi/nestedSubPages/iT55qp9NAFOvZLBAiQzC/topics/aS23yuUD7OS39aVVutYn/quizzes/Ym7zIiOGStg77ErrE2cK","pillarPages/nursing-test-bank/subPages/z0xzINtS3EohZNaKosBz/nestedSubPages/lyrHg4RBzN6UafuymMFT/topics/NywbGW22YNeZSM3kuwKk/quizzes/4MGJngTxlLpNA9gMl6Hs"
"1.000","HESI RN Med Surg Proctored Exam Practice Questions - Set 18","ATI PN Med Surg Proctored Exam Practice Questions - Set 69","hesi-rn-med-surg-proctored-exam-practice-questions-set-18","ati-pn-med-surg-proctored-exam-practice-questions-set-69","RN Exams > HESI RN Exams > Medical Surgical","LPN Exams > ATI LPN Exams > Adult Medical Surgical","pillarPages/nursing-test-bank/subPages/SuT1noZoNGEjKGR1vTbi/nestedSubPages/iT55qp9NAFOvZLBAiQzC/topics/aS23yuUD7OS39aVVutYn/quizzes/Ym7zIiOGStg77ErrE2cK","pillarPages/nursing-test-bank/subPages/z0xzINtS3EohZNaKosBz/nestedSubPages/lyrHg4RBzN6UafuymMFT/topics/NywbGW22YNeZSM3kuwKk/quizzes/DGXa0b1J9HtFiPOazIql"
"1.000","HESI RN Med Surg Proctored Exam Practice Questions - Set 18","ATI PN Med Surg Proctored Exam Practice Questions - Set 20","hesi-rn-med-surg-proctored-exam-practice-questions-set-18","ati-pn-med-surg-proctored-exam-practice-questions-set-20","RN Exams > HESI RN Exams > Medical Surgical","LPN Exams > ATI LPN Exams > Adult Medical Surgical","pillarPages/nursing-test-bank/subPages/SuT1noZoNGEjKGR1vTbi/nestedSubPages/iT55qp9NAFOvZLBAiQzC/topics/aS23yuUD7OS39aVVutYn/quizzes/Ym7zIiOGStg77ErrE2cK","pillarPages/nursing-test-bank/subPages/z0xzINtS3EohZNaKosBz/nestedSubPages/lyrHg4RBzN6UafuymMFT/topics/NywbGW22YNeZSM3kuwKk/quizzes/UNpA2CM7ebFWBcyGTTh4"
"1.000","HESI RN Med-Surg 3 Proctored Exam Practice Questions","Med Surg Proctored Exam 3 Practice Questions","hesi-rn-med-surg-3-proctored-exam-practice-questions","med-surg-proctored-exam-3-practice-questions","RN Exams > HESI RN Exams > Medical Surgical","RN Exams > RN Nursing Course Exams > Medical Surgical","pillarPages/nursing-test-bank/subPages/SuT1noZoNGEjKGR1vTbi/nestedSubPages/iT55qp9NAFOvZLBAiQzC/topics/aS23yuUD7OS39aVVutYn/quizzes/izTMfmhoYZaRo4TSvWpf","pillarPages/nursing-test-bank/subPages/SuT1noZoNGEjKGR1vTbi/nestedSubPages/zMFBI0XMiRsJnnXWhL5S/topics/4xNDZPMszSkpgRfEsOck/quizzes/lebFu8klEDivsuA5H3PG"
"1.000","HESI RN Med-Surg 3 Proctored Exam Practice Questions","ATI PN Med Surg Proctored Exam 3 Practice Questions","hesi-rn-med-surg-3-proctored-exam-practice-questions","ati-pn-med-surg-proctored-exam-3-practice-questions","RN Exams > HESI RN Exams > Medical Surgical","LPN Exams > ATI LPN Exams > Adult Medical Surgical","pillarPages/nursing-test-bank/subPages/SuT1noZoNGEjKGR1vTbi/nestedSubPages/iT55qp9NAFOvZLBAiQzC/topics/aS23yuUD7OS39aVVutYn/quizzes/izTMfmhoYZaRo4TSvWpf","pillarPages/nursing-test-bank/subPages/z0xzINtS3EohZNaKosBz/nestedSubPages/lyrHg4RBzN6UafuymMFT/topics/NywbGW22YNeZSM3kuwKk/quizzes/3bRF6qKDmGnCadouiYFL"
"1.000","HESI RN Medical Surgical Nursing Proctored Exam Practice Questions","HESI RN Medical Surgical Proctored Exam Practice Questions - Set 15","hesi-rn-medical-surgical-nursing-proctored-exam-practice-questions","hesi-rn-medical-surgical-proctored-exam-practice-questions-set-15","RN Exams > HESI RN Exams > Medical Surgical","RN Exams > HESI RN Exams > Medical Surgical","pillarPages/nursing-test-bank/subPages/SuT1noZoNGEjKGR1vTbi/nestedSubPages/iT55qp9NAFOvZLBAiQzC/topics/aS23yuUD7OS39aVVutYn/quizzes/IHAh9XiKapQiPTKQE9vp","pillarPages/nursing-test-bank/subPages/SuT1noZoNGEjKGR1vTbi/nestedSubPages/iT55qp9NAFOvZLBAiQzC/topics/aS23yuUD7OS39aVVutYn/quizzes/q8N98jdIKb3bG4hRJMZB"
"1.000","HESI RN Medical Surgical Nursing Proctored Exam Practice Questions","HESI RN Medical Surgical Proctored Exam Practice Questions - Set 10","hesi-rn-medical-surgical-nursing-proctored-exam-practice-questions","hesi-rn-medical-surgical-proctored-exam-practice-questions-set-10","RN Exams > HESI RN Exams > Medical Surgical","RN Exams > HESI RN Exams > Medical Surgical","pillarPages/nursing-test-bank/subPages/SuT1noZoNGEjKGR1vTbi/nestedSubPages/iT55qp9NAFOvZLBAiQzC/topics/aS23yuUD7OS39aVVutYn/quizzes/IHAh9XiKapQiPTKQE9vp","pillarPages/nursing-test-bank/subPages/SuT1noZoNGEjKGR1vTbi/nestedSubPages/iT55qp9NAFOvZLBAiQzC/topics/aS23yuUD7OS39aVVutYn/quizzes/sNM1IugmAdTO8OABWf1q"
"1.000","HESI RN Medical Surgical Nursing Proctored Exam Practice Questions","HESI RN Medical Surgical Proctored Exam Practice Questions - Set 19","hesi-rn-medical-surgical-nursing-proctored-exam-practice-questions","hesi-rn-medical-surgical-proctored-exam-practice-questions-set-19","RN Exams > HESI RN Exams > Medical Surgical","RN Exams > HESI RN Exams > Medical Surgical","pillarPages/nursing-test-bank/subPages/SuT1noZoNGEjKGR1vTbi/nestedSubPages/iT55qp9NAFOvZLBAiQzC/topics/aS23yuUD7OS39aVVutYn/quizzes/IHAh9XiKapQiPTKQE9vp","pillarPages/nursing-test-bank/subPages/SuT1noZoNGEjKGR1vTbi/nestedSubPages/iT55qp9NAFOvZLBAiQzC/topics/aS23yuUD7OS39aVVutYn/quizzes/v3JaSYDr88r1J3rXqpTJ"
"1.000","HESI RN Medical Surgical Nursing Proctored Exam Practice Questions","Medical Surgical Nursing Proctored Exam (LPN) Practice Questions","hesi-rn-medical-surgical-nursing-proctored-exam-practice-questions","medical-surgical-nursing-proctored-exam-lpn-practice-questions","RN Exams > HESI RN Exams > Medical Surgical","LPN Exams > LPN Nursing Course Exams > Medical Surgical","pillarPages/nursing-test-bank/subPages/SuT1noZoNGEjKGR1vTbi/nestedSubPages/iT55qp9NAFOvZLBAiQzC/topics/aS23yuUD7OS39aVVutYn/quizzes/IHAh9XiKapQiPTKQE9vp","pillarPages/nursing-test-bank/subPages/z0xzINtS3EohZNaKosBz/nestedSubPages/3K3wv7IGcDcXvSNM9Kxm/topics/AlR3KvZbCSZXo21jeLnT/quizzes/NAoU9TDzL0PQhRhP8eWC"
"1.000","HESI RN Medical Surgical Nursing Proctored Exam Practice Questions","ATI PN Medical Surgical Proctored Exam 2023 Practice Questions - Set 21","hesi-rn-medical-surgical-nursing-proctored-exam-practice-questions","ati-pn-medical-surgical-proctored-exam-2023-practice-questions-set-21","RN Exams > HESI RN Exams > Medical Surgical","LPN Exams > ATI LPN Exams > Adult Medical Surgical","pillarPages/nursing-test-bank/subPages/SuT1noZoNGEjKGR1vTbi/nestedSubPages/iT55qp9NAFOvZLBAiQzC/topics/aS23yuUD7OS39aVVutYn/quizzes/IHAh9XiKapQiPTKQE9vp","pillarPages/nursing-test-bank/subPages/z0xzINtS3EohZNaKosBz/nestedSubPages/lyrHg4RBzN6UafuymMFT/topics/NywbGW22YNeZSM3kuwKk/quizzes/PSUOf5Jme94saqPFlLyB"
"1.000","HESI RN Medical Surgical Nursing Proctored Exam Practice Questions","ATI PN Medical Surgical Proctored Exam Practice Questions - Set 45","hesi-rn-medical-surgical-nursing-proctored-exam-practice-questions","ati-pn-medical-surgical-proctored-exam-practice-questions-set-45","RN Exams > HESI RN Exams > Medical Surgical","LPN Exams > ATI LPN Exams > Adult Medical Surgical","pillarPages/nursing-test-bank/subPages/SuT1noZoNGEjKGR1vTbi/nestedSubPages/iT55qp9NAFOvZLBAiQzC/topics/aS23yuUD7OS39aVVutYn/quizzes/IHAh9XiKapQiPTKQE9vp","pillarPages/nursing-test-bank/subPages/z0xzINtS3EohZNaKosBz/nestedSubPages/lyrHg4RBzN6UafuymMFT/topics/NywbGW22YNeZSM3kuwKk/quizzes/RD3Pi9dVMoVsNQzEa0WN"
"1.000","HESI RN Medical Surgical Proctored Exam Practice Questions - Set 10","HESI RN Medical Surgical Proctored Exam Practice Questions - Set 19","hesi-rn-medical-surgical-proctored-exam-practice-questions-set-10","hesi-rn-medical-surgical-proctored-exam-practice-questions-set-19","RN Exams > HESI RN Exams > Medical Surgical","RN Exams > HESI RN Exams > Medical Surgical","pillarPages/nursing-test-bank/subPages/SuT1noZoNGEjKGR1vTbi/nestedSubPages/iT55qp9NAFOvZLBAiQzC/topics/aS23yuUD7OS39aVVutYn/quizzes/sNM1IugmAdTO8OABWf1q","pillarPages/nursing-test-bank/subPages/SuT1noZoNGEjKGR1vTbi/nestedSubPages/iT55qp9NAFOvZLBAiQzC/topics/aS23yuUD7OS39aVVutYn/quizzes/v3JaSYDr88r1J3rXqpTJ"
"1.000","HESI RN Medical Surgical Proctored Exam Practice Questions - Set 10","Medical Surgical Nursing Proctored Exam (LPN) Practice Questions","hesi-rn-medical-surgical-proctored-exam-practice-questions-set-10","medical-surgical-nursing-proctored-exam-lpn-practice-questions","RN Exams > HESI RN Exams > Medical Surgical","LPN Exams > LPN Nursing Course Exams > Medical Surgical","pillarPages/nursing-test-bank/subPages/SuT1noZoNGEjKGR1vTbi/nestedSubPages/iT55qp9NAFOvZLBAiQzC/topics/aS23yuUD7OS39aVVutYn/quizzes/sNM1IugmAdTO8OABWf1q","pillarPages/nursing-test-bank/subPages/z0xzINtS3EohZNaKosBz/nestedSubPages/3K3wv7IGcDcXvSNM9Kxm/topics/AlR3KvZbCSZXo21jeLnT/quizzes/NAoU9TDzL0PQhRhP8eWC"
"1.000","HESI RN Medical Surgical Proctored Exam Practice Questions - Set 10","ATI PN Medical Surgical Proctored Exam 2023 Practice Questions - Set 21","hesi-rn-medical-surgical-proctored-exam-practice-questions-set-10","ati-pn-medical-surgical-proctored-exam-2023-practice-questions-set-21","RN Exams > HESI RN Exams > Medical Surgical","LPN Exams > ATI LPN Exams > Adult Medical Surgical","pillarPages/nursing-test-bank/subPages/SuT1noZoNGEjKGR1vTbi/nestedSubPages/iT55qp9NAFOvZLBAiQzC/topics/aS23yuUD7OS39aVVutYn/quizzes/sNM1IugmAdTO8OABWf1q","pillarPages/nursing-test-bank/subPages/z0xzINtS3EohZNaKosBz/nestedSubPages/lyrHg4RBzN6UafuymMFT/topics/NywbGW22YNeZSM3kuwKk/quizzes/PSUOf5Jme94saqPFlLyB"
"1.000","HESI RN Medical Surgical Proctored Exam Practice Questions - Set 10","ATI PN Medical Surgical Proctored Exam Practice Questions - Set 45","hesi-rn-medical-surgical-proctored-exam-practice-questions-set-10","ati-pn-medical-surgical-proctored-exam-practice-questions-set-45","RN Exams > HESI RN Exams > Medical Surgical","LPN Exams > ATI LPN Exams > Adult Medical Surgical","pillarPages/nursing-test-bank/subPages/SuT1noZoNGEjKGR1vTbi/nestedSubPages/iT55qp9NAFOvZLBAiQzC/topics/aS23yuUD7OS39aVVutYn/quizzes/sNM1IugmAdTO8OABWf1q","pillarPages/nursing-test-bank/subPages/z0xzINtS3EohZNaKosBz/nestedSubPages/lyrHg4RBzN6UafuymMFT/topics/NywbGW22YNeZSM3kuwKk/quizzes/RD3Pi9dVMoVsNQzEa0WN"
"1.000","HESI RN Medical Surgical Proctored Exam Practice Questions - Set 15","HESI RN Medical Surgical Proctored Exam Practice Questions - Set 10","hesi-rn-medical-surgical-proctored-exam-practice-questions-set-15","hesi-rn-medical-surgical-proctored-exam-practice-questions-set-10","RN Exams > HESI RN Exams > Medical Surgical","RN Exams > HESI RN Exams > Medical Surgical","pillarPages/nursing-test-bank/subPages/SuT1noZoNGEjKGR1vTbi/nestedSubPages/iT55qp9NAFOvZLBAiQzC/topics/aS23yuUD7OS39aVVutYn/quizzes/q8N98jdIKb3bG4hRJMZB","pillarPages/nursing-test-bank/subPages/SuT1noZoNGEjKGR1vTbi/nestedSubPages/iT55qp9NAFOvZLBAiQzC/topics/aS23yuUD7OS39aVVutYn/quizzes/sNM1IugmAdTO8OABWf1q"
"1.000","HESI RN Medical Surgical Proctored Exam Practice Questions - Set 15","HESI RN Medical Surgical Proctored Exam Practice Questions - Set 19","hesi-rn-medical-surgical-proctored-exam-practice-questions-set-15","hesi-rn-medical-surgical-proctored-exam-practice-questions-set-19","RN Exams > HESI RN Exams > Medical Surgical","RN Exams > HESI RN Exams > Medical Surgical","pillarPages/nursing-test-bank/subPages/SuT1noZoNGEjKGR1vTbi/nestedSubPages/iT55qp9NAFOvZLBAiQzC/topics/aS23yuUD7OS39aVVutYn/quizzes/q8N98jdIKb3bG4hRJMZB","pillarPages/nursing-test-bank/subPages/SuT1noZoNGEjKGR1vTbi/nestedSubPages/iT55qp9NAFOvZLBAiQzC/topics/aS23yuUD7OS39aVVutYn/quizzes/v3JaSYDr88r1J3rXqpTJ"
"1.000","HESI RN Medical Surgical Proctored Exam Practice Questions - Set 15","Medical Surgical Nursing Proctored Exam (LPN) Practice Questions","hesi-rn-medical-surgical-proctored-exam-practice-questions-set-15","medical-surgical-nursing-proctored-exam-lpn-practice-questions","RN Exams > HESI RN Exams > Medical Surgical","LPN Exams > LPN Nursing Course Exams > Medical Surgical","pillarPages/nursing-test-bank/subPages/SuT1noZoNGEjKGR1vTbi/nestedSubPages/iT55qp9NAFOvZLBAiQzC/topics/aS23yuUD7OS39aVVutYn/quizzes/q8N98jdIKb3bG4hRJMZB","pillarPages/nursing-test-bank/subPages/z0xzINtS3EohZNaKosBz/nestedSubPages/3K3wv7IGcDcXvSNM9Kxm/topics/AlR3KvZbCSZXo21jeLnT/quizzes/NAoU9TDzL0PQhRhP8eWC"
"1.000","HESI RN Medical Surgical Proctored Exam Practice Questions - Set 15","ATI PN Medical Surgical Proctored Exam 2023 Practice Questions - Set 21","hesi-rn-medical-surgical-proctored-exam-practice-questions-set-15","ati-pn-medical-surgical-proctored-exam-2023-practice-questions-set-21","RN Exams > HESI RN Exams > Medical Surgical","LPN Exams > ATI LPN Exams > Adult Medical Surgical","pillarPages/nursing-test-bank/subPages/SuT1noZoNGEjKGR1vTbi/nestedSubPages/iT55qp9NAFOvZLBAiQzC/topics/aS23yuUD7OS39aVVutYn/quizzes/q8N98jdIKb3bG4hRJMZB","pillarPages/nursing-test-bank/subPages/z0xzINtS3EohZNaKosBz/nestedSubPages/lyrHg4RBzN6UafuymMFT/topics/NywbGW22YNeZSM3kuwKk/quizzes/PSUOf5Jme94saqPFlLyB"
"1.000","HESI RN Medical Surgical Proctored Exam Practice Questions - Set 15","ATI PN Medical Surgical Proctored Exam Practice Questions - Set 45","hesi-rn-medical-surgical-proctored-exam-practice-questions-set-15","ati-pn-medical-surgical-proctored-exam-practice-questions-set-45","RN Exams > HESI RN Exams > Medical Surgical","LPN Exams > ATI LPN Exams > Adult Medical Surgical","pillarPages/nursing-test-bank/subPages/SuT1noZoNGEjKGR1vTbi/nestedSubPages/iT55qp9NAFOvZLBAiQzC/topics/aS23yuUD7OS39aVVutYn/quizzes/q8N98jdIKb3bG4hRJMZB","pillarPages/nursing-test-bank/subPages/z0xzINtS3EohZNaKosBz/nestedSubPages/lyrHg4RBzN6UafuymMFT/topics/NywbGW22YNeZSM3kuwKk/quizzes/RD3Pi9dVMoVsNQzEa0WN"
"1.000","HESI RN Medical Surgical Proctored Exam Practice Questions - Set 19","Medical Surgical Nursing Proctored Exam (LPN) Practice Questions","hesi-rn-medical-surgical-proctored-exam-practice-questions-set-19","medical-surgical-nursing-proctored-exam-lpn-practice-questions","RN Exams > HESI RN Exams > Medical Surgical","LPN Exams > LPN Nursing Course Exams > Medical Surgical","pillarPages/nursing-test-bank/subPages/SuT1noZoNGEjKGR1vTbi/nestedSubPages/iT55qp9NAFOvZLBAiQzC/topics/aS23yuUD7OS39aVVutYn/quizzes/v3JaSYDr88r1J3rXqpTJ","pillarPages/nursing-test-bank/subPages/z0xzINtS3EohZNaKosBz/nestedSubPages/3K3wv7IGcDcXvSNM9Kxm/topics/AlR3KvZbCSZXo21jeLnT/quizzes/NAoU9TDzL0PQhRhP8eWC"
"1.000","HESI RN Medical Surgical Proctored Exam Practice Questions - Set 19","ATI PN Medical Surgical Proctored Exam 2023 Practice Questions - Set 21","hesi-rn-medical-surgical-proctored-exam-practice-questions-set-19","ati-pn-medical-surgical-proctored-exam-2023-practice-questions-set-21","RN Exams > HESI RN Exams > Medical Surgical","LPN Exams > ATI LPN Exams > Adult Medical Surgical","pillarPages/nursing-test-bank/subPages/SuT1noZoNGEjKGR1vTbi/nestedSubPages/iT55qp9NAFOvZLBAiQzC/topics/aS23yuUD7OS39aVVutYn/quizzes/v3JaSYDr88r1J3rXqpTJ","pillarPages/nursing-test-bank/subPages/z0xzINtS3EohZNaKosBz/nestedSubPages/lyrHg4RBzN6UafuymMFT/topics/NywbGW22YNeZSM3kuwKk/quizzes/PSUOf5Jme94saqPFlLyB"
"1.000","HESI RN Medical Surgical Proctored Exam Practice Questions - Set 19","ATI PN Medical Surgical Proctored Exam Practice Questions - Set 45","hesi-rn-medical-surgical-proctored-exam-practice-questions-set-19","ati-pn-medical-surgical-proctored-exam-practice-questions-set-45","RN Exams > HESI RN Exams > Medical Surgical","LPN Exams > ATI LPN Exams > Adult Medical Surgical","pillarPages/nursing-test-bank/subPages/SuT1noZoNGEjKGR1vTbi/nestedSubPages/iT55qp9NAFOvZLBAiQzC/topics/aS23yuUD7OS39aVVutYn/quizzes/v3JaSYDr88r1J3rXqpTJ","pillarPages/nursing-test-bank/subPages/z0xzINtS3EohZNaKosBz/nestedSubPages/lyrHg4RBzN6UafuymMFT/topics/NywbGW22YNeZSM3kuwKk/quizzes/RD3Pi9dVMoVsNQzEa0WN"
"1.000","HESI RN Medical Surgical Proctored Exam Practice Questions - Set 20","HESI RN Medical Surgical Nursing Proctored Exam Practice Questions","hesi-rn-medical-surgical-proctored-exam-practice-questions-set-20","hesi-rn-medical-surgical-nursing-proctored-exam-practice-questions","RN Exams > HESI RN Exams > Medical Surgical","RN Exams > HESI RN Exams > Medical Surgical","pillarPages/nursing-test-bank/subPages/SuT1noZoNGEjKGR1vTbi/nestedSubPages/iT55qp9NAFOvZLBAiQzC/topics/aS23yuUD7OS39aVVutYn/quizzes/EXLiFBVNpmLsBVcIw2Mm","pillarPages/nursing-test-bank/subPages/SuT1noZoNGEjKGR1vTbi/nestedSubPages/iT55qp9NAFOvZLBAiQzC/topics/aS23yuUD7OS39aVVutYn/quizzes/IHAh9XiKapQiPTKQE9vp"
"1.000","HESI RN Medical Surgical Proctored Exam Practice Questions - Set 20","HESI RN Medical Surgical Proctored Exam Practice Questions - Set 15","hesi-rn-medical-surgical-proctored-exam-practice-questions-set-20","hesi-rn-medical-surgical-proctored-exam-practice-questions-set-15","RN Exams > HESI RN Exams > Medical Surgical","RN Exams > HESI RN Exams > Medical Surgical","pillarPages/nursing-test-bank/subPages/SuT1noZoNGEjKGR1vTbi/nestedSubPages/iT55qp9NAFOvZLBAiQzC/topics/aS23yuUD7OS39aVVutYn/quizzes/EXLiFBVNpmLsBVcIw2Mm","pillarPages/nursing-test-bank/subPages/SuT1noZoNGEjKGR1vTbi/nestedSubPages/iT55qp9NAFOvZLBAiQzC/topics/aS23yuUD7OS39aVVutYn/quizzes/q8N98jdIKb3bG4hRJMZB"
"1.000","HESI RN Medical Surgical Proctored Exam Practice Questions - Set 20","HESI RN Medical Surgical Proctored Exam Practice Questions - Set 10","hesi-rn-medical-surgical-proctored-exam-practice-questions-set-20","hesi-rn-medical-surgical-proctored-exam-practice-questions-set-10","RN Exams > HESI RN Exams > Medical Surgical","RN Exams > HESI RN Exams > Medical Surgical","pillarPages/nursing-test-bank/subPages/SuT1noZoNGEjKGR1vTbi/nestedSubPages/iT55qp9NAFOvZLBAiQzC/topics/aS23yuUD7OS39aVVutYn/quizzes/EXLiFBVNpmLsBVcIw2Mm","pillarPages/nursing-test-bank/subPages/SuT1noZoNGEjKGR1vTbi/nestedSubPages/iT55qp9NAFOvZLBAiQzC/topics/aS23yuUD7OS39aVVutYn/quizzes/sNM1IugmAdTO8OABWf1q"
"1.000","HESI RN Medical Surgical Proctored Exam Practice Questions - Set 20","HESI RN Medical Surgical Proctored Exam Practice Questions - Set 19","hesi-rn-medical-surgical-proctored-exam-practice-questions-set-20","hesi-rn-medical-surgical-proctored-exam-practice-questions-set-19","RN Exams > HESI RN Exams > Medical Surgical","RN Exams > HESI RN Exams > Medical Surgical","pillarPages/nursing-test-bank/subPages/SuT1noZoNGEjKGR1vTbi/nestedSubPages/iT55qp9NAFOvZLBAiQzC/topics/aS23yuUD7OS39aVVutYn/quizzes/EXLiFBVNpmLsBVcIw2Mm","pillarPages/nursing-test-bank/subPages/SuT1noZoNGEjKGR1vTbi/nestedSubPages/iT55qp9NAFOvZLBAiQzC/topics/aS23yuUD7OS39aVVutYn/quizzes/v3JaSYDr88r1J3rXqpTJ"
"1.000","HESI RN Medical Surgical Proctored Exam Practice Questions - Set 20","Medical Surgical Nursing Proctored Exam (LPN) Practice Questions","hesi-rn-medical-surgical-proctored-exam-practice-questions-set-20","medical-surgical-nursing-proctored-exam-lpn-practice-questions","RN Exams > HESI RN Exams > Medical Surgical","LPN Exams > LPN Nursing Course Exams > Medical Surgical","pillarPages/nursing-test-bank/subPages/SuT1noZoNGEjKGR1vTbi/nestedSubPages/iT55qp9NAFOvZLBAiQzC/topics/aS23yuUD7OS39aVVutYn/quizzes/EXLiFBVNpmLsBVcIw2Mm","pillarPages/nursing-test-bank/subPages/z0xzINtS3EohZNaKosBz/nestedSubPages/3K3wv7IGcDcXvSNM9Kxm/topics/AlR3KvZbCSZXo21jeLnT/quizzes/NAoU9TDzL0PQhRhP8eWC"
"1.000","HESI RN Medical Surgical Proctored Exam Practice Questions - Set 20","ATI PN Medical Surgical Proctored Exam 2023 Practice Questions - Set 21","hesi-rn-medical-surgical-proctored-exam-practice-questions-set-20","ati-pn-medical-surgical-proctored-exam-2023-practice-questions-set-21","RN Exams > HESI RN Exams > Medical Surgical","LPN Exams > ATI LPN Exams > Adult Medical Surgical","pillarPages/nursing-test-bank/subPages/SuT1noZoNGEjKGR1vTbi/nestedSubPages/iT55qp9NAFOvZLBAiQzC/topics/aS23yuUD7OS39aVVutYn/quizzes/EXLiFBVNpmLsBVcIw2Mm","pillarPages/nursing-test-bank/subPages/z0xzINtS3EohZNaKosBz/nestedSubPages/lyrHg4RBzN6UafuymMFT/topics/NywbGW22YNeZSM3kuwKk/quizzes/PSUOf5Jme94saqPFlLyB"
"1.000","HESI RN Medical Surgical Proctored Exam Practice Questions - Set 20","ATI PN Medical Surgical Proctored Exam Practice Questions - Set 45","hesi-rn-medical-surgical-proctored-exam-practice-questions-set-20","ati-pn-medical-surgical-proctored-exam-practice-questions-set-45","RN Exams > HESI RN Exams > Medical Surgical","LPN Exams > ATI LPN Exams > Adult Medical Surgical","pillarPages/nursing-test-bank/subPages/SuT1noZoNGEjKGR1vTbi/nestedSubPages/iT55qp9NAFOvZLBAiQzC/topics/aS23yuUD7OS39aVVutYn/quizzes/EXLiFBVNpmLsBVcIw2Mm","pillarPages/nursing-test-bank/subPages/z0xzINtS3EohZNaKosBz/nestedSubPages/lyrHg4RBzN6UafuymMFT/topics/NywbGW22YNeZSM3kuwKk/quizzes/RD3Pi9dVMoVsNQzEa0WN"
"1.000","HESI RN Mental Health 2023 Proctored Exam Practice Questions","Mental Health Proctored Exam Practice Questions - Set 9","hesi-rn-mental-health-2023-proctored-exam-practice-questions","mental-health-proctored-exam-practice-questions-set-9","RN Exams > HESI RN Exams > Mental Health","RN Exams > RN Nursing Course Exams > Mental Health","pillarPages/nursing-test-bank/subPages/SuT1noZoNGEjKGR1vTbi/nestedSubPages/iT55qp9NAFOvZLBAiQzC/topics/nWHmcLCOYFPkjaWIHcVu/quizzes/GAq5H4FAanG67E4LkJbc","pillarPages/nursing-test-bank/subPages/SuT1noZoNGEjKGR1vTbi/nestedSubPages/zMFBI0XMiRsJnnXWhL5S/topics/dwj41dVBiWR9v4FRpKhC/quizzes/9gTxPhSHh1mD3sWL8Dkh"
"1.000","HESI RN Mental Health 2023 Proctored Exam Practice Questions","Mental Health Proctored Exam Practice Questions - Set 11","hesi-rn-mental-health-2023-proctored-exam-practice-questions","mental-health-proctored-exam-practice-questions-set-11","RN Exams > HESI RN Exams > Mental Health","RN Exams > RN Nursing Course Exams > Mental Health","pillarPages/nursing-test-bank/subPages/SuT1noZoNGEjKGR1vTbi/nestedSubPages/iT55qp9NAFOvZLBAiQzC/topics/nWHmcLCOYFPkjaWIHcVu/quizzes/GAq5H4FAanG67E4LkJbc","pillarPages/nursing-test-bank/subPages/SuT1noZoNGEjKGR1vTbi/nestedSubPages/zMFBI0XMiRsJnnXWhL5S/topics/dwj41dVBiWR9v4FRpKhC/quizzes/exC4UgNA0gzVj4dO98Uy"
"1.000","HESI RN Mental Health 2023 Proctored Exam Practice Questions","RN Mental Health Proctored Exam Practice Questions","hesi-rn-mental-health-2023-proctored-exam-practice-questions","rn-mental-health-proctored-exam-practice-questions","RN Exams > HESI RN Exams > Mental Health","RN Exams > RN Nursing Course Exams > Mental Health","pillarPages/nursing-test-bank/subPages/SuT1noZoNGEjKGR1vTbi/nestedSubPages/iT55qp9NAFOvZLBAiQzC/topics/nWHmcLCOYFPkjaWIHcVu/quizzes/GAq5H4FAanG67E4LkJbc","pillarPages/nursing-test-bank/subPages/SuT1noZoNGEjKGR1vTbi/nestedSubPages/zMFBI0XMiRsJnnXWhL5S/topics/dwj41dVBiWR9v4FRpKhC/quizzes/jlClWgbiccVolsEakTTA"
"1.000","HESI RN Mental Health 2023 Proctored Exam Practice Questions","Mental Health Proctored Exam Practice Questions - Set 10","hesi-rn-mental-health-2023-proctored-exam-practice-questions","mental-health-proctored-exam-practice-questions-set-10","RN Exams > HESI RN Exams > Mental Health","RN Exams > RN Nursing Course Exams > Mental Health","pillarPages/nursing-test-bank/subPages/SuT1noZoNGEjKGR1vTbi/nestedSubPages/iT55qp9NAFOvZLBAiQzC/topics/nWHmcLCOYFPkjaWIHcVu/quizzes/GAq5H4FAanG67E4LkJbc","pillarPages/nursing-test-bank/subPages/SuT1noZoNGEjKGR1vTbi/nestedSubPages/zMFBI0XMiRsJnnXWhL5S/topics/dwj41dVBiWR9v4FRpKhC/quizzes/tqZexHKRKjnlwGNrgTMx"
"1.000","HESI RN Mental Health 2023 Proctored Exam Practice Questions","ATI PN Mental Health Proctored Exam Practice Questions - Set 18","hesi-rn-mental-health-2023-proctored-exam-practice-questions","ati-pn-mental-health-proctored-exam-practice-questions-set-18","RN Exams > HESI RN Exams > Mental Health","LPN Exams > ATI LPN Exams > Mental Health","pillarPages/nursing-test-bank/subPages/SuT1noZoNGEjKGR1vTbi/nestedSubPages/iT55qp9NAFOvZLBAiQzC/topics/nWHmcLCOYFPkjaWIHcVu/quizzes/GAq5H4FAanG67E4LkJbc","pillarPages/nursing-test-bank/subPages/z0xzINtS3EohZNaKosBz/nestedSubPages/lyrHg4RBzN6UafuymMFT/topics/6i5h4wWlOfz4R8huNTkC/quizzes/0XWKxkayJ6Z3kVf3raA0"
"1.000","HESI RN Mental Health 2023 Proctored Exam Practice Questions","ATI PN Mental Health Proctored Exam 2023 Practice Questions - Set 10","hesi-rn-mental-health-2023-proctored-exam-practice-questions","ati-pn-mental-health-proctored-exam-2023-practice-questions-set-10","RN Exams > HESI RN Exams > Mental Health","LPN Exams > ATI LPN Exams > Mental Health","pillarPages/nursing-test-bank/subPages/SuT1noZoNGEjKGR1vTbi/nestedSubPages/iT55qp9NAFOvZLBAiQzC/topics/nWHmcLCOYFPkjaWIHcVu/quizzes/GAq5H4FAanG67E4LkJbc","pillarPages/nursing-test-bank/subPages/z0xzINtS3EohZNaKosBz/nestedSubPages/lyrHg4RBzN6UafuymMFT/topics/6i5h4wWlOfz4R8huNTkC/quizzes/2fG2uGhn6fyk67ZYFnah"
"1.000","HESI RN Mental Health 2023 Proctored Exam Practice Questions","ATI PN Mental Health Proctored Exam 2023 Practice Questions - Set 12","hesi-rn-mental-health-2023-proctored-exam-practice-questions","ati-pn-mental-health-proctored-exam-2023-practice-questions-set-12","RN Exams > HESI RN Exams > Mental Health","LPN Exams > ATI LPN Exams > Mental Health","pillarPages/nursing-test-bank/subPages/SuT1noZoNGEjKGR1vTbi/nestedSubPages/iT55qp9NAFOvZLBAiQzC/topics/nWHmcLCOYFPkjaWIHcVu/quizzes/GAq5H4FAanG67E4LkJbc","pillarPages/nursing-test-bank/subPages/z0xzINtS3EohZNaKosBz/nestedSubPages/lyrHg4RBzN6UafuymMFT/topics/6i5h4wWlOfz4R8huNTkC/quizzes/87iwgbc9j81OVcednIg7"
"1.000","HESI RN Mental Health 2023 Proctored Exam Practice Questions","ATI PN Mental Health Proctored Exam Practice Questions - Set 6","hesi-rn-mental-health-2023-proctored-exam-practice-questions","ati-pn-mental-health-proctored-exam-practice-questions-set-6","RN Exams > HESI RN Exams > Mental Health","LPN Exams > ATI LPN Exams > Mental Health","pillarPages/nursing-test-bank/subPages/SuT1noZoNGEjKGR1vTbi/nestedSubPages/iT55qp9NAFOvZLBAiQzC/topics/nWHmcLCOYFPkjaWIHcVu/quizzes/GAq5H4FAanG67E4LkJbc","pillarPages/nursing-test-bank/subPages/z0xzINtS3EohZNaKosBz/nestedSubPages/lyrHg4RBzN6UafuymMFT/topics/6i5h4wWlOfz4R8huNTkC/quizzes/D7Gmvl2j5bTkFaVU4erQ"
"1.000","HESI RN Mental Health 2023 Proctored Exam Practice Questions","ATI PN Mental Health Proctored Exam Practice Questions - Set 20","hesi-rn-mental-health-2023-proctored-exam-practice-questions","ati-pn-mental-health-proctored-exam-practice-questions-set-20","RN Exams > HESI RN Exams > Mental Health","LPN Exams > ATI LPN Exams > Mental Health","pillarPages/nursing-test-bank/subPages/SuT1noZoNGEjKGR1vTbi/nestedSubPages/iT55qp9NAFOvZLBAiQzC/topics/nWHmcLCOYFPkjaWIHcVu/quizzes/GAq5H4FAanG67E4LkJbc","pillarPages/nursing-test-bank/subPages/z0xzINtS3EohZNaKosBz/nestedSubPages/lyrHg4RBzN6UafuymMFT/topics/6i5h4wWlOfz4R8huNTkC/quizzes/EfV4aTuYMVOaoBvfUZFW"
"1.000","HESI RN Mental Health 2023 Proctored Exam Practice Questions","ATI PN Mental Health 2023 Proctored Exam Practice Questions - Set 16","hesi-rn-mental-health-2023-proctored-exam-practice-questions","ati-pn-mental-health-2023-proctored-exam-practice-questions-set-16","RN Exams > HESI RN Exams > Mental Health","LPN Exams > ATI LPN Exams > Mental Health","pillarPages/nursing-test-bank/subPages/SuT1noZoNGEjKGR1vTbi/nestedSubPages/iT55qp9NAFOvZLBAiQzC/topics/nWHmcLCOYFPkjaWIHcVu/quizzes/GAq5H4FAanG67E4LkJbc","pillarPages/nursing-test-bank/subPages/z0xzINtS3EohZNaKosBz/nestedSubPages/lyrHg4RBzN6UafuymMFT/topics/6i5h4wWlOfz4R8huNTkC/quizzes/Fd4CUWFrC0EHRcUrIpx4"
"1.000","HESI RN Mental Health 2023 Proctored Exam Practice Questions","ATI PN Mental Health Proctored Exam Practice Questions - Set 3","hesi-rn-mental-health-2023-proctored-exam-practice-questions","ati-pn-mental-health-proctored-exam-practice-questions-set-3","RN Exams > HESI RN Exams > Mental Health","LPN Exams > ATI LPN Exams > Mental Health","pillarPages/nursing-test-bank/subPages/SuT1noZoNGEjKGR1vTbi/nestedSubPages/iT55qp9NAFOvZLBAiQzC/topics/nWHmcLCOYFPkjaWIHcVu/quizzes/GAq5H4FAanG67E4LkJbc","pillarPages/nursing-test-bank/subPages/z0xzINtS3EohZNaKosBz/nestedSubPages/lyrHg4RBzN6UafuymMFT/topics/6i5h4wWlOfz4R8huNTkC/quizzes/NmyWvm446Bgz09F1MCl2"
"1.000","HESI RN Mental Health 2023 Proctored Exam Practice Questions","ATI PN Mental Health Proctored Exam Practice Questions - Set 21","hesi-rn-mental-health-2023-proctored-exam-practice-questions","ati-pn-mental-health-proctored-exam-practice-questions-set-21","RN Exams > HESI RN Exams > Mental Health","LPN Exams > ATI LPN Exams > Mental Health","pillarPages/nursing-test-bank/subPages/SuT1noZoNGEjKGR1vTbi/nestedSubPages/iT55qp9NAFOvZLBAiQzC/topics/nWHmcLCOYFPkjaWIHcVu/quizzes/GAq5H4FAanG67E4LkJbc","pillarPages/nursing-test-bank/subPages/z0xzINtS3EohZNaKosBz/nestedSubPages/lyrHg4RBzN6UafuymMFT/topics/6i5h4wWlOfz4R8huNTkC/quizzes/Q2fS8PmQ5wik85qwHuxw"
"1.000","HESI RN Mental Health 2023 Proctored Exam Practice Questions","ATI PN Mental Health 2023 Proctored Exam Practice Questions - Set 17","hesi-rn-mental-health-2023-proctored-exam-practice-questions","ati-pn-mental-health-2023-proctored-exam-practice-questions-set-17","RN Exams > HESI RN Exams > Mental Health","LPN Exams > ATI LPN Exams > Mental Health","pillarPages/nursing-test-bank/subPages/SuT1noZoNGEjKGR1vTbi/nestedSubPages/iT55qp9NAFOvZLBAiQzC/topics/nWHmcLCOYFPkjaWIHcVu/quizzes/GAq5H4FAanG67E4LkJbc","pillarPages/nursing-test-bank/subPages/z0xzINtS3EohZNaKosBz/nestedSubPages/lyrHg4RBzN6UafuymMFT/topics/6i5h4wWlOfz4R8huNTkC/quizzes/Z4NAfejpaDgZZHU9Qdpz"
"1.000","HESI RN Mental Health 2023 Proctored Exam Practice Questions","ATI PN Mental Health Quiz Proctored Exam Practice Questions - Set 19","hesi-rn-mental-health-2023-proctored-exam-practice-questions","ati-pn-mental-health-quiz-proctored-exam-practice-questions-set-19","RN Exams > HESI RN Exams > Mental Health","LPN Exams > ATI LPN Exams > Mental Health","pillarPages/nursing-test-bank/subPages/SuT1noZoNGEjKGR1vTbi/nestedSubPages/iT55qp9NAFOvZLBAiQzC/topics/nWHmcLCOYFPkjaWIHcVu/quizzes/GAq5H4FAanG67E4LkJbc","pillarPages/nursing-test-bank/subPages/z0xzINtS3EohZNaKosBz/nestedSubPages/lyrHg4RBzN6UafuymMFT/topics/6i5h4wWlOfz4R8huNTkC/quizzes/azlPQZl6jkNGLIXtXnDc"
"1.000","HESI RN Mental Health 2023 Proctored Exam Practice Questions","ATI PN Mental Health Proctored Exam Practice Questions - Set 2","hesi-rn-mental-health-2023-proctored-exam-practice-questions","ati-pn-mental-health-proctored-exam-practice-questions-set-2","RN Exams > HESI RN Exams > Mental Health","LPN Exams > ATI LPN Exams > Mental Health","pillarPages/nursing-test-bank/subPages/SuT1noZoNGEjKGR1vTbi/nestedSubPages/iT55qp9NAFOvZLBAiQzC/topics/nWHmcLCOYFPkjaWIHcVu/quizzes/GAq5H4FAanG67E4LkJbc","pillarPages/nursing-test-bank/subPages/z0xzINtS3EohZNaKosBz/nestedSubPages/lyrHg4RBzN6UafuymMFT/topics/6i5h4wWlOfz4R8huNTkC/quizzes/dUh2HpoMmmz9AkeiPvna"
"1.000","HESI RN Mental Health 2023 Proctored Exam Practice Questions","ATI PN Mental Health Proctored Exam Practice Questions - Set 7","hesi-rn-mental-health-2023-proctored-exam-practice-questions","ati-pn-mental-health-proctored-exam-practice-questions-set-7","RN Exams > HESI RN Exams > Mental Health","LPN Exams > ATI LPN Exams > Mental Health","pillarPages/nursing-test-bank/subPages/SuT1noZoNGEjKGR1vTbi/nestedSubPages/iT55qp9NAFOvZLBAiQzC/topics/nWHmcLCOYFPkjaWIHcVu/quizzes/GAq5H4FAanG67E4LkJbc","pillarPages/nursing-test-bank/subPages/z0xzINtS3EohZNaKosBz/nestedSubPages/lyrHg4RBzN6UafuymMFT/topics/6i5h4wWlOfz4R8huNTkC/quizzes/hthlfOCc1BGRxIETQQ1Z"
"1.000","HESI RN Mental Health 2023 Proctored Exam Practice Questions","ATI PN Mental Health Proctored Exam Practice Questions - Set 4","hesi-rn-mental-health-2023-proctored-exam-practice-questions","ati-pn-mental-health-proctored-exam-practice-questions-set-4","RN Exams > HESI RN Exams > Mental Health","LPN Exams > ATI LPN Exams > Mental Health","pillarPages/nursing-test-bank/subPages/SuT1noZoNGEjKGR1vTbi/nestedSubPages/iT55qp9NAFOvZLBAiQzC/topics/nWHmcLCOYFPkjaWIHcVu/quizzes/GAq5H4FAanG67E4LkJbc","pillarPages/nursing-test-bank/subPages/z0xzINtS3EohZNaKosBz/nestedSubPages/lyrHg4RBzN6UafuymMFT/topics/6i5h4wWlOfz4R8huNTkC/quizzes/sceHL0R4Xdjbg0G5Ksz9"
"1.000","HESI RN Mental Health 2023 Proctored Exam Practice Questions","ATI PN Mental Health Proctored Exam Practice Questions - Set 27","hesi-rn-mental-health-2023-proctored-exam-practice-questions","ati-pn-mental-health-proctored-exam-practice-questions-set-27","RN Exams > HESI RN Exams > Mental Health","LPN Exams > ATI LPN Exams > Mental Health","pillarPages/nursing-test-bank/subPages/SuT1noZoNGEjKGR1vTbi/nestedSubPages/iT55qp9NAFOvZLBAiQzC/topics/nWHmcLCOYFPkjaWIHcVu/quizzes/GAq5H4FAanG67E4LkJbc","pillarPages/nursing-test-bank/subPages/z0xzINtS3EohZNaKosBz/nestedSubPages/lyrHg4RBzN6UafuymMFT/topics/6i5h4wWlOfz4R8huNTkC/quizzes/ujhDVShnkrjKiFa6CSKq"
"1.000","HESI RN Mental Health Proctored Exam Practice Questions - Set 5","HESI RN Mental Health Proctored Exam Practice Questions - Set 7","hesi-rn-mental-health-proctored-exam-practice-questions-set-5","hesi-rn-mental-health-proctored-exam-practice-questions-set-7","RN Exams > HESI RN Exams > Mental Health","RN Exams > HESI RN Exams > Mental Health","pillarPages/nursing-test-bank/subPages/SuT1noZoNGEjKGR1vTbi/nestedSubPages/iT55qp9NAFOvZLBAiQzC/topics/nWHmcLCOYFPkjaWIHcVu/quizzes/5m4GPD0E75Fkn6fr0m9J","pillarPages/nursing-test-bank/subPages/SuT1noZoNGEjKGR1vTbi/nestedSubPages/iT55qp9NAFOvZLBAiQzC/topics/nWHmcLCOYFPkjaWIHcVu/quizzes/6nsPTPAqouKWgBE6AzAA"
"1.000","HESI RN Mental Health Proctored Exam Practice Questions - Set 5","HESI RN Mental Health 2023 Proctored Exam Practice Questions","hesi-rn-mental-health-proctored-exam-practice-questions-set-5","hesi-rn-mental-health-2023-proctored-exam-practice-questions","RN Exams > HESI RN Exams > Mental Health","RN Exams > HESI RN Exams > Mental Health","pillarPages/nursing-test-bank/subPages/SuT1noZoNGEjKGR1vTbi/nestedSubPages/iT55qp9NAFOvZLBAiQzC/topics/nWHmcLCOYFPkjaWIHcVu/quizzes/5m4GPD0E75Fkn6fr0m9J","pillarPages/nursing-test-bank/subPages/SuT1noZoNGEjKGR1vTbi/nestedSubPages/iT55qp9NAFOvZLBAiQzC/topics/nWHmcLCOYFPkjaWIHcVu/quizzes/GAq5H4FAanG67E4LkJbc"
"1.000","HESI RN Mental Health Proctored Exam Practice Questions - Set 5","Mental Health Proctored Exam Practice Questions - Set 9","hesi-rn-mental-health-proctored-exam-practice-questions-set-5","mental-health-proctored-exam-practice-questions-set-9","RN Exams > HESI RN Exams > Mental Health","RN Exams > RN Nursing Course Exams > Mental Health","pillarPages/nursing-test-bank/subPages/SuT1noZoNGEjKGR1vTbi/nestedSubPages/iT55qp9NAFOvZLBAiQzC/topics/nWHmcLCOYFPkjaWIHcVu/quizzes/5m4GPD0E75Fkn6fr0m9J","pillarPages/nursing-test-bank/subPages/SuT1noZoNGEjKGR1vTbi/nestedSubPages/zMFBI0XMiRsJnnXWhL5S/topics/dwj41dVBiWR9v4FRpKhC/quizzes/9gTxPhSHh1mD3sWL8Dkh"
"1.000","HESI RN Mental Health Proctored Exam Practice Questions - Set 5","Mental Health Proctored Exam Practice Questions - Set 11","hesi-rn-mental-health-proctored-exam-practice-questions-set-5","mental-health-proctored-exam-practice-questions-set-11","RN Exams > HESI RN Exams > Mental Health","RN Exams > RN Nursing Course Exams > Mental Health","pillarPages/nursing-test-bank/subPages/SuT1noZoNGEjKGR1vTbi/nestedSubPages/iT55qp9NAFOvZLBAiQzC/topics/nWHmcLCOYFPkjaWIHcVu/quizzes/5m4GPD0E75Fkn6fr0m9J","pillarPages/nursing-test-bank/subPages/SuT1noZoNGEjKGR1vTbi/nestedSubPages/zMFBI0XMiRsJnnXWhL5S/topics/dwj41dVBiWR9v4FRpKhC/quizzes/exC4UgNA0gzVj4dO98Uy"
"1.000","HESI RN Mental Health Proctored Exam Practice Questions - Set 5","RN Mental Health Proctored Exam Practice Questions","hesi-rn-mental-health-proctored-exam-practice-questions-set-5","rn-mental-health-proctored-exam-practice-questions","RN Exams > HESI RN Exams > Mental Health","RN Exams > RN Nursing Course Exams > Mental Health","pillarPages/nursing-test-bank/subPages/SuT1noZoNGEjKGR1vTbi/nestedSubPages/iT55qp9NAFOvZLBAiQzC/topics/nWHmcLCOYFPkjaWIHcVu/quizzes/5m4GPD0E75Fkn6fr0m9J","pillarPages/nursing-test-bank/subPages/SuT1noZoNGEjKGR1vTbi/nestedSubPages/zMFBI0XMiRsJnnXWhL5S/topics/dwj41dVBiWR9v4FRpKhC/quizzes/jlClWgbiccVolsEakTTA"
"1.000","HESI RN Mental Health Proctored Exam Practice Questions - Set 5","Mental Health Proctored Exam Practice Questions - Set 10","hesi-rn-mental-health-proctored-exam-practice-questions-set-5","mental-health-proctored-exam-practice-questions-set-10","RN Exams > HESI RN Exams > Mental Health","RN Exams > RN Nursing Course Exams > Mental Health","pillarPages/nursing-test-bank/subPages/SuT1noZoNGEjKGR1vTbi/nestedSubPages/iT55qp9NAFOvZLBAiQzC/topics/nWHmcLCOYFPkjaWIHcVu/quizzes/5m4GPD0E75Fkn6fr0m9J","pillarPages/nursing-test-bank/subPages/SuT1noZoNGEjKGR1vTbi/nestedSubPages/zMFBI0XMiRsJnnXWhL5S/topics/dwj41dVBiWR9v4FRpKhC/quizzes/tqZexHKRKjnlwGNrgTMx"
"1.000","HESI RN Mental Health Proctored Exam Practice Questions - Set 5","ATI PN Mental Health Proctored Exam Practice Questions - Set 18","hesi-rn-mental-health-proctored-exam-practice-questions-set-5","ati-pn-mental-health-proctored-exam-practice-questions-set-18","RN Exams > HESI RN Exams > Mental Health","LPN Exams > ATI LPN Exams > Mental Health","pillarPages/nursing-test-bank/subPages/SuT1noZoNGEjKGR1vTbi/nestedSubPages/iT55qp9NAFOvZLBAiQzC/topics/nWHmcLCOYFPkjaWIHcVu/quizzes/5m4GPD0E75Fkn6fr0m9J","pillarPages/nursing-test-bank/subPages/z0xzINtS3EohZNaKosBz/nestedSubPages/lyrHg4RBzN6UafuymMFT/topics/6i5h4wWlOfz4R8huNTkC/quizzes/0XWKxkayJ6Z3kVf3raA0"
"1.000","HESI RN Mental Health Proctored Exam Practice Questions - Set 5","ATI PN Mental Health Proctored Exam 2023 Practice Questions - Set 10","hesi-rn-mental-health-proctored-exam-practice-questions-set-5","ati-pn-mental-health-proctored-exam-2023-practice-questions-set-10","RN Exams > HESI RN Exams > Mental Health","LPN Exams > ATI LPN Exams > Mental Health","pillarPages/nursing-test-bank/subPages/SuT1noZoNGEjKGR1vTbi/nestedSubPages/iT55qp9NAFOvZLBAiQzC/topics/nWHmcLCOYFPkjaWIHcVu/quizzes/5m4GPD0E75Fkn6fr0m9J","pillarPages/nursing-test-bank/subPages/z0xzINtS3EohZNaKosBz/nestedSubPages/lyrHg4RBzN6UafuymMFT/topics/6i5h4wWlOfz4R8huNTkC/quizzes/2fG2uGhn6fyk67ZYFnah"
"1.000","HESI RN Mental Health Proctored Exam Practice Questions - Set 5","ATI PN Mental Health Proctored Exam 2023 Practice Questions - Set 12","hesi-rn-mental-health-proctored-exam-practice-questions-set-5","ati-pn-mental-health-proctored-exam-2023-practice-questions-set-12","RN Exams > HESI RN Exams > Mental Health","LPN Exams > ATI LPN Exams > Mental Health","pillarPages/nursing-test-bank/subPages/SuT1noZoNGEjKGR1vTbi/nestedSubPages/iT55qp9NAFOvZLBAiQzC/topics/nWHmcLCOYFPkjaWIHcVu/quizzes/5m4GPD0E75Fkn6fr0m9J","pillarPages/nursing-test-bank/subPages/z0xzINtS3EohZNaKosBz/nestedSubPages/lyrHg4RBzN6UafuymMFT/topics/6i5h4wWlOfz4R8huNTkC/quizzes/87iwgbc9j81OVcednIg7"
"1.000","HESI RN Mental Health Proctored Exam Practice Questions - Set 5","ATI PN Mental Health Proctored Exam Practice Questions - Set 6","hesi-rn-mental-health-proctored-exam-practice-questions-set-5","ati-pn-mental-health-proctored-exam-practice-questions-set-6","RN Exams > HESI RN Exams > Mental Health","LPN Exams > ATI LPN Exams > Mental Health","pillarPages/nursing-test-bank/subPages/SuT1noZoNGEjKGR1vTbi/nestedSubPages/iT55qp9NAFOvZLBAiQzC/topics/nWHmcLCOYFPkjaWIHcVu/quizzes/5m4GPD0E75Fkn6fr0m9J","pillarPages/nursing-test-bank/subPages/z0xzINtS3EohZNaKosBz/nestedSubPages/lyrHg4RBzN6UafuymMFT/topics/6i5h4wWlOfz4R8huNTkC/quizzes/D7Gmvl2j5bTkFaVU4erQ"
"1.000","HESI RN Mental Health Proctored Exam Practice Questions - Set 5","ATI PN Mental Health Proctored Exam Practice Questions - Set 20","hesi-rn-mental-health-proctored-exam-practice-questions-set-5","ati-pn-mental-health-proctored-exam-practice-questions-set-20","RN Exams > HESI RN Exams > Mental Health","LPN Exams > ATI LPN Exams > Mental Health","pillarPages/nursing-test-bank/subPages/SuT1noZoNGEjKGR1vTbi/nestedSubPages/iT55qp9NAFOvZLBAiQzC/topics/nWHmcLCOYFPkjaWIHcVu/quizzes/5m4GPD0E75Fkn6fr0m9J","pillarPages/nursing-test-bank/subPages/z0xzINtS3EohZNaKosBz/nestedSubPages/lyrHg4RBzN6UafuymMFT/topics/6i5h4wWlOfz4R8huNTkC/quizzes/EfV4aTuYMVOaoBvfUZFW"
"1.000","HESI RN Mental Health Proctored Exam Practice Questions - Set 5","ATI PN Mental Health 2023 Proctored Exam Practice Questions - Set 16","hesi-rn-mental-health-proctored-exam-practice-questions-set-5","ati-pn-mental-health-2023-proctored-exam-practice-questions-set-16","RN Exams > HESI RN Exams > Mental Health","LPN Exams > ATI LPN Exams > Mental Health","pillarPages/nursing-test-bank/subPages/SuT1noZoNGEjKGR1vTbi/nestedSubPages/iT55qp9NAFOvZLBAiQzC/topics/nWHmcLCOYFPkjaWIHcVu/quizzes/5m4GPD0E75Fkn6fr0m9J","pillarPages/nursing-test-bank/subPages/z0xzINtS3EohZNaKosBz/nestedSubPages/lyrHg4RBzN6UafuymMFT/topics/6i5h4wWlOfz4R8huNTkC/quizzes/Fd4CUWFrC0EHRcUrIpx4"
"1.000","HESI RN Mental Health Proctored Exam Practice Questions - Set 5","ATI PN Mental Health Proctored Exam Practice Questions - Set 3","hesi-rn-mental-health-proctored-exam-practice-questions-set-5","ati-pn-mental-health-proctored-exam-practice-questions-set-3","RN Exams > HESI RN Exams > Mental Health","LPN Exams > ATI LPN Exams > Mental Health","pillarPages/nursing-test-bank/subPages/SuT1noZoNGEjKGR1vTbi/nestedSubPages/iT55qp9NAFOvZLBAiQzC/topics/nWHmcLCOYFPkjaWIHcVu/quizzes/5m4GPD0E75Fkn6fr0m9J","pillarPages/nursing-test-bank/subPages/z0xzINtS3EohZNaKosBz/nestedSubPages/lyrHg4RBzN6UafuymMFT/topics/6i5h4wWlOfz4R8huNTkC/quizzes/NmyWvm446Bgz09F1MCl2"
"1.000","HESI RN Mental Health Proctored Exam Practice Questions - Set 5","ATI PN Mental Health Proctored Exam Practice Questions - Set 21","hesi-rn-mental-health-proctored-exam-practice-questions-set-5","ati-pn-mental-health-proctored-exam-practice-questions-set-21","RN Exams > HESI RN Exams > Mental Health","LPN Exams > ATI LPN Exams > Mental Health","pillarPages/nursing-test-bank/subPages/SuT1noZoNGEjKGR1vTbi/nestedSubPages/iT55qp9NAFOvZLBAiQzC/topics/nWHmcLCOYFPkjaWIHcVu/quizzes/5m4GPD0E75Fkn6fr0m9J","pillarPages/nursing-test-bank/subPages/z0xzINtS3EohZNaKosBz/nestedSubPages/lyrHg4RBzN6UafuymMFT/topics/6i5h4wWlOfz4R8huNTkC/quizzes/Q2fS8PmQ5wik85qwHuxw"
"1.000","HESI RN Mental Health Proctored Exam Practice Questions - Set 5","ATI PN Mental Health 2023 Proctored Exam Practice Questions - Set 17","hesi-rn-mental-health-proctored-exam-practice-questions-set-5","ati-pn-mental-health-2023-proctored-exam-practice-questions-set-17","RN Exams > HESI RN Exams > Mental Health","LPN Exams > ATI LPN Exams > Mental Health","pillarPages/nursing-test-bank/subPages/SuT1noZoNGEjKGR1vTbi/nestedSubPages/iT55qp9NAFOvZLBAiQzC/topics/nWHmcLCOYFPkjaWIHcVu/quizzes/5m4GPD0E75Fkn6fr0m9J","pillarPages/nursing-test-bank/subPages/z0xzINtS3EohZNaKosBz/nestedSubPages/lyrHg4RBzN6UafuymMFT/topics/6i5h4wWlOfz4R8huNTkC/quizzes/Z4NAfejpaDgZZHU9Qdpz"
"1.000","HESI RN Mental Health Proctored Exam Practice Questions - Set 5","ATI PN Mental Health Quiz Proctored Exam Practice Questions - Set 19","hesi-rn-mental-health-proctored-exam-practice-questions-set-5","ati-pn-mental-health-quiz-proctored-exam-practice-questions-set-19","RN Exams > HESI RN Exams > Mental Health","LPN Exams > ATI LPN Exams > Mental Health","pillarPages/nursing-test-bank/subPages/SuT1noZoNGEjKGR1vTbi/nestedSubPages/iT55qp9NAFOvZLBAiQzC/topics/nWHmcLCOYFPkjaWIHcVu/quizzes/5m4GPD0E75Fkn6fr0m9J","pillarPages/nursing-test-bank/subPages/z0xzINtS3EohZNaKosBz/nestedSubPages/lyrHg4RBzN6UafuymMFT/topics/6i5h4wWlOfz4R8huNTkC/quizzes/azlPQZl6jkNGLIXtXnDc"
"1.000","HESI RN Mental Health Proctored Exam Practice Questions - Set 5","ATI PN Mental Health Proctored Exam Practice Questions - Set 2","hesi-rn-mental-health-proctored-exam-practice-questions-set-5","ati-pn-mental-health-proctored-exam-practice-questions-set-2","RN Exams > HESI RN Exams > Mental Health","LPN Exams > ATI LPN Exams > Mental Health","pillarPages/nursing-test-bank/subPages/SuT1noZoNGEjKGR1vTbi/nestedSubPages/iT55qp9NAFOvZLBAiQzC/topics/nWHmcLCOYFPkjaWIHcVu/quizzes/5m4GPD0E75Fkn6fr0m9J","pillarPages/nursing-test-bank/subPages/z0xzINtS3EohZNaKosBz/nestedSubPages/lyrHg4RBzN6UafuymMFT/topics/6i5h4wWlOfz4R8huNTkC/quizzes/dUh2HpoMmmz9AkeiPvna"
"1.000","HESI RN Mental Health Proctored Exam Practice Questions - Set 5","ATI PN Mental Health Proctored Exam Practice Questions - Set 7","hesi-rn-mental-health-proctored-exam-practice-questions-set-5","ati-pn-mental-health-proctored-exam-practice-questions-set-7","RN Exams > HESI RN Exams > Mental Health","LPN Exams > ATI LPN Exams > Mental Health","pillarPages/nursing-test-bank/subPages/SuT1noZoNGEjKGR1vTbi/nestedSubPages/iT55qp9NAFOvZLBAiQzC/topics/nWHmcLCOYFPkjaWIHcVu/quizzes/5m4GPD0E75Fkn6fr0m9J","pillarPages/nursing-test-bank/subPages/z0xzINtS3EohZNaKosBz/nestedSubPages/lyrHg4RBzN6UafuymMFT/topics/6i5h4wWlOfz4R8huNTkC/quizzes/hthlfOCc1BGRxIETQQ1Z"
"1.000","HESI RN Mental Health Proctored Exam Practice Questions - Set 5","ATI PN Mental Health Proctored Exam Practice Questions - Set 4","hesi-rn-mental-health-proctored-exam-practice-questions-set-5","ati-pn-mental-health-proctored-exam-practice-questions-set-4","RN Exams > HESI RN Exams > Mental Health","LPN Exams > ATI LPN Exams > Mental Health","pillarPages/nursing-test-bank/subPages/SuT1noZoNGEjKGR1vTbi/nestedSubPages/iT55qp9NAFOvZLBAiQzC/topics/nWHmcLCOYFPkjaWIHcVu/quizzes/5m4GPD0E75Fkn6fr0m9J","pillarPages/nursing-test-bank/subPages/z0xzINtS3EohZNaKosBz/nestedSubPages/lyrHg4RBzN6UafuymMFT/topics/6i5h4wWlOfz4R8huNTkC/quizzes/sceHL0R4Xdjbg0G5Ksz9"
"1.000","HESI RN Mental Health Proctored Exam Practice Questions - Set 5","ATI PN Mental Health Proctored Exam Practice Questions - Set 27","hesi-rn-mental-health-proctored-exam-practice-questions-set-5","ati-pn-mental-health-proctored-exam-practice-questions-set-27","RN Exams > HESI RN Exams > Mental Health","LPN Exams > ATI LPN Exams > Mental Health","pillarPages/nursing-test-bank/subPages/SuT1noZoNGEjKGR1vTbi/nestedSubPages/iT55qp9NAFOvZLBAiQzC/topics/nWHmcLCOYFPkjaWIHcVu/quizzes/5m4GPD0E75Fkn6fr0m9J","pillarPages/nursing-test-bank/subPages/z0xzINtS3EohZNaKosBz/nestedSubPages/lyrHg4RBzN6UafuymMFT/topics/6i5h4wWlOfz4R8huNTkC/quizzes/ujhDVShnkrjKiFa6CSKq"
"1.000","HESI RN Mental Health Proctored Exam Practice Questions - Set 7","HESI RN Mental Health 2023 Proctored Exam Practice Questions","hesi-rn-mental-health-proctored-exam-practice-questions-set-7","hesi-rn-mental-health-2023-proctored-exam-practice-questions","RN Exams > HESI RN Exams > Mental Health","RN Exams > HESI RN Exams > Mental Health","pillarPages/nursing-test-bank/subPages/SuT1noZoNGEjKGR1vTbi/nestedSubPages/iT55qp9NAFOvZLBAiQzC/topics/nWHmcLCOYFPkjaWIHcVu/quizzes/6nsPTPAqouKWgBE6AzAA","pillarPages/nursing-test-bank/subPages/SuT1noZoNGEjKGR1vTbi/nestedSubPages/iT55qp9NAFOvZLBAiQzC/topics/nWHmcLCOYFPkjaWIHcVu/quizzes/GAq5H4FAanG67E4LkJbc"
"1.000","HESI RN Mental Health Proctored Exam Practice Questions - Set 7","Mental Health Proctored Exam Practice Questions - Set 9","hesi-rn-mental-health-proctored-exam-practice-questions-set-7","mental-health-proctored-exam-practice-questions-set-9","RN Exams > HESI RN Exams > Mental Health","RN Exams > RN Nursing Course Exams > Mental Health","pillarPages/nursing-test-bank/subPages/SuT1noZoNGEjKGR1vTbi/nestedSubPages/iT55qp9NAFOvZLBAiQzC/topics/nWHmcLCOYFPkjaWIHcVu/quizzes/6nsPTPAqouKWgBE6AzAA","pillarPages/nursing-test-bank/subPages/SuT1noZoNGEjKGR1vTbi/nestedSubPages/zMFBI0XMiRsJnnXWhL5S/topics/dwj41dVBiWR9v4FRpKhC/quizzes/9gTxPhSHh1mD3sWL8Dkh"
"1.000","HESI RN Mental Health Proctored Exam Practice Questions - Set 7","Mental Health Proctored Exam Practice Questions - Set 11","hesi-rn-mental-health-proctored-exam-practice-questions-set-7","mental-health-proctored-exam-practice-questions-set-11","RN Exams > HESI RN Exams > Mental Health","RN Exams > RN Nursing Course Exams > Mental Health","pillarPages/nursing-test-bank/subPages/SuT1noZoNGEjKGR1vTbi/nestedSubPages/iT55qp9NAFOvZLBAiQzC/topics/nWHmcLCOYFPkjaWIHcVu/quizzes/6nsPTPAqouKWgBE6AzAA","pillarPages/nursing-test-bank/subPages/SuT1noZoNGEjKGR1vTbi/nestedSubPages/zMFBI0XMiRsJnnXWhL5S/topics/dwj41dVBiWR9v4FRpKhC/quizzes/exC4UgNA0gzVj4dO98Uy"
"1.000","HESI RN Mental Health Proctored Exam Practice Questions - Set 7","RN Mental Health Proctored Exam Practice Questions","hesi-rn-mental-health-proctored-exam-practice-questions-set-7","rn-mental-health-proctored-exam-practice-questions","RN Exams > HESI RN Exams > Mental Health","RN Exams > RN Nursing Course Exams > Mental Health","pillarPages/nursing-test-bank/subPages/SuT1noZoNGEjKGR1vTbi/nestedSubPages/iT55qp9NAFOvZLBAiQzC/topics/nWHmcLCOYFPkjaWIHcVu/quizzes/6nsPTPAqouKWgBE6AzAA","pillarPages/nursing-test-bank/subPages/SuT1noZoNGEjKGR1vTbi/nestedSubPages/zMFBI0XMiRsJnnXWhL5S/topics/dwj41dVBiWR9v4FRpKhC/quizzes/jlClWgbiccVolsEakTTA"
"1.000","HESI RN Mental Health Proctored Exam Practice Questions - Set 7","Mental Health Proctored Exam Practice Questions - Set 10","hesi-rn-mental-health-proctored-exam-practice-questions-set-7","mental-health-proctored-exam-practice-questions-set-10","RN Exams > HESI RN Exams > Mental Health","RN Exams > RN Nursing Course Exams > Mental Health","pillarPages/nursing-test-bank/subPages/SuT1noZoNGEjKGR1vTbi/nestedSubPages/iT55qp9NAFOvZLBAiQzC/topics/nWHmcLCOYFPkjaWIHcVu/quizzes/6nsPTPAqouKWgBE6AzAA","pillarPages/nursing-test-bank/subPages/SuT1noZoNGEjKGR1vTbi/nestedSubPages/zMFBI0XMiRsJnnXWhL5S/topics/dwj41dVBiWR9v4FRpKhC/quizzes/tqZexHKRKjnlwGNrgTMx"
"1.000","HESI RN Mental Health Proctored Exam Practice Questions - Set 7","ATI PN Mental Health Proctored Exam Practice Questions - Set 18","hesi-rn-mental-health-proctored-exam-practice-questions-set-7","ati-pn-mental-health-proctored-exam-practice-questions-set-18","RN Exams > HESI RN Exams > Mental Health","LPN Exams > ATI LPN Exams > Mental Health","pillarPages/nursing-test-bank/subPages/SuT1noZoNGEjKGR1vTbi/nestedSubPages/iT55qp9NAFOvZLBAiQzC/topics/nWHmcLCOYFPkjaWIHcVu/quizzes/6nsPTPAqouKWgBE6AzAA","pillarPages/nursing-test-bank/subPages/z0xzINtS3EohZNaKosBz/nestedSubPages/lyrHg4RBzN6UafuymMFT/topics/6i5h4wWlOfz4R8huNTkC/quizzes/0XWKxkayJ6Z3kVf3raA0"
"1.000","HESI RN Mental Health Proctored Exam Practice Questions - Set 7","ATI PN Mental Health Proctored Exam 2023 Practice Questions - Set 10","hesi-rn-mental-health-proctored-exam-practice-questions-set-7","ati-pn-mental-health-proctored-exam-2023-practice-questions-set-10","RN Exams > HESI RN Exams > Mental Health","LPN Exams > ATI LPN Exams > Mental Health","pillarPages/nursing-test-bank/subPages/SuT1noZoNGEjKGR1vTbi/nestedSubPages/iT55qp9NAFOvZLBAiQzC/topics/nWHmcLCOYFPkjaWIHcVu/quizzes/6nsPTPAqouKWgBE6AzAA","pillarPages/nursing-test-bank/subPages/z0xzINtS3EohZNaKosBz/nestedSubPages/lyrHg4RBzN6UafuymMFT/topics/6i5h4wWlOfz4R8huNTkC/quizzes/2fG2uGhn6fyk67ZYFnah"
"1.000","HESI RN Mental Health Proctored Exam Practice Questions - Set 7","ATI PN Mental Health Proctored Exam 2023 Practice Questions - Set 12","hesi-rn-mental-health-proctored-exam-practice-questions-set-7","ati-pn-mental-health-proctored-exam-2023-practice-questions-set-12","RN Exams > HESI RN Exams > Mental Health","LPN Exams > ATI LPN Exams > Mental Health","pillarPages/nursing-test-bank/subPages/SuT1noZoNGEjKGR1vTbi/nestedSubPages/iT55qp9NAFOvZLBAiQzC/topics/nWHmcLCOYFPkjaWIHcVu/quizzes/6nsPTPAqouKWgBE6AzAA","pillarPages/nursing-test-bank/subPages/z0xzINtS3EohZNaKosBz/nestedSubPages/lyrHg4RBzN6UafuymMFT/topics/6i5h4wWlOfz4R8huNTkC/quizzes/87iwgbc9j81OVcednIg7"
"1.000","HESI RN Mental Health Proctored Exam Practice Questions - Set 7","ATI PN Mental Health Proctored Exam Practice Questions - Set 6","hesi-rn-mental-health-proctored-exam-practice-questions-set-7","ati-pn-mental-health-proctored-exam-practice-questions-set-6","RN Exams > HESI RN Exams > Mental Health","LPN Exams > ATI LPN Exams > Mental Health","pillarPages/nursing-test-bank/subPages/SuT1noZoNGEjKGR1vTbi/nestedSubPages/iT55qp9NAFOvZLBAiQzC/topics/nWHmcLCOYFPkjaWIHcVu/quizzes/6nsPTPAqouKWgBE6AzAA","pillarPages/nursing-test-bank/subPages/z0xzINtS3EohZNaKosBz/nestedSubPages/lyrHg4RBzN6UafuymMFT/topics/6i5h4wWlOfz4R8huNTkC/quizzes/D7Gmvl2j5bTkFaVU4erQ"
"1.000","HESI RN Mental Health Proctored Exam Practice Questions - Set 7","ATI PN Mental Health Proctored Exam Practice Questions - Set 20","hesi-rn-mental-health-proctored-exam-practice-questions-set-7","ati-pn-mental-health-proctored-exam-practice-questions-set-20","RN Exams > HESI RN Exams > Mental Health","LPN Exams > ATI LPN Exams > Mental Health","pillarPages/nursing-test-bank/subPages/SuT1noZoNGEjKGR1vTbi/nestedSubPages/iT55qp9NAFOvZLBAiQzC/topics/nWHmcLCOYFPkjaWIHcVu/quizzes/6nsPTPAqouKWgBE6AzAA","pillarPages/nursing-test-bank/subPages/z0xzINtS3EohZNaKosBz/nestedSubPages/lyrHg4RBzN6UafuymMFT/topics/6i5h4wWlOfz4R8huNTkC/quizzes/EfV4aTuYMVOaoBvfUZFW"
"1.000","HESI RN Mental Health Proctored Exam Practice Questions - Set 7","ATI PN Mental Health 2023 Proctored Exam Practice Questions - Set 16","hesi-rn-mental-health-proctored-exam-practice-questions-set-7","ati-pn-mental-health-2023-proctored-exam-practice-questions-set-16","RN Exams > HESI RN Exams > Mental Health","LPN Exams > ATI LPN Exams > Mental Health","pillarPages/nursing-test-bank/subPages/SuT1noZoNGEjKGR1vTbi/nestedSubPages/iT55qp9NAFOvZLBAiQzC/topics/nWHmcLCOYFPkjaWIHcVu/quizzes/6nsPTPAqouKWgBE6AzAA","pillarPages/nursing-test-bank/subPages/z0xzINtS3EohZNaKosBz/nestedSubPages/lyrHg4RBzN6UafuymMFT/topics/6i5h4wWlOfz4R8huNTkC/quizzes/Fd4CUWFrC0EHRcUrIpx4"
"1.000","HESI RN Mental Health Proctored Exam Practice Questions - Set 7","ATI PN Mental Health Proctored Exam Practice Questions - Set 3","hesi-rn-mental-health-proctored-exam-practice-questions-set-7","ati-pn-mental-health-proctored-exam-practice-questions-set-3","RN Exams > HESI RN Exams > Mental Health","LPN Exams > ATI LPN Exams > Mental Health","pillarPages/nursing-test-bank/subPages/SuT1noZoNGEjKGR1vTbi/nestedSubPages/iT55qp9NAFOvZLBAiQzC/topics/nWHmcLCOYFPkjaWIHcVu/quizzes/6nsPTPAqouKWgBE6AzAA","pillarPages/nursing-test-bank/subPages/z0xzINtS3EohZNaKosBz/nestedSubPages/lyrHg4RBzN6UafuymMFT/topics/6i5h4wWlOfz4R8huNTkC/quizzes/NmyWvm446Bgz09F1MCl2"
"1.000","HESI RN Mental Health Proctored Exam Practice Questions - Set 7","ATI PN Mental Health Proctored Exam Practice Questions - Set 21","hesi-rn-mental-health-proctored-exam-practice-questions-set-7","ati-pn-mental-health-proctored-exam-practice-questions-set-21","RN Exams > HESI RN Exams > Mental Health","LPN Exams > ATI LPN Exams > Mental Health","pillarPages/nursing-test-bank/subPages/SuT1noZoNGEjKGR1vTbi/nestedSubPages/iT55qp9NAFOvZLBAiQzC/topics/nWHmcLCOYFPkjaWIHcVu/quizzes/6nsPTPAqouKWgBE6AzAA","pillarPages/nursing-test-bank/subPages/z0xzINtS3EohZNaKosBz/nestedSubPages/lyrHg4RBzN6UafuymMFT/topics/6i5h4wWlOfz4R8huNTkC/quizzes/Q2fS8PmQ5wik85qwHuxw"
"1.000","HESI RN Mental Health Proctored Exam Practice Questions - Set 7","ATI PN Mental Health 2023 Proctored Exam Practice Questions - Set 17","hesi-rn-mental-health-proctored-exam-practice-questions-set-7","ati-pn-mental-health-2023-proctored-exam-practice-questions-set-17","RN Exams > HESI RN Exams > Mental Health","LPN Exams > ATI LPN Exams > Mental Health","pillarPages/nursing-test-bank/subPages/SuT1noZoNGEjKGR1vTbi/nestedSubPages/iT55qp9NAFOvZLBAiQzC/topics/nWHmcLCOYFPkjaWIHcVu/quizzes/6nsPTPAqouKWgBE6AzAA","pillarPages/nursing-test-bank/subPages/z0xzINtS3EohZNaKosBz/nestedSubPages/lyrHg4RBzN6UafuymMFT/topics/6i5h4wWlOfz4R8huNTkC/quizzes/Z4NAfejpaDgZZHU9Qdpz"
"1.000","HESI RN Mental Health Proctored Exam Practice Questions - Set 7","ATI PN Mental Health Quiz Proctored Exam Practice Questions - Set 19","hesi-rn-mental-health-proctored-exam-practice-questions-set-7","ati-pn-mental-health-quiz-proctored-exam-practice-questions-set-19","RN Exams > HESI RN Exams > Mental Health","LPN Exams > ATI LPN Exams > Mental Health","pillarPages/nursing-test-bank/subPages/SuT1noZoNGEjKGR1vTbi/nestedSubPages/iT55qp9NAFOvZLBAiQzC/topics/nWHmcLCOYFPkjaWIHcVu/quizzes/6nsPTPAqouKWgBE6AzAA","pillarPages/nursing-test-bank/subPages/z0xzINtS3EohZNaKosBz/nestedSubPages/lyrHg4RBzN6UafuymMFT/topics/6i5h4wWlOfz4R8huNTkC/quizzes/azlPQZl6jkNGLIXtXnDc"
"1.000","HESI RN Mental Health Proctored Exam Practice Questions - Set 7","ATI PN Mental Health Proctored Exam Practice Questions - Set 2","hesi-rn-mental-health-proctored-exam-practice-questions-set-7","ati-pn-mental-health-proctored-exam-practice-questions-set-2","RN Exams > HESI RN Exams > Mental Health","LPN Exams > ATI LPN Exams > Mental Health","pillarPages/nursing-test-bank/subPages/SuT1noZoNGEjKGR1vTbi/nestedSubPages/iT55qp9NAFOvZLBAiQzC/topics/nWHmcLCOYFPkjaWIHcVu/quizzes/6nsPTPAqouKWgBE6AzAA","pillarPages/nursing-test-bank/subPages/z0xzINtS3EohZNaKosBz/nestedSubPages/lyrHg4RBzN6UafuymMFT/topics/6i5h4wWlOfz4R8huNTkC/quizzes/dUh2HpoMmmz9AkeiPvna"
"1.000","HESI RN Mental Health Proctored Exam Practice Questions - Set 7","ATI PN Mental Health Proctored Exam Practice Questions - Set 7","hesi-rn-mental-health-proctored-exam-practice-questions-set-7","ati-pn-mental-health-proctored-exam-practice-questions-set-7","RN Exams > HESI RN Exams > Mental Health","LPN Exams > ATI LPN Exams > Mental Health","pillarPages/nursing-test-bank/subPages/SuT1noZoNGEjKGR1vTbi/nestedSubPages/iT55qp9NAFOvZLBAiQzC/topics/nWHmcLCOYFPkjaWIHcVu/quizzes/6nsPTPAqouKWgBE6AzAA","pillarPages/nursing-test-bank/subPages/z0xzINtS3EohZNaKosBz/nestedSubPages/lyrHg4RBzN6UafuymMFT/topics/6i5h4wWlOfz4R8huNTkC/quizzes/hthlfOCc1BGRxIETQQ1Z"
"1.000","HESI RN Mental Health Proctored Exam Practice Questions - Set 7","ATI PN Mental Health Proctored Exam Practice Questions - Set 4","hesi-rn-mental-health-proctored-exam-practice-questions-set-7","ati-pn-mental-health-proctored-exam-practice-questions-set-4","RN Exams > HESI RN Exams > Mental Health","LPN Exams > ATI LPN Exams > Mental Health","pillarPages/nursing-test-bank/subPages/SuT1noZoNGEjKGR1vTbi/nestedSubPages/iT55qp9NAFOvZLBAiQzC/topics/nWHmcLCOYFPkjaWIHcVu/quizzes/6nsPTPAqouKWgBE6AzAA","pillarPages/nursing-test-bank/subPages/z0xzINtS3EohZNaKosBz/nestedSubPages/lyrHg4RBzN6UafuymMFT/topics/6i5h4wWlOfz4R8huNTkC/quizzes/sceHL0R4Xdjbg0G5Ksz9"
"1.000","HESI RN Mental Health Proctored Exam Practice Questions - Set 7","ATI PN Mental Health Proctored Exam Practice Questions - Set 27","hesi-rn-mental-health-proctored-exam-practice-questions-set-7","ati-pn-mental-health-proctored-exam-practice-questions-set-27","RN Exams > HESI RN Exams > Mental Health","LPN Exams > ATI LPN Exams > Mental Health","pillarPages/nursing-test-bank/subPages/SuT1noZoNGEjKGR1vTbi/nestedSubPages/iT55qp9NAFOvZLBAiQzC/topics/nWHmcLCOYFPkjaWIHcVu/quizzes/6nsPTPAqouKWgBE6AzAA","pillarPages/nursing-test-bank/subPages/z0xzINtS3EohZNaKosBz/nestedSubPages/lyrHg4RBzN6UafuymMFT/topics/6i5h4wWlOfz4R8huNTkC/quizzes/ujhDVShnkrjKiFa6CSKq"
"1.000","HESI RN Mental Health with NGN Proctored Exam Practice Questions","RN Mental Health 2019 with NGN Proctored Exam Practice Questions","hesi-rn-mental-health-with-ngn-proctored-exam-practice-questions","rn-mental-health-2019-with-ngn-proctored-exam-practice-questions","RN Exams > HESI RN Exams > Mental Health","RN Exams > RN Nursing Course Exams > Mental Health","pillarPages/nursing-test-bank/subPages/SuT1noZoNGEjKGR1vTbi/nestedSubPages/iT55qp9NAFOvZLBAiQzC/topics/nWHmcLCOYFPkjaWIHcVu/quizzes/UyHAAPlQZRHvXnDJe8BT","pillarPages/nursing-test-bank/subPages/SuT1noZoNGEjKGR1vTbi/nestedSubPages/zMFBI0XMiRsJnnXWhL5S/topics/dwj41dVBiWR9v4FRpKhC/quizzes/MJvJDtKGfrbVrqoAxLTu"
"1.000","HESI RN Pediatrics Proctored Exam 2 Practice Questions - Set 9","HESI RN Pediatrics Proctored Exam 2 Practice Questions - Set 7","hesi-rn-pediatrics-proctored-exam-2-practice-questions-set-9","hesi-rn-pediatrics-proctored-exam-2-practice-questions-set-7","RN Exams > HESI RN Exams > Pediatric Nursing","RN Exams > HESI RN Exams > Pediatric Nursing","pillarPages/nursing-test-bank/subPages/SuT1noZoNGEjKGR1vTbi/nestedSubPages/iT55qp9NAFOvZLBAiQzC/topics/uXtCZ4Y6aeLjwMLtC1sD/quizzes/PTYmm8TVoT2XIkzfURws","pillarPages/nursing-test-bank/subPages/SuT1noZoNGEjKGR1vTbi/nestedSubPages/iT55qp9NAFOvZLBAiQzC/topics/uXtCZ4Y6aeLjwMLtC1sD/quizzes/v25vrShk6cfOSUbetqT4"
"1.000","HESI RN Pharmacology Proctored Exam 2 Practice Questions","Pharmacology 2 Proctored Exam Practice Questions","hesi-rn-pharmacology-proctored-exam-2-practice-questions","pharmacology-2-proctored-exam-practice-questions","RN Exams > HESI RN Exams > Pharmacology","RN Exams > RN Nursing Course Exams > Pharmacology","pillarPages/nursing-test-bank/subPages/SuT1noZoNGEjKGR1vTbi/nestedSubPages/iT55qp9NAFOvZLBAiQzC/topics/l1kSgSxIYg2SRUN8aWqE/quizzes/Aa85bCPVVatc7XdHzpeL","pillarPages/nursing-test-bank/subPages/SuT1noZoNGEjKGR1vTbi/nestedSubPages/zMFBI0XMiRsJnnXWhL5S/topics/qjQzp4HMFByeL1UEKGDd/quizzes/dB5Yo4Uy2n9bNBkPk95n"
"1.000","HESI RN Pharmacology Proctored Exam 2 Practice Questions","ATI PN Pharmacology 2020 Proctored Exam 2 Practice Questions","hesi-rn-pharmacology-proctored-exam-2-practice-questions","ati-pn-pharmacology-2020-proctored-exam-2-practice-questions","RN Exams > HESI RN Exams > Pharmacology","LPN Exams > ATI LPN Exams > Pharmacology","pillarPages/nursing-test-bank/subPages/SuT1noZoNGEjKGR1vTbi/nestedSubPages/iT55qp9NAFOvZLBAiQzC/topics/l1kSgSxIYg2SRUN8aWqE/quizzes/Aa85bCPVVatc7XdHzpeL","pillarPages/nursing-test-bank/subPages/z0xzINtS3EohZNaKosBz/nestedSubPages/lyrHg4RBzN6UafuymMFT/topics/13a3GLxldltUqhIxNzkr/quizzes/lmug906pp1WnG1RzHpyH"
"1.000","HESI RN WGU Foundation of Nursing Proctored Exam Practice Questions","HESI RN Foundation of Nursing WGU Proctored Exam Practice Questions","hesi-rn-wgu-foundation-of-nursing-proctored-exam-practice-questions","hesi-rn-foundation-of-nursing-wgu-proctored-exam-practice-questions","RN Exams > HESI RN Exams > Fundamentals","RN Exams > HESI RN Exams > Fundamentals","pillarPages/nursing-test-bank/subPages/SuT1noZoNGEjKGR1vTbi/nestedSubPages/iT55qp9NAFOvZLBAiQzC/topics/70YsvvAfpEoWkJ2zO8Vy/quizzes/KYEST79DJtzAqSE595ZR","pillarPages/nursing-test-bank/subPages/SuT1noZoNGEjKGR1vTbi/nestedSubPages/iT55qp9NAFOvZLBAiQzC/topics/70YsvvAfpEoWkJ2zO8Vy/quizzes/VwI7ZDJkdwonDjEtu6w9"
"1.000","HESI RN WGU Foundation of Nursing Proctored Exam Practice Questions","WGU HESI RN Foundation of Nursing Proctored Exam Practice Questions","hesi-rn-wgu-foundation-of-nursing-proctored-exam-practice-questions","wgu-hesi-rn-foundation-of-nursing-proctored-exam-practice-questions","RN Exams > HESI RN Exams > Fundamentals","RN Exams > HESI RN Exams > Fundamentals","pillarPages/nursing-test-bank/subPages/SuT1noZoNGEjKGR1vTbi/nestedSubPages/iT55qp9NAFOvZLBAiQzC/topics/70YsvvAfpEoWkJ2zO8Vy/quizzes/KYEST79DJtzAqSE595ZR","pillarPages/nursing-test-bank/subPages/SuT1noZoNGEjKGR1vTbi/nestedSubPages/iT55qp9NAFOvZLBAiQzC/topics/70YsvvAfpEoWkJ2zO8Vy/quizzes/scUQyNlRvgEmdkevnnJk"
"1.000","LPN Anatomy and Physiology Proctored Exam Practice Questions","Anatomy and Physiology Proctored Exam Practice Questions - Set 5","lpn-anatomy-and-physiology-proctored-exam-practice-questions","anatomy-and-physiology-proctored-exam-practice-questions-set-5","RN Exams > RN Nursing Course Exams > Anatomy and Physiology","RN Exams > RN Nursing Course Exams > Anatomy and Physiology","pillarPages/nursing-test-bank/subPages/SuT1noZoNGEjKGR1vTbi/nestedSubPages/zMFBI0XMiRsJnnXWhL5S/topics/PavJlfHXwXRUhopKAOO9/quizzes/obLgG1dl2HKxhBWFu5sv","pillarPages/nursing-test-bank/subPages/SuT1noZoNGEjKGR1vTbi/nestedSubPages/zMFBI0XMiRsJnnXWhL5S/topics/PavJlfHXwXRUhopKAOO9/quizzes/shHudszIJhQYLSh7McFo"
"1.000","LPN Anatomy and Physiology Proctored Exam Practice Questions","Anatomy and Physiology Proctored Exam Practice Questions - Set 10","lpn-anatomy-and-physiology-proctored-exam-practice-questions","anatomy-and-physiology-proctored-exam-practice-questions-set-10","RN Exams > RN Nursing Course Exams > Anatomy and Physiology","RN Exams > RN Nursing Course Exams > Anatomy and Physiology","pillarPages/nursing-test-bank/subPages/SuT1noZoNGEjKGR1vTbi/nestedSubPages/zMFBI0XMiRsJnnXWhL5S/topics/PavJlfHXwXRUhopKAOO9/quizzes/obLgG1dl2HKxhBWFu5sv","pillarPages/nursing-test-bank/subPages/SuT1noZoNGEjKGR1vTbi/nestedSubPages/zMFBI0XMiRsJnnXWhL5S/topics/PavJlfHXwXRUhopKAOO9/quizzes/xgzVBGqVgEjv1E2j4904"
"1.000","LPN Anatomy and Physiology Proctored Exam Practice Questions","ATI PN Anatomy and Physiology Proctored Exam Practice Questions - Set 2","lpn-anatomy-and-physiology-proctored-exam-practice-questions","ati-pn-anatomy-and-physiology-proctored-exam-practice-questions-set-2","RN Exams > RN Nursing Course Exams > Anatomy and Physiology","LPN Exams > ATI LPN Exams > Anatomy and Physiology","pillarPages/nursing-test-bank/subPages/SuT1noZoNGEjKGR1vTbi/nestedSubPages/zMFBI0XMiRsJnnXWhL5S/topics/PavJlfHXwXRUhopKAOO9/quizzes/obLgG1dl2HKxhBWFu5sv","pillarPages/nursing-test-bank/subPages/z0xzINtS3EohZNaKosBz/nestedSubPages/lyrHg4RBzN6UafuymMFT/topics/j5H2Ra9IgckkioC7vNSj/quizzes/BQt862kmRN23DCkh3PyI"
"1.000","LPN Anatomy and Physiology Proctored Exam Practice Questions","ATI PN Anatomy and Physiology Proctored Exam Practice Questions - Set 3","lpn-anatomy-and-physiology-proctored-exam-practice-questions","ati-pn-anatomy-and-physiology-proctored-exam-practice-questions-set-3","RN Exams > RN Nursing Course Exams > Anatomy and Physiology","LPN Exams > ATI LPN Exams > Anatomy and Physiology","pillarPages/nursing-test-bank/subPages/SuT1noZoNGEjKGR1vTbi/nestedSubPages/zMFBI0XMiRsJnnXWhL5S/topics/PavJlfHXwXRUhopKAOO9/quizzes/obLgG1dl2HKxhBWFu5sv","pillarPages/nursing-test-bank/subPages/z0xzINtS3EohZNaKosBz/nestedSubPages/lyrHg4RBzN6UafuymMFT/topics/j5H2Ra9IgckkioC7vNSj/quizzes/BjFkdXJGYGg1TurUdCIg"
"1.000","LPN Anatomy and Physiology Proctored Exam Practice Questions","ATI PN Anatomy and Physiology Proctored Exam Practice Questions - Set 7","lpn-anatomy-and-physiology-proctored-exam-practice-questions","ati-pn-anatomy-and-physiology-proctored-exam-practice-questions-set-7","RN Exams > RN Nursing Course Exams > Anatomy and Physiology","LPN Exams > ATI LPN Exams > Anatomy and Physiology","pillarPages/nursing-test-bank/subPages/SuT1noZoNGEjKGR1vTbi/nestedSubPages/zMFBI0XMiRsJnnXWhL5S/topics/PavJlfHXwXRUhopKAOO9/quizzes/obLgG1dl2HKxhBWFu5sv","pillarPages/nursing-test-bank/subPages/z0xzINtS3EohZNaKosBz/nestedSubPages/lyrHg4RBzN6UafuymMFT/topics/j5H2Ra9IgckkioC7vNSj/quizzes/M9QU2W6AbvrmWM9FUtnK"
"1.000","LPN Anatomy and Physiology Proctored Exam Practice Questions","ATI PN Anatomy and Physiology Proctored Exam Practice Questions - Set 4","lpn-anatomy-and-physiology-proctored-exam-practice-questions","ati-pn-anatomy-and-physiology-proctored-exam-practice-questions-set-4","RN Exams > RN Nursing Course Exams > Anatomy and Physiology","LPN Exams > ATI LPN Exams > Anatomy and Physiology","pillarPages/nursing-test-bank/subPages/SuT1noZoNGEjKGR1vTbi/nestedSubPages/zMFBI0XMiRsJnnXWhL5S/topics/PavJlfHXwXRUhopKAOO9/quizzes/obLgG1dl2HKxhBWFu5sv","pillarPages/nursing-test-bank/subPages/z0xzINtS3EohZNaKosBz/nestedSubPages/lyrHg4RBzN6UafuymMFT/topics/j5H2Ra9IgckkioC7vNSj/quizzes/SPRE7aJa8YoN3Rvy1hGn"
"1.000","LPN Anatomy and Physiology Proctored Exam Practice Questions","ATI PN Anatomy and Physiology Proctored Exam Practice Questions - Set 1","lpn-anatomy-and-physiology-proctored-exam-practice-questions","ati-pn-anatomy-and-physiology-proctored-exam-practice-questions-set-1","RN Exams > RN Nursing Course Exams > Anatomy and Physiology","LPN Exams > ATI LPN Exams > Anatomy and Physiology","pillarPages/nursing-test-bank/subPages/SuT1noZoNGEjKGR1vTbi/nestedSubPages/zMFBI0XMiRsJnnXWhL5S/topics/PavJlfHXwXRUhopKAOO9/quizzes/obLgG1dl2HKxhBWFu5sv","pillarPages/nursing-test-bank/subPages/z0xzINtS3EohZNaKosBz/nestedSubPages/lyrHg4RBzN6UafuymMFT/topics/j5H2Ra9IgckkioC7vNSj/quizzes/vEV3Ov1JMHdvu8tEE8Fx"
"1.000","LPN Anatomy and Physiology Proctored Exam Practice Questions","ATI PN Anatomy and Physiology Proctored Exam Practice Questions - Set 6","lpn-anatomy-and-physiology-proctored-exam-practice-questions","ati-pn-anatomy-and-physiology-proctored-exam-practice-questions-set-6","RN Exams > RN Nursing Course Exams > Anatomy and Physiology","LPN Exams > ATI LPN Exams > Anatomy and Physiology","pillarPages/nursing-test-bank/subPages/SuT1noZoNGEjKGR1vTbi/nestedSubPages/zMFBI0XMiRsJnnXWhL5S/topics/PavJlfHXwXRUhopKAOO9/quizzes/obLgG1dl2HKxhBWFu5sv","pillarPages/nursing-test-bank/subPages/z0xzINtS3EohZNaKosBz/nestedSubPages/lyrHg4RBzN6UafuymMFT/topics/j5H2Ra9IgckkioC7vNSj/quizzes/wnLgyB05a8GIdCTdb6rd"
"1.000","LPN Basic Nursing Proctored Exam (Fundamentals) Practice Questions","LPN Fundamentals Proctored Exam (Basic Nursing) - Set 2 Practice Questions","lpn-basic-nursing-proctored-exam-fundamentals-practice-questions","lpn-fundamentals-proctored-exam-basic-nursing-set-2-practice-questions","LPN Exams > LPN Nursing Course Exams > Fundamentals","LPN Exams > LPN Nursing Course Exams > Fundamentals","pillarPages/nursing-test-bank/subPages/z0xzINtS3EohZNaKosBz/nestedSubPages/3K3wv7IGcDcXvSNM9Kxm/topics/XKenRdlHMVfdY4Dl99G2/quizzes/mKvZHuQw9aaNdqJWPjjZ","pillarPages/nursing-test-bank/subPages/z0xzINtS3EohZNaKosBz/nestedSubPages/3K3wv7IGcDcXvSNM9Kxm/topics/XKenRdlHMVfdY4Dl99G2/quizzes/tSHpzu8EtjcDHeg1jVJH"
"1.000","LPN Fundamentals Proctored Exam (Basic Nursing) - Set 4 Practice Questions","LPN Basic Nursing Proctored Exam (Fundamentals) Practice Questions","lpn-fundamentals-proctored-exam-basic-nursing-set-4-practice-questions","lpn-basic-nursing-proctored-exam-fundamentals-practice-questions","LPN Exams > LPN Nursing Course Exams > Fundamentals","LPN Exams > LPN Nursing Course Exams > Fundamentals","pillarPages/nursing-test-bank/subPages/z0xzINtS3EohZNaKosBz/nestedSubPages/3K3wv7IGcDcXvSNM9Kxm/topics/XKenRdlHMVfdY4Dl99G2/quizzes/ZAKTIk4iK5WyJRXVXPVv","pillarPages/nursing-test-bank/subPages/z0xzINtS3EohZNaKosBz/nestedSubPages/3K3wv7IGcDcXvSNM9Kxm/topics/XKenRdlHMVfdY4Dl99G2/quizzes/mKvZHuQw9aaNdqJWPjjZ"
"1.000","LPN Fundamentals Proctored Exam (Basic Nursing) - Set 4 Practice Questions","LPN Fundamentals Proctored Exam (Basic Nursing) - Set 2 Practice Questions","lpn-fundamentals-proctored-exam-basic-nursing-set-4-practice-questions","lpn-fundamentals-proctored-exam-basic-nursing-set-2-practice-questions","LPN Exams > LPN Nursing Course Exams > Fundamentals","LPN Exams > LPN Nursing Course Exams > Fundamentals","pillarPages/nursing-test-bank/subPages/z0xzINtS3EohZNaKosBz/nestedSubPages/3K3wv7IGcDcXvSNM9Kxm/topics/XKenRdlHMVfdY4Dl99G2/quizzes/ZAKTIk4iK5WyJRXVXPVv","pillarPages/nursing-test-bank/subPages/z0xzINtS3EohZNaKosBz/nestedSubPages/3K3wv7IGcDcXvSNM9Kxm/topics/XKenRdlHMVfdY4Dl99G2/quizzes/tSHpzu8EtjcDHeg1jVJH"
"1.000","LPN Med Surg Proctored Exam Practice Questions","ATI PN Med Surg Proctored Exam Practice Questions - Set 14","lpn-med-surg-proctored-exam-practice-questions","ati-pn-med-surg-proctored-exam-practice-questions-set-14","LPN Exams > LPN Nursing Course Exams > Medical Surgical","LPN Exams > ATI LPN Exams > Adult Medical Surgical","pillarPages/nursing-test-bank/subPages/z0xzINtS3EohZNaKosBz/nestedSubPages/3K3wv7IGcDcXvSNM9Kxm/topics/AlR3KvZbCSZXo21jeLnT/quizzes/r0i9bbqJEBzcWYyMY6K2","pillarPages/nursing-test-bank/subPages/z0xzINtS3EohZNaKosBz/nestedSubPages/lyrHg4RBzN6UafuymMFT/topics/NywbGW22YNeZSM3kuwKk/quizzes/4MGJngTxlLpNA9gMl6Hs"
"1.000","LPN Med Surg Proctored Exam Practice Questions","ATI PN Med Surg Proctored Exam Practice Questions - Set 69","lpn-med-surg-proctored-exam-practice-questions","ati-pn-med-surg-proctored-exam-practice-questions-set-69","LPN Exams > LPN Nursing Course Exams > Medical Surgical","LPN Exams > ATI LPN Exams > Adult Medical Surgical","pillarPages/nursing-test-bank/subPages/z0xzINtS3EohZNaKosBz/nestedSubPages/3K3wv7IGcDcXvSNM9Kxm/topics/AlR3KvZbCSZXo21jeLnT/quizzes/r0i9bbqJEBzcWYyMY6K2","pillarPages/nursing-test-bank/subPages/z0xzINtS3EohZNaKosBz/nestedSubPages/lyrHg4RBzN6UafuymMFT/topics/NywbGW22YNeZSM3kuwKk/quizzes/DGXa0b1J9HtFiPOazIql"
"1.000","LPN Med Surg Proctored Exam Practice Questions","ATI PN Med Surg Proctored Exam Practice Questions - Set 20","lpn-med-surg-proctored-exam-practice-questions","ati-pn-med-surg-proctored-exam-practice-questions-set-20","LPN Exams > LPN Nursing Course Exams > Medical Surgical","LPN Exams > ATI LPN Exams > Adult Medical Surgical","pillarPages/nursing-test-bank/subPages/z0xzINtS3EohZNaKosBz/nestedSubPages/3K3wv7IGcDcXvSNM9Kxm/topics/AlR3KvZbCSZXo21jeLnT/quizzes/r0i9bbqJEBzcWYyMY6K2","pillarPages/nursing-test-bank/subPages/z0xzINtS3EohZNaKosBz/nestedSubPages/lyrHg4RBzN6UafuymMFT/topics/NywbGW22YNeZSM3kuwKk/quizzes/UNpA2CM7ebFWBcyGTTh4"
"1.000","Maternal Newborn Proctored Exam Practice Questions","ATI PN Maternal Newborn Proctored Exam Practice Questions - Set 2","maternal-newborn-proctored-exam-practice-questions","ati-pn-maternal-newborn-proctored-exam-practice-questions-set-2","RN Exams > RN Nursing Course Exams > Maternal Newborn","LPN Exams > ATI LPN Exams > Maternal Newborn","pillarPages/nursing-test-bank/subPages/SuT1noZoNGEjKGR1vTbi/nestedSubPages/zMFBI0XMiRsJnnXWhL5S/topics/stnDIFRoA0VwLaoxbGv1/quizzes/iCXgtYgRNK2zgPHiEt04","pillarPages/nursing-test-bank/subPages/z0xzINtS3EohZNaKosBz/nestedSubPages/lyrHg4RBzN6UafuymMFT/topics/ZwY2vYN2X4tXEKOv2x6h/quizzes/2pISLuROBybQHEYGwydT"
"1.000","Maternal Newborn Proctored Exam Practice Questions","ATI PN Maternal Newborn Proctored Exam Practice Questions - Set 4","maternal-newborn-proctored-exam-practice-questions","ati-pn-maternal-newborn-proctored-exam-practice-questions-set-4","RN Exams > RN Nursing Course Exams > Maternal Newborn","LPN Exams > ATI LPN Exams > Maternal Newborn","pillarPages/nursing-test-bank/subPages/SuT1noZoNGEjKGR1vTbi/nestedSubPages/zMFBI0XMiRsJnnXWhL5S/topics/stnDIFRoA0VwLaoxbGv1/quizzes/iCXgtYgRNK2zgPHiEt04","pillarPages/nursing-test-bank/subPages/z0xzINtS3EohZNaKosBz/nestedSubPages/lyrHg4RBzN6UafuymMFT/topics/ZwY2vYN2X4tXEKOv2x6h/quizzes/3yr6vUzORUezPATWG4jN"
"1.000","Maternal Newborn Proctored Exam Practice Questions","ATI PN Maternal Newborn 2023 Proctored Exam Practice Questions - Set 1","maternal-newborn-proctored-exam-practice-questions","ati-pn-maternal-newborn-2023-proctored-exam-practice-questions-set-1","RN Exams > RN Nursing Course Exams > Maternal Newborn","LPN Exams > ATI LPN Exams > Maternal Newborn","pillarPages/nursing-test-bank/subPages/SuT1noZoNGEjKGR1vTbi/nestedSubPages/zMFBI0XMiRsJnnXWhL5S/topics/stnDIFRoA0VwLaoxbGv1/quizzes/iCXgtYgRNK2zgPHiEt04","pillarPages/nursing-test-bank/subPages/z0xzINtS3EohZNaKosBz/nestedSubPages/lyrHg4RBzN6UafuymMFT/topics/ZwY2vYN2X4tXEKOv2x6h/quizzes/ECRqRGdgjTT62PogLp3c"
"1.000","Maternal Newborn Proctored Exam Practice Questions","ATI PN Maternal Newborn Proctored Exam Practice Questions - Set 16","maternal-newborn-proctored-exam-practice-questions","ati-pn-maternal-newborn-proctored-exam-practice-questions-set-16","RN Exams > RN Nursing Course Exams > Maternal Newborn","LPN Exams > ATI LPN Exams > Maternal Newborn","pillarPages/nursing-test-bank/subPages/SuT1noZoNGEjKGR1vTbi/nestedSubPages/zMFBI0XMiRsJnnXWhL5S/topics/stnDIFRoA0VwLaoxbGv1/quizzes/iCXgtYgRNK2zgPHiEt04","pillarPages/nursing-test-bank/subPages/z0xzINtS3EohZNaKosBz/nestedSubPages/lyrHg4RBzN6UafuymMFT/topics/ZwY2vYN2X4tXEKOv2x6h/quizzes/H9OIb6stuQTogTuCToAY"
"1.000","Maternal Newborn Proctored Exam Practice Questions","ATI PN Maternal Newborn 2023 Proctored Exam Practice Questions - Set 15","maternal-newborn-proctored-exam-practice-questions","ati-pn-maternal-newborn-2023-proctored-exam-practice-questions-set-15","RN Exams > RN Nursing Course Exams > Maternal Newborn","LPN Exams > ATI LPN Exams > Maternal Newborn","pillarPages/nursing-test-bank/subPages/SuT1noZoNGEjKGR1vTbi/nestedSubPages/zMFBI0XMiRsJnnXWhL5S/topics/stnDIFRoA0VwLaoxbGv1/quizzes/iCXgtYgRNK2zgPHiEt04","pillarPages/nursing-test-bank/subPages/z0xzINtS3EohZNaKosBz/nestedSubPages/lyrHg4RBzN6UafuymMFT/topics/ZwY2vYN2X4tXEKOv2x6h/quizzes/JT2c69EWULbYPJQrU4Nb"
"1.000","Maternal Newborn Proctored Exam Practice Questions","ATI PN Maternal Newborn 2023 Proctored Exam Practice Questions - Set 14","maternal-newborn-proctored-exam-practice-questions","ati-pn-maternal-newborn-2023-proctored-exam-practice-questions-set-14","RN Exams > RN Nursing Course Exams > Maternal Newborn","LPN Exams > ATI LPN Exams > Maternal Newborn","pillarPages/nursing-test-bank/subPages/SuT1noZoNGEjKGR1vTbi/nestedSubPages/zMFBI0XMiRsJnnXWhL5S/topics/stnDIFRoA0VwLaoxbGv1/quizzes/iCXgtYgRNK2zgPHiEt04","pillarPages/nursing-test-bank/subPages/z0xzINtS3EohZNaKosBz/nestedSubPages/lyrHg4RBzN6UafuymMFT/topics/ZwY2vYN2X4tXEKOv2x6h/quizzes/RwXrs1cNzRzi6xjkzcB9"
"1.000","Maternal Newborn Proctored Exam Practice Questions","ATI PN Maternal Newborn 2023 Proctored Exam Practice Questions - Set 9","maternal-newborn-proctored-exam-practice-questions","ati-pn-maternal-newborn-2023-proctored-exam-practice-questions-set-9","RN Exams > RN Nursing Course Exams > Maternal Newborn","LPN Exams > ATI LPN Exams > Maternal Newborn","pillarPages/nursing-test-bank/subPages/SuT1noZoNGEjKGR1vTbi/nestedSubPages/zMFBI0XMiRsJnnXWhL5S/topics/stnDIFRoA0VwLaoxbGv1/quizzes/iCXgtYgRNK2zgPHiEt04","pillarPages/nursing-test-bank/subPages/z0xzINtS3EohZNaKosBz/nestedSubPages/lyrHg4RBzN6UafuymMFT/topics/ZwY2vYN2X4tXEKOv2x6h/quizzes/dMHTlzyIuyJX7CAqVPko"
"1.000","Maternal Newborn Proctored Exam Practice Questions","ATI PN Maternal Newborn Proctored Exam Practice Questions - Set 17","maternal-newborn-proctored-exam-practice-questions","ati-pn-maternal-newborn-proctored-exam-practice-questions-set-17","RN Exams > RN Nursing Course Exams > Maternal Newborn","LPN Exams > ATI LPN Exams > Maternal Newborn","pillarPages/nursing-test-bank/subPages/SuT1noZoNGEjKGR1vTbi/nestedSubPages/zMFBI0XMiRsJnnXWhL5S/topics/stnDIFRoA0VwLaoxbGv1/quizzes/iCXgtYgRNK2zgPHiEt04","pillarPages/nursing-test-bank/subPages/z0xzINtS3EohZNaKosBz/nestedSubPages/lyrHg4RBzN6UafuymMFT/topics/ZwY2vYN2X4tXEKOv2x6h/quizzes/ewwc1ofqNfja9FQVcbPG"
"1.000","Maternal Newborn Proctored Exam Practice Questions","ATI PN Maternal Newborn Proctored Exam 2023 Practice Questions - Set 7","maternal-newborn-proctored-exam-practice-questions","ati-pn-maternal-newborn-proctored-exam-2023-practice-questions-set-7","RN Exams > RN Nursing Course Exams > Maternal Newborn","LPN Exams > ATI LPN Exams > Maternal Newborn","pillarPages/nursing-test-bank/subPages/SuT1noZoNGEjKGR1vTbi/nestedSubPages/zMFBI0XMiRsJnnXWhL5S/topics/stnDIFRoA0VwLaoxbGv1/quizzes/iCXgtYgRNK2zgPHiEt04","pillarPages/nursing-test-bank/subPages/z0xzINtS3EohZNaKosBz/nestedSubPages/lyrHg4RBzN6UafuymMFT/topics/ZwY2vYN2X4tXEKOv2x6h/quizzes/mJlcPfoVYt4thUpKn4xi"
"1.000","Maternal Newborn Proctored Exam Practice Questions","ATI PN Maternal Newborn 2020 Proctored Exam Practice Questions - Set 19","maternal-newborn-proctored-exam-practice-questions","ati-pn-maternal-newborn-2020-proctored-exam-practice-questions-set-19","RN Exams > RN Nursing Course Exams > Maternal Newborn","LPN Exams > ATI LPN Exams > Maternal Newborn","pillarPages/nursing-test-bank/subPages/SuT1noZoNGEjKGR1vTbi/nestedSubPages/zMFBI0XMiRsJnnXWhL5S/topics/stnDIFRoA0VwLaoxbGv1/quizzes/iCXgtYgRNK2zgPHiEt04","pillarPages/nursing-test-bank/subPages/z0xzINtS3EohZNaKosBz/nestedSubPages/lyrHg4RBzN6UafuymMFT/topics/ZwY2vYN2X4tXEKOv2x6h/quizzes/wgtUsFieAT42tBpHZ3SK"
"1.000","Maternal Newborn Proctored Exam Practice Questions","ATI PN Maternal Newborn 2023 Proctored Exam Practice Questions - Set 3","maternal-newborn-proctored-exam-practice-questions","ati-pn-maternal-newborn-2023-proctored-exam-practice-questions-set-3","RN Exams > RN Nursing Course Exams > Maternal Newborn","LPN Exams > ATI LPN Exams > Maternal Newborn","pillarPages/nursing-test-bank/subPages/SuT1noZoNGEjKGR1vTbi/nestedSubPages/zMFBI0XMiRsJnnXWhL5S/topics/stnDIFRoA0VwLaoxbGv1/quizzes/iCXgtYgRNK2zgPHiEt04","pillarPages/nursing-test-bank/subPages/z0xzINtS3EohZNaKosBz/nestedSubPages/lyrHg4RBzN6UafuymMFT/topics/ZwY2vYN2X4tXEKOv2x6h/quizzes/wwhPYhVvgp3H6fzgUaje"
"1.000","Maternity Proctored Exam (Samuel Merit University) Practice Questions - Set 11","Maternity Proctored Exam (Samuel Merit University) Practice Questions - Set 14","maternity-proctored-exam-samuel-merit-university-practice-questions-set-11","maternity-proctored-exam-samuel-merit-university-practice-questions-set-14","RN Exams > RN Nursing Course Exams > Maternal Newborn","RN Exams > RN Nursing Course Exams > Maternal Newborn","pillarPages/nursing-test-bank/subPages/SuT1noZoNGEjKGR1vTbi/nestedSubPages/zMFBI0XMiRsJnnXWhL5S/topics/stnDIFRoA0VwLaoxbGv1/quizzes/kAX4ONhMe5LDHGFpvQXe","pillarPages/nursing-test-bank/subPages/SuT1noZoNGEjKGR1vTbi/nestedSubPages/zMFBI0XMiRsJnnXWhL5S/topics/stnDIFRoA0VwLaoxbGv1/quizzes/oAjBKZnnwLQiHj0d3F7v"
"1.000","Maternity Proctored Exam (Samuel Merit University) Practice Questions - Set 12","Maternity Proctored Exam (Samuel Merit University) Practice Questions - Set 11","maternity-proctored-exam-samuel-merit-university-practice-questions-set-12","maternity-proctored-exam-samuel-merit-university-practice-questions-set-11","RN Exams > RN Nursing Course Exams > Maternal Newborn","RN Exams > RN Nursing Course Exams > Maternal Newborn","pillarPages/nursing-test-bank/subPages/SuT1noZoNGEjKGR1vTbi/nestedSubPages/zMFBI0XMiRsJnnXWhL5S/topics/stnDIFRoA0VwLaoxbGv1/quizzes/HPdum35qI5mIl6wRVctZ","pillarPages/nursing-test-bank/subPages/SuT1noZoNGEjKGR1vTbi/nestedSubPages/zMFBI0XMiRsJnnXWhL5S/topics/stnDIFRoA0VwLaoxbGv1/quizzes/kAX4ONhMe5LDHGFpvQXe"
"1.000","Maternity Proctored Exam (Samuel Merit University) Practice Questions - Set 12","Maternity Proctored Exam (Samuel Merit University) Practice Questions - Set 14","maternity-proctored-exam-samuel-merit-university-practice-questions-set-12","maternity-proctored-exam-samuel-merit-university-practice-questions-set-14","RN Exams > RN Nursing Course Exams > Maternal Newborn","RN Exams > RN Nursing Course Exams > Maternal Newborn","pillarPages/nursing-test-bank/subPages/SuT1noZoNGEjKGR1vTbi/nestedSubPages/zMFBI0XMiRsJnnXWhL5S/topics/stnDIFRoA0VwLaoxbGv1/quizzes/HPdum35qI5mIl6wRVctZ","pillarPages/nursing-test-bank/subPages/SuT1noZoNGEjKGR1vTbi/nestedSubPages/zMFBI0XMiRsJnnXWhL5S/topics/stnDIFRoA0VwLaoxbGv1/quizzes/oAjBKZnnwLQiHj0d3F7v"
"1.000","Med Surg Proctored Exam - Regular Practice Questions","Med Surg Proctored Exam (Regular) Practice Questions","med-surg-proctored-exam-regular-practice-questions-set-41","med-surg-proctored-exam-regular-practice-questions","RN Exams > RN Nursing Course Exams > Medical Surgical","RN Exams > RN Nursing Course Exams > Medical Surgical","pillarPages/nursing-test-bank/subPages/SuT1noZoNGEjKGR1vTbi/nestedSubPages/zMFBI0XMiRsJnnXWhL5S/topics/4xNDZPMszSkpgRfEsOck/quizzes/aSx8oeNBNSxMjepsIi7Q","pillarPages/nursing-test-bank/subPages/SuT1noZoNGEjKGR1vTbi/nestedSubPages/zMFBI0XMiRsJnnXWhL5S/topics/4xNDZPMszSkpgRfEsOck/quizzes/zx7Nbjndb95SeBJLVeZq"
"1.000","Med Surg Proctored Exam (Cni College) Practice Questions - Set 27","Med Surg Proctored Exam (Cni College) Practice Questions - Set 57","med-surg-proctored-exam-cni-college-practice-questions-set-27","med-surg-proctored-exam-cni-college-practice-questions-set-57","RN Exams > RN Nursing Course Exams > Medical Surgical","RN Exams > RN Nursing Course Exams > Medical Surgical","pillarPages/nursing-test-bank/subPages/SuT1noZoNGEjKGR1vTbi/nestedSubPages/zMFBI0XMiRsJnnXWhL5S/topics/4xNDZPMszSkpgRfEsOck/quizzes/UMUpMxf65LAN0AnFrsaV","pillarPages/nursing-test-bank/subPages/SuT1noZoNGEjKGR1vTbi/nestedSubPages/zMFBI0XMiRsJnnXWhL5S/topics/4xNDZPMszSkpgRfEsOck/quizzes/yXINuiHNupyhUA8oW0rO"
"1.000","Med Surg Proctored Exam (Cni College) Practice Questions - Set 52","Med Surg Proctored Exam (Cni College) Practice Questions - Set 27","med-surg-proctored-exam-cni-college-practice-questions-set-52","med-surg-proctored-exam-cni-college-practice-questions-set-27","RN Exams > RN Nursing Course Exams > Medical Surgical","RN Exams > RN Nursing Course Exams > Medical Surgical","pillarPages/nursing-test-bank/subPages/SuT1noZoNGEjKGR1vTbi/nestedSubPages/zMFBI0XMiRsJnnXWhL5S/topics/4xNDZPMszSkpgRfEsOck/quizzes/4DyZxWg19FyERcuhR5kX","pillarPages/nursing-test-bank/subPages/SuT1noZoNGEjKGR1vTbi/nestedSubPages/zMFBI0XMiRsJnnXWhL5S/topics/4xNDZPMszSkpgRfEsOck/quizzes/UMUpMxf65LAN0AnFrsaV"
"1.000","Med Surg Proctored Exam (Cni College) Practice Questions - Set 52","Med Surg Proctored Exam (Cni College) Practice Questions - Set 57","med-surg-proctored-exam-cni-college-practice-questions-set-52","med-surg-proctored-exam-cni-college-practice-questions-set-57","RN Exams > RN Nursing Course Exams > Medical Surgical","RN Exams > RN Nursing Course Exams > Medical Surgical","pillarPages/nursing-test-bank/subPages/SuT1noZoNGEjKGR1vTbi/nestedSubPages/zMFBI0XMiRsJnnXWhL5S/topics/4xNDZPMszSkpgRfEsOck/quizzes/4DyZxWg19FyERcuhR5kX","pillarPages/nursing-test-bank/subPages/SuT1noZoNGEjKGR1vTbi/nestedSubPages/zMFBI0XMiRsJnnXWhL5S/topics/4xNDZPMszSkpgRfEsOck/quizzes/yXINuiHNupyhUA8oW0rO"
"1.000","Med Surg Proctored Exam (Ecpi College) Practice Questions - Set 34","Med Surg Proctored Exam (Ecpi College) Practice Questions - Set 28","med-surg-proctored-exam-ecpi-college-practice-questions-set-34","med-surg-proctored-exam-ecpi-college-practice-questions-set-28","RN Exams > RN Nursing Course Exams > Medical Surgical","RN Exams > RN Nursing Course Exams > Medical Surgical","pillarPages/nursing-test-bank/subPages/SuT1noZoNGEjKGR1vTbi/nestedSubPages/zMFBI0XMiRsJnnXWhL5S/topics/4xNDZPMszSkpgRfEsOck/quizzes/HqocejCljqCPsNcjTnp0","pillarPages/nursing-test-bank/subPages/SuT1noZoNGEjKGR1vTbi/nestedSubPages/zMFBI0XMiRsJnnXWhL5S/topics/4xNDZPMszSkpgRfEsOck/quizzes/ldAqaYXxdwfwF8YsqPN2"
"1.000","Med Surg Proctored Exam (Examplify) Practice Questions - Set 4","Med Surg Proctored Exam (Examplify) Practice Questions - Set 12","med-surg-proctored-exam-examplify-practice-questions-set-4","med-surg-proctored-exam-examplify-practice-questions-set-12","RN Exams > RN Nursing Course Exams > Medical Surgical","RN Exams > RN Nursing Course Exams > Medical Surgical","pillarPages/nursing-test-bank/subPages/SuT1noZoNGEjKGR1vTbi/nestedSubPages/zMFBI0XMiRsJnnXWhL5S/topics/4xNDZPMszSkpgRfEsOck/quizzes/6cpQ0NEE2alhbNfhjpZi","pillarPages/nursing-test-bank/subPages/SuT1noZoNGEjKGR1vTbi/nestedSubPages/zMFBI0XMiRsJnnXWhL5S/topics/4xNDZPMszSkpgRfEsOck/quizzes/nOMgvEhh0gzm3HEADaL9"
"1.000","Med Surg Proctored Exam (Montgomery College) Practice Questions","Med Surg Proctored Exam Montgomery College Practice Questions","med-surg-proctored-exam-montgomery-college-practice-questions","med-surg-proctored-exam-montgomery-college-practice-questions-set-58","RN Exams > RN Nursing Course Exams > Medical Surgical","RN Exams > RN Nursing Course Exams > Medical Surgical","pillarPages/nursing-test-bank/subPages/SuT1noZoNGEjKGR1vTbi/nestedSubPages/zMFBI0XMiRsJnnXWhL5S/topics/4xNDZPMszSkpgRfEsOck/quizzes/3xxwb2QPpoETFPdcY1Tv","pillarPages/nursing-test-bank/subPages/SuT1noZoNGEjKGR1vTbi/nestedSubPages/zMFBI0XMiRsJnnXWhL5S/topics/4xNDZPMszSkpgRfEsOck/quizzes/ATqbB6626W4L0bvp4zed"
"1.000","Med Surg Proctored Exam (Respiratory) Practice Questions","ATI PN Med Surg Respiratory Proctored Exam Practice Questions - Set 19","med-surg-proctored-exam-respiratory-practice-questions","ati-pn-med-surg-respiratory-proctored-exam-practice-questions-set-19","RN Exams > RN Nursing Course Exams > Medical Surgical","LPN Exams > ATI LPN Exams > Adult Medical Surgical","pillarPages/nursing-test-bank/subPages/SuT1noZoNGEjKGR1vTbi/nestedSubPages/zMFBI0XMiRsJnnXWhL5S/topics/4xNDZPMszSkpgRfEsOck/quizzes/I8esNA76I7cPQqu0Fbf8","pillarPages/nursing-test-bank/subPages/z0xzINtS3EohZNaKosBz/nestedSubPages/lyrHg4RBzN6UafuymMFT/topics/NywbGW22YNeZSM3kuwKk/quizzes/8XHFE7onnG2jheIvCKe7"
"1.000","Med Surg Proctored Exam (Respiratory) Practice Questions","ATI PN Med Surg Respiratory Proctored Exam Practice Questions - Set 5","med-surg-proctored-exam-respiratory-practice-questions","ati-pn-med-surg-respiratory-proctored-exam-practice-questions-set-5","RN Exams > RN Nursing Course Exams > Medical Surgical","LPN Exams > ATI LPN Exams > Adult Medical Surgical","pillarPages/nursing-test-bank/subPages/SuT1noZoNGEjKGR1vTbi/nestedSubPages/zMFBI0XMiRsJnnXWhL5S/topics/4xNDZPMszSkpgRfEsOck/quizzes/I8esNA76I7cPQqu0Fbf8","pillarPages/nursing-test-bank/subPages/z0xzINtS3EohZNaKosBz/nestedSubPages/lyrHg4RBzN6UafuymMFT/topics/NywbGW22YNeZSM3kuwKk/quizzes/zPP70Psg7GnPF0wrD1DP"
"1.000","Med Surg Proctored Exam 1 Practice Questions","ATI PN Med Surg Proctored Exam 1 Practice Questions","med-surg-proctored-exam-1-practice-questions","ati-pn-med-surg-proctored-exam-1-practice-questions","RN Exams > RN Nursing Course Exams > Medical Surgical","LPN Exams > ATI LPN Exams > Adult Medical Surgical","pillarPages/nursing-test-bank/subPages/SuT1noZoNGEjKGR1vTbi/nestedSubPages/zMFBI0XMiRsJnnXWhL5S/topics/4xNDZPMszSkpgRfEsOck/quizzes/DxDHsUII46yEZIORt5SH","pillarPages/nursing-test-bank/subPages/z0xzINtS3EohZNaKosBz/nestedSubPages/lyrHg4RBzN6UafuymMFT/topics/NywbGW22YNeZSM3kuwKk/quizzes/OVd57ylNVkKiGk0fVGnc"
"1.000","Med Surg Proctored Exam 3 Practice Questions","ATI PN Med Surg Proctored Exam 3 Practice Questions","med-surg-proctored-exam-3-practice-questions","ati-pn-med-surg-proctored-exam-3-practice-questions","RN Exams > RN Nursing Course Exams > Medical Surgical","LPN Exams > ATI LPN Exams > Adult Medical Surgical","pillarPages/nursing-test-bank/subPages/SuT1noZoNGEjKGR1vTbi/nestedSubPages/zMFBI0XMiRsJnnXWhL5S/topics/4xNDZPMszSkpgRfEsOck/quizzes/lebFu8klEDivsuA5H3PG","pillarPages/nursing-test-bank/subPages/z0xzINtS3EohZNaKosBz/nestedSubPages/lyrHg4RBzN6UafuymMFT/topics/NywbGW22YNeZSM3kuwKk/quizzes/3bRF6qKDmGnCadouiYFL"
"1.000","Med Surg Proctored Exam 5 Practice Questions","ATI PN Med Surg Proctored Exam 5 Practice Questions","med-surg-proctored-exam-5-practice-questions","ati-pn-med-surg-proctored-exam-5-practice-questions","RN Exams > RN Nursing Course Exams > Medical Surgical","LPN Exams > ATI LPN Exams > Adult Medical Surgical","pillarPages/nursing-test-bank/subPages/SuT1noZoNGEjKGR1vTbi/nestedSubPages/zMFBI0XMiRsJnnXWhL5S/topics/4xNDZPMszSkpgRfEsOck/quizzes/tV0VQVywHvEiNbG354yG","pillarPages/nursing-test-bank/subPages/z0xzINtS3EohZNaKosBz/nestedSubPages/lyrHg4RBzN6UafuymMFT/topics/NywbGW22YNeZSM3kuwKk/quizzes/p9g8coLiP81zFhwa7S9f"
"1.000","Med Surg Proctored Exam Practice Questions - Set 14","Med Surg Proctored Exam Practice Questions - Set 78","med-surg-proctored-exam-practice-questions-set-14","med-surg-proctored-exam-practice-questions-set-78","RN Exams > RN Nursing Course Exams > Medical Surgical","RN Exams > RN Nursing Course Exams > Medical Surgical","pillarPages/nursing-test-bank/subPages/SuT1noZoNGEjKGR1vTbi/nestedSubPages/zMFBI0XMiRsJnnXWhL5S/topics/4xNDZPMszSkpgRfEsOck/quizzes/FRXHFtNu8RU37uZsFKmn","pillarPages/nursing-test-bank/subPages/SuT1noZoNGEjKGR1vTbi/nestedSubPages/zMFBI0XMiRsJnnXWhL5S/topics/4xNDZPMszSkpgRfEsOck/quizzes/bxEnceOHYKbq97fBDGLt"
"1.000","Med Surg Proctored Exam Practice Questions - Set 14","Med Surg Proctored Exam Practice Questions - Set 15","med-surg-proctored-exam-practice-questions-set-14","med-surg-proctored-exam-practice-questions-set-15","RN Exams > RN Nursing Course Exams > Medical Surgical","RN Exams > RN Nursing Course Exams > Medical Surgical","pillarPages/nursing-test-bank/subPages/SuT1noZoNGEjKGR1vTbi/nestedSubPages/zMFBI0XMiRsJnnXWhL5S/topics/4xNDZPMszSkpgRfEsOck/quizzes/FRXHFtNu8RU37uZsFKmn","pillarPages/nursing-test-bank/subPages/SuT1noZoNGEjKGR1vTbi/nestedSubPages/zMFBI0XMiRsJnnXWhL5S/topics/4xNDZPMszSkpgRfEsOck/quizzes/iNBMfTiCFqE5vLMAXKYk"
"1.000","Med Surg Proctored Exam Practice Questions - Set 14","Med Surg Proctored Exam Practice Questions - Set 19","med-surg-proctored-exam-practice-questions-set-14","med-surg-proctored-exam-practice-questions-set-19","RN Exams > RN Nursing Course Exams > Medical Surgical","RN Exams > RN Nursing Course Exams > Medical Surgical","pillarPages/nursing-test-bank/subPages/SuT1noZoNGEjKGR1vTbi/nestedSubPages/zMFBI0XMiRsJnnXWhL5S/topics/4xNDZPMszSkpgRfEsOck/quizzes/FRXHFtNu8RU37uZsFKmn","pillarPages/nursing-test-bank/subPages/SuT1noZoNGEjKGR1vTbi/nestedSubPages/zMFBI0XMiRsJnnXWhL5S/topics/4xNDZPMszSkpgRfEsOck/quizzes/kYAOUCGOPnDKVwTnNHHT"
"1.000","Med Surg Proctored Exam Practice Questions - Set 14","Med Surg Proctored Exam Practice Questions - Set 37","med-surg-proctored-exam-practice-questions-set-14","med-surg-proctored-exam-practice-questions-set-37","RN Exams > RN Nursing Course Exams > Medical Surgical","RN Exams > RN Nursing Course Exams > Medical Surgical","pillarPages/nursing-test-bank/subPages/SuT1noZoNGEjKGR1vTbi/nestedSubPages/zMFBI0XMiRsJnnXWhL5S/topics/4xNDZPMszSkpgRfEsOck/quizzes/FRXHFtNu8RU37uZsFKmn","pillarPages/nursing-test-bank/subPages/SuT1noZoNGEjKGR1vTbi/nestedSubPages/zMFBI0XMiRsJnnXWhL5S/topics/4xNDZPMszSkpgRfEsOck/quizzes/oar2ziAapKkrLXGLV1dv"
"1.000","Med Surg Proctored Exam Practice Questions - Set 14","Med Surg Proctored Exam Practice Questions - Set 29","med-surg-proctored-exam-practice-questions-set-14","med-surg-proctored-exam-practice-questions-set-29","RN Exams > RN Nursing Course Exams > Medical Surgical","RN Exams > RN Nursing Course Exams > Medical Surgical","pillarPages/nursing-test-bank/subPages/SuT1noZoNGEjKGR1vTbi/nestedSubPages/zMFBI0XMiRsJnnXWhL5S/topics/4xNDZPMszSkpgRfEsOck/quizzes/FRXHFtNu8RU37uZsFKmn","pillarPages/nursing-test-bank/subPages/SuT1noZoNGEjKGR1vTbi/nestedSubPages/zMFBI0XMiRsJnnXWhL5S/topics/4xNDZPMszSkpgRfEsOck/quizzes/tf6gDqQZSQ3wBzJUvup3"
"1.000","Med Surg Proctored Exam Practice Questions - Set 14","LPN Med Surg Proctored Exam Practice Questions","med-surg-proctored-exam-practice-questions-set-14","lpn-med-surg-proctored-exam-practice-questions","RN Exams > RN Nursing Course Exams > Medical Surgical","LPN Exams > LPN Nursing Course Exams > Medical Surgical","pillarPages/nursing-test-bank/subPages/SuT1noZoNGEjKGR1vTbi/nestedSubPages/zMFBI0XMiRsJnnXWhL5S/topics/4xNDZPMszSkpgRfEsOck/quizzes/FRXHFtNu8RU37uZsFKmn","pillarPages/nursing-test-bank/subPages/z0xzINtS3EohZNaKosBz/nestedSubPages/3K3wv7IGcDcXvSNM9Kxm/topics/AlR3KvZbCSZXo21jeLnT/quizzes/r0i9bbqJEBzcWYyMY6K2"
"1.000","Med Surg Proctored Exam Practice Questions - Set 14","ATI PN Med Surg Proctored Exam Practice Questions - Set 14","med-surg-proctored-exam-practice-questions-set-14","ati-pn-med-surg-proctored-exam-practice-questions-set-14","RN Exams > RN Nursing Course Exams > Medical Surgical","LPN Exams > ATI LPN Exams > Adult Medical Surgical","pillarPages/nursing-test-bank/subPages/SuT1noZoNGEjKGR1vTbi/nestedSubPages/zMFBI0XMiRsJnnXWhL5S/topics/4xNDZPMszSkpgRfEsOck/quizzes/FRXHFtNu8RU37uZsFKmn","pillarPages/nursing-test-bank/subPages/z0xzINtS3EohZNaKosBz/nestedSubPages/lyrHg4RBzN6UafuymMFT/topics/NywbGW22YNeZSM3kuwKk/quizzes/4MGJngTxlLpNA9gMl6Hs"
"1.000","Med Surg Proctored Exam Practice Questions - Set 14","ATI PN Med Surg Proctored Exam Practice Questions - Set 69","med-surg-proctored-exam-practice-questions-set-14","ati-pn-med-surg-proctored-exam-practice-questions-set-69","RN Exams > RN Nursing Course Exams > Medical Surgical","LPN Exams > ATI LPN Exams > Adult Medical Surgical","pillarPages/nursing-test-bank/subPages/SuT1noZoNGEjKGR1vTbi/nestedSubPages/zMFBI0XMiRsJnnXWhL5S/topics/4xNDZPMszSkpgRfEsOck/quizzes/FRXHFtNu8RU37uZsFKmn","pillarPages/nursing-test-bank/subPages/z0xzINtS3EohZNaKosBz/nestedSubPages/lyrHg4RBzN6UafuymMFT/topics/NywbGW22YNeZSM3kuwKk/quizzes/DGXa0b1J9HtFiPOazIql"
"1.000","Med Surg Proctored Exam Practice Questions - Set 14","ATI PN Med Surg Proctored Exam Practice Questions - Set 20","med-surg-proctored-exam-practice-questions-set-14","ati-pn-med-surg-proctored-exam-practice-questions-set-20","RN Exams > RN Nursing Course Exams > Medical Surgical","LPN Exams > ATI LPN Exams > Adult Medical Surgical","pillarPages/nursing-test-bank/subPages/SuT1noZoNGEjKGR1vTbi/nestedSubPages/zMFBI0XMiRsJnnXWhL5S/topics/4xNDZPMszSkpgRfEsOck/quizzes/FRXHFtNu8RU37uZsFKmn","pillarPages/nursing-test-bank/subPages/z0xzINtS3EohZNaKosBz/nestedSubPages/lyrHg4RBzN6UafuymMFT/topics/NywbGW22YNeZSM3kuwKk/quizzes/UNpA2CM7ebFWBcyGTTh4"
"1.000","Med Surg Proctored Exam Practice Questions - Set 15","Med Surg Proctored Exam Practice Questions - Set 19","med-surg-proctored-exam-practice-questions-set-15","med-surg-proctored-exam-practice-questions-set-19","RN Exams > RN Nursing Course Exams > Medical Surgical","RN Exams > RN Nursing Course Exams > Medical Surgical","pillarPages/nursing-test-bank/subPages/SuT1noZoNGEjKGR1vTbi/nestedSubPages/zMFBI0XMiRsJnnXWhL5S/topics/4xNDZPMszSkpgRfEsOck/quizzes/iNBMfTiCFqE5vLMAXKYk","pillarPages/nursing-test-bank/subPages/SuT1noZoNGEjKGR1vTbi/nestedSubPages/zMFBI0XMiRsJnnXWhL5S/topics/4xNDZPMszSkpgRfEsOck/quizzes/kYAOUCGOPnDKVwTnNHHT"
"1.000","Med Surg Proctored Exam Practice Questions - Set 15","Med Surg Proctored Exam Practice Questions - Set 37","med-surg-proctored-exam-practice-questions-set-15","med-surg-proctored-exam-practice-questions-set-37","RN Exams > RN Nursing Course Exams > Medical Surgical","RN Exams > RN Nursing Course Exams > Medical Surgical","pillarPages/nursing-test-bank/subPages/SuT1noZoNGEjKGR1vTbi/nestedSubPages/zMFBI0XMiRsJnnXWhL5S/topics/4xNDZPMszSkpgRfEsOck/quizzes/iNBMfTiCFqE5vLMAXKYk","pillarPages/nursing-test-bank/subPages/SuT1noZoNGEjKGR1vTbi/nestedSubPages/zMFBI0XMiRsJnnXWhL5S/topics/4xNDZPMszSkpgRfEsOck/quizzes/oar2ziAapKkrLXGLV1dv"
"1.000","Med Surg Proctored Exam Practice Questions - Set 15","Med Surg Proctored Exam Practice Questions - Set 29","med-surg-proctored-exam-practice-questions-set-15","med-surg-proctored-exam-practice-questions-set-29","RN Exams > RN Nursing Course Exams > Medical Surgical","RN Exams > RN Nursing Course Exams > Medical Surgical","pillarPages/nursing-test-bank/subPages/SuT1noZoNGEjKGR1vTbi/nestedSubPages/zMFBI0XMiRsJnnXWhL5S/topics/4xNDZPMszSkpgRfEsOck/quizzes/iNBMfTiCFqE5vLMAXKYk","pillarPages/nursing-test-bank/subPages/SuT1noZoNGEjKGR1vTbi/nestedSubPages/zMFBI0XMiRsJnnXWhL5S/topics/4xNDZPMszSkpgRfEsOck/quizzes/tf6gDqQZSQ3wBzJUvup3"
"1.000","Med Surg Proctored Exam Practice Questions - Set 15","LPN Med Surg Proctored Exam Practice Questions","med-surg-proctored-exam-practice-questions-set-15","lpn-med-surg-proctored-exam-practice-questions","RN Exams > RN Nursing Course Exams > Medical Surgical","LPN Exams > LPN Nursing Course Exams > Medical Surgical","pillarPages/nursing-test-bank/subPages/SuT1noZoNGEjKGR1vTbi/nestedSubPages/zMFBI0XMiRsJnnXWhL5S/topics/4xNDZPMszSkpgRfEsOck/quizzes/iNBMfTiCFqE5vLMAXKYk","pillarPages/nursing-test-bank/subPages/z0xzINtS3EohZNaKosBz/nestedSubPages/3K3wv7IGcDcXvSNM9Kxm/topics/AlR3KvZbCSZXo21jeLnT/quizzes/r0i9bbqJEBzcWYyMY6K2"
"1.000","Med Surg Proctored Exam Practice Questions - Set 15","ATI PN Med Surg Proctored Exam Practice Questions - Set 14","med-surg-proctored-exam-practice-questions-set-15","ati-pn-med-surg-proctored-exam-practice-questions-set-14","RN Exams > RN Nursing Course Exams > Medical Surgical","LPN Exams > ATI LPN Exams > Adult Medical Surgical","pillarPages/nursing-test-bank/subPages/SuT1noZoNGEjKGR1vTbi/nestedSubPages/zMFBI0XMiRsJnnXWhL5S/topics/4xNDZPMszSkpgRfEsOck/quizzes/iNBMfTiCFqE5vLMAXKYk","pillarPages/nursing-test-bank/subPages/z0xzINtS3EohZNaKosBz/nestedSubPages/lyrHg4RBzN6UafuymMFT/topics/NywbGW22YNeZSM3kuwKk/quizzes/4MGJngTxlLpNA9gMl6Hs"
"1.000","Med Surg Proctored Exam Practice Questions - Set 15","ATI PN Med Surg Proctored Exam Practice Questions - Set 69","med-surg-proctored-exam-practice-questions-set-15","ati-pn-med-surg-proctored-exam-practice-questions-set-69","RN Exams > RN Nursing Course Exams > Medical Surgical","LPN Exams > ATI LPN Exams > Adult Medical Surgical","pillarPages/nursing-test-bank/subPages/SuT1noZoNGEjKGR1vTbi/nestedSubPages/zMFBI0XMiRsJnnXWhL5S/topics/4xNDZPMszSkpgRfEsOck/quizzes/iNBMfTiCFqE5vLMAXKYk","pillarPages/nursing-test-bank/subPages/z0xzINtS3EohZNaKosBz/nestedSubPages/lyrHg4RBzN6UafuymMFT/topics/NywbGW22YNeZSM3kuwKk/quizzes/DGXa0b1J9HtFiPOazIql"
"1.000","Med Surg Proctored Exam Practice Questions - Set 15","ATI PN Med Surg Proctored Exam Practice Questions - Set 20","med-surg-proctored-exam-practice-questions-set-15","ati-pn-med-surg-proctored-exam-practice-questions-set-20","RN Exams > RN Nursing Course Exams > Medical Surgical","LPN Exams > ATI LPN Exams > Adult Medical Surgical","pillarPages/nursing-test-bank/subPages/SuT1noZoNGEjKGR1vTbi/nestedSubPages/zMFBI0XMiRsJnnXWhL5S/topics/4xNDZPMszSkpgRfEsOck/quizzes/iNBMfTiCFqE5vLMAXKYk","pillarPages/nursing-test-bank/subPages/z0xzINtS3EohZNaKosBz/nestedSubPages/lyrHg4RBzN6UafuymMFT/topics/NywbGW22YNeZSM3kuwKk/quizzes/UNpA2CM7ebFWBcyGTTh4"
"1.000","Med Surg Proctored Exam Practice Questions - Set 19","Med Surg Proctored Exam Practice Questions - Set 37","med-surg-proctored-exam-practice-questions-set-19","med-surg-proctored-exam-practice-questions-set-37","RN Exams > RN Nursing Course Exams > Medical Surgical","RN Exams > RN Nursing Course Exams > Medical Surgical","pillarPages/nursing-test-bank/subPages/SuT1noZoNGEjKGR1vTbi/nestedSubPages/zMFBI0XMiRsJnnXWhL5S/topics/4xNDZPMszSkpgRfEsOck/quizzes/kYAOUCGOPnDKVwTnNHHT","pillarPages/nursing-test-bank/subPages/SuT1noZoNGEjKGR1vTbi/nestedSubPages/zMFBI0XMiRsJnnXWhL5S/topics/4xNDZPMszSkpgRfEsOck/quizzes/oar2ziAapKkrLXGLV1dv"
"1.000","Med Surg Proctored Exam Practice Questions - Set 19","Med Surg Proctored Exam Practice Questions - Set 29","med-surg-proctored-exam-practice-questions-set-19","med-surg-proctored-exam-practice-questions-set-29","RN Exams > RN Nursing Course Exams > Medical Surgical","RN Exams > RN Nursing Course Exams > Medical Surgical","pillarPages/nursing-test-bank/subPages/SuT1noZoNGEjKGR1vTbi/nestedSubPages/zMFBI0XMiRsJnnXWhL5S/topics/4xNDZPMszSkpgRfEsOck/quizzes/kYAOUCGOPnDKVwTnNHHT","pillarPages/nursing-test-bank/subPages/SuT1noZoNGEjKGR1vTbi/nestedSubPages/zMFBI0XMiRsJnnXWhL5S/topics/4xNDZPMszSkpgRfEsOck/quizzes/tf6gDqQZSQ3wBzJUvup3"
"1.000","Med Surg Proctored Exam Practice Questions - Set 19","LPN Med Surg Proctored Exam Practice Questions","med-surg-proctored-exam-practice-questions-set-19","lpn-med-surg-proctored-exam-practice-questions","RN Exams > RN Nursing Course Exams > Medical Surgical","LPN Exams > LPN Nursing Course Exams > Medical Surgical","pillarPages/nursing-test-bank/subPages/SuT1noZoNGEjKGR1vTbi/nestedSubPages/zMFBI0XMiRsJnnXWhL5S/topics/4xNDZPMszSkpgRfEsOck/quizzes/kYAOUCGOPnDKVwTnNHHT","pillarPages/nursing-test-bank/subPages/z0xzINtS3EohZNaKosBz/nestedSubPages/3K3wv7IGcDcXvSNM9Kxm/topics/AlR3KvZbCSZXo21jeLnT/quizzes/r0i9bbqJEBzcWYyMY6K2"
"1.000","Med Surg Proctored Exam Practice Questions - Set 19","ATI PN Med Surg Proctored Exam Practice Questions - Set 14","med-surg-proctored-exam-practice-questions-set-19","ati-pn-med-surg-proctored-exam-practice-questions-set-14","RN Exams > RN Nursing Course Exams > Medical Surgical","LPN Exams > ATI LPN Exams > Adult Medical Surgical","pillarPages/nursing-test-bank/subPages/SuT1noZoNGEjKGR1vTbi/nestedSubPages/zMFBI0XMiRsJnnXWhL5S/topics/4xNDZPMszSkpgRfEsOck/quizzes/kYAOUCGOPnDKVwTnNHHT","pillarPages/nursing-test-bank/subPages/z0xzINtS3EohZNaKosBz/nestedSubPages/lyrHg4RBzN6UafuymMFT/topics/NywbGW22YNeZSM3kuwKk/quizzes/4MGJngTxlLpNA9gMl6Hs"
"1.000","Med Surg Proctored Exam Practice Questions - Set 19","ATI PN Med Surg Proctored Exam Practice Questions - Set 69","med-surg-proctored-exam-practice-questions-set-19","ati-pn-med-surg-proctored-exam-practice-questions-set-69","RN Exams > RN Nursing Course Exams > Medical Surgical","LPN Exams > ATI LPN Exams > Adult Medical Surgical","pillarPages/nursing-test-bank/subPages/SuT1noZoNGEjKGR1vTbi/nestedSubPages/zMFBI0XMiRsJnnXWhL5S/topics/4xNDZPMszSkpgRfEsOck/quizzes/kYAOUCGOPnDKVwTnNHHT","pillarPages/nursing-test-bank/subPages/z0xzINtS3EohZNaKosBz/nestedSubPages/lyrHg4RBzN6UafuymMFT/topics/NywbGW22YNeZSM3kuwKk/quizzes/DGXa0b1J9HtFiPOazIql"
"1.000","Med Surg Proctored Exam Practice Questions - Set 19","ATI PN Med Surg Proctored Exam Practice Questions - Set 20","med-surg-proctored-exam-practice-questions-set-19","ati-pn-med-surg-proctored-exam-practice-questions-set-20","RN Exams > RN Nursing Course Exams > Medical Surgical","LPN Exams > ATI LPN Exams > Adult Medical Surgical","pillarPages/nursing-test-bank/subPages/SuT1noZoNGEjKGR1vTbi/nestedSubPages/zMFBI0XMiRsJnnXWhL5S/topics/4xNDZPMszSkpgRfEsOck/quizzes/kYAOUCGOPnDKVwTnNHHT","pillarPages/nursing-test-bank/subPages/z0xzINtS3EohZNaKosBz/nestedSubPages/lyrHg4RBzN6UafuymMFT/topics/NywbGW22YNeZSM3kuwKk/quizzes/UNpA2CM7ebFWBcyGTTh4"
"1.000","Med Surg Proctored Exam Practice Questions - Set 22","Med Surg Proctored Exam Practice Questions - Set 5","med-surg-proctored-exam-practice-questions-set-22","med-surg-proctored-exam-practice-questions-set-5","RN Exams > RN Nursing Course Exams > Medical Surgical","RN Exams > RN Nursing Course Exams > Medical Surgical","pillarPages/nursing-test-bank/subPages/SuT1noZoNGEjKGR1vTbi/nestedSubPages/zMFBI0XMiRsJnnXWhL5S/topics/4xNDZPMszSkpgRfEsOck/quizzes/17x5zcpTW7i6gPd4EPa0","pillarPages/nursing-test-bank/subPages/SuT1noZoNGEjKGR1vTbi/nestedSubPages/zMFBI0XMiRsJnnXWhL5S/topics/4xNDZPMszSkpgRfEsOck/quizzes/9H8PUyPX9NWQsASETPT0"
"1.000","Med Surg Proctored Exam Practice Questions - Set 22","Med Surg Proctored Exam Practice Questions - Set 14","med-surg-proctored-exam-practice-questions-set-22","med-surg-proctored-exam-practice-questions-set-14","RN Exams > RN Nursing Course Exams > Medical Surgical","RN Exams > RN Nursing Course Exams > Medical Surgical","pillarPages/nursing-test-bank/subPages/SuT1noZoNGEjKGR1vTbi/nestedSubPages/zMFBI0XMiRsJnnXWhL5S/topics/4xNDZPMszSkpgRfEsOck/quizzes/17x5zcpTW7i6gPd4EPa0","pillarPages/nursing-test-bank/subPages/SuT1noZoNGEjKGR1vTbi/nestedSubPages/zMFBI0XMiRsJnnXWhL5S/topics/4xNDZPMszSkpgRfEsOck/quizzes/FRXHFtNu8RU37uZsFKmn"
"1.000","Med Surg Proctored Exam Practice Questions - Set 22","Med Surg Proctored Exam Practice Questions - Set 78","med-surg-proctored-exam-practice-questions-set-22","med-surg-proctored-exam-practice-questions-set-78","RN Exams > RN Nursing Course Exams > Medical Surgical","RN Exams > RN Nursing Course Exams > Medical Surgical","pillarPages/nursing-test-bank/subPages/SuT1noZoNGEjKGR1vTbi/nestedSubPages/zMFBI0XMiRsJnnXWhL5S/topics/4xNDZPMszSkpgRfEsOck/quizzes/17x5zcpTW7i6gPd4EPa0","pillarPages/nursing-test-bank/subPages/SuT1noZoNGEjKGR1vTbi/nestedSubPages/zMFBI0XMiRsJnnXWhL5S/topics/4xNDZPMszSkpgRfEsOck/quizzes/bxEnceOHYKbq97fBDGLt"
"1.000","Med Surg Proctored Exam Practice Questions - Set 22","Med Surg Proctored Exam Practice Questions - Set 15","med-surg-proctored-exam-practice-questions-set-22","med-surg-proctored-exam-practice-questions-set-15","RN Exams > RN Nursing Course Exams > Medical Surgical","RN Exams > RN Nursing Course Exams > Medical Surgical","pillarPages/nursing-test-bank/subPages/SuT1noZoNGEjKGR1vTbi/nestedSubPages/zMFBI0XMiRsJnnXWhL5S/topics/4xNDZPMszSkpgRfEsOck/quizzes/17x5zcpTW7i6gPd4EPa0","pillarPages/nursing-test-bank/subPages/SuT1noZoNGEjKGR1vTbi/nestedSubPages/zMFBI0XMiRsJnnXWhL5S/topics/4xNDZPMszSkpgRfEsOck/quizzes/iNBMfTiCFqE5vLMAXKYk"
"1.000","Med Surg Proctored Exam Practice Questions - Set 22","Med Surg Proctored Exam Practice Questions - Set 19","med-surg-proctored-exam-practice-questions-set-22","med-surg-proctored-exam-practice-questions-set-19","RN Exams > RN Nursing Course Exams > Medical Surgical","RN Exams > RN Nursing Course Exams > Medical Surgical","pillarPages/nursing-test-bank/subPages/SuT1noZoNGEjKGR1vTbi/nestedSubPages/zMFBI0XMiRsJnnXWhL5S/topics/4xNDZPMszSkpgRfEsOck/quizzes/17x5zcpTW7i6gPd4EPa0","pillarPages/nursing-test-bank/subPages/SuT1noZoNGEjKGR1vTbi/nestedSubPages/zMFBI0XMiRsJnnXWhL5S/topics/4xNDZPMszSkpgRfEsOck/quizzes/kYAOUCGOPnDKVwTnNHHT"
"1.000","Med Surg Proctored Exam Practice Questions - Set 22","Med Surg Proctored Exam Practice Questions - Set 37","med-surg-proctored-exam-practice-questions-set-22","med-surg-proctored-exam-practice-questions-set-37","RN Exams > RN Nursing Course Exams > Medical Surgical","RN Exams > RN Nursing Course Exams > Medical Surgical","pillarPages/nursing-test-bank/subPages/SuT1noZoNGEjKGR1vTbi/nestedSubPages/zMFBI0XMiRsJnnXWhL5S/topics/4xNDZPMszSkpgRfEsOck/quizzes/17x5zcpTW7i6gPd4EPa0","pillarPages/nursing-test-bank/subPages/SuT1noZoNGEjKGR1vTbi/nestedSubPages/zMFBI0XMiRsJnnXWhL5S/topics/4xNDZPMszSkpgRfEsOck/quizzes/oar2ziAapKkrLXGLV1dv"
"1.000","Med Surg Proctored Exam Practice Questions - Set 22","Med Surg Proctored Exam Practice Questions - Set 29","med-surg-proctored-exam-practice-questions-set-22","med-surg-proctored-exam-practice-questions-set-29","RN Exams > RN Nursing Course Exams > Medical Surgical","RN Exams > RN Nursing Course Exams > Medical Surgical","pillarPages/nursing-test-bank/subPages/SuT1noZoNGEjKGR1vTbi/nestedSubPages/zMFBI0XMiRsJnnXWhL5S/topics/4xNDZPMszSkpgRfEsOck/quizzes/17x5zcpTW7i6gPd4EPa0","pillarPages/nursing-test-bank/subPages/SuT1noZoNGEjKGR1vTbi/nestedSubPages/zMFBI0XMiRsJnnXWhL5S/topics/4xNDZPMszSkpgRfEsOck/quizzes/tf6gDqQZSQ3wBzJUvup3"
"1.000","Med Surg Proctored Exam Practice Questions - Set 22","LPN Med Surg Proctored Exam Practice Questions","med-surg-proctored-exam-practice-questions-set-22","lpn-med-surg-proctored-exam-practice-questions","RN Exams > RN Nursing Course Exams > Medical Surgical","LPN Exams > LPN Nursing Course Exams > Medical Surgical","pillarPages/nursing-test-bank/subPages/SuT1noZoNGEjKGR1vTbi/nestedSubPages/zMFBI0XMiRsJnnXWhL5S/topics/4xNDZPMszSkpgRfEsOck/quizzes/17x5zcpTW7i6gPd4EPa0","pillarPages/nursing-test-bank/subPages/z0xzINtS3EohZNaKosBz/nestedSubPages/3K3wv7IGcDcXvSNM9Kxm/topics/AlR3KvZbCSZXo21jeLnT/quizzes/r0i9bbqJEBzcWYyMY6K2"
"1.000","Med Surg Proctored Exam Practice Questions - Set 22","ATI PN Med Surg Proctored Exam Practice Questions - Set 14","med-surg-proctored-exam-practice-questions-set-22","ati-pn-med-surg-proctored-exam-practice-questions-set-14","RN Exams > RN Nursing Course Exams > Medical Surgical","LPN Exams > ATI LPN Exams > Adult Medical Surgical","pillarPages/nursing-test-bank/subPages/SuT1noZoNGEjKGR1vTbi/nestedSubPages/zMFBI0XMiRsJnnXWhL5S/topics/4xNDZPMszSkpgRfEsOck/quizzes/17x5zcpTW7i6gPd4EPa0","pillarPages/nursing-test-bank/subPages/z0xzINtS3EohZNaKosBz/nestedSubPages/lyrHg4RBzN6UafuymMFT/topics/NywbGW22YNeZSM3kuwKk/quizzes/4MGJngTxlLpNA9gMl6Hs"
"1.000","Med Surg Proctored Exam Practice Questions - Set 22","ATI PN Med Surg Proctored Exam Practice Questions - Set 69","med-surg-proctored-exam-practice-questions-set-22","ati-pn-med-surg-proctored-exam-practice-questions-set-69","RN Exams > RN Nursing Course Exams > Medical Surgical","LPN Exams > ATI LPN Exams > Adult Medical Surgical","pillarPages/nursing-test-bank/subPages/SuT1noZoNGEjKGR1vTbi/nestedSubPages/zMFBI0XMiRsJnnXWhL5S/topics/4xNDZPMszSkpgRfEsOck/quizzes/17x5zcpTW7i6gPd4EPa0","pillarPages/nursing-test-bank/subPages/z0xzINtS3EohZNaKosBz/nestedSubPages/lyrHg4RBzN6UafuymMFT/topics/NywbGW22YNeZSM3kuwKk/quizzes/DGXa0b1J9HtFiPOazIql"
"1.000","Med Surg Proctored Exam Practice Questions - Set 22","ATI PN Med Surg Proctored Exam Practice Questions - Set 20","med-surg-proctored-exam-practice-questions-set-22","ati-pn-med-surg-proctored-exam-practice-questions-set-20","RN Exams > RN Nursing Course Exams > Medical Surgical","LPN Exams > ATI LPN Exams > Adult Medical Surgical","pillarPages/nursing-test-bank/subPages/SuT1noZoNGEjKGR1vTbi/nestedSubPages/zMFBI0XMiRsJnnXWhL5S/topics/4xNDZPMszSkpgRfEsOck/quizzes/17x5zcpTW7i6gPd4EPa0","pillarPages/nursing-test-bank/subPages/z0xzINtS3EohZNaKosBz/nestedSubPages/lyrHg4RBzN6UafuymMFT/topics/NywbGW22YNeZSM3kuwKk/quizzes/UNpA2CM7ebFWBcyGTTh4"
"1.000","Med Surg Proctored Exam Practice Questions - Set 29","LPN Med Surg Proctored Exam Practice Questions","med-surg-proctored-exam-practice-questions-set-29","lpn-med-surg-proctored-exam-practice-questions","RN Exams > RN Nursing Course Exams > Medical Surgical","LPN Exams > LPN Nursing Course Exams > Medical Surgical","pillarPages/nursing-test-bank/subPages/SuT1noZoNGEjKGR1vTbi/nestedSubPages/zMFBI0XMiRsJnnXWhL5S/topics/4xNDZPMszSkpgRfEsOck/quizzes/tf6gDqQZSQ3wBzJUvup3","pillarPages/nursing-test-bank/subPages/z0xzINtS3EohZNaKosBz/nestedSubPages/3K3wv7IGcDcXvSNM9Kxm/topics/AlR3KvZbCSZXo21jeLnT/quizzes/r0i9bbqJEBzcWYyMY6K2"
"1.000","Med Surg Proctored Exam Practice Questions - Set 29","ATI PN Med Surg Proctored Exam Practice Questions - Set 14","med-surg-proctored-exam-practice-questions-set-29","ati-pn-med-surg-proctored-exam-practice-questions-set-14","RN Exams > RN Nursing Course Exams > Medical Surgical","LPN Exams > ATI LPN Exams > Adult Medical Surgical","pillarPages/nursing-test-bank/subPages/SuT1noZoNGEjKGR1vTbi/nestedSubPages/zMFBI0XMiRsJnnXWhL5S/topics/4xNDZPMszSkpgRfEsOck/quizzes/tf6gDqQZSQ3wBzJUvup3","pillarPages/nursing-test-bank/subPages/z0xzINtS3EohZNaKosBz/nestedSubPages/lyrHg4RBzN6UafuymMFT/topics/NywbGW22YNeZSM3kuwKk/quizzes/4MGJngTxlLpNA9gMl6Hs"
"1.000","Med Surg Proctored Exam Practice Questions - Set 29","ATI PN Med Surg Proctored Exam Practice Questions - Set 69","med-surg-proctored-exam-practice-questions-set-29","ati-pn-med-surg-proctored-exam-practice-questions-set-69","RN Exams > RN Nursing Course Exams > Medical Surgical","LPN Exams > ATI LPN Exams > Adult Medical Surgical","pillarPages/nursing-test-bank/subPages/SuT1noZoNGEjKGR1vTbi/nestedSubPages/zMFBI0XMiRsJnnXWhL5S/topics/4xNDZPMszSkpgRfEsOck/quizzes/tf6gDqQZSQ3wBzJUvup3","pillarPages/nursing-test-bank/subPages/z0xzINtS3EohZNaKosBz/nestedSubPages/lyrHg4RBzN6UafuymMFT/topics/NywbGW22YNeZSM3kuwKk/quizzes/DGXa0b1J9HtFiPOazIql"
"1.000","Med Surg Proctored Exam Practice Questions - Set 29","ATI PN Med Surg Proctored Exam Practice Questions - Set 20","med-surg-proctored-exam-practice-questions-set-29","ati-pn-med-surg-proctored-exam-practice-questions-set-20","RN Exams > RN Nursing Course Exams > Medical Surgical","LPN Exams > ATI LPN Exams > Adult Medical Surgical","pillarPages/nursing-test-bank/subPages/SuT1noZoNGEjKGR1vTbi/nestedSubPages/zMFBI0XMiRsJnnXWhL5S/topics/4xNDZPMszSkpgRfEsOck/quizzes/tf6gDqQZSQ3wBzJUvup3","pillarPages/nursing-test-bank/subPages/z0xzINtS3EohZNaKosBz/nestedSubPages/lyrHg4RBzN6UafuymMFT/topics/NywbGW22YNeZSM3kuwKk/quizzes/UNpA2CM7ebFWBcyGTTh4"
"1.000","Med Surg Proctored Exam Practice Questions - Set 37","Med Surg Proctored Exam Practice Questions - Set 29","med-surg-proctored-exam-practice-questions-set-37","med-surg-proctored-exam-practice-questions-set-29","RN Exams > RN Nursing Course Exams > Medical Surgical","RN Exams > RN Nursing Course Exams > Medical Surgical","pillarPages/nursing-test-bank/subPages/SuT1noZoNGEjKGR1vTbi/nestedSubPages/zMFBI0XMiRsJnnXWhL5S/topics/4xNDZPMszSkpgRfEsOck/quizzes/oar2ziAapKkrLXGLV1dv","pillarPages/nursing-test-bank/subPages/SuT1noZoNGEjKGR1vTbi/nestedSubPages/zMFBI0XMiRsJnnXWhL5S/topics/4xNDZPMszSkpgRfEsOck/quizzes/tf6gDqQZSQ3wBzJUvup3"
"1.000","Med Surg Proctored Exam Practice Questions - Set 37","LPN Med Surg Proctored Exam Practice Questions","med-surg-proctored-exam-practice-questions-set-37","lpn-med-surg-proctored-exam-practice-questions","RN Exams > RN Nursing Course Exams > Medical Surgical","LPN Exams > LPN Nursing Course Exams > Medical Surgical","pillarPages/nursing-test-bank/subPages/SuT1noZoNGEjKGR1vTbi/nestedSubPages/zMFBI0XMiRsJnnXWhL5S/topics/4xNDZPMszSkpgRfEsOck/quizzes/oar2ziAapKkrLXGLV1dv","pillarPages/nursing-test-bank/subPages/z0xzINtS3EohZNaKosBz/nestedSubPages/3K3wv7IGcDcXvSNM9Kxm/topics/AlR3KvZbCSZXo21jeLnT/quizzes/r0i9bbqJEBzcWYyMY6K2"
"1.000","Med Surg Proctored Exam Practice Questions - Set 37","ATI PN Med Surg Proctored Exam Practice Questions - Set 14","med-surg-proctored-exam-practice-questions-set-37","ati-pn-med-surg-proctored-exam-practice-questions-set-14","RN Exams > RN Nursing Course Exams > Medical Surgical","LPN Exams > ATI LPN Exams > Adult Medical Surgical","pillarPages/nursing-test-bank/subPages/SuT1noZoNGEjKGR1vTbi/nestedSubPages/zMFBI0XMiRsJnnXWhL5S/topics/4xNDZPMszSkpgRfEsOck/quizzes/oar2ziAapKkrLXGLV1dv","pillarPages/nursing-test-bank/subPages/z0xzINtS3EohZNaKosBz/nestedSubPages/lyrHg4RBzN6UafuymMFT/topics/NywbGW22YNeZSM3kuwKk/quizzes/4MGJngTxlLpNA9gMl6Hs"
"1.000","Med Surg Proctored Exam Practice Questions - Set 37","ATI PN Med Surg Proctored Exam Practice Questions - Set 69","med-surg-proctored-exam-practice-questions-set-37","ati-pn-med-surg-proctored-exam-practice-questions-set-69","RN Exams > RN Nursing Course Exams > Medical Surgical","LPN Exams > ATI LPN Exams > Adult Medical Surgical","pillarPages/nursing-test-bank/subPages/SuT1noZoNGEjKGR1vTbi/nestedSubPages/zMFBI0XMiRsJnnXWhL5S/topics/4xNDZPMszSkpgRfEsOck/quizzes/oar2ziAapKkrLXGLV1dv","pillarPages/nursing-test-bank/subPages/z0xzINtS3EohZNaKosBz/nestedSubPages/lyrHg4RBzN6UafuymMFT/topics/NywbGW22YNeZSM3kuwKk/quizzes/DGXa0b1J9HtFiPOazIql"
"1.000","Med Surg Proctored Exam Practice Questions - Set 37","ATI PN Med Surg Proctored Exam Practice Questions - Set 20","med-surg-proctored-exam-practice-questions-set-37","ati-pn-med-surg-proctored-exam-practice-questions-set-20","RN Exams > RN Nursing Course Exams > Medical Surgical","LPN Exams > ATI LPN Exams > Adult Medical Surgical","pillarPages/nursing-test-bank/subPages/SuT1noZoNGEjKGR1vTbi/nestedSubPages/zMFBI0XMiRsJnnXWhL5S/topics/4xNDZPMszSkpgRfEsOck/quizzes/oar2ziAapKkrLXGLV1dv","pillarPages/nursing-test-bank/subPages/z0xzINtS3EohZNaKosBz/nestedSubPages/lyrHg4RBzN6UafuymMFT/topics/NywbGW22YNeZSM3kuwKk/quizzes/UNpA2CM7ebFWBcyGTTh4"
"1.000","Med Surg Proctored Exam Practice Questions - Set 5","Med Surg Proctored Exam Practice Questions - Set 14","med-surg-proctored-exam-practice-questions-set-5","med-surg-proctored-exam-practice-questions-set-14","RN Exams > RN Nursing Course Exams > Medical Surgical","RN Exams > RN Nursing Course Exams > Medical Surgical","pillarPages/nursing-test-bank/subPages/SuT1noZoNGEjKGR1vTbi/nestedSubPages/zMFBI0XMiRsJnnXWhL5S/topics/4xNDZPMszSkpgRfEsOck/quizzes/9H8PUyPX9NWQsASETPT0","pillarPages/nursing-test-bank/subPages/SuT1noZoNGEjKGR1vTbi/nestedSubPages/zMFBI0XMiRsJnnXWhL5S/topics/4xNDZPMszSkpgRfEsOck/quizzes/FRXHFtNu8RU37uZsFKmn"
"1.000","Med Surg Proctored Exam Practice Questions - Set 5","Med Surg Proctored Exam Practice Questions - Set 78","med-surg-proctored-exam-practice-questions-set-5","med-surg-proctored-exam-practice-questions-set-78","RN Exams > RN Nursing Course Exams > Medical Surgical","RN Exams > RN Nursing Course Exams > Medical Surgical","pillarPages/nursing-test-bank/subPages/SuT1noZoNGEjKGR1vTbi/nestedSubPages/zMFBI0XMiRsJnnXWhL5S/topics/4xNDZPMszSkpgRfEsOck/quizzes/9H8PUyPX9NWQsASETPT0","pillarPages/nursing-test-bank/subPages/SuT1noZoNGEjKGR1vTbi/nestedSubPages/zMFBI0XMiRsJnnXWhL5S/topics/4xNDZPMszSkpgRfEsOck/quizzes/bxEnceOHYKbq97fBDGLt"
"1.000","Med Surg Proctored Exam Practice Questions - Set 5","Med Surg Proctored Exam Practice Questions - Set 15","med-surg-proctored-exam-practice-questions-set-5","med-surg-proctored-exam-practice-questions-set-15","RN Exams > RN Nursing Course Exams > Medical Surgical","RN Exams > RN Nursing Course Exams > Medical Surgical","pillarPages/nursing-test-bank/subPages/SuT1noZoNGEjKGR1vTbi/nestedSubPages/zMFBI0XMiRsJnnXWhL5S/topics/4xNDZPMszSkpgRfEsOck/quizzes/9H8PUyPX9NWQsASETPT0","pillarPages/nursing-test-bank/subPages/SuT1noZoNGEjKGR1vTbi/nestedSubPages/zMFBI0XMiRsJnnXWhL5S/topics/4xNDZPMszSkpgRfEsOck/quizzes/iNBMfTiCFqE5vLMAXKYk"
"1.000","Med Surg Proctored Exam Practice Questions - Set 5","Med Surg Proctored Exam Practice Questions - Set 19","med-surg-proctored-exam-practice-questions-set-5","med-surg-proctored-exam-practice-questions-set-19","RN Exams > RN Nursing Course Exams > Medical Surgical","RN Exams > RN Nursing Course Exams > Medical Surgical","pillarPages/nursing-test-bank/subPages/SuT1noZoNGEjKGR1vTbi/nestedSubPages/zMFBI0XMiRsJnnXWhL5S/topics/4xNDZPMszSkpgRfEsOck/quizzes/9H8PUyPX9NWQsASETPT0","pillarPages/nursing-test-bank/subPages/SuT1noZoNGEjKGR1vTbi/nestedSubPages/zMFBI0XMiRsJnnXWhL5S/topics/4xNDZPMszSkpgRfEsOck/quizzes/kYAOUCGOPnDKVwTnNHHT"
"1.000","Med Surg Proctored Exam Practice Questions - Set 5","Med Surg Proctored Exam Practice Questions - Set 37","med-surg-proctored-exam-practice-questions-set-5","med-surg-proctored-exam-practice-questions-set-37","RN Exams > RN Nursing Course Exams > Medical Surgical","RN Exams > RN Nursing Course Exams > Medical Surgical","pillarPages/nursing-test-bank/subPages/SuT1noZoNGEjKGR1vTbi/nestedSubPages/zMFBI0XMiRsJnnXWhL5S/topics/4xNDZPMszSkpgRfEsOck/quizzes/9H8PUyPX9NWQsASETPT0","pillarPages/nursing-test-bank/subPages/SuT1noZoNGEjKGR1vTbi/nestedSubPages/zMFBI0XMiRsJnnXWhL5S/topics/4xNDZPMszSkpgRfEsOck/quizzes/oar2ziAapKkrLXGLV1dv"
"1.000","Med Surg Proctored Exam Practice Questions - Set 5","Med Surg Proctored Exam Practice Questions - Set 29","med-surg-proctored-exam-practice-questions-set-5","med-surg-proctored-exam-practice-questions-set-29","RN Exams > RN Nursing Course Exams > Medical Surgical","RN Exams > RN Nursing Course Exams > Medical Surgical","pillarPages/nursing-test-bank/subPages/SuT1noZoNGEjKGR1vTbi/nestedSubPages/zMFBI0XMiRsJnnXWhL5S/topics/4xNDZPMszSkpgRfEsOck/quizzes/9H8PUyPX9NWQsASETPT0","pillarPages/nursing-test-bank/subPages/SuT1noZoNGEjKGR1vTbi/nestedSubPages/zMFBI0XMiRsJnnXWhL5S/topics/4xNDZPMszSkpgRfEsOck/quizzes/tf6gDqQZSQ3wBzJUvup3"
"1.000","Med Surg Proctored Exam Practice Questions - Set 5","LPN Med Surg Proctored Exam Practice Questions","med-surg-proctored-exam-practice-questions-set-5","lpn-med-surg-proctored-exam-practice-questions","RN Exams > RN Nursing Course Exams > Medical Surgical","LPN Exams > LPN Nursing Course Exams > Medical Surgical","pillarPages/nursing-test-bank/subPages/SuT1noZoNGEjKGR1vTbi/nestedSubPages/zMFBI0XMiRsJnnXWhL5S/topics/4xNDZPMszSkpgRfEsOck/quizzes/9H8PUyPX9NWQsASETPT0","pillarPages/nursing-test-bank/subPages/z0xzINtS3EohZNaKosBz/nestedSubPages/3K3wv7IGcDcXvSNM9Kxm/topics/AlR3KvZbCSZXo21jeLnT/quizzes/r0i9bbqJEBzcWYyMY6K2"
"1.000","Med Surg Proctored Exam Practice Questions - Set 5","ATI PN Med Surg Proctored Exam Practice Questions - Set 14","med-surg-proctored-exam-practice-questions-set-5","ati-pn-med-surg-proctored-exam-practice-questions-set-14","RN Exams > RN Nursing Course Exams > Medical Surgical","LPN Exams > ATI LPN Exams > Adult Medical Surgical","pillarPages/nursing-test-bank/subPages/SuT1noZoNGEjKGR1vTbi/nestedSubPages/zMFBI0XMiRsJnnXWhL5S/topics/4xNDZPMszSkpgRfEsOck/quizzes/9H8PUyPX9NWQsASETPT0","pillarPages/nursing-test-bank/subPages/z0xzINtS3EohZNaKosBz/nestedSubPages/lyrHg4RBzN6UafuymMFT/topics/NywbGW22YNeZSM3kuwKk/quizzes/4MGJngTxlLpNA9gMl6Hs"
"1.000","Med Surg Proctored Exam Practice Questions - Set 5","ATI PN Med Surg Proctored Exam Practice Questions - Set 69","med-surg-proctored-exam-practice-questions-set-5","ati-pn-med-surg-proctored-exam-practice-questions-set-69","RN Exams > RN Nursing Course Exams > Medical Surgical","LPN Exams > ATI LPN Exams > Adult Medical Surgical","pillarPages/nursing-test-bank/subPages/SuT1noZoNGEjKGR1vTbi/nestedSubPages/zMFBI0XMiRsJnnXWhL5S/topics/4xNDZPMszSkpgRfEsOck/quizzes/9H8PUyPX9NWQsASETPT0","pillarPages/nursing-test-bank/subPages/z0xzINtS3EohZNaKosBz/nestedSubPages/lyrHg4RBzN6UafuymMFT/topics/NywbGW22YNeZSM3kuwKk/quizzes/DGXa0b1J9HtFiPOazIql"
"1.000","Med Surg Proctored Exam Practice Questions - Set 5","ATI PN Med Surg Proctored Exam Practice Questions - Set 20","med-surg-proctored-exam-practice-questions-set-5","ati-pn-med-surg-proctored-exam-practice-questions-set-20","RN Exams > RN Nursing Course Exams > Medical Surgical","LPN Exams > ATI LPN Exams > Adult Medical Surgical","pillarPages/nursing-test-bank/subPages/SuT1noZoNGEjKGR1vTbi/nestedSubPages/zMFBI0XMiRsJnnXWhL5S/topics/4xNDZPMszSkpgRfEsOck/quizzes/9H8PUyPX9NWQsASETPT0","pillarPages/nursing-test-bank/subPages/z0xzINtS3EohZNaKosBz/nestedSubPages/lyrHg4RBzN6UafuymMFT/topics/NywbGW22YNeZSM3kuwKk/quizzes/UNpA2CM7ebFWBcyGTTh4"
"1.000","Med Surg Proctored Exam Practice Questions - Set 78","Med Surg Proctored Exam Practice Questions - Set 15","med-surg-proctored-exam-practice-questions-set-78","med-surg-proctored-exam-practice-questions-set-15","RN Exams > RN Nursing Course Exams > Medical Surgical","RN Exams > RN Nursing Course Exams > Medical Surgical","pillarPages/nursing-test-bank/subPages/SuT1noZoNGEjKGR1vTbi/nestedSubPages/zMFBI0XMiRsJnnXWhL5S/topics/4xNDZPMszSkpgRfEsOck/quizzes/bxEnceOHYKbq97fBDGLt","pillarPages/nursing-test-bank/subPages/SuT1noZoNGEjKGR1vTbi/nestedSubPages/zMFBI0XMiRsJnnXWhL5S/topics/4xNDZPMszSkpgRfEsOck/quizzes/iNBMfTiCFqE5vLMAXKYk"
"1.000","Med Surg Proctored Exam Practice Questions - Set 78","Med Surg Proctored Exam Practice Questions - Set 19","med-surg-proctored-exam-practice-questions-set-78","med-surg-proctored-exam-practice-questions-set-19","RN Exams > RN Nursing Course Exams > Medical Surgical","RN Exams > RN Nursing Course Exams > Medical Surgical","pillarPages/nursing-test-bank/subPages/SuT1noZoNGEjKGR1vTbi/nestedSubPages/zMFBI0XMiRsJnnXWhL5S/topics/4xNDZPMszSkpgRfEsOck/quizzes/bxEnceOHYKbq97fBDGLt","pillarPages/nursing-test-bank/subPages/SuT1noZoNGEjKGR1vTbi/nestedSubPages/zMFBI0XMiRsJnnXWhL5S/topics/4xNDZPMszSkpgRfEsOck/quizzes/kYAOUCGOPnDKVwTnNHHT"
"1.000","Med Surg Proctored Exam Practice Questions - Set 78","Med Surg Proctored Exam Practice Questions - Set 37","med-surg-proctored-exam-practice-questions-set-78","med-surg-proctored-exam-practice-questions-set-37","RN Exams > RN Nursing Course Exams > Medical Surgical","RN Exams > RN Nursing Course Exams > Medical Surgical","pillarPages/nursing-test-bank/subPages/SuT1noZoNGEjKGR1vTbi/nestedSubPages/zMFBI0XMiRsJnnXWhL5S/topics/4xNDZPMszSkpgRfEsOck/quizzes/bxEnceOHYKbq97fBDGLt","pillarPages/nursing-test-bank/subPages/SuT1noZoNGEjKGR1vTbi/nestedSubPages/zMFBI0XMiRsJnnXWhL5S/topics/4xNDZPMszSkpgRfEsOck/quizzes/oar2ziAapKkrLXGLV1dv"
"1.000","Med Surg Proctored Exam Practice Questions - Set 78","Med Surg Proctored Exam Practice Questions - Set 29","med-surg-proctored-exam-practice-questions-set-78","med-surg-proctored-exam-practice-questions-set-29","RN Exams > RN Nursing Course Exams > Medical Surgical","RN Exams > RN Nursing Course Exams > Medical Surgical","pillarPages/nursing-test-bank/subPages/SuT1noZoNGEjKGR1vTbi/nestedSubPages/zMFBI0XMiRsJnnXWhL5S/topics/4xNDZPMszSkpgRfEsOck/quizzes/bxEnceOHYKbq97fBDGLt","pillarPages/nursing-test-bank/subPages/SuT1noZoNGEjKGR1vTbi/nestedSubPages/zMFBI0XMiRsJnnXWhL5S/topics/4xNDZPMszSkpgRfEsOck/quizzes/tf6gDqQZSQ3wBzJUvup3"
"1.000","Med Surg Proctored Exam Practice Questions - Set 78","LPN Med Surg Proctored Exam Practice Questions","med-surg-proctored-exam-practice-questions-set-78","lpn-med-surg-proctored-exam-practice-questions","RN Exams > RN Nursing Course Exams > Medical Surgical","LPN Exams > LPN Nursing Course Exams > Medical Surgical","pillarPages/nursing-test-bank/subPages/SuT1noZoNGEjKGR1vTbi/nestedSubPages/zMFBI0XMiRsJnnXWhL5S/topics/4xNDZPMszSkpgRfEsOck/quizzes/bxEnceOHYKbq97fBDGLt","pillarPages/nursing-test-bank/subPages/z0xzINtS3EohZNaKosBz/nestedSubPages/3K3wv7IGcDcXvSNM9Kxm/topics/AlR3KvZbCSZXo21jeLnT/quizzes/r0i9bbqJEBzcWYyMY6K2"
"1.000","Med Surg Proctored Exam Practice Questions - Set 78","ATI PN Med Surg Proctored Exam Practice Questions - Set 14","med-surg-proctored-exam-practice-questions-set-78","ati-pn-med-surg-proctored-exam-practice-questions-set-14","RN Exams > RN Nursing Course Exams > Medical Surgical","LPN Exams > ATI LPN Exams > Adult Medical Surgical","pillarPages/nursing-test-bank/subPages/SuT1noZoNGEjKGR1vTbi/nestedSubPages/zMFBI0XMiRsJnnXWhL5S/topics/4xNDZPMszSkpgRfEsOck/quizzes/bxEnceOHYKbq97fBDGLt","pillarPages/nursing-test-bank/subPages/z0xzINtS3EohZNaKosBz/nestedSubPages/lyrHg4RBzN6UafuymMFT/topics/NywbGW22YNeZSM3kuwKk/quizzes/4MGJngTxlLpNA9gMl6Hs"
"1.000","Med Surg Proctored Exam Practice Questions - Set 78","ATI PN Med Surg Proctored Exam Practice Questions - Set 69","med-surg-proctored-exam-practice-questions-set-78","ati-pn-med-surg-proctored-exam-practice-questions-set-69","RN Exams > RN Nursing Course Exams > Medical Surgical","LPN Exams > ATI LPN Exams > Adult Medical Surgical","pillarPages/nursing-test-bank/subPages/SuT1noZoNGEjKGR1vTbi/nestedSubPages/zMFBI0XMiRsJnnXWhL5S/topics/4xNDZPMszSkpgRfEsOck/quizzes/bxEnceOHYKbq97fBDGLt","pillarPages/nursing-test-bank/subPages/z0xzINtS3EohZNaKosBz/nestedSubPages/lyrHg4RBzN6UafuymMFT/topics/NywbGW22YNeZSM3kuwKk/quizzes/DGXa0b1J9HtFiPOazIql"
"1.000","Med Surg Proctored Exam Practice Questions - Set 78","ATI PN Med Surg Proctored Exam Practice Questions - Set 20","med-surg-proctored-exam-practice-questions-set-78","ati-pn-med-surg-proctored-exam-practice-questions-set-20","RN Exams > RN Nursing Course Exams > Medical Surgical","LPN Exams > ATI LPN Exams > Adult Medical Surgical","pillarPages/nursing-test-bank/subPages/SuT1noZoNGEjKGR1vTbi/nestedSubPages/zMFBI0XMiRsJnnXWhL5S/topics/4xNDZPMszSkpgRfEsOck/quizzes/bxEnceOHYKbq97fBDGLt","pillarPages/nursing-test-bank/subPages/z0xzINtS3EohZNaKosBz/nestedSubPages/lyrHg4RBzN6UafuymMFT/topics/NywbGW22YNeZSM3kuwKk/quizzes/UNpA2CM7ebFWBcyGTTh4"
"1.000","Med Surg Regular Proctored Exam Practice Questions","Med Surg Proctored Exam - Regular Practice Questions","med-surg-regular-proctored-exam-practice-questions","med-surg-proctored-exam-regular-practice-questions-set-41","RN Exams > RN Nursing Course Exams > Medical Surgical","RN Exams > RN Nursing Course Exams > Medical Surgical","pillarPages/nursing-test-bank/subPages/SuT1noZoNGEjKGR1vTbi/nestedSubPages/zMFBI0XMiRsJnnXWhL5S/topics/4xNDZPMszSkpgRfEsOck/quizzes/4se4MhGFbIyvCbnznX8G","pillarPages/nursing-test-bank/subPages/SuT1noZoNGEjKGR1vTbi/nestedSubPages/zMFBI0XMiRsJnnXWhL5S/topics/4xNDZPMszSkpgRfEsOck/quizzes/aSx8oeNBNSxMjepsIi7Q"
"1.000","Med Surg Regular Proctored Exam Practice Questions","Med Surg Proctored Exam (Regular) Practice Questions","med-surg-regular-proctored-exam-practice-questions","med-surg-proctored-exam-regular-practice-questions","RN Exams > RN Nursing Course Exams > Medical Surgical","RN Exams > RN Nursing Course Exams > Medical Surgical","pillarPages/nursing-test-bank/subPages/SuT1noZoNGEjKGR1vTbi/nestedSubPages/zMFBI0XMiRsJnnXWhL5S/topics/4xNDZPMszSkpgRfEsOck/quizzes/4se4MhGFbIyvCbnznX8G","pillarPages/nursing-test-bank/subPages/SuT1noZoNGEjKGR1vTbi/nestedSubPages/zMFBI0XMiRsJnnXWhL5S/topics/4xNDZPMszSkpgRfEsOck/quizzes/zx7Nbjndb95SeBJLVeZq"
"1.000","Medical Surgical Nursing Proctored Exam (LPN) Practice Questions","ATI PN Medical Surgical Proctored Exam 2023 Practice Questions - Set 21","medical-surgical-nursing-proctored-exam-lpn-practice-questions","ati-pn-medical-surgical-proctored-exam-2023-practice-questions-set-21","LPN Exams > LPN Nursing Course Exams > Medical Surgical","LPN Exams > ATI LPN Exams > Adult Medical Surgical","pillarPages/nursing-test-bank/subPages/z0xzINtS3EohZNaKosBz/nestedSubPages/3K3wv7IGcDcXvSNM9Kxm/topics/AlR3KvZbCSZXo21jeLnT/quizzes/NAoU9TDzL0PQhRhP8eWC","pillarPages/nursing-test-bank/subPages/z0xzINtS3EohZNaKosBz/nestedSubPages/lyrHg4RBzN6UafuymMFT/topics/NywbGW22YNeZSM3kuwKk/quizzes/PSUOf5Jme94saqPFlLyB"
"1.000","Medical Surgical Nursing Proctored Exam (LPN) Practice Questions","ATI PN Medical Surgical Proctored Exam Practice Questions - Set 45","medical-surgical-nursing-proctored-exam-lpn-practice-questions","ati-pn-medical-surgical-proctored-exam-practice-questions-set-45","LPN Exams > LPN Nursing Course Exams > Medical Surgical","LPN Exams > ATI LPN Exams > Adult Medical Surgical","pillarPages/nursing-test-bank/subPages/z0xzINtS3EohZNaKosBz/nestedSubPages/3K3wv7IGcDcXvSNM9Kxm/topics/AlR3KvZbCSZXo21jeLnT/quizzes/NAoU9TDzL0PQhRhP8eWC","pillarPages/nursing-test-bank/subPages/z0xzINtS3EohZNaKosBz/nestedSubPages/lyrHg4RBzN6UafuymMFT/topics/NywbGW22YNeZSM3kuwKk/quizzes/RD3Pi9dVMoVsNQzEa0WN"
"1.000","Medical Surgical Nursing Proctored Exam (Viterbo University) Practice Questions - Set 44","Medical Surgical Nursing Proctored Exam (Viterbo University) Practice Questions - Set 46","medical-surgical-nursing-proctored-exam-viterbo-university-practice-questions-set-44","medical-surgical-nursing-proctored-exam-viterbo-university-practice-questions-set-46","RN Exams > RN Nursing Course Exams > Medical Surgical","RN Exams > RN Nursing Course Exams > Medical Surgical","pillarPages/nursing-test-bank/subPages/SuT1noZoNGEjKGR1vTbi/nestedSubPages/zMFBI0XMiRsJnnXWhL5S/topics/4xNDZPMszSkpgRfEsOck/quizzes/PNDHAOBehP5kd2BJBMND","pillarPages/nursing-test-bank/subPages/SuT1noZoNGEjKGR1vTbi/nestedSubPages/zMFBI0XMiRsJnnXWhL5S/topics/4xNDZPMszSkpgRfEsOck/quizzes/RTv3X6aWTvNLPz45g8pz"
"1.000","Mental Health Proctored Exam Practice Questions - Set 10","ATI PN Mental Health Proctored Exam Practice Questions - Set 18","mental-health-proctored-exam-practice-questions-set-10","ati-pn-mental-health-proctored-exam-practice-questions-set-18","RN Exams > RN Nursing Course Exams > Mental Health","LPN Exams > ATI LPN Exams > Mental Health","pillarPages/nursing-test-bank/subPages/SuT1noZoNGEjKGR1vTbi/nestedSubPages/zMFBI0XMiRsJnnXWhL5S/topics/dwj41dVBiWR9v4FRpKhC/quizzes/tqZexHKRKjnlwGNrgTMx","pillarPages/nursing-test-bank/subPages/z0xzINtS3EohZNaKosBz/nestedSubPages/lyrHg4RBzN6UafuymMFT/topics/6i5h4wWlOfz4R8huNTkC/quizzes/0XWKxkayJ6Z3kVf3raA0"
"1.000","Mental Health Proctored Exam Practice Questions - Set 10","ATI PN Mental Health Proctored Exam 2023 Practice Questions - Set 10","mental-health-proctored-exam-practice-questions-set-10","ati-pn-mental-health-proctored-exam-2023-practice-questions-set-10","RN Exams > RN Nursing Course Exams > Mental Health","LPN Exams > ATI LPN Exams > Mental Health","pillarPages/nursing-test-bank/subPages/SuT1noZoNGEjKGR1vTbi/nestedSubPages/zMFBI0XMiRsJnnXWhL5S/topics/dwj41dVBiWR9v4FRpKhC/quizzes/tqZexHKRKjnlwGNrgTMx","pillarPages/nursing-test-bank/subPages/z0xzINtS3EohZNaKosBz/nestedSubPages/lyrHg4RBzN6UafuymMFT/topics/6i5h4wWlOfz4R8huNTkC/quizzes/2fG2uGhn6fyk67ZYFnah"
"1.000","Mental Health Proctored Exam Practice Questions - Set 10","ATI PN Mental Health Proctored Exam 2023 Practice Questions - Set 12","mental-health-proctored-exam-practice-questions-set-10","ati-pn-mental-health-proctored-exam-2023-practice-questions-set-12","RN Exams > RN Nursing Course Exams > Mental Health","LPN Exams > ATI LPN Exams > Mental Health","pillarPages/nursing-test-bank/subPages/SuT1noZoNGEjKGR1vTbi/nestedSubPages/zMFBI0XMiRsJnnXWhL5S/topics/dwj41dVBiWR9v4FRpKhC/quizzes/tqZexHKRKjnlwGNrgTMx","pillarPages/nursing-test-bank/subPages/z0xzINtS3EohZNaKosBz/nestedSubPages/lyrHg4RBzN6UafuymMFT/topics/6i5h4wWlOfz4R8huNTkC/quizzes/87iwgbc9j81OVcednIg7"
"1.000","Mental Health Proctored Exam Practice Questions - Set 10","ATI PN Mental Health Proctored Exam Practice Questions - Set 6","mental-health-proctored-exam-practice-questions-set-10","ati-pn-mental-health-proctored-exam-practice-questions-set-6","RN Exams > RN Nursing Course Exams > Mental Health","LPN Exams > ATI LPN Exams > Mental Health","pillarPages/nursing-test-bank/subPages/SuT1noZoNGEjKGR1vTbi/nestedSubPages/zMFBI0XMiRsJnnXWhL5S/topics/dwj41dVBiWR9v4FRpKhC/quizzes/tqZexHKRKjnlwGNrgTMx","pillarPages/nursing-test-bank/subPages/z0xzINtS3EohZNaKosBz/nestedSubPages/lyrHg4RBzN6UafuymMFT/topics/6i5h4wWlOfz4R8huNTkC/quizzes/D7Gmvl2j5bTkFaVU4erQ"
"1.000","Mental Health Proctored Exam Practice Questions - Set 10","ATI PN Mental Health Proctored Exam Practice Questions - Set 20","mental-health-proctored-exam-practice-questions-set-10","ati-pn-mental-health-proctored-exam-practice-questions-set-20","RN Exams > RN Nursing Course Exams > Mental Health","LPN Exams > ATI LPN Exams > Mental Health","pillarPages/nursing-test-bank/subPages/SuT1noZoNGEjKGR1vTbi/nestedSubPages/zMFBI0XMiRsJnnXWhL5S/topics/dwj41dVBiWR9v4FRpKhC/quizzes/tqZexHKRKjnlwGNrgTMx","pillarPages/nursing-test-bank/subPages/z0xzINtS3EohZNaKosBz/nestedSubPages/lyrHg4RBzN6UafuymMFT/topics/6i5h4wWlOfz4R8huNTkC/quizzes/EfV4aTuYMVOaoBvfUZFW"
"1.000","Mental Health Proctored Exam Practice Questions - Set 10","ATI PN Mental Health 2023 Proctored Exam Practice Questions - Set 16","mental-health-proctored-exam-practice-questions-set-10","ati-pn-mental-health-2023-proctored-exam-practice-questions-set-16","RN Exams > RN Nursing Course Exams > Mental Health","LPN Exams > ATI LPN Exams > Mental Health","pillarPages/nursing-test-bank/subPages/SuT1noZoNGEjKGR1vTbi/nestedSubPages/zMFBI0XMiRsJnnXWhL5S/topics/dwj41dVBiWR9v4FRpKhC/quizzes/tqZexHKRKjnlwGNrgTMx","pillarPages/nursing-test-bank/subPages/z0xzINtS3EohZNaKosBz/nestedSubPages/lyrHg4RBzN6UafuymMFT/topics/6i5h4wWlOfz4R8huNTkC/quizzes/Fd4CUWFrC0EHRcUrIpx4"
"1.000","Mental Health Proctored Exam Practice Questions - Set 10","ATI PN Mental Health Proctored Exam Practice Questions - Set 3","mental-health-proctored-exam-practice-questions-set-10","ati-pn-mental-health-proctored-exam-practice-questions-set-3","RN Exams > RN Nursing Course Exams > Mental Health","LPN Exams > ATI LPN Exams > Mental Health","pillarPages/nursing-test-bank/subPages/SuT1noZoNGEjKGR1vTbi/nestedSubPages/zMFBI0XMiRsJnnXWhL5S/topics/dwj41dVBiWR9v4FRpKhC/quizzes/tqZexHKRKjnlwGNrgTMx","pillarPages/nursing-test-bank/subPages/z0xzINtS3EohZNaKosBz/nestedSubPages/lyrHg4RBzN6UafuymMFT/topics/6i5h4wWlOfz4R8huNTkC/quizzes/NmyWvm446Bgz09F1MCl2"
"1.000","Mental Health Proctored Exam Practice Questions - Set 10","ATI PN Mental Health Proctored Exam Practice Questions - Set 21","mental-health-proctored-exam-practice-questions-set-10","ati-pn-mental-health-proctored-exam-practice-questions-set-21","RN Exams > RN Nursing Course Exams > Mental Health","LPN Exams > ATI LPN Exams > Mental Health","pillarPages/nursing-test-bank/subPages/SuT1noZoNGEjKGR1vTbi/nestedSubPages/zMFBI0XMiRsJnnXWhL5S/topics/dwj41dVBiWR9v4FRpKhC/quizzes/tqZexHKRKjnlwGNrgTMx","pillarPages/nursing-test-bank/subPages/z0xzINtS3EohZNaKosBz/nestedSubPages/lyrHg4RBzN6UafuymMFT/topics/6i5h4wWlOfz4R8huNTkC/quizzes/Q2fS8PmQ5wik85qwHuxw"
"1.000","Mental Health Proctored Exam Practice Questions - Set 10","ATI PN Mental Health 2023 Proctored Exam Practice Questions - Set 17","mental-health-proctored-exam-practice-questions-set-10","ati-pn-mental-health-2023-proctored-exam-practice-questions-set-17","RN Exams > RN Nursing Course Exams > Mental Health","LPN Exams > ATI LPN Exams > Mental Health","pillarPages/nursing-test-bank/subPages/SuT1noZoNGEjKGR1vTbi/nestedSubPages/zMFBI0XMiRsJnnXWhL5S/topics/dwj41dVBiWR9v4FRpKhC/quizzes/tqZexHKRKjnlwGNrgTMx","pillarPages/nursing-test-bank/subPages/z0xzINtS3EohZNaKosBz/nestedSubPages/lyrHg4RBzN6UafuymMFT/topics/6i5h4wWlOfz4R8huNTkC/quizzes/Z4NAfejpaDgZZHU9Qdpz"
"1.000","Mental Health Proctored Exam Practice Questions - Set 10","ATI PN Mental Health Quiz Proctored Exam Practice Questions - Set 19","mental-health-proctored-exam-practice-questions-set-10","ati-pn-mental-health-quiz-proctored-exam-practice-questions-set-19","RN Exams > RN Nursing Course Exams > Mental Health","LPN Exams > ATI LPN Exams > Mental Health","pillarPages/nursing-test-bank/subPages/SuT1noZoNGEjKGR1vTbi/nestedSubPages/zMFBI0XMiRsJnnXWhL5S/topics/dwj41dVBiWR9v4FRpKhC/quizzes/tqZexHKRKjnlwGNrgTMx","pillarPages/nursing-test-bank/subPages/z0xzINtS3EohZNaKosBz/nestedSubPages/lyrHg4RBzN6UafuymMFT/topics/6i5h4wWlOfz4R8huNTkC/quizzes/azlPQZl6jkNGLIXtXnDc"
"1.000","Mental Health Proctored Exam Practice Questions - Set 10","ATI PN Mental Health Proctored Exam Practice Questions - Set 2","mental-health-proctored-exam-practice-questions-set-10","ati-pn-mental-health-proctored-exam-practice-questions-set-2","RN Exams > RN Nursing Course Exams > Mental Health","LPN Exams > ATI LPN Exams > Mental Health","pillarPages/nursing-test-bank/subPages/SuT1noZoNGEjKGR1vTbi/nestedSubPages/zMFBI0XMiRsJnnXWhL5S/topics/dwj41dVBiWR9v4FRpKhC/quizzes/tqZexHKRKjnlwGNrgTMx","pillarPages/nursing-test-bank/subPages/z0xzINtS3EohZNaKosBz/nestedSubPages/lyrHg4RBzN6UafuymMFT/topics/6i5h4wWlOfz4R8huNTkC/quizzes/dUh2HpoMmmz9AkeiPvna"
"1.000","Mental Health Proctored Exam Practice Questions - Set 10","ATI PN Mental Health Proctored Exam Practice Questions - Set 7","mental-health-proctored-exam-practice-questions-set-10","ati-pn-mental-health-proctored-exam-practice-questions-set-7","RN Exams > RN Nursing Course Exams > Mental Health","LPN Exams > ATI LPN Exams > Mental Health","pillarPages/nursing-test-bank/subPages/SuT1noZoNGEjKGR1vTbi/nestedSubPages/zMFBI0XMiRsJnnXWhL5S/topics/dwj41dVBiWR9v4FRpKhC/quizzes/tqZexHKRKjnlwGNrgTMx","pillarPages/nursing-test-bank/subPages/z0xzINtS3EohZNaKosBz/nestedSubPages/lyrHg4RBzN6UafuymMFT/topics/6i5h4wWlOfz4R8huNTkC/quizzes/hthlfOCc1BGRxIETQQ1Z"
"1.000","Mental Health Proctored Exam Practice Questions - Set 10","ATI PN Mental Health Proctored Exam Practice Questions - Set 4","mental-health-proctored-exam-practice-questions-set-10","ati-pn-mental-health-proctored-exam-practice-questions-set-4","RN Exams > RN Nursing Course Exams > Mental Health","LPN Exams > ATI LPN Exams > Mental Health","pillarPages/nursing-test-bank/subPages/SuT1noZoNGEjKGR1vTbi/nestedSubPages/zMFBI0XMiRsJnnXWhL5S/topics/dwj41dVBiWR9v4FRpKhC/quizzes/tqZexHKRKjnlwGNrgTMx","pillarPages/nursing-test-bank/subPages/z0xzINtS3EohZNaKosBz/nestedSubPages/lyrHg4RBzN6UafuymMFT/topics/6i5h4wWlOfz4R8huNTkC/quizzes/sceHL0R4Xdjbg0G5Ksz9"
"1.000","Mental Health Proctored Exam Practice Questions - Set 10","ATI PN Mental Health Proctored Exam Practice Questions - Set 27","mental-health-proctored-exam-practice-questions-set-10","ati-pn-mental-health-proctored-exam-practice-questions-set-27","RN Exams > RN Nursing Course Exams > Mental Health","LPN Exams > ATI LPN Exams > Mental Health","pillarPages/nursing-test-bank/subPages/SuT1noZoNGEjKGR1vTbi/nestedSubPages/zMFBI0XMiRsJnnXWhL5S/topics/dwj41dVBiWR9v4FRpKhC/quizzes/tqZexHKRKjnlwGNrgTMx","pillarPages/nursing-test-bank/subPages/z0xzINtS3EohZNaKosBz/nestedSubPages/lyrHg4RBzN6UafuymMFT/topics/6i5h4wWlOfz4R8huNTkC/quizzes/ujhDVShnkrjKiFa6CSKq"
"1.000","Mental Health Proctored Exam Practice Questions - Set 11","RN Mental Health Proctored Exam Practice Questions","mental-health-proctored-exam-practice-questions-set-11","rn-mental-health-proctored-exam-practice-questions","RN Exams > RN Nursing Course Exams > Mental Health","RN Exams > RN Nursing Course Exams > Mental Health","pillarPages/nursing-test-bank/subPages/SuT1noZoNGEjKGR1vTbi/nestedSubPages/zMFBI0XMiRsJnnXWhL5S/topics/dwj41dVBiWR9v4FRpKhC/quizzes/exC4UgNA0gzVj4dO98Uy","pillarPages/nursing-test-bank/subPages/SuT1noZoNGEjKGR1vTbi/nestedSubPages/zMFBI0XMiRsJnnXWhL5S/topics/dwj41dVBiWR9v4FRpKhC/quizzes/jlClWgbiccVolsEakTTA"
"1.000","Mental Health Proctored Exam Practice Questions - Set 11","Mental Health Proctored Exam Practice Questions - Set 10","mental-health-proctored-exam-practice-questions-set-11","mental-health-proctored-exam-practice-questions-set-10","RN Exams > RN Nursing Course Exams > Mental Health","RN Exams > RN Nursing Course Exams > Mental Health","pillarPages/nursing-test-bank/subPages/SuT1noZoNGEjKGR1vTbi/nestedSubPages/zMFBI0XMiRsJnnXWhL5S/topics/dwj41dVBiWR9v4FRpKhC/quizzes/exC4UgNA0gzVj4dO98Uy","pillarPages/nursing-test-bank/subPages/SuT1noZoNGEjKGR1vTbi/nestedSubPages/zMFBI0XMiRsJnnXWhL5S/topics/dwj41dVBiWR9v4FRpKhC/quizzes/tqZexHKRKjnlwGNrgTMx"
"1.000","Mental Health Proctored Exam Practice Questions - Set 11","ATI PN Mental Health Proctored Exam Practice Questions - Set 18","mental-health-proctored-exam-practice-questions-set-11","ati-pn-mental-health-proctored-exam-practice-questions-set-18","RN Exams > RN Nursing Course Exams > Mental Health","LPN Exams > ATI LPN Exams > Mental Health","pillarPages/nursing-test-bank/subPages/SuT1noZoNGEjKGR1vTbi/nestedSubPages/zMFBI0XMiRsJnnXWhL5S/topics/dwj41dVBiWR9v4FRpKhC/quizzes/exC4UgNA0gzVj4dO98Uy","pillarPages/nursing-test-bank/subPages/z0xzINtS3EohZNaKosBz/nestedSubPages/lyrHg4RBzN6UafuymMFT/topics/6i5h4wWlOfz4R8huNTkC/quizzes/0XWKxkayJ6Z3kVf3raA0"
"1.000","Mental Health Proctored Exam Practice Questions - Set 11","ATI PN Mental Health Proctored Exam 2023 Practice Questions - Set 10","mental-health-proctored-exam-practice-questions-set-11","ati-pn-mental-health-proctored-exam-2023-practice-questions-set-10","RN Exams > RN Nursing Course Exams > Mental Health","LPN Exams > ATI LPN Exams > Mental Health","pillarPages/nursing-test-bank/subPages/SuT1noZoNGEjKGR1vTbi/nestedSubPages/zMFBI0XMiRsJnnXWhL5S/topics/dwj41dVBiWR9v4FRpKhC/quizzes/exC4UgNA0gzVj4dO98Uy","pillarPages/nursing-test-bank/subPages/z0xzINtS3EohZNaKosBz/nestedSubPages/lyrHg4RBzN6UafuymMFT/topics/6i5h4wWlOfz4R8huNTkC/quizzes/2fG2uGhn6fyk67ZYFnah"
"1.000","Mental Health Proctored Exam Practice Questions - Set 11","ATI PN Mental Health Proctored Exam 2023 Practice Questions - Set 12","mental-health-proctored-exam-practice-questions-set-11","ati-pn-mental-health-proctored-exam-2023-practice-questions-set-12","RN Exams > RN Nursing Course Exams > Mental Health","LPN Exams > ATI LPN Exams > Mental Health","pillarPages/nursing-test-bank/subPages/SuT1noZoNGEjKGR1vTbi/nestedSubPages/zMFBI0XMiRsJnnXWhL5S/topics/dwj41dVBiWR9v4FRpKhC/quizzes/exC4UgNA0gzVj4dO98Uy","pillarPages/nursing-test-bank/subPages/z0xzINtS3EohZNaKosBz/nestedSubPages/lyrHg4RBzN6UafuymMFT/topics/6i5h4wWlOfz4R8huNTkC/quizzes/87iwgbc9j81OVcednIg7"
"1.000","Mental Health Proctored Exam Practice Questions - Set 11","ATI PN Mental Health Proctored Exam Practice Questions - Set 6","mental-health-proctored-exam-practice-questions-set-11","ati-pn-mental-health-proctored-exam-practice-questions-set-6","RN Exams > RN Nursing Course Exams > Mental Health","LPN Exams > ATI LPN Exams > Mental Health","pillarPages/nursing-test-bank/subPages/SuT1noZoNGEjKGR1vTbi/nestedSubPages/zMFBI0XMiRsJnnXWhL5S/topics/dwj41dVBiWR9v4FRpKhC/quizzes/exC4UgNA0gzVj4dO98Uy","pillarPages/nursing-test-bank/subPages/z0xzINtS3EohZNaKosBz/nestedSubPages/lyrHg4RBzN6UafuymMFT/topics/6i5h4wWlOfz4R8huNTkC/quizzes/D7Gmvl2j5bTkFaVU4erQ"
"1.000","Mental Health Proctored Exam Practice Questions - Set 11","ATI PN Mental Health Proctored Exam Practice Questions - Set 20","mental-health-proctored-exam-practice-questions-set-11","ati-pn-mental-health-proctored-exam-practice-questions-set-20","RN Exams > RN Nursing Course Exams > Mental Health","LPN Exams > ATI LPN Exams > Mental Health","pillarPages/nursing-test-bank/subPages/SuT1noZoNGEjKGR1vTbi/nestedSubPages/zMFBI0XMiRsJnnXWhL5S/topics/dwj41dVBiWR9v4FRpKhC/quizzes/exC4UgNA0gzVj4dO98Uy","pillarPages/nursing-test-bank/subPages/z0xzINtS3EohZNaKosBz/nestedSubPages/lyrHg4RBzN6UafuymMFT/topics/6i5h4wWlOfz4R8huNTkC/quizzes/EfV4aTuYMVOaoBvfUZFW"
"1.000","Mental Health Proctored Exam Practice Questions - Set 11","ATI PN Mental Health 2023 Proctored Exam Practice Questions - Set 16","mental-health-proctored-exam-practice-questions-set-11","ati-pn-mental-health-2023-proctored-exam-practice-questions-set-16","RN Exams > RN Nursing Course Exams > Mental Health","LPN Exams > ATI LPN Exams > Mental Health","pillarPages/nursing-test-bank/subPages/SuT1noZoNGEjKGR1vTbi/nestedSubPages/zMFBI0XMiRsJnnXWhL5S/topics/dwj41dVBiWR9v4FRpKhC/quizzes/exC4UgNA0gzVj4dO98Uy","pillarPages/nursing-test-bank/subPages/z0xzINtS3EohZNaKosBz/nestedSubPages/lyrHg4RBzN6UafuymMFT/topics/6i5h4wWlOfz4R8huNTkC/quizzes/Fd4CUWFrC0EHRcUrIpx4"
"1.000","Mental Health Proctored Exam Practice Questions - Set 11","ATI PN Mental Health Proctored Exam Practice Questions - Set 3","mental-health-proctored-exam-practice-questions-set-11","ati-pn-mental-health-proctored-exam-practice-questions-set-3","RN Exams > RN Nursing Course Exams > Mental Health","LPN Exams > ATI LPN Exams > Mental Health","pillarPages/nursing-test-bank/subPages/SuT1noZoNGEjKGR1vTbi/nestedSubPages/zMFBI0XMiRsJnnXWhL5S/topics/dwj41dVBiWR9v4FRpKhC/quizzes/exC4UgNA0gzVj4dO98Uy","pillarPages/nursing-test-bank/subPages/z0xzINtS3EohZNaKosBz/nestedSubPages/lyrHg4RBzN6UafuymMFT/topics/6i5h4wWlOfz4R8huNTkC/quizzes/NmyWvm446Bgz09F1MCl2"
"1.000","Mental Health Proctored Exam Practice Questions - Set 11","ATI PN Mental Health Proctored Exam Practice Questions - Set 21","mental-health-proctored-exam-practice-questions-set-11","ati-pn-mental-health-proctored-exam-practice-questions-set-21","RN Exams > RN Nursing Course Exams > Mental Health","LPN Exams > ATI LPN Exams > Mental Health","pillarPages/nursing-test-bank/subPages/SuT1noZoNGEjKGR1vTbi/nestedSubPages/zMFBI0XMiRsJnnXWhL5S/topics/dwj41dVBiWR9v4FRpKhC/quizzes/exC4UgNA0gzVj4dO98Uy","pillarPages/nursing-test-bank/subPages/z0xzINtS3EohZNaKosBz/nestedSubPages/lyrHg4RBzN6UafuymMFT/topics/6i5h4wWlOfz4R8huNTkC/quizzes/Q2fS8PmQ5wik85qwHuxw"
"1.000","Mental Health Proctored Exam Practice Questions - Set 11","ATI PN Mental Health 2023 Proctored Exam Practice Questions - Set 17","mental-health-proctored-exam-practice-questions-set-11","ati-pn-mental-health-2023-proctored-exam-practice-questions-set-17","RN Exams > RN Nursing Course Exams > Mental Health","LPN Exams > ATI LPN Exams > Mental Health","pillarPages/nursing-test-bank/subPages/SuT1noZoNGEjKGR1vTbi/nestedSubPages/zMFBI0XMiRsJnnXWhL5S/topics/dwj41dVBiWR9v4FRpKhC/quizzes/exC4UgNA0gzVj4dO98Uy","pillarPages/nursing-test-bank/subPages/z0xzINtS3EohZNaKosBz/nestedSubPages/lyrHg4RBzN6UafuymMFT/topics/6i5h4wWlOfz4R8huNTkC/quizzes/Z4NAfejpaDgZZHU9Qdpz"
"1.000","Mental Health Proctored Exam Practice Questions - Set 11","ATI PN Mental Health Quiz Proctored Exam Practice Questions - Set 19","mental-health-proctored-exam-practice-questions-set-11","ati-pn-mental-health-quiz-proctored-exam-practice-questions-set-19","RN Exams > RN Nursing Course Exams > Mental Health","LPN Exams > ATI LPN Exams > Mental Health","pillarPages/nursing-test-bank/subPages/SuT1noZoNGEjKGR1vTbi/nestedSubPages/zMFBI0XMiRsJnnXWhL5S/topics/dwj41dVBiWR9v4FRpKhC/quizzes/exC4UgNA0gzVj4dO98Uy","pillarPages/nursing-test-bank/subPages/z0xzINtS3EohZNaKosBz/nestedSubPages/lyrHg4RBzN6UafuymMFT/topics/6i5h4wWlOfz4R8huNTkC/quizzes/azlPQZl6jkNGLIXtXnDc"
"1.000","Mental Health Proctored Exam Practice Questions - Set 11","ATI PN Mental Health Proctored Exam Practice Questions - Set 2","mental-health-proctored-exam-practice-questions-set-11","ati-pn-mental-health-proctored-exam-practice-questions-set-2","RN Exams > RN Nursing Course Exams > Mental Health","LPN Exams > ATI LPN Exams > Mental Health","pillarPages/nursing-test-bank/subPages/SuT1noZoNGEjKGR1vTbi/nestedSubPages/zMFBI0XMiRsJnnXWhL5S/topics/dwj41dVBiWR9v4FRpKhC/quizzes/exC4UgNA0gzVj4dO98Uy","pillarPages/nursing-test-bank/subPages/z0xzINtS3EohZNaKosBz/nestedSubPages/lyrHg4RBzN6UafuymMFT/topics/6i5h4wWlOfz4R8huNTkC/quizzes/dUh2HpoMmmz9AkeiPvna"
"1.000","Mental Health Proctored Exam Practice Questions - Set 11","ATI PN Mental Health Proctored Exam Practice Questions - Set 7","mental-health-proctored-exam-practice-questions-set-11","ati-pn-mental-health-proctored-exam-practice-questions-set-7","RN Exams > RN Nursing Course Exams > Mental Health","LPN Exams > ATI LPN Exams > Mental Health","pillarPages/nursing-test-bank/subPages/SuT1noZoNGEjKGR1vTbi/nestedSubPages/zMFBI0XMiRsJnnXWhL5S/topics/dwj41dVBiWR9v4FRpKhC/quizzes/exC4UgNA0gzVj4dO98Uy","pillarPages/nursing-test-bank/subPages/z0xzINtS3EohZNaKosBz/nestedSubPages/lyrHg4RBzN6UafuymMFT/topics/6i5h4wWlOfz4R8huNTkC/quizzes/hthlfOCc1BGRxIETQQ1Z"
"1.000","Mental Health Proctored Exam Practice Questions - Set 11","ATI PN Mental Health Proctored Exam Practice Questions - Set 4","mental-health-proctored-exam-practice-questions-set-11","ati-pn-mental-health-proctored-exam-practice-questions-set-4","RN Exams > RN Nursing Course Exams > Mental Health","LPN Exams > ATI LPN Exams > Mental Health","pillarPages/nursing-test-bank/subPages/SuT1noZoNGEjKGR1vTbi/nestedSubPages/zMFBI0XMiRsJnnXWhL5S/topics/dwj41dVBiWR9v4FRpKhC/quizzes/exC4UgNA0gzVj4dO98Uy","pillarPages/nursing-test-bank/subPages/z0xzINtS3EohZNaKosBz/nestedSubPages/lyrHg4RBzN6UafuymMFT/topics/6i5h4wWlOfz4R8huNTkC/quizzes/sceHL0R4Xdjbg0G5Ksz9"
"1.000","Mental Health Proctored Exam Practice Questions - Set 11","ATI PN Mental Health Proctored Exam Practice Questions - Set 27","mental-health-proctored-exam-practice-questions-set-11","ati-pn-mental-health-proctored-exam-practice-questions-set-27","RN Exams > RN Nursing Course Exams > Mental Health","LPN Exams > ATI LPN Exams > Mental Health","pillarPages/nursing-test-bank/subPages/SuT1noZoNGEjKGR1vTbi/nestedSubPages/zMFBI0XMiRsJnnXWhL5S/topics/dwj41dVBiWR9v4FRpKhC/quizzes/exC4UgNA0gzVj4dO98Uy","pillarPages/nursing-test-bank/subPages/z0xzINtS3EohZNaKosBz/nestedSubPages/lyrHg4RBzN6UafuymMFT/topics/6i5h4wWlOfz4R8huNTkC/quizzes/ujhDVShnkrjKiFa6CSKq"
"1.000","Mental Health Proctored Exam Practice Questions - Set 9","Mental Health Proctored Exam Practice Questions - Set 11","mental-health-proctored-exam-practice-questions-set-9","mental-health-proctored-exam-practice-questions-set-11","RN Exams > RN Nursing Course Exams > Mental Health","RN Exams > RN Nursing Course Exams > Mental Health","pillarPages/nursing-test-bank/subPages/SuT1noZoNGEjKGR1vTbi/nestedSubPages/zMFBI0XMiRsJnnXWhL5S/topics/dwj41dVBiWR9v4FRpKhC/quizzes/9gTxPhSHh1mD3sWL8Dkh","pillarPages/nursing-test-bank/subPages/SuT1noZoNGEjKGR1vTbi/nestedSubPages/zMFBI0XMiRsJnnXWhL5S/topics/dwj41dVBiWR9v4FRpKhC/quizzes/exC4UgNA0gzVj4dO98Uy"
"1.000","Mental Health Proctored Exam Practice Questions - Set 9","RN Mental Health Proctored Exam Practice Questions","mental-health-proctored-exam-practice-questions-set-9","rn-mental-health-proctored-exam-practice-questions","RN Exams > RN Nursing Course Exams > Mental Health","RN Exams > RN Nursing Course Exams > Mental Health","pillarPages/nursing-test-bank/subPages/SuT1noZoNGEjKGR1vTbi/nestedSubPages/zMFBI0XMiRsJnnXWhL5S/topics/dwj41dVBiWR9v4FRpKhC/quizzes/9gTxPhSHh1mD3sWL8Dkh","pillarPages/nursing-test-bank/subPages/SuT1noZoNGEjKGR1vTbi/nestedSubPages/zMFBI0XMiRsJnnXWhL5S/topics/dwj41dVBiWR9v4FRpKhC/quizzes/jlClWgbiccVolsEakTTA"
"1.000","Mental Health Proctored Exam Practice Questions - Set 9","Mental Health Proctored Exam Practice Questions - Set 10","mental-health-proctored-exam-practice-questions-set-9","mental-health-proctored-exam-practice-questions-set-10","RN Exams > RN Nursing Course Exams > Mental Health","RN Exams > RN Nursing Course Exams > Mental Health","pillarPages/nursing-test-bank/subPages/SuT1noZoNGEjKGR1vTbi/nestedSubPages/zMFBI0XMiRsJnnXWhL5S/topics/dwj41dVBiWR9v4FRpKhC/quizzes/9gTxPhSHh1mD3sWL8Dkh","pillarPages/nursing-test-bank/subPages/SuT1noZoNGEjKGR1vTbi/nestedSubPages/zMFBI0XMiRsJnnXWhL5S/topics/dwj41dVBiWR9v4FRpKhC/quizzes/tqZexHKRKjnlwGNrgTMx"
"1.000","Mental Health Proctored Exam Practice Questions - Set 9","ATI PN Mental Health Proctored Exam Practice Questions - Set 18","mental-health-proctored-exam-practice-questions-set-9","ati-pn-mental-health-proctored-exam-practice-questions-set-18","RN Exams > RN Nursing Course Exams > Mental Health","LPN Exams > ATI LPN Exams > Mental Health","pillarPages/nursing-test-bank/subPages/SuT1noZoNGEjKGR1vTbi/nestedSubPages/zMFBI0XMiRsJnnXWhL5S/topics/dwj41dVBiWR9v4FRpKhC/quizzes/9gTxPhSHh1mD3sWL8Dkh","pillarPages/nursing-test-bank/subPages/z0xzINtS3EohZNaKosBz/nestedSubPages/lyrHg4RBzN6UafuymMFT/topics/6i5h4wWlOfz4R8huNTkC/quizzes/0XWKxkayJ6Z3kVf3raA0"
"1.000","Mental Health Proctored Exam Practice Questions - Set 9","ATI PN Mental Health Proctored Exam 2023 Practice Questions - Set 10","mental-health-proctored-exam-practice-questions-set-9","ati-pn-mental-health-proctored-exam-2023-practice-questions-set-10","RN Exams > RN Nursing Course Exams > Mental Health","LPN Exams > ATI LPN Exams > Mental Health","pillarPages/nursing-test-bank/subPages/SuT1noZoNGEjKGR1vTbi/nestedSubPages/zMFBI0XMiRsJnnXWhL5S/topics/dwj41dVBiWR9v4FRpKhC/quizzes/9gTxPhSHh1mD3sWL8Dkh","pillarPages/nursing-test-bank/subPages/z0xzINtS3EohZNaKosBz/nestedSubPages/lyrHg4RBzN6UafuymMFT/topics/6i5h4wWlOfz4R8huNTkC/quizzes/2fG2uGhn6fyk67ZYFnah"
"1.000","Mental Health Proctored Exam Practice Questions - Set 9","ATI PN Mental Health Proctored Exam 2023 Practice Questions - Set 12","mental-health-proctored-exam-practice-questions-set-9","ati-pn-mental-health-proctored-exam-2023-practice-questions-set-12","RN Exams > RN Nursing Course Exams > Mental Health","LPN Exams > ATI LPN Exams > Mental Health","pillarPages/nursing-test-bank/subPages/SuT1noZoNGEjKGR1vTbi/nestedSubPages/zMFBI0XMiRsJnnXWhL5S/topics/dwj41dVBiWR9v4FRpKhC/quizzes/9gTxPhSHh1mD3sWL8Dkh","pillarPages/nursing-test-bank/subPages/z0xzINtS3EohZNaKosBz/nestedSubPages/lyrHg4RBzN6UafuymMFT/topics/6i5h4wWlOfz4R8huNTkC/quizzes/87iwgbc9j81OVcednIg7"
"1.000","Mental Health Proctored Exam Practice Questions - Set 9","ATI PN Mental Health Proctored Exam Practice Questions - Set 6","mental-health-proctored-exam-practice-questions-set-9","ati-pn-mental-health-proctored-exam-practice-questions-set-6","RN Exams > RN Nursing Course Exams > Mental Health","LPN Exams > ATI LPN Exams > Mental Health","pillarPages/nursing-test-bank/subPages/SuT1noZoNGEjKGR1vTbi/nestedSubPages/zMFBI0XMiRsJnnXWhL5S/topics/dwj41dVBiWR9v4FRpKhC/quizzes/9gTxPhSHh1mD3sWL8Dkh","pillarPages/nursing-test-bank/subPages/z0xzINtS3EohZNaKosBz/nestedSubPages/lyrHg4RBzN6UafuymMFT/topics/6i5h4wWlOfz4R8huNTkC/quizzes/D7Gmvl2j5bTkFaVU4erQ"
"1.000","Mental Health Proctored Exam Practice Questions - Set 9","ATI PN Mental Health Proctored Exam Practice Questions - Set 20","mental-health-proctored-exam-practice-questions-set-9","ati-pn-mental-health-proctored-exam-practice-questions-set-20","RN Exams > RN Nursing Course Exams > Mental Health","LPN Exams > ATI LPN Exams > Mental Health","pillarPages/nursing-test-bank/subPages/SuT1noZoNGEjKGR1vTbi/nestedSubPages/zMFBI0XMiRsJnnXWhL5S/topics/dwj41dVBiWR9v4FRpKhC/quizzes/9gTxPhSHh1mD3sWL8Dkh","pillarPages/nursing-test-bank/subPages/z0xzINtS3EohZNaKosBz/nestedSubPages/lyrHg4RBzN6UafuymMFT/topics/6i5h4wWlOfz4R8huNTkC/quizzes/EfV4aTuYMVOaoBvfUZFW"
"1.000","Mental Health Proctored Exam Practice Questions - Set 9","ATI PN Mental Health 2023 Proctored Exam Practice Questions - Set 16","mental-health-proctored-exam-practice-questions-set-9","ati-pn-mental-health-2023-proctored-exam-practice-questions-set-16","RN Exams > RN Nursing Course Exams > Mental Health","LPN Exams > ATI LPN Exams > Mental Health","pillarPages/nursing-test-bank/subPages/SuT1noZoNGEjKGR1vTbi/nestedSubPages/zMFBI0XMiRsJnnXWhL5S/topics/dwj41dVBiWR9v4FRpKhC/quizzes/9gTxPhSHh1mD3sWL8Dkh","pillarPages/nursing-test-bank/subPages/z0xzINtS3EohZNaKosBz/nestedSubPages/lyrHg4RBzN6UafuymMFT/topics/6i5h4wWlOfz4R8huNTkC/quizzes/Fd4CUWFrC0EHRcUrIpx4"
"1.000","Mental Health Proctored Exam Practice Questions - Set 9","ATI PN Mental Health Proctored Exam Practice Questions - Set 3","mental-health-proctored-exam-practice-questions-set-9","ati-pn-mental-health-proctored-exam-practice-questions-set-3","RN Exams > RN Nursing Course Exams > Mental Health","LPN Exams > ATI LPN Exams > Mental Health","pillarPages/nursing-test-bank/subPages/SuT1noZoNGEjKGR1vTbi/nestedSubPages/zMFBI0XMiRsJnnXWhL5S/topics/dwj41dVBiWR9v4FRpKhC/quizzes/9gTxPhSHh1mD3sWL8Dkh","pillarPages/nursing-test-bank/subPages/z0xzINtS3EohZNaKosBz/nestedSubPages/lyrHg4RBzN6UafuymMFT/topics/6i5h4wWlOfz4R8huNTkC/quizzes/NmyWvm446Bgz09F1MCl2"
"1.000","Mental Health Proctored Exam Practice Questions - Set 9","ATI PN Mental Health Proctored Exam Practice Questions - Set 21","mental-health-proctored-exam-practice-questions-set-9","ati-pn-mental-health-proctored-exam-practice-questions-set-21","RN Exams > RN Nursing Course Exams > Mental Health","LPN Exams > ATI LPN Exams > Mental Health","pillarPages/nursing-test-bank/subPages/SuT1noZoNGEjKGR1vTbi/nestedSubPages/zMFBI0XMiRsJnnXWhL5S/topics/dwj41dVBiWR9v4FRpKhC/quizzes/9gTxPhSHh1mD3sWL8Dkh","pillarPages/nursing-test-bank/subPages/z0xzINtS3EohZNaKosBz/nestedSubPages/lyrHg4RBzN6UafuymMFT/topics/6i5h4wWlOfz4R8huNTkC/quizzes/Q2fS8PmQ5wik85qwHuxw"
"1.000","Mental Health Proctored Exam Practice Questions - Set 9","ATI PN Mental Health 2023 Proctored Exam Practice Questions - Set 17","mental-health-proctored-exam-practice-questions-set-9","ati-pn-mental-health-2023-proctored-exam-practice-questions-set-17","RN Exams > RN Nursing Course Exams > Mental Health","LPN Exams > ATI LPN Exams > Mental Health","pillarPages/nursing-test-bank/subPages/SuT1noZoNGEjKGR1vTbi/nestedSubPages/zMFBI0XMiRsJnnXWhL5S/topics/dwj41dVBiWR9v4FRpKhC/quizzes/9gTxPhSHh1mD3sWL8Dkh","pillarPages/nursing-test-bank/subPages/z0xzINtS3EohZNaKosBz/nestedSubPages/lyrHg4RBzN6UafuymMFT/topics/6i5h4wWlOfz4R8huNTkC/quizzes/Z4NAfejpaDgZZHU9Qdpz"
"1.000","Mental Health Proctored Exam Practice Questions - Set 9","ATI PN Mental Health Quiz Proctored Exam Practice Questions - Set 19","mental-health-proctored-exam-practice-questions-set-9","ati-pn-mental-health-quiz-proctored-exam-practice-questions-set-19","RN Exams > RN Nursing Course Exams > Mental Health","LPN Exams > ATI LPN Exams > Mental Health","pillarPages/nursing-test-bank/subPages/SuT1noZoNGEjKGR1vTbi/nestedSubPages/zMFBI0XMiRsJnnXWhL5S/topics/dwj41dVBiWR9v4FRpKhC/quizzes/9gTxPhSHh1mD3sWL8Dkh","pillarPages/nursing-test-bank/subPages/z0xzINtS3EohZNaKosBz/nestedSubPages/lyrHg4RBzN6UafuymMFT/topics/6i5h4wWlOfz4R8huNTkC/quizzes/azlPQZl6jkNGLIXtXnDc"
"1.000","Mental Health Proctored Exam Practice Questions - Set 9","ATI PN Mental Health Proctored Exam Practice Questions - Set 2","mental-health-proctored-exam-practice-questions-set-9","ati-pn-mental-health-proctored-exam-practice-questions-set-2","RN Exams > RN Nursing Course Exams > Mental Health","LPN Exams > ATI LPN Exams > Mental Health","pillarPages/nursing-test-bank/subPages/SuT1noZoNGEjKGR1vTbi/nestedSubPages/zMFBI0XMiRsJnnXWhL5S/topics/dwj41dVBiWR9v4FRpKhC/quizzes/9gTxPhSHh1mD3sWL8Dkh","pillarPages/nursing-test-bank/subPages/z0xzINtS3EohZNaKosBz/nestedSubPages/lyrHg4RBzN6UafuymMFT/topics/6i5h4wWlOfz4R8huNTkC/quizzes/dUh2HpoMmmz9AkeiPvna"
"1.000","Mental Health Proctored Exam Practice Questions - Set 9","ATI PN Mental Health Proctored Exam Practice Questions - Set 7","mental-health-proctored-exam-practice-questions-set-9","ati-pn-mental-health-proctored-exam-practice-questions-set-7","RN Exams > RN Nursing Course Exams > Mental Health","LPN Exams > ATI LPN Exams > Mental Health","pillarPages/nursing-test-bank/subPages/SuT1noZoNGEjKGR1vTbi/nestedSubPages/zMFBI0XMiRsJnnXWhL5S/topics/dwj41dVBiWR9v4FRpKhC/quizzes/9gTxPhSHh1mD3sWL8Dkh","pillarPages/nursing-test-bank/subPages/z0xzINtS3EohZNaKosBz/nestedSubPages/lyrHg4RBzN6UafuymMFT/topics/6i5h4wWlOfz4R8huNTkC/quizzes/hthlfOCc1BGRxIETQQ1Z"
"1.000","Mental Health Proctored Exam Practice Questions - Set 9","ATI PN Mental Health Proctored Exam Practice Questions - Set 4","mental-health-proctored-exam-practice-questions-set-9","ati-pn-mental-health-proctored-exam-practice-questions-set-4","RN Exams > RN Nursing Course Exams > Mental Health","LPN Exams > ATI LPN Exams > Mental Health","pillarPages/nursing-test-bank/subPages/SuT1noZoNGEjKGR1vTbi/nestedSubPages/zMFBI0XMiRsJnnXWhL5S/topics/dwj41dVBiWR9v4FRpKhC/quizzes/9gTxPhSHh1mD3sWL8Dkh","pillarPages/nursing-test-bank/subPages/z0xzINtS3EohZNaKosBz/nestedSubPages/lyrHg4RBzN6UafuymMFT/topics/6i5h4wWlOfz4R8huNTkC/quizzes/sceHL0R4Xdjbg0G5Ksz9"
"1.000","Mental Health Proctored Exam Practice Questions - Set 9","ATI PN Mental Health Proctored Exam Practice Questions - Set 27","mental-health-proctored-exam-practice-questions-set-9","ati-pn-mental-health-proctored-exam-practice-questions-set-27","RN Exams > RN Nursing Course Exams > Mental Health","LPN Exams > ATI LPN Exams > Mental Health","pillarPages/nursing-test-bank/subPages/SuT1noZoNGEjKGR1vTbi/nestedSubPages/zMFBI0XMiRsJnnXWhL5S/topics/dwj41dVBiWR9v4FRpKhC/quizzes/9gTxPhSHh1mD3sWL8Dkh","pillarPages/nursing-test-bank/subPages/z0xzINtS3EohZNaKosBz/nestedSubPages/lyrHg4RBzN6UafuymMFT/topics/6i5h4wWlOfz4R8huNTkC/quizzes/ujhDVShnkrjKiFa6CSKq"
"1.000","Nu 314 Maternal Newborn Proctored Exam Practice Questions - Set 6","Nu 314 Maternal Newborn Proctored Exam Practice Questions - Set 7","nu-314-maternal-newborn-proctored-exam-practice-questions-set-6","nu-314-maternal-newborn-proctored-exam-practice-questions-set-7","RN Exams > RN Nursing Course Exams > Maternal Newborn","RN Exams > RN Nursing Course Exams > Maternal Newborn","pillarPages/nursing-test-bank/subPages/SuT1noZoNGEjKGR1vTbi/nestedSubPages/zMFBI0XMiRsJnnXWhL5S/topics/stnDIFRoA0VwLaoxbGv1/quizzes/1as6z7CWehDGH7sSvspp","pillarPages/nursing-test-bank/subPages/SuT1noZoNGEjKGR1vTbi/nestedSubPages/zMFBI0XMiRsJnnXWhL5S/topics/stnDIFRoA0VwLaoxbGv1/quizzes/WkI62cfpJVptDilgioal"
"1.000","NUR 113 Med Surg Proctored Exam (Coastal Alabama College) Practice Questions - Set 17","NUR 113 Med Surg Proctored Exam (Coastal Alabama College) Practice Questions - Set 21","nur-113-med-surg-proctored-exam-coastal-alabama-college-practice-questions-set-17","nur-113-med-surg-proctored-exam-coastal-alabama-college-practice-questions-set-21","RN Exams > RN Nursing Course Exams > Medical Surgical","RN Exams > RN Nursing Course Exams > Medical Surgical","pillarPages/nursing-test-bank/subPages/SuT1noZoNGEjKGR1vTbi/nestedSubPages/zMFBI0XMiRsJnnXWhL5S/topics/4xNDZPMszSkpgRfEsOck/quizzes/TJZbZThlpGEqdgtuAKU6","pillarPages/nursing-test-bank/subPages/SuT1noZoNGEjKGR1vTbi/nestedSubPages/zMFBI0XMiRsJnnXWhL5S/topics/4xNDZPMszSkpgRfEsOck/quizzes/g4NLcEo1hLjUrUGPqwOn"
"1.000","NURS 4341 Maternal Newborn Proctored Exam Practice Questions - Set 5","NURS 4341 Maternal Newborn Proctored Exam Practice Questions - Set 4","nurs-4341-maternal-newborn-proctored-exam-practice-questions-set-5","nurs-4341-maternal-newborn-proctored-exam-practice-questions-set-4","RN Exams > RN Nursing Course Exams > Maternal Newborn","RN Exams > RN Nursing Course Exams > Maternal Newborn","pillarPages/nursing-test-bank/subPages/SuT1noZoNGEjKGR1vTbi/nestedSubPages/zMFBI0XMiRsJnnXWhL5S/topics/stnDIFRoA0VwLaoxbGv1/quizzes/A7ZoE79f4TVVlU5kJi9b","pillarPages/nursing-test-bank/subPages/SuT1noZoNGEjKGR1vTbi/nestedSubPages/zMFBI0XMiRsJnnXWhL5S/topics/stnDIFRoA0VwLaoxbGv1/quizzes/xopwK1PSGrk2XsrRwzM7"
"1.000","Nursing 2356 Multidimensional Care Proctored Exam Practice Questions - Set 3","Nursing 2356 Multidimensional Care Proctored Exam Practice Questions - Set 2","nursing-2356-multidimensional-care-proctored-exam-practice-questions-set-3","nursing-2356-multidimensional-care-proctored-exam-practice-questions-set-2","RN Exams > RN Nursing Course Exams > Multidimensional Care","RN Exams > RN Nursing Course Exams > Multidimensional Care","pillarPages/nursing-test-bank/subPages/SuT1noZoNGEjKGR1vTbi/nestedSubPages/zMFBI0XMiRsJnnXWhL5S/topics/5wsEQxaa4oxFg4kMLWiR/quizzes/9bU6rV6GPy7jRtH6oPIp","pillarPages/nursing-test-bank/subPages/SuT1noZoNGEjKGR1vTbi/nestedSubPages/zMFBI0XMiRsJnnXWhL5S/topics/5wsEQxaa4oxFg4kMLWiR/quizzes/Gyso6NnRhZtIeayTARUe"
"1.000","Pathopharmacology Proctored Exam (Examplify) Practice Questions","Pathopharmacology Proctored Exam (Examplify Exam) Practice Questions","pathopharmacology-proctored-exam-examplify-practice-questions","pathopharmacology-proctored-exam-examplify-exam-practice-questions","RN Exams > RN Nursing Course Exams > Pharmacology","RN Exams > RN Nursing Course Exams > Pharmacology","pillarPages/nursing-test-bank/subPages/SuT1noZoNGEjKGR1vTbi/nestedSubPages/zMFBI0XMiRsJnnXWhL5S/topics/qjQzp4HMFByeL1UEKGDd/quizzes/1sd2VxC4jZxzvYGNEUxr","pillarPages/nursing-test-bank/subPages/SuT1noZoNGEjKGR1vTbi/nestedSubPages/zMFBI0XMiRsJnnXWhL5S/topics/qjQzp4HMFByeL1UEKGDd/quizzes/jfSKIXCSjsoiKlaxcYAY"
"1.000","Pathophysiology Proctored Exam (Samuel Merit University) Practice Questions - Set 6","Pathophysiology Proctored Exam (Samuel Merit University) Practice Questions - Set 7","pathophysiology-proctored-exam-samuel-merit-university-practice-questions-set-6","pathophysiology-proctored-exam-samuel-merit-university-practice-questions-set-7","RN Exams > RN Nursing Course Exams > Pathophysiology","RN Exams > RN Nursing Course Exams > Pathophysiology","pillarPages/nursing-test-bank/subPages/SuT1noZoNGEjKGR1vTbi/nestedSubPages/zMFBI0XMiRsJnnXWhL5S/topics/KyUeIK7zxUi2K91H84Bj/quizzes/CMtHQWnW4Lr63WHV3IDY","pillarPages/nursing-test-bank/subPages/SuT1noZoNGEjKGR1vTbi/nestedSubPages/zMFBI0XMiRsJnnXWhL5S/topics/KyUeIK7zxUi2K91H84Bj/quizzes/GXzRTIhq2XdxnQOEHErG"
"1.000","Pathophysiology Proctored Exam (WGU) Practice Questions","WGU Pathophysiology Proctored Exam Practice Questions - Set 18","pathophysiology-proctored-exam-wgu-practice-questions","wgu-pathophysiology-proctored-exam-practice-questions-set-18","RN Exams > RN Nursing Course Exams > Pathophysiology","RN Exams > RN Nursing Course Exams > Pathophysiology","pillarPages/nursing-test-bank/subPages/SuT1noZoNGEjKGR1vTbi/nestedSubPages/zMFBI0XMiRsJnnXWhL5S/topics/KyUeIK7zxUi2K91H84Bj/quizzes/P67aOvmDV4XpnfhM7w6j","pillarPages/nursing-test-bank/subPages/SuT1noZoNGEjKGR1vTbi/nestedSubPages/zMFBI0XMiRsJnnXWhL5S/topics/KyUeIK7zxUi2K91H84Bj/quizzes/eoxvBnBQI6hdzIrkCEbo"
"1.000","Pathophysiology Proctored Exam (WGU) Practice Questions","WGU Pathophysiology Proctored Exam Practice Questions - Set 9","pathophysiology-proctored-exam-wgu-practice-questions","wgu-pathophysiology-proctored-exam-practice-questions-set-9","RN Exams > RN Nursing Course Exams > Pathophysiology","RN Exams > RN Nursing Course Exams > Pathophysiology","pillarPages/nursing-test-bank/subPages/SuT1noZoNGEjKGR1vTbi/nestedSubPages/zMFBI0XMiRsJnnXWhL5S/topics/KyUeIK7zxUi2K91H84Bj/quizzes/P67aOvmDV4XpnfhM7w6j","pillarPages/nursing-test-bank/subPages/SuT1noZoNGEjKGR1vTbi/nestedSubPages/zMFBI0XMiRsJnnXWhL5S/topics/KyUeIK7zxUi2K91H84Bj/quizzes/poiZC80zhEt3J4cbY0fl"
"1.000","Pathophysiology WGU Proctored Exam Practice Questions","Pathophysiology Proctored Exam (WGU) Practice Questions","pathophysiology-wgu-proctored-exam-practice-questions","pathophysiology-proctored-exam-wgu-practice-questions","RN Exams > RN Nursing Course Exams > Pathophysiology","RN Exams > RN Nursing Course Exams > Pathophysiology","pillarPages/nursing-test-bank/subPages/SuT1noZoNGEjKGR1vTbi/nestedSubPages/zMFBI0XMiRsJnnXWhL5S/topics/KyUeIK7zxUi2K91H84Bj/quizzes/1ottNbqrn9BKdhfQUijS","pillarPages/nursing-test-bank/subPages/SuT1noZoNGEjKGR1vTbi/nestedSubPages/zMFBI0XMiRsJnnXWhL5S/topics/KyUeIK7zxUi2K91H84Bj/quizzes/P67aOvmDV4XpnfhM7w6j"
"1.000","Pathophysiology WGU Proctored Exam Practice Questions","WGU Pathophysiology Proctored Exam Practice Questions - Set 18","pathophysiology-wgu-proctored-exam-practice-questions","wgu-pathophysiology-proctored-exam-practice-questions-set-18","RN Exams > RN Nursing Course Exams > Pathophysiology","RN Exams > RN Nursing Course Exams > Pathophysiology","pillarPages/nursing-test-bank/subPages/SuT1noZoNGEjKGR1vTbi/nestedSubPages/zMFBI0XMiRsJnnXWhL5S/topics/KyUeIK7zxUi2K91H84Bj/quizzes/1ottNbqrn9BKdhfQUijS","pillarPages/nursing-test-bank/subPages/SuT1noZoNGEjKGR1vTbi/nestedSubPages/zMFBI0XMiRsJnnXWhL5S/topics/KyUeIK7zxUi2K91H84Bj/quizzes/eoxvBnBQI6hdzIrkCEbo"
"1.000","Pathophysiology WGU Proctored Exam Practice Questions","WGU Pathophysiology Proctored Exam Practice Questions - Set 9","pathophysiology-wgu-proctored-exam-practice-questions","wgu-pathophysiology-proctored-exam-practice-questions-set-9","RN Exams > RN Nursing Course Exams > Pathophysiology","RN Exams > RN Nursing Course Exams > Pathophysiology","pillarPages/nursing-test-bank/subPages/SuT1noZoNGEjKGR1vTbi/nestedSubPages/zMFBI0XMiRsJnnXWhL5S/topics/KyUeIK7zxUi2K91H84Bj/quizzes/1ottNbqrn9BKdhfQUijS","pillarPages/nursing-test-bank/subPages/SuT1noZoNGEjKGR1vTbi/nestedSubPages/zMFBI0XMiRsJnnXWhL5S/topics/KyUeIK7zxUi2K91H84Bj/quizzes/poiZC80zhEt3J4cbY0fl"
"1.000","Pediatrics and Maternity Proctored Exam (Examplify) Practice Questions","Pediatrics & Maternity Proctored Exam (Examplify) Practice Questions","pediatrics-and-maternity-proctored-exam-examplify-practice-questions","pediatrics-and-maternity-proctored-exam-examplify-practice-questions-set-13","RN Exams > RN Nursing Course Exams > Pediatrics","RN Exams > RN Nursing Course Exams > Pediatrics","pillarPages/nursing-test-bank/subPages/SuT1noZoNGEjKGR1vTbi/nestedSubPages/zMFBI0XMiRsJnnXWhL5S/topics/Hwspg6smTqrELsoRSNmc/quizzes/RKflUdcJraZbTY20ZRkt","pillarPages/nursing-test-bank/subPages/SuT1noZoNGEjKGR1vTbi/nestedSubPages/zMFBI0XMiRsJnnXWhL5S/topics/Hwspg6smTqrELsoRSNmc/quizzes/kNGXr91yzlg5ckDeAsPY"
"1.000","Pharmacology 2 Proctored Exam Practice Questions","ATI PN Pharmacology 2020 Proctored Exam 2 Practice Questions","pharmacology-2-proctored-exam-practice-questions","ati-pn-pharmacology-2020-proctored-exam-2-practice-questions","RN Exams > RN Nursing Course Exams > Pharmacology","LPN Exams > ATI LPN Exams > Pharmacology","pillarPages/nursing-test-bank/subPages/SuT1noZoNGEjKGR1vTbi/nestedSubPages/zMFBI0XMiRsJnnXWhL5S/topics/qjQzp4HMFByeL1UEKGDd/quizzes/dB5Yo4Uy2n9bNBkPk95n","pillarPages/nursing-test-bank/subPages/z0xzINtS3EohZNaKosBz/nestedSubPages/lyrHg4RBzN6UafuymMFT/topics/13a3GLxldltUqhIxNzkr/quizzes/lmug906pp1WnG1RzHpyH"
"1.000","Pharmacology Proctored Exam (Examplify) Practice Questions - Set 4","Pharmacology Proctored Exam (Examplify) Practice Questions - Set 2","pharmacology-proctored-exam-examplify-practice-questions-set-4","pharmacology-proctored-exam-examplify-practice-questions-set-2","RN Exams > RN Nursing Course Exams > Pharmacology","RN Exams > RN Nursing Course Exams > Pharmacology","pillarPages/nursing-test-bank/subPages/SuT1noZoNGEjKGR1vTbi/nestedSubPages/zMFBI0XMiRsJnnXWhL5S/topics/qjQzp4HMFByeL1UEKGDd/quizzes/8wBsVnseYdGVcvnnGWWW","pillarPages/nursing-test-bank/subPages/SuT1noZoNGEjKGR1vTbi/nestedSubPages/zMFBI0XMiRsJnnXWhL5S/topics/qjQzp4HMFByeL1UEKGDd/quizzes/QSnqz1EGltVJC57t8K3F"
"1.000","PN Comprehensive Predictor 2023 Proctored Exam Form 2","ATI PN Comprehensive Predictor 2023 Proctored Exam Form 2","pn-comprehensive-predictor-2023-proctored-exam-form-2","ati-pn-comprehensive-predictor-2023-proctored-exam-form-2","LPN Exams > ATI","LPN Exams > ATI","pillarPages/nursing-exit-exam/subPages/nkXaaMfkkbvjmrSRwtVq/nestedSubPages/ShdTxCRHYWbhmGg06Sgw/quizzes/1dBbdop6CG5ZUaAR5Ojk","pillarPages/nursing-exit-exam/subPages/nkXaaMfkkbvjmrSRwtVq/nestedSubPages/ShdTxCRHYWbhmGg06Sgw/quizzes/j713hlGJ9h6NB9ntKO81"
"1.000","PN Comprehensive Predictor 2023 Proctored Exam Form 2","ATI LPN Comprehensive Predictor 2023 Proctored Exam Form 2","pn-comprehensive-predictor-2023-proctored-exam-form-2","ati-lpn-comprehensive-predictor-2023-proctored-exam-form-2","LPN Exams > ATI","LPN Exams > ATI","pillarPages/nursing-exit-exam/subPages/nkXaaMfkkbvjmrSRwtVq/nestedSubPages/ShdTxCRHYWbhmGg06Sgw/quizzes/1dBbdop6CG5ZUaAR5Ojk","pillarPages/nursing-exit-exam/subPages/nkXaaMfkkbvjmrSRwtVq/nestedSubPages/ShdTxCRHYWbhmGg06Sgw/quizzes/yptRWKJl0QClxAyZXb2o"
"1.000","PN Comprehensive Predictor PN 2020 Proctored Exam","ATI LPN Comprehensive Predictor Proctored Exam","pn-comprehensive-predictor-pn-2020-proctored-exam","ati-lpn-comprehensive-predictor-proctored-exam","LPN Exams > ATI","LPN Exams > ATI","pillarPages/nursing-exit-exam/subPages/nkXaaMfkkbvjmrSRwtVq/nestedSubPages/ShdTxCRHYWbhmGg06Sgw/quizzes/LDLjU0O0XVhoyQn0qtEm","pillarPages/nursing-exit-exam/subPages/nkXaaMfkkbvjmrSRwtVq/nestedSubPages/ShdTxCRHYWbhmGg06Sgw/quizzes/T56moNn1qjUb8M6GIRO6"
"1.000","PN Comprehensive Predictor PN 2020 Proctored Exam","PN Comprehensive Predictor 2023 Proctored Exam","pn-comprehensive-predictor-pn-2020-proctored-exam","pn-comprehensive-predictor-2023-proctored-exam","LPN Exams > ATI","LPN Exams > ATI","pillarPages/nursing-exit-exam/subPages/nkXaaMfkkbvjmrSRwtVq/nestedSubPages/ShdTxCRHYWbhmGg06Sgw/quizzes/LDLjU0O0XVhoyQn0qtEm","pillarPages/nursing-exit-exam/subPages/nkXaaMfkkbvjmrSRwtVq/nestedSubPages/ShdTxCRHYWbhmGg06Sgw/quizzes/Vocj5Ih0PRWIxrUPOjRx"
"1.000","RN Adult Medical Surgical 2019 with NGN Proctored Exam Practice Questions","ATI PN Adult Medical Surgical 2020 with NGN Proctored Exam Practice Questions - Set 65","rn-adult-medical-surgical-2019-with-ngn-proctored-exam-practice-questions","ati-pn-adult-medical-surgical-2020-with-ngn-proctored-exam-practice-questions-set-65","RN Exams > RN Nursing Course Exams > Medical Surgical","LPN Exams > ATI LPN Exams > Adult Medical Surgical","pillarPages/nursing-test-bank/subPages/SuT1noZoNGEjKGR1vTbi/nestedSubPages/zMFBI0XMiRsJnnXWhL5S/topics/4xNDZPMszSkpgRfEsOck/quizzes/1t6IJSH8VKZ5ie0oOklo","pillarPages/nursing-test-bank/subPages/z0xzINtS3EohZNaKosBz/nestedSubPages/lyrHg4RBzN6UafuymMFT/topics/NywbGW22YNeZSM3kuwKk/quizzes/CAsfGH2M9jrXKN0gAWeC"
"1.000","RN Adult Medical Surgical 2019 with NGN Proctored Exam Practice Questions","ATI PN Adult Medical Surgical 2020 with NGN Proctored Exam Practice Questions - Set 68","rn-adult-medical-surgical-2019-with-ngn-proctored-exam-practice-questions","ati-pn-adult-medical-surgical-2020-with-ngn-proctored-exam-practice-questions-set-68","RN Exams > RN Nursing Course Exams > Medical Surgical","LPN Exams > ATI LPN Exams > Adult Medical Surgical","pillarPages/nursing-test-bank/subPages/SuT1noZoNGEjKGR1vTbi/nestedSubPages/zMFBI0XMiRsJnnXWhL5S/topics/4xNDZPMszSkpgRfEsOck/quizzes/1t6IJSH8VKZ5ie0oOklo","pillarPages/nursing-test-bank/subPages/z0xzINtS3EohZNaKosBz/nestedSubPages/lyrHg4RBzN6UafuymMFT/topics/NywbGW22YNeZSM3kuwKk/quizzes/kNWiO8VMKh6BQe38Ix3P"
"1.000","RN ATI Comprehensive Predictor 2023 Proctored Exam","ATI RN Comprehensive Predictor 2023 Retake 1 Proctored Exam","rn-ati-comprehensive-predictor-2023-proctored-exam","ati-rn-comprehensive-predictor-2023-retake-1-proctored-exam","RN Exams > ATI","RN Exams > ATI","pillarPages/nursing-exit-exam/subPages/S4vSoa5bxDgZ1L5kLOJe/nestedSubPages/QsMAv9L9bzYoFjgdfKgH/quizzes/WKomPJ6gFxboSjPJkv0h","pillarPages/nursing-exit-exam/subPages/S4vSoa5bxDgZ1L5kLOJe/nestedSubPages/QsMAv9L9bzYoFjgdfKgH/quizzes/mEBhNztauhOgWhy70kYa"
"1.000","RN ATI Comprehensive Predictor 2023 Proctored Exam","ATI RN Comprehensive Predictor 2023 Proctored Exam","rn-ati-comprehensive-predictor-2023-proctored-exam","ati-rn-comprehensive-predictor-2023-proctored-exam","RN Exams > ATI","RN Exams > ATI","pillarPages/nursing-exit-exam/subPages/S4vSoa5bxDgZ1L5kLOJe/nestedSubPages/QsMAv9L9bzYoFjgdfKgH/quizzes/WKomPJ6gFxboSjPJkv0h","pillarPages/nursing-exit-exam/subPages/S4vSoa5bxDgZ1L5kLOJe/nestedSubPages/QsMAv9L9bzYoFjgdfKgH/quizzes/u6vxiapFhPTdccYDdmUR"
"1.000","RN ATI Comprehensive Predictor 2023 Proctored Exam","ATI PN Comprehensive Predictor 2023 Proctored Exam","rn-ati-comprehensive-predictor-2023-proctored-exam","ati-pn-comprehensive-predictor-2023-proctored-exam","RN Exams > ATI","LPN Exams > ATI","pillarPages/nursing-exit-exam/subPages/S4vSoa5bxDgZ1L5kLOJe/nestedSubPages/QsMAv9L9bzYoFjgdfKgH/quizzes/WKomPJ6gFxboSjPJkv0h","pillarPages/nursing-exit-exam/subPages/nkXaaMfkkbvjmrSRwtVq/nestedSubPages/ShdTxCRHYWbhmGg06Sgw/quizzes/7yOPBQK1AMK0cztnZmrv"
"1.000","RN ATI Comprehensive Predictor 2023 Proctored Exam","ATI LPN Comprehensive Predictor 2023 Proctored Exam","rn-ati-comprehensive-predictor-2023-proctored-exam","ati-lpn-comprehensive-predictor-2023-proctored-exam","RN Exams > ATI","LPN Exams > ATI","pillarPages/nursing-exit-exam/subPages/S4vSoa5bxDgZ1L5kLOJe/nestedSubPages/QsMAv9L9bzYoFjgdfKgH/quizzes/WKomPJ6gFxboSjPJkv0h","pillarPages/nursing-exit-exam/subPages/nkXaaMfkkbvjmrSRwtVq/nestedSubPages/ShdTxCRHYWbhmGg06Sgw/quizzes/EmymgdDcm9romnoheHBP"
"1.000","RN ATI Comprehensive Predictor 2023 Proctored Exam","PN Comprehensive Predictor PN 2020 Proctored Exam","rn-ati-comprehensive-predictor-2023-proctored-exam","pn-comprehensive-predictor-pn-2020-proctored-exam","RN Exams > ATI","LPN Exams > ATI","pillarPages/nursing-exit-exam/subPages/S4vSoa5bxDgZ1L5kLOJe/nestedSubPages/QsMAv9L9bzYoFjgdfKgH/quizzes/WKomPJ6gFxboSjPJkv0h","pillarPages/nursing-exit-exam/subPages/nkXaaMfkkbvjmrSRwtVq/nestedSubPages/ShdTxCRHYWbhmGg06Sgw/quizzes/LDLjU0O0XVhoyQn0qtEm"
"1.000","RN ATI Comprehensive Predictor 2023 Proctored Exam","ATI LPN Comprehensive Predictor Proctored Exam","rn-ati-comprehensive-predictor-2023-proctored-exam","ati-lpn-comprehensive-predictor-proctored-exam","RN Exams > ATI","LPN Exams > ATI","pillarPages/nursing-exit-exam/subPages/S4vSoa5bxDgZ1L5kLOJe/nestedSubPages/QsMAv9L9bzYoFjgdfKgH/quizzes/WKomPJ6gFxboSjPJkv0h","pillarPages/nursing-exit-exam/subPages/nkXaaMfkkbvjmrSRwtVq/nestedSubPages/ShdTxCRHYWbhmGg06Sgw/quizzes/T56moNn1qjUb8M6GIRO6"
"1.000","RN ATI Comprehensive Predictor 2023 Proctored Exam","PN Comprehensive Predictor 2023 Proctored Exam","rn-ati-comprehensive-predictor-2023-proctored-exam","pn-comprehensive-predictor-2023-proctored-exam","RN Exams > ATI","LPN Exams > ATI","pillarPages/nursing-exit-exam/subPages/S4vSoa5bxDgZ1L5kLOJe/nestedSubPages/QsMAv9L9bzYoFjgdfKgH/quizzes/WKomPJ6gFxboSjPJkv0h","pillarPages/nursing-exit-exam/subPages/nkXaaMfkkbvjmrSRwtVq/nestedSubPages/ShdTxCRHYWbhmGg06Sgw/quizzes/Vocj5Ih0PRWIxrUPOjRx"
"1.000","RN Comprehensive Predictor 2023 Proctored Exam","RN ATI Comprehensive Predictor 2023 Proctored Exam","rn-comprehensive-predictor-2023-proctored-exam","rn-ati-comprehensive-predictor-2023-proctored-exam","RN Exams > ATI","RN Exams > ATI","pillarPages/nursing-exit-exam/subPages/S4vSoa5bxDgZ1L5kLOJe/nestedSubPages/QsMAv9L9bzYoFjgdfKgH/quizzes/7NR8TSkiLcI5yGHu5j9P","pillarPages/nursing-exit-exam/subPages/S4vSoa5bxDgZ1L5kLOJe/nestedSubPages/QsMAv9L9bzYoFjgdfKgH/quizzes/WKomPJ6gFxboSjPJkv0h"
"1.000","RN Comprehensive Predictor 2023 Proctored Exam","ATI RN Comprehensive Predictor 2023 Retake 1 Proctored Exam","rn-comprehensive-predictor-2023-proctored-exam","ati-rn-comprehensive-predictor-2023-retake-1-proctored-exam","RN Exams > ATI","RN Exams > ATI","pillarPages/nursing-exit-exam/subPages/S4vSoa5bxDgZ1L5kLOJe/nestedSubPages/QsMAv9L9bzYoFjgdfKgH/quizzes/7NR8TSkiLcI5yGHu5j9P","pillarPages/nursing-exit-exam/subPages/S4vSoa5bxDgZ1L5kLOJe/nestedSubPages/QsMAv9L9bzYoFjgdfKgH/quizzes/mEBhNztauhOgWhy70kYa"
"1.000","RN Comprehensive Predictor 2023 Proctored Exam","ATI RN Comprehensive Predictor 2023 Proctored Exam","rn-comprehensive-predictor-2023-proctored-exam","ati-rn-comprehensive-predictor-2023-proctored-exam","RN Exams > ATI","RN Exams > ATI","pillarPages/nursing-exit-exam/subPages/S4vSoa5bxDgZ1L5kLOJe/nestedSubPages/QsMAv9L9bzYoFjgdfKgH/quizzes/7NR8TSkiLcI5yGHu5j9P","pillarPages/nursing-exit-exam/subPages/S4vSoa5bxDgZ1L5kLOJe/nestedSubPages/QsMAv9L9bzYoFjgdfKgH/quizzes/u6vxiapFhPTdccYDdmUR"
"1.000","RN Comprehensive Predictor 2023 Proctored Exam","ATI PN Comprehensive Predictor 2023 Proctored Exam","rn-comprehensive-predictor-2023-proctored-exam","ati-pn-comprehensive-predictor-2023-proctored-exam","RN Exams > ATI","LPN Exams > ATI","pillarPages/nursing-exit-exam/subPages/S4vSoa5bxDgZ1L5kLOJe/nestedSubPages/QsMAv9L9bzYoFjgdfKgH/quizzes/7NR8TSkiLcI5yGHu5j9P","pillarPages/nursing-exit-exam/subPages/nkXaaMfkkbvjmrSRwtVq/nestedSubPages/ShdTxCRHYWbhmGg06Sgw/quizzes/7yOPBQK1AMK0cztnZmrv"
"1.000","RN Comprehensive Predictor 2023 Proctored Exam","ATI LPN Comprehensive Predictor 2023 Proctored Exam","rn-comprehensive-predictor-2023-proctored-exam","ati-lpn-comprehensive-predictor-2023-proctored-exam","RN Exams > ATI","LPN Exams > ATI","pillarPages/nursing-exit-exam/subPages/S4vSoa5bxDgZ1L5kLOJe/nestedSubPages/QsMAv9L9bzYoFjgdfKgH/quizzes/7NR8TSkiLcI5yGHu5j9P","pillarPages/nursing-exit-exam/subPages/nkXaaMfkkbvjmrSRwtVq/nestedSubPages/ShdTxCRHYWbhmGg06Sgw/quizzes/EmymgdDcm9romnoheHBP"
"1.000","RN Comprehensive Predictor 2023 Proctored Exam","PN Comprehensive Predictor PN 2020 Proctored Exam","rn-comprehensive-predictor-2023-proctored-exam","pn-comprehensive-predictor-pn-2020-proctored-exam","RN Exams > ATI","LPN Exams > ATI","pillarPages/nursing-exit-exam/subPages/S4vSoa5bxDgZ1L5kLOJe/nestedSubPages/QsMAv9L9bzYoFjgdfKgH/quizzes/7NR8TSkiLcI5yGHu5j9P","pillarPages/nursing-exit-exam/subPages/nkXaaMfkkbvjmrSRwtVq/nestedSubPages/ShdTxCRHYWbhmGg06Sgw/quizzes/LDLjU0O0XVhoyQn0qtEm"
"1.000","RN Comprehensive Predictor 2023 Proctored Exam","ATI LPN Comprehensive Predictor Proctored Exam","rn-comprehensive-predictor-2023-proctored-exam","ati-lpn-comprehensive-predictor-proctored-exam","RN Exams > ATI","LPN Exams > ATI","pillarPages/nursing-exit-exam/subPages/S4vSoa5bxDgZ1L5kLOJe/nestedSubPages/QsMAv9L9bzYoFjgdfKgH/quizzes/7NR8TSkiLcI5yGHu5j9P","pillarPages/nursing-exit-exam/subPages/nkXaaMfkkbvjmrSRwtVq/nestedSubPages/ShdTxCRHYWbhmGg06Sgw/quizzes/T56moNn1qjUb8M6GIRO6"
"1.000","RN Comprehensive Predictor 2023 Proctored Exam","PN Comprehensive Predictor 2023 Proctored Exam","rn-comprehensive-predictor-2023-proctored-exam","pn-comprehensive-predictor-2023-proctored-exam","RN Exams > ATI","LPN Exams > ATI","pillarPages/nursing-exit-exam/subPages/S4vSoa5bxDgZ1L5kLOJe/nestedSubPages/QsMAv9L9bzYoFjgdfKgH/quizzes/7NR8TSkiLcI5yGHu5j9P","pillarPages/nursing-exit-exam/subPages/nkXaaMfkkbvjmrSRwtVq/nestedSubPages/ShdTxCRHYWbhmGg06Sgw/quizzes/Vocj5Ih0PRWIxrUPOjRx"
"1.000","RN Comprehensive Predictor 2023 Proctored Exam Form 2","ATI RN Comprehensive Predictor 2023 Proctored Exam Form 2","rn-comprehensive-predictor-2023-proctored-exam-form-2","ati-rn-comprehensive-predictor-2023-proctored-exam-form-2","RN Exams > ATI","RN Exams > ATI","pillarPages/nursing-exit-exam/subPages/S4vSoa5bxDgZ1L5kLOJe/nestedSubPages/QsMAv9L9bzYoFjgdfKgH/quizzes/QeWx2CpcfM7Rcr6HSi6o","pillarPages/nursing-exit-exam/subPages/S4vSoa5bxDgZ1L5kLOJe/nestedSubPages/QsMAv9L9bzYoFjgdfKgH/quizzes/tvVIOaw6SCI8xOS1oOuO"
"1.000","RN Comprehensive Predictor 2023 Proctored Exam Form 2","PN Comprehensive Predictor 2023 Proctored Exam Form 2","rn-comprehensive-predictor-2023-proctored-exam-form-2","pn-comprehensive-predictor-2023-proctored-exam-form-2","RN Exams > ATI","LPN Exams > ATI","pillarPages/nursing-exit-exam/subPages/S4vSoa5bxDgZ1L5kLOJe/nestedSubPages/QsMAv9L9bzYoFjgdfKgH/quizzes/QeWx2CpcfM7Rcr6HSi6o","pillarPages/nursing-exit-exam/subPages/nkXaaMfkkbvjmrSRwtVq/nestedSubPages/ShdTxCRHYWbhmGg06Sgw/quizzes/1dBbdop6CG5ZUaAR5Ojk"
"1.000","RN Comprehensive Predictor 2023 Proctored Exam Form 2","ATI PN Comprehensive Predictor 2023 Proctored Exam Form 2","rn-comprehensive-predictor-2023-proctored-exam-form-2","ati-pn-comprehensive-predictor-2023-proctored-exam-form-2","RN Exams > ATI","LPN Exams > ATI","pillarPages/nursing-exit-exam/subPages/S4vSoa5bxDgZ1L5kLOJe/nestedSubPages/QsMAv9L9bzYoFjgdfKgH/quizzes/QeWx2CpcfM7Rcr6HSi6o","pillarPages/nursing-exit-exam/subPages/nkXaaMfkkbvjmrSRwtVq/nestedSubPages/ShdTxCRHYWbhmGg06Sgw/quizzes/j713hlGJ9h6NB9ntKO81"
"1.000","RN Comprehensive Predictor 2023 Proctored Exam Form 2","ATI LPN Comprehensive Predictor 2023 Proctored Exam Form 2","rn-comprehensive-predictor-2023-proctored-exam-form-2","ati-lpn-comprehensive-predictor-2023-proctored-exam-form-2","RN Exams > ATI","LPN Exams > ATI","pillarPages/nursing-exit-exam/subPages/S4vSoa5bxDgZ1L5kLOJe/nestedSubPages/QsMAv9L9bzYoFjgdfKgH/quizzes/QeWx2CpcfM7Rcr6HSi6o","pillarPages/nursing-exit-exam/subPages/nkXaaMfkkbvjmrSRwtVq/nestedSubPages/ShdTxCRHYWbhmGg06Sgw/quizzes/yptRWKJl0QClxAyZXb2o"
"1.000","RN Comprehensive Predictor 2023 Proctored Exam Form 3","PN Comprehensive Predictor 2023 Proctored Exam Form 3","rn-comprehensive-predictor-2023-proctored-exam-form-3","pn-comprehensive-predictor-2023-proctored-exam-form-3","RN Exams > ATI","LPN Exams > ATI","pillarPages/nursing-exit-exam/subPages/S4vSoa5bxDgZ1L5kLOJe/nestedSubPages/QsMAv9L9bzYoFjgdfKgH/quizzes/IiHMzzI8LfJoTo4mpK3v","pillarPages/nursing-exit-exam/subPages/nkXaaMfkkbvjmrSRwtVq/nestedSubPages/ShdTxCRHYWbhmGg06Sgw/quizzes/4FIPxrbfxMxd49Z2O82X"
"1.000","RN Comprehensive Predictor Proctored Exam","ATI Comprehensive Predictor 2023 Proctored Exam","rn-comprehensive-predictor-proctored-exam","ati-comprehensive-predictor-2023-proctored-exam","RN Exams > ATI","RN Exams > ATI","pillarPages/nursing-exit-exam/subPages/S4vSoa5bxDgZ1L5kLOJe/nestedSubPages/QsMAv9L9bzYoFjgdfKgH/quizzes/2AmKZqRVgX8ztjqPlYkt","pillarPages/nursing-exit-exam/subPages/S4vSoa5bxDgZ1L5kLOJe/nestedSubPages/QsMAv9L9bzYoFjgdfKgH/quizzes/3Bt8tM2V3bulUqha8Vut"
"1.000","RN Comprehensive Predictor Proctored Exam","RN Comprehensive Predictor 2023 Proctored Exam","rn-comprehensive-predictor-proctored-exam","rn-comprehensive-predictor-2023-proctored-exam","RN Exams > ATI","RN Exams > ATI","pillarPages/nursing-exit-exam/subPages/S4vSoa5bxDgZ1L5kLOJe/nestedSubPages/QsMAv9L9bzYoFjgdfKgH/quizzes/2AmKZqRVgX8ztjqPlYkt","pillarPages/nursing-exit-exam/subPages/S4vSoa5bxDgZ1L5kLOJe/nestedSubPages/QsMAv9L9bzYoFjgdfKgH/quizzes/7NR8TSkiLcI5yGHu5j9P"
"1.000","RN Comprehensive Predictor Proctored Exam","RN ATI Comprehensive Predictor 2023 Proctored Exam","rn-comprehensive-predictor-proctored-exam","rn-ati-comprehensive-predictor-2023-proctored-exam","RN Exams > ATI","RN Exams > ATI","pillarPages/nursing-exit-exam/subPages/S4vSoa5bxDgZ1L5kLOJe/nestedSubPages/QsMAv9L9bzYoFjgdfKgH/quizzes/2AmKZqRVgX8ztjqPlYkt","pillarPages/nursing-exit-exam/subPages/S4vSoa5bxDgZ1L5kLOJe/nestedSubPages/QsMAv9L9bzYoFjgdfKgH/quizzes/WKomPJ6gFxboSjPJkv0h"
"1.000","RN Comprehensive Predictor Proctored Exam","ATI RN Comprehensive Predictor 2023 Retake 1 Proctored Exam","rn-comprehensive-predictor-proctored-exam","ati-rn-comprehensive-predictor-2023-retake-1-proctored-exam","RN Exams > ATI","RN Exams > ATI","pillarPages/nursing-exit-exam/subPages/S4vSoa5bxDgZ1L5kLOJe/nestedSubPages/QsMAv9L9bzYoFjgdfKgH/quizzes/2AmKZqRVgX8ztjqPlYkt","pillarPages/nursing-exit-exam/subPages/S4vSoa5bxDgZ1L5kLOJe/nestedSubPages/QsMAv9L9bzYoFjgdfKgH/quizzes/mEBhNztauhOgWhy70kYa"
"1.000","RN Comprehensive Predictor Proctored Exam","ATI RN Comprehensive Predictor 2023 Proctored Exam","rn-comprehensive-predictor-proctored-exam","ati-rn-comprehensive-predictor-2023-proctored-exam","RN Exams > ATI","RN Exams > ATI","pillarPages/nursing-exit-exam/subPages/S4vSoa5bxDgZ1L5kLOJe/nestedSubPages/QsMAv9L9bzYoFjgdfKgH/quizzes/2AmKZqRVgX8ztjqPlYkt","pillarPages/nursing-exit-exam/subPages/S4vSoa5bxDgZ1L5kLOJe/nestedSubPages/QsMAv9L9bzYoFjgdfKgH/quizzes/u6vxiapFhPTdccYDdmUR"
"1.000","RN Comprehensive Predictor Proctored Exam","ATI PN Comprehensive Predictor 2023 Proctored Exam","rn-comprehensive-predictor-proctored-exam","ati-pn-comprehensive-predictor-2023-proctored-exam","RN Exams > ATI","LPN Exams > ATI","pillarPages/nursing-exit-exam/subPages/S4vSoa5bxDgZ1L5kLOJe/nestedSubPages/QsMAv9L9bzYoFjgdfKgH/quizzes/2AmKZqRVgX8ztjqPlYkt","pillarPages/nursing-exit-exam/subPages/nkXaaMfkkbvjmrSRwtVq/nestedSubPages/ShdTxCRHYWbhmGg06Sgw/quizzes/7yOPBQK1AMK0cztnZmrv"
"1.000","RN Comprehensive Predictor Proctored Exam","ATI LPN Comprehensive Predictor 2023 Proctored Exam","rn-comprehensive-predictor-proctored-exam","ati-lpn-comprehensive-predictor-2023-proctored-exam","RN Exams > ATI","LPN Exams > ATI","pillarPages/nursing-exit-exam/subPages/S4vSoa5bxDgZ1L5kLOJe/nestedSubPages/QsMAv9L9bzYoFjgdfKgH/quizzes/2AmKZqRVgX8ztjqPlYkt","pillarPages/nursing-exit-exam/subPages/nkXaaMfkkbvjmrSRwtVq/nestedSubPages/ShdTxCRHYWbhmGg06Sgw/quizzes/EmymgdDcm9romnoheHBP"
"1.000","RN Comprehensive Predictor Proctored Exam","PN Comprehensive Predictor PN 2020 Proctored Exam","rn-comprehensive-predictor-proctored-exam","pn-comprehensive-predictor-pn-2020-proctored-exam","RN Exams > ATI","LPN Exams > ATI","pillarPages/nursing-exit-exam/subPages/S4vSoa5bxDgZ1L5kLOJe/nestedSubPages/QsMAv9L9bzYoFjgdfKgH/quizzes/2AmKZqRVgX8ztjqPlYkt","pillarPages/nursing-exit-exam/subPages/nkXaaMfkkbvjmrSRwtVq/nestedSubPages/ShdTxCRHYWbhmGg06Sgw/quizzes/LDLjU0O0XVhoyQn0qtEm"
"1.000","RN Comprehensive Predictor Proctored Exam","ATI LPN Comprehensive Predictor Proctored Exam","rn-comprehensive-predictor-proctored-exam","ati-lpn-comprehensive-predictor-proctored-exam","RN Exams > ATI","LPN Exams > ATI","pillarPages/nursing-exit-exam/subPages/S4vSoa5bxDgZ1L5kLOJe/nestedSubPages/QsMAv9L9bzYoFjgdfKgH/quizzes/2AmKZqRVgX8ztjqPlYkt","pillarPages/nursing-exit-exam/subPages/nkXaaMfkkbvjmrSRwtVq/nestedSubPages/ShdTxCRHYWbhmGg06Sgw/quizzes/T56moNn1qjUb8M6GIRO6"
"1.000","RN Comprehensive Predictor Proctored Exam","PN Comprehensive Predictor 2023 Proctored Exam","rn-comprehensive-predictor-proctored-exam","pn-comprehensive-predictor-2023-proctored-exam","RN Exams > ATI","LPN Exams > ATI","pillarPages/nursing-exit-exam/subPages/S4vSoa5bxDgZ1L5kLOJe/nestedSubPages/QsMAv9L9bzYoFjgdfKgH/quizzes/2AmKZqRVgX8ztjqPlYkt","pillarPages/nursing-exit-exam/subPages/nkXaaMfkkbvjmrSRwtVq/nestedSubPages/ShdTxCRHYWbhmGg06Sgw/quizzes/Vocj5Ih0PRWIxrUPOjRx"
"1.000","RN Fundamental 2019 Proctored Exam 2 Practice Questions","Fundamental Nursing 2 Proctored Exam Practice Questions","rn-fundamental-2019-proctored-exam-2-practice-questions","fundamental-nursing-2-proctored-exam-practice-questions","RN Exams > RN Nursing Course Exams > Fundamentals","RN Exams > RN Nursing Course Exams > Fundamentals","pillarPages/nursing-test-bank/subPages/SuT1noZoNGEjKGR1vTbi/nestedSubPages/zMFBI0XMiRsJnnXWhL5S/topics/sBc3Ee7TKg33PIbmj4Hb/quizzes/HBKEsLgax8Ba9LDGM18g","pillarPages/nursing-test-bank/subPages/SuT1noZoNGEjKGR1vTbi/nestedSubPages/zMFBI0XMiRsJnnXWhL5S/topics/sBc3Ee7TKg33PIbmj4Hb/quizzes/UZiBBIsn0hiGvTWrRwvZ"
"1.000","RN Maternal Newborn 2023 Proctored Exam Practice Questions","Maternal Newborn Proctored Exam Practice Questions","rn-maternal-newborn-2023-proctored-exam-practice-questions","maternal-newborn-proctored-exam-practice-questions","RN Exams > RN Nursing Course Exams > Maternal Newborn","RN Exams > RN Nursing Course Exams > Maternal Newborn","pillarPages/nursing-test-bank/subPages/SuT1noZoNGEjKGR1vTbi/nestedSubPages/zMFBI0XMiRsJnnXWhL5S/topics/stnDIFRoA0VwLaoxbGv1/quizzes/NCqTrM2MmGHFbaJ0NM2N","pillarPages/nursing-test-bank/subPages/SuT1noZoNGEjKGR1vTbi/nestedSubPages/zMFBI0XMiRsJnnXWhL5S/topics/stnDIFRoA0VwLaoxbGv1/quizzes/iCXgtYgRNK2zgPHiEt04"
"1.000","RN Maternal Newborn 2023 Proctored Exam Practice Questions","ATI PN Maternal Newborn Proctored Exam Practice Questions - Set 2","rn-maternal-newborn-2023-proctored-exam-practice-questions","ati-pn-maternal-newborn-proctored-exam-practice-questions-set-2","RN Exams > RN Nursing Course Exams > Maternal Newborn","LPN Exams > ATI LPN Exams > Maternal Newborn","pillarPages/nursing-test-bank/subPages/SuT1noZoNGEjKGR1vTbi/nestedSubPages/zMFBI0XMiRsJnnXWhL5S/topics/stnDIFRoA0VwLaoxbGv1/quizzes/NCqTrM2MmGHFbaJ0NM2N","pillarPages/nursing-test-bank/subPages/z0xzINtS3EohZNaKosBz/nestedSubPages/lyrHg4RBzN6UafuymMFT/topics/ZwY2vYN2X4tXEKOv2x6h/quizzes/2pISLuROBybQHEYGwydT"
"1.000","RN Maternal Newborn 2023 Proctored Exam Practice Questions","ATI PN Maternal Newborn Proctored Exam Practice Questions - Set 4","rn-maternal-newborn-2023-proctored-exam-practice-questions","ati-pn-maternal-newborn-proctored-exam-practice-questions-set-4","RN Exams > RN Nursing Course Exams > Maternal Newborn","LPN Exams > ATI LPN Exams > Maternal Newborn","pillarPages/nursing-test-bank/subPages/SuT1noZoNGEjKGR1vTbi/nestedSubPages/zMFBI0XMiRsJnnXWhL5S/topics/stnDIFRoA0VwLaoxbGv1/quizzes/NCqTrM2MmGHFbaJ0NM2N","pillarPages/nursing-test-bank/subPages/z0xzINtS3EohZNaKosBz/nestedSubPages/lyrHg4RBzN6UafuymMFT/topics/ZwY2vYN2X4tXEKOv2x6h/quizzes/3yr6vUzORUezPATWG4jN"
"1.000","RN Maternal Newborn 2023 Proctored Exam Practice Questions","ATI PN Maternal Newborn 2023 Proctored Exam Practice Questions - Set 1","rn-maternal-newborn-2023-proctored-exam-practice-questions","ati-pn-maternal-newborn-2023-proctored-exam-practice-questions-set-1","RN Exams > RN Nursing Course Exams > Maternal Newborn","LPN Exams > ATI LPN Exams > Maternal Newborn","pillarPages/nursing-test-bank/subPages/SuT1noZoNGEjKGR1vTbi/nestedSubPages/zMFBI0XMiRsJnnXWhL5S/topics/stnDIFRoA0VwLaoxbGv1/quizzes/NCqTrM2MmGHFbaJ0NM2N","pillarPages/nursing-test-bank/subPages/z0xzINtS3EohZNaKosBz/nestedSubPages/lyrHg4RBzN6UafuymMFT/topics/ZwY2vYN2X4tXEKOv2x6h/quizzes/ECRqRGdgjTT62PogLp3c"
"1.000","RN Maternal Newborn 2023 Proctored Exam Practice Questions","ATI PN Maternal Newborn Proctored Exam Practice Questions - Set 16","rn-maternal-newborn-2023-proctored-exam-practice-questions","ati-pn-maternal-newborn-proctored-exam-practice-questions-set-16","RN Exams > RN Nursing Course Exams > Maternal Newborn","LPN Exams > ATI LPN Exams > Maternal Newborn","pillarPages/nursing-test-bank/subPages/SuT1noZoNGEjKGR1vTbi/nestedSubPages/zMFBI0XMiRsJnnXWhL5S/topics/stnDIFRoA0VwLaoxbGv1/quizzes/NCqTrM2MmGHFbaJ0NM2N","pillarPages/nursing-test-bank/subPages/z0xzINtS3EohZNaKosBz/nestedSubPages/lyrHg4RBzN6UafuymMFT/topics/ZwY2vYN2X4tXEKOv2x6h/quizzes/H9OIb6stuQTogTuCToAY"
"1.000","RN Maternal Newborn 2023 Proctored Exam Practice Questions","ATI PN Maternal Newborn 2023 Proctored Exam Practice Questions - Set 15","rn-maternal-newborn-2023-proctored-exam-practice-questions","ati-pn-maternal-newborn-2023-proctored-exam-practice-questions-set-15","RN Exams > RN Nursing Course Exams > Maternal Newborn","LPN Exams > ATI LPN Exams > Maternal Newborn","pillarPages/nursing-test-bank/subPages/SuT1noZoNGEjKGR1vTbi/nestedSubPages/zMFBI0XMiRsJnnXWhL5S/topics/stnDIFRoA0VwLaoxbGv1/quizzes/NCqTrM2MmGHFbaJ0NM2N","pillarPages/nursing-test-bank/subPages/z0xzINtS3EohZNaKosBz/nestedSubPages/lyrHg4RBzN6UafuymMFT/topics/ZwY2vYN2X4tXEKOv2x6h/quizzes/JT2c69EWULbYPJQrU4Nb"
"1.000","RN Maternal Newborn 2023 Proctored Exam Practice Questions","ATI PN Maternal Newborn 2023 Proctored Exam Practice Questions - Set 14","rn-maternal-newborn-2023-proctored-exam-practice-questions","ati-pn-maternal-newborn-2023-proctored-exam-practice-questions-set-14","RN Exams > RN Nursing Course Exams > Maternal Newborn","LPN Exams > ATI LPN Exams > Maternal Newborn","pillarPages/nursing-test-bank/subPages/SuT1noZoNGEjKGR1vTbi/nestedSubPages/zMFBI0XMiRsJnnXWhL5S/topics/stnDIFRoA0VwLaoxbGv1/quizzes/NCqTrM2MmGHFbaJ0NM2N","pillarPages/nursing-test-bank/subPages/z0xzINtS3EohZNaKosBz/nestedSubPages/lyrHg4RBzN6UafuymMFT/topics/ZwY2vYN2X4tXEKOv2x6h/quizzes/RwXrs1cNzRzi6xjkzcB9"
"1.000","RN Maternal Newborn 2023 Proctored Exam Practice Questions","ATI PN Maternal Newborn 2023 Proctored Exam Practice Questions - Set 9","rn-maternal-newborn-2023-proctored-exam-practice-questions","ati-pn-maternal-newborn-2023-proctored-exam-practice-questions-set-9","RN Exams > RN Nursing Course Exams > Maternal Newborn","LPN Exams > ATI LPN Exams > Maternal Newborn","pillarPages/nursing-test-bank/subPages/SuT1noZoNGEjKGR1vTbi/nestedSubPages/zMFBI0XMiRsJnnXWhL5S/topics/stnDIFRoA0VwLaoxbGv1/quizzes/NCqTrM2MmGHFbaJ0NM2N","pillarPages/nursing-test-bank/subPages/z0xzINtS3EohZNaKosBz/nestedSubPages/lyrHg4RBzN6UafuymMFT/topics/ZwY2vYN2X4tXEKOv2x6h/quizzes/dMHTlzyIuyJX7CAqVPko"
"1.000","RN Maternal Newborn 2023 Proctored Exam Practice Questions","ATI PN Maternal Newborn Proctored Exam Practice Questions - Set 17","rn-maternal-newborn-2023-proctored-exam-practice-questions","ati-pn-maternal-newborn-proctored-exam-practice-questions-set-17","RN Exams > RN Nursing Course Exams > Maternal Newborn","LPN Exams > ATI LPN Exams > Maternal Newborn","pillarPages/nursing-test-bank/subPages/SuT1noZoNGEjKGR1vTbi/nestedSubPages/zMFBI0XMiRsJnnXWhL5S/topics/stnDIFRoA0VwLaoxbGv1/quizzes/NCqTrM2MmGHFbaJ0NM2N","pillarPages/nursing-test-bank/subPages/z0xzINtS3EohZNaKosBz/nestedSubPages/lyrHg4RBzN6UafuymMFT/topics/ZwY2vYN2X4tXEKOv2x6h/quizzes/ewwc1ofqNfja9FQVcbPG"
"1.000","RN Maternal Newborn 2023 Proctored Exam Practice Questions","ATI PN Maternal Newborn Proctored Exam 2023 Practice Questions - Set 7","rn-maternal-newborn-2023-proctored-exam-practice-questions","ati-pn-maternal-newborn-proctored-exam-2023-practice-questions-set-7","RN Exams > RN Nursing Course Exams > Maternal Newborn","LPN Exams > ATI LPN Exams > Maternal Newborn","pillarPages/nursing-test-bank/subPages/SuT1noZoNGEjKGR1vTbi/nestedSubPages/zMFBI0XMiRsJnnXWhL5S/topics/stnDIFRoA0VwLaoxbGv1/quizzes/NCqTrM2MmGHFbaJ0NM2N","pillarPages/nursing-test-bank/subPages/z0xzINtS3EohZNaKosBz/nestedSubPages/lyrHg4RBzN6UafuymMFT/topics/ZwY2vYN2X4tXEKOv2x6h/quizzes/mJlcPfoVYt4thUpKn4xi"
"1.000","RN Maternal Newborn 2023 Proctored Exam Practice Questions","ATI PN Maternal Newborn 2020 Proctored Exam Practice Questions - Set 19","rn-maternal-newborn-2023-proctored-exam-practice-questions","ati-pn-maternal-newborn-2020-proctored-exam-practice-questions-set-19","RN Exams > RN Nursing Course Exams > Maternal Newborn","LPN Exams > ATI LPN Exams > Maternal Newborn","pillarPages/nursing-test-bank/subPages/SuT1noZoNGEjKGR1vTbi/nestedSubPages/zMFBI0XMiRsJnnXWhL5S/topics/stnDIFRoA0VwLaoxbGv1/quizzes/NCqTrM2MmGHFbaJ0NM2N","pillarPages/nursing-test-bank/subPages/z0xzINtS3EohZNaKosBz/nestedSubPages/lyrHg4RBzN6UafuymMFT/topics/ZwY2vYN2X4tXEKOv2x6h/quizzes/wgtUsFieAT42tBpHZ3SK"
"1.000","RN Maternal Newborn 2023 Proctored Exam Practice Questions","ATI PN Maternal Newborn 2023 Proctored Exam Practice Questions - Set 3","rn-maternal-newborn-2023-proctored-exam-practice-questions","ati-pn-maternal-newborn-2023-proctored-exam-practice-questions-set-3","RN Exams > RN Nursing Course Exams > Maternal Newborn","LPN Exams > ATI LPN Exams > Maternal Newborn","pillarPages/nursing-test-bank/subPages/SuT1noZoNGEjKGR1vTbi/nestedSubPages/zMFBI0XMiRsJnnXWhL5S/topics/stnDIFRoA0VwLaoxbGv1/quizzes/NCqTrM2MmGHFbaJ0NM2N","pillarPages/nursing-test-bank/subPages/z0xzINtS3EohZNaKosBz/nestedSubPages/lyrHg4RBzN6UafuymMFT/topics/ZwY2vYN2X4tXEKOv2x6h/quizzes/wwhPYhVvgp3H6fzgUaje"
"1.000","RN Mental Health Proctored Exam Practice Questions","Mental Health Proctored Exam Practice Questions - Set 10","rn-mental-health-proctored-exam-practice-questions","mental-health-proctored-exam-practice-questions-set-10","RN Exams > RN Nursing Course Exams > Mental Health","RN Exams > RN Nursing Course Exams > Mental Health","pillarPages/nursing-test-bank/subPages/SuT1noZoNGEjKGR1vTbi/nestedSubPages/zMFBI0XMiRsJnnXWhL5S/topics/dwj41dVBiWR9v4FRpKhC/quizzes/jlClWgbiccVolsEakTTA","pillarPages/nursing-test-bank/subPages/SuT1noZoNGEjKGR1vTbi/nestedSubPages/zMFBI0XMiRsJnnXWhL5S/topics/dwj41dVBiWR9v4FRpKhC/quizzes/tqZexHKRKjnlwGNrgTMx"
"1.000","RN Mental Health Proctored Exam Practice Questions","ATI PN Mental Health Proctored Exam Practice Questions - Set 18","rn-mental-health-proctored-exam-practice-questions","ati-pn-mental-health-proctored-exam-practice-questions-set-18","RN Exams > RN Nursing Course Exams > Mental Health","LPN Exams > ATI LPN Exams > Mental Health","pillarPages/nursing-test-bank/subPages/SuT1noZoNGEjKGR1vTbi/nestedSubPages/zMFBI0XMiRsJnnXWhL5S/topics/dwj41dVBiWR9v4FRpKhC/quizzes/jlClWgbiccVolsEakTTA","pillarPages/nursing-test-bank/subPages/z0xzINtS3EohZNaKosBz/nestedSubPages/lyrHg4RBzN6UafuymMFT/topics/6i5h4wWlOfz4R8huNTkC/quizzes/0XWKxkayJ6Z3kVf3raA0"
"1.000","RN Mental Health Proctored Exam Practice Questions","ATI PN Mental Health Proctored Exam 2023 Practice Questions - Set 10","rn-mental-health-proctored-exam-practice-questions","ati-pn-mental-health-proctored-exam-2023-practice-questions-set-10","RN Exams > RN Nursing Course Exams > Mental Health","LPN Exams > ATI LPN Exams > Mental Health","pillarPages/nursing-test-bank/subPages/SuT1noZoNGEjKGR1vTbi/nestedSubPages/zMFBI0XMiRsJnnXWhL5S/topics/dwj41dVBiWR9v4FRpKhC/quizzes/jlClWgbiccVolsEakTTA","pillarPages/nursing-test-bank/subPages/z0xzINtS3EohZNaKosBz/nestedSubPages/lyrHg4RBzN6UafuymMFT/topics/6i5h4wWlOfz4R8huNTkC/quizzes/2fG2uGhn6fyk67ZYFnah"
"1.000","RN Mental Health Proctored Exam Practice Questions","ATI PN Mental Health Proctored Exam 2023 Practice Questions - Set 12","rn-mental-health-proctored-exam-practice-questions","ati-pn-mental-health-proctored-exam-2023-practice-questions-set-12","RN Exams > RN Nursing Course Exams > Mental Health","LPN Exams > ATI LPN Exams > Mental Health","pillarPages/nursing-test-bank/subPages/SuT1noZoNGEjKGR1vTbi/nestedSubPages/zMFBI0XMiRsJnnXWhL5S/topics/dwj41dVBiWR9v4FRpKhC/quizzes/jlClWgbiccVolsEakTTA","pillarPages/nursing-test-bank/subPages/z0xzINtS3EohZNaKosBz/nestedSubPages/lyrHg4RBzN6UafuymMFT/topics/6i5h4wWlOfz4R8huNTkC/quizzes/87iwgbc9j81OVcednIg7"
"1.000","RN Mental Health Proctored Exam Practice Questions","ATI PN Mental Health Proctored Exam Practice Questions - Set 6","rn-mental-health-proctored-exam-practice-questions","ati-pn-mental-health-proctored-exam-practice-questions-set-6","RN Exams > RN Nursing Course Exams > Mental Health","LPN Exams > ATI LPN Exams > Mental Health","pillarPages/nursing-test-bank/subPages/SuT1noZoNGEjKGR1vTbi/nestedSubPages/zMFBI0XMiRsJnnXWhL5S/topics/dwj41dVBiWR9v4FRpKhC/quizzes/jlClWgbiccVolsEakTTA","pillarPages/nursing-test-bank/subPages/z0xzINtS3EohZNaKosBz/nestedSubPages/lyrHg4RBzN6UafuymMFT/topics/6i5h4wWlOfz4R8huNTkC/quizzes/D7Gmvl2j5bTkFaVU4erQ"
"1.000","RN Mental Health Proctored Exam Practice Questions","ATI PN Mental Health Proctored Exam Practice Questions - Set 20","rn-mental-health-proctored-exam-practice-questions","ati-pn-mental-health-proctored-exam-practice-questions-set-20","RN Exams > RN Nursing Course Exams > Mental Health","LPN Exams > ATI LPN Exams > Mental Health","pillarPages/nursing-test-bank/subPages/SuT1noZoNGEjKGR1vTbi/nestedSubPages/zMFBI0XMiRsJnnXWhL5S/topics/dwj41dVBiWR9v4FRpKhC/quizzes/jlClWgbiccVolsEakTTA","pillarPages/nursing-test-bank/subPages/z0xzINtS3EohZNaKosBz/nestedSubPages/lyrHg4RBzN6UafuymMFT/topics/6i5h4wWlOfz4R8huNTkC/quizzes/EfV4aTuYMVOaoBvfUZFW"
"1.000","RN Mental Health Proctored Exam Practice Questions","ATI PN Mental Health 2023 Proctored Exam Practice Questions - Set 16","rn-mental-health-proctored-exam-practice-questions","ati-pn-mental-health-2023-proctored-exam-practice-questions-set-16","RN Exams > RN Nursing Course Exams > Mental Health","LPN Exams > ATI LPN Exams > Mental Health","pillarPages/nursing-test-bank/subPages/SuT1noZoNGEjKGR1vTbi/nestedSubPages/zMFBI0XMiRsJnnXWhL5S/topics/dwj41dVBiWR9v4FRpKhC/quizzes/jlClWgbiccVolsEakTTA","pillarPages/nursing-test-bank/subPages/z0xzINtS3EohZNaKosBz/nestedSubPages/lyrHg4RBzN6UafuymMFT/topics/6i5h4wWlOfz4R8huNTkC/quizzes/Fd4CUWFrC0EHRcUrIpx4"
"1.000","RN Mental Health Proctored Exam Practice Questions","ATI PN Mental Health Proctored Exam Practice Questions - Set 3","rn-mental-health-proctored-exam-practice-questions","ati-pn-mental-health-proctored-exam-practice-questions-set-3","RN Exams > RN Nursing Course Exams > Mental Health","LPN Exams > ATI LPN Exams > Mental Health","pillarPages/nursing-test-bank/subPages/SuT1noZoNGEjKGR1vTbi/nestedSubPages/zMFBI0XMiRsJnnXWhL5S/topics/dwj41dVBiWR9v4FRpKhC/quizzes/jlClWgbiccVolsEakTTA","pillarPages/nursing-test-bank/subPages/z0xzINtS3EohZNaKosBz/nestedSubPages/lyrHg4RBzN6UafuymMFT/topics/6i5h4wWlOfz4R8huNTkC/quizzes/NmyWvm446Bgz09F1MCl2"
"1.000","RN Mental Health Proctored Exam Practice Questions","ATI PN Mental Health Proctored Exam Practice Questions - Set 21","rn-mental-health-proctored-exam-practice-questions","ati-pn-mental-health-proctored-exam-practice-questions-set-21","RN Exams > RN Nursing Course Exams > Mental Health","LPN Exams > ATI LPN Exams > Mental Health","pillarPages/nursing-test-bank/subPages/SuT1noZoNGEjKGR1vTbi/nestedSubPages/zMFBI0XMiRsJnnXWhL5S/topics/dwj41dVBiWR9v4FRpKhC/quizzes/jlClWgbiccVolsEakTTA","pillarPages/nursing-test-bank/subPages/z0xzINtS3EohZNaKosBz/nestedSubPages/lyrHg4RBzN6UafuymMFT/topics/6i5h4wWlOfz4R8huNTkC/quizzes/Q2fS8PmQ5wik85qwHuxw"
"1.000","RN Mental Health Proctored Exam Practice Questions","ATI PN Mental Health 2023 Proctored Exam Practice Questions - Set 17","rn-mental-health-proctored-exam-practice-questions","ati-pn-mental-health-2023-proctored-exam-practice-questions-set-17","RN Exams > RN Nursing Course Exams > Mental Health","LPN Exams > ATI LPN Exams > Mental Health","pillarPages/nursing-test-bank/subPages/SuT1noZoNGEjKGR1vTbi/nestedSubPages/zMFBI0XMiRsJnnXWhL5S/topics/dwj41dVBiWR9v4FRpKhC/quizzes/jlClWgbiccVolsEakTTA","pillarPages/nursing-test-bank/subPages/z0xzINtS3EohZNaKosBz/nestedSubPages/lyrHg4RBzN6UafuymMFT/topics/6i5h4wWlOfz4R8huNTkC/quizzes/Z4NAfejpaDgZZHU9Qdpz"
"1.000","RN Mental Health Proctored Exam Practice Questions","ATI PN Mental Health Quiz Proctored Exam Practice Questions - Set 19","rn-mental-health-proctored-exam-practice-questions","ati-pn-mental-health-quiz-proctored-exam-practice-questions-set-19","RN Exams > RN Nursing Course Exams > Mental Health","LPN Exams > ATI LPN Exams > Mental Health","pillarPages/nursing-test-bank/subPages/SuT1noZoNGEjKGR1vTbi/nestedSubPages/zMFBI0XMiRsJnnXWhL5S/topics/dwj41dVBiWR9v4FRpKhC/quizzes/jlClWgbiccVolsEakTTA","pillarPages/nursing-test-bank/subPages/z0xzINtS3EohZNaKosBz/nestedSubPages/lyrHg4RBzN6UafuymMFT/topics/6i5h4wWlOfz4R8huNTkC/quizzes/azlPQZl6jkNGLIXtXnDc"
"1.000","RN Mental Health Proctored Exam Practice Questions","ATI PN Mental Health Proctored Exam Practice Questions - Set 2","rn-mental-health-proctored-exam-practice-questions","ati-pn-mental-health-proctored-exam-practice-questions-set-2","RN Exams > RN Nursing Course Exams > Mental Health","LPN Exams > ATI LPN Exams > Mental Health","pillarPages/nursing-test-bank/subPages/SuT1noZoNGEjKGR1vTbi/nestedSubPages/zMFBI0XMiRsJnnXWhL5S/topics/dwj41dVBiWR9v4FRpKhC/quizzes/jlClWgbiccVolsEakTTA","pillarPages/nursing-test-bank/subPages/z0xzINtS3EohZNaKosBz/nestedSubPages/lyrHg4RBzN6UafuymMFT/topics/6i5h4wWlOfz4R8huNTkC/quizzes/dUh2HpoMmmz9AkeiPvna"
"1.000","RN Mental Health Proctored Exam Practice Questions","ATI PN Mental Health Proctored Exam Practice Questions - Set 7","rn-mental-health-proctored-exam-practice-questions","ati-pn-mental-health-proctored-exam-practice-questions-set-7","RN Exams > RN Nursing Course Exams > Mental Health","LPN Exams > ATI LPN Exams > Mental Health","pillarPages/nursing-test-bank/subPages/SuT1noZoNGEjKGR1vTbi/nestedSubPages/zMFBI0XMiRsJnnXWhL5S/topics/dwj41dVBiWR9v4FRpKhC/quizzes/jlClWgbiccVolsEakTTA","pillarPages/nursing-test-bank/subPages/z0xzINtS3EohZNaKosBz/nestedSubPages/lyrHg4RBzN6UafuymMFT/topics/6i5h4wWlOfz4R8huNTkC/quizzes/hthlfOCc1BGRxIETQQ1Z"
"1.000","RN Mental Health Proctored Exam Practice Questions","ATI PN Mental Health Proctored Exam Practice Questions - Set 4","rn-mental-health-proctored-exam-practice-questions","ati-pn-mental-health-proctored-exam-practice-questions-set-4","RN Exams > RN Nursing Course Exams > Mental Health","LPN Exams > ATI LPN Exams > Mental Health","pillarPages/nursing-test-bank/subPages/SuT1noZoNGEjKGR1vTbi/nestedSubPages/zMFBI0XMiRsJnnXWhL5S/topics/dwj41dVBiWR9v4FRpKhC/quizzes/jlClWgbiccVolsEakTTA","pillarPages/nursing-test-bank/subPages/z0xzINtS3EohZNaKosBz/nestedSubPages/lyrHg4RBzN6UafuymMFT/topics/6i5h4wWlOfz4R8huNTkC/quizzes/sceHL0R4Xdjbg0G5Ksz9"
"1.000","RN Mental Health Proctored Exam Practice Questions","ATI PN Mental Health Proctored Exam Practice Questions - Set 27","rn-mental-health-proctored-exam-practice-questions","ati-pn-mental-health-proctored-exam-practice-questions-set-27","RN Exams > RN Nursing Course Exams > Mental Health","LPN Exams > ATI LPN Exams > Mental Health","pillarPages/nursing-test-bank/subPages/SuT1noZoNGEjKGR1vTbi/nestedSubPages/zMFBI0XMiRsJnnXWhL5S/topics/dwj41dVBiWR9v4FRpKhC/quizzes/jlClWgbiccVolsEakTTA","pillarPages/nursing-test-bank/subPages/z0xzINtS3EohZNaKosBz/nestedSubPages/lyrHg4RBzN6UafuymMFT/topics/6i5h4wWlOfz4R8huNTkC/quizzes/ujhDVShnkrjKiFa6CSKq"
"1.000","RN Nursing Care of Children 2019 with NGN Proctored Exam Practice Questions","ATI PN Nursing Care of Children with NGN 2020 Proctored Exam Practice Questions","rn-nursing-care-of-children-2019-with-ngn-proctored-exam-practice-questions","ati-pn-nursing-care-of-children-with-ngn-2020-proctored-exam-practice-questions","RN Exams > RN Nursing Course Exams > Maternal Newborn","LPN Exams > ATI LPN Exams > Pediatric Nursing","pillarPages/nursing-test-bank/subPages/SuT1noZoNGEjKGR1vTbi/nestedSubPages/zMFBI0XMiRsJnnXWhL5S/topics/stnDIFRoA0VwLaoxbGv1/quizzes/kTxHHh1QNQwrnwhw4OKN","pillarPages/nursing-test-bank/subPages/z0xzINtS3EohZNaKosBz/nestedSubPages/lyrHg4RBzN6UafuymMFT/topics/Y0MhOdG0hGVh8AUsgVrz/quizzes/tGdodBPumxHO7hUHZzci"
"1.000","TEAS English Practice Test Set 1","TEAS English Practice Test Set 7","teas-english-practice-test-set-1","teas-english-practice-test-set-7","ATI TEAS 7 > ATI TEAS English Practice Test","ATI TEAS 7 > ATI TEAS English Practice Test","pillarPages/nursing-entrance-exam/subPages/yrdSf0KpOcuybL1SLnw7/nestedSubPages/ykWIONcheFBJ7ooEl7WK/quizzes/K8LSANKE4TTUE3pe4LNB","pillarPages/nursing-entrance-exam/subPages/yrdSf0KpOcuybL1SLnw7/nestedSubPages/ykWIONcheFBJ7ooEl7WK/quizzes/OPjejH7bkdIPUK2eHcm9"
"1.000","TEAS English Practice Test Set 1","TEAS English Practice Test Set 3","teas-english-practice-test-set-1","teas-english-practice-test-set-3","ATI TEAS 7 > ATI TEAS English Practice Test","ATI TEAS 7 > ATI TEAS English Practice Test","pillarPages/nursing-entrance-exam/subPages/yrdSf0KpOcuybL1SLnw7/nestedSubPages/ykWIONcheFBJ7ooEl7WK/quizzes/K8LSANKE4TTUE3pe4LNB","pillarPages/nursing-entrance-exam/subPages/yrdSf0KpOcuybL1SLnw7/nestedSubPages/ykWIONcheFBJ7ooEl7WK/quizzes/P6cBY4FAPBHo6oBETWFT"
"1.000","TEAS English Practice Test Set 1","TEAS English Practice Test Set 9","teas-english-practice-test-set-1","teas-english-practice-test-set-9","ATI TEAS 7 > ATI TEAS English Practice Test","ATI TEAS 7 > ATI TEAS English Practice Test","pillarPages/nursing-entrance-exam/subPages/yrdSf0KpOcuybL1SLnw7/nestedSubPages/ykWIONcheFBJ7ooEl7WK/quizzes/K8LSANKE4TTUE3pe4LNB","pillarPages/nursing-entrance-exam/subPages/yrdSf0KpOcuybL1SLnw7/nestedSubPages/ykWIONcheFBJ7ooEl7WK/quizzes/Xm98bDuZCgMXnlHXpvHY"
"1.000","TEAS English Practice Test Set 1","TEAS English Practice Test Set 11","teas-english-practice-test-set-1","teas-english-practice-test-set-11","ATI TEAS 7 > ATI TEAS English Practice Test","ATI TEAS 7 > ATI TEAS English Practice Test","pillarPages/nursing-entrance-exam/subPages/yrdSf0KpOcuybL1SLnw7/nestedSubPages/ykWIONcheFBJ7ooEl7WK/quizzes/K8LSANKE4TTUE3pe4LNB","pillarPages/nursing-entrance-exam/subPages/yrdSf0KpOcuybL1SLnw7/nestedSubPages/ykWIONcheFBJ7ooEl7WK/quizzes/cPcCbrma7Yg8yhlhPJN6"
"1.000","TEAS English Practice Test Set 1","TEAS English Practice Test Set 10","teas-english-practice-test-set-1","teas-english-practice-test-set-10","ATI TEAS 7 > ATI TEAS English Practice Test","ATI TEAS 7 > ATI TEAS English Practice Test","pillarPages/nursing-entrance-exam/subPages/yrdSf0KpOcuybL1SLnw7/nestedSubPages/ykWIONcheFBJ7ooEl7WK/quizzes/K8LSANKE4TTUE3pe4LNB","pillarPages/nursing-entrance-exam/subPages/yrdSf0KpOcuybL1SLnw7/nestedSubPages/ykWIONcheFBJ7ooEl7WK/quizzes/q46KihvoTsR8S2HEvMub"
"1.000","TEAS English Practice Test Set 1","TEAS English Practice Test Set 13","teas-english-practice-test-set-1","teas-english-practice-test-set-13","ATI TEAS 7 > ATI TEAS English Practice Test","ATI TEAS 7 > ATI TEAS English Practice Test","pillarPages/nursing-entrance-exam/subPages/yrdSf0KpOcuybL1SLnw7/nestedSubPages/ykWIONcheFBJ7ooEl7WK/quizzes/K8LSANKE4TTUE3pe4LNB","pillarPages/nursing-entrance-exam/subPages/yrdSf0KpOcuybL1SLnw7/nestedSubPages/ykWIONcheFBJ7ooEl7WK/quizzes/u1FZJxKWJpTOPwtrNB3B"
"1.000","TEAS English Practice Test Set 1","TEAS English Practice Test Set 16","teas-english-practice-test-set-1","teas-english-practice-test-set-16","ATI TEAS 7 > ATI TEAS English Practice Test","ATI TEAS 7 > ATI TEAS English Practice Test","pillarPages/nursing-entrance-exam/subPages/yrdSf0KpOcuybL1SLnw7/nestedSubPages/ykWIONcheFBJ7ooEl7WK/quizzes/K8LSANKE4TTUE3pe4LNB","pillarPages/nursing-entrance-exam/subPages/yrdSf0KpOcuybL1SLnw7/nestedSubPages/ykWIONcheFBJ7ooEl7WK/quizzes/vQ9mppphFwU4bztSDv0H"
"1.000","TEAS English Practice Test Set 10","TEAS English Practice Test Set 13","teas-english-practice-test-set-10","teas-english-practice-test-set-13","ATI TEAS 7 > ATI TEAS English Practice Test","ATI TEAS 7 > ATI TEAS English Practice Test","pillarPages/nursing-entrance-exam/subPages/yrdSf0KpOcuybL1SLnw7/nestedSubPages/ykWIONcheFBJ7ooEl7WK/quizzes/q46KihvoTsR8S2HEvMub","pillarPages/nursing-entrance-exam/subPages/yrdSf0KpOcuybL1SLnw7/nestedSubPages/ykWIONcheFBJ7ooEl7WK/quizzes/u1FZJxKWJpTOPwtrNB3B"
"1.000","TEAS English Practice Test Set 10","TEAS English Practice Test Set 16","teas-english-practice-test-set-10","teas-english-practice-test-set-16","ATI TEAS 7 > ATI TEAS English Practice Test","ATI TEAS 7 > ATI TEAS English Practice Test","pillarPages/nursing-entrance-exam/subPages/yrdSf0KpOcuybL1SLnw7/nestedSubPages/ykWIONcheFBJ7ooEl7WK/quizzes/q46KihvoTsR8S2HEvMub","pillarPages/nursing-entrance-exam/subPages/yrdSf0KpOcuybL1SLnw7/nestedSubPages/ykWIONcheFBJ7ooEl7WK/quizzes/vQ9mppphFwU4bztSDv0H"
"1.000","TEAS English Practice Test Set 11","TEAS English Practice Test Set 10","teas-english-practice-test-set-11","teas-english-practice-test-set-10","ATI TEAS 7 > ATI TEAS English Practice Test","ATI TEAS 7 > ATI TEAS English Practice Test","pillarPages/nursing-entrance-exam/subPages/yrdSf0KpOcuybL1SLnw7/nestedSubPages/ykWIONcheFBJ7ooEl7WK/quizzes/cPcCbrma7Yg8yhlhPJN6","pillarPages/nursing-entrance-exam/subPages/yrdSf0KpOcuybL1SLnw7/nestedSubPages/ykWIONcheFBJ7ooEl7WK/quizzes/q46KihvoTsR8S2HEvMub"
"1.000","TEAS English Practice Test Set 11","TEAS English Practice Test Set 13","teas-english-practice-test-set-11","teas-english-practice-test-set-13","ATI TEAS 7 > ATI TEAS English Practice Test","ATI TEAS 7 > ATI TEAS English Practice Test","pillarPages/nursing-entrance-exam/subPages/yrdSf0KpOcuybL1SLnw7/nestedSubPages/ykWIONcheFBJ7ooEl7WK/quizzes/cPcCbrma7Yg8yhlhPJN6","pillarPages/nursing-entrance-exam/subPages/yrdSf0KpOcuybL1SLnw7/nestedSubPages/ykWIONcheFBJ7ooEl7WK/quizzes/u1FZJxKWJpTOPwtrNB3B"
"1.000","TEAS English Practice Test Set 11","TEAS English Practice Test Set 16","teas-english-practice-test-set-11","teas-english-practice-test-set-16","ATI TEAS 7 > ATI TEAS English Practice Test","ATI TEAS 7 > ATI TEAS English Practice Test","pillarPages/nursing-entrance-exam/subPages/yrdSf0KpOcuybL1SLnw7/nestedSubPages/ykWIONcheFBJ7ooEl7WK/quizzes/cPcCbrma7Yg8yhlhPJN6","pillarPages/nursing-entrance-exam/subPages/yrdSf0KpOcuybL1SLnw7/nestedSubPages/ykWIONcheFBJ7ooEl7WK/quizzes/vQ9mppphFwU4bztSDv0H"
"1.000","TEAS English Practice Test Set 12","TEAS English Practice Test Set 1","teas-english-practice-test-set-12","teas-english-practice-test-set-1","ATI TEAS 7 > ATI TEAS English Practice Test","ATI TEAS 7 > ATI TEAS English Practice Test","pillarPages/nursing-entrance-exam/subPages/yrdSf0KpOcuybL1SLnw7/nestedSubPages/ykWIONcheFBJ7ooEl7WK/quizzes/Ibx5WEnKHv6K0Mnfp3yg","pillarPages/nursing-entrance-exam/subPages/yrdSf0KpOcuybL1SLnw7/nestedSubPages/ykWIONcheFBJ7ooEl7WK/quizzes/K8LSANKE4TTUE3pe4LNB"
"1.000","TEAS English Practice Test Set 12","TEAS English Practice Test Set 7","teas-english-practice-test-set-12","teas-english-practice-test-set-7","ATI TEAS 7 > ATI TEAS English Practice Test","ATI TEAS 7 > ATI TEAS English Practice Test","pillarPages/nursing-entrance-exam/subPages/yrdSf0KpOcuybL1SLnw7/nestedSubPages/ykWIONcheFBJ7ooEl7WK/quizzes/Ibx5WEnKHv6K0Mnfp3yg","pillarPages/nursing-entrance-exam/subPages/yrdSf0KpOcuybL1SLnw7/nestedSubPages/ykWIONcheFBJ7ooEl7WK/quizzes/OPjejH7bkdIPUK2eHcm9"
"1.000","TEAS English Practice Test Set 12","TEAS English Practice Test Set 3","teas-english-practice-test-set-12","teas-english-practice-test-set-3","ATI TEAS 7 > ATI TEAS English Practice Test","ATI TEAS 7 > ATI TEAS English Practice Test","pillarPages/nursing-entrance-exam/subPages/yrdSf0KpOcuybL1SLnw7/nestedSubPages/ykWIONcheFBJ7ooEl7WK/quizzes/Ibx5WEnKHv6K0Mnfp3yg","pillarPages/nursing-entrance-exam/subPages/yrdSf0KpOcuybL1SLnw7/nestedSubPages/ykWIONcheFBJ7ooEl7WK/quizzes/P6cBY4FAPBHo6oBETWFT"
"1.000","TEAS English Practice Test Set 12","TEAS English Practice Test Set 9","teas-english-practice-test-set-12","teas-english-practice-test-set-9","ATI TEAS 7 > ATI TEAS English Practice Test","ATI TEAS 7 > ATI TEAS English Practice Test","pillarPages/nursing-entrance-exam/subPages/yrdSf0KpOcuybL1SLnw7/nestedSubPages/ykWIONcheFBJ7ooEl7WK/quizzes/Ibx5WEnKHv6K0Mnfp3yg","pillarPages/nursing-entrance-exam/subPages/yrdSf0KpOcuybL1SLnw7/nestedSubPages/ykWIONcheFBJ7ooEl7WK/quizzes/Xm98bDuZCgMXnlHXpvHY"
"1.000","TEAS English Practice Test Set 12","TEAS English Practice Test Set 11","teas-english-practice-test-set-12","teas-english-practice-test-set-11","ATI TEAS 7 > ATI TEAS English Practice Test","ATI TEAS 7 > ATI TEAS English Practice Test","pillarPages/nursing-entrance-exam/subPages/yrdSf0KpOcuybL1SLnw7/nestedSubPages/ykWIONcheFBJ7ooEl7WK/quizzes/Ibx5WEnKHv6K0Mnfp3yg","pillarPages/nursing-entrance-exam/subPages/yrdSf0KpOcuybL1SLnw7/nestedSubPages/ykWIONcheFBJ7ooEl7WK/quizzes/cPcCbrma7Yg8yhlhPJN6"
"1.000","TEAS English Practice Test Set 12","TEAS English Practice Test Set 10","teas-english-practice-test-set-12","teas-english-practice-test-set-10","ATI TEAS 7 > ATI TEAS English Practice Test","ATI TEAS 7 > ATI TEAS English Practice Test","pillarPages/nursing-entrance-exam/subPages/yrdSf0KpOcuybL1SLnw7/nestedSubPages/ykWIONcheFBJ7ooEl7WK/quizzes/Ibx5WEnKHv6K0Mnfp3yg","pillarPages/nursing-entrance-exam/subPages/yrdSf0KpOcuybL1SLnw7/nestedSubPages/ykWIONcheFBJ7ooEl7WK/quizzes/q46KihvoTsR8S2HEvMub"
"1.000","TEAS English Practice Test Set 12","TEAS English Practice Test Set 13","teas-english-practice-test-set-12","teas-english-practice-test-set-13","ATI TEAS 7 > ATI TEAS English Practice Test","ATI TEAS 7 > ATI TEAS English Practice Test","pillarPages/nursing-entrance-exam/subPages/yrdSf0KpOcuybL1SLnw7/nestedSubPages/ykWIONcheFBJ7ooEl7WK/quizzes/Ibx5WEnKHv6K0Mnfp3yg","pillarPages/nursing-entrance-exam/subPages/yrdSf0KpOcuybL1SLnw7/nestedSubPages/ykWIONcheFBJ7ooEl7WK/quizzes/u1FZJxKWJpTOPwtrNB3B"
"1.000","TEAS English Practice Test Set 12","TEAS English Practice Test Set 16","teas-english-practice-test-set-12","teas-english-practice-test-set-16","ATI TEAS 7 > ATI TEAS English Practice Test","ATI TEAS 7 > ATI TEAS English Practice Test","pillarPages/nursing-entrance-exam/subPages/yrdSf0KpOcuybL1SLnw7/nestedSubPages/ykWIONcheFBJ7ooEl7WK/quizzes/Ibx5WEnKHv6K0Mnfp3yg","pillarPages/nursing-entrance-exam/subPages/yrdSf0KpOcuybL1SLnw7/nestedSubPages/ykWIONcheFBJ7ooEl7WK/quizzes/vQ9mppphFwU4bztSDv0H"
"1.000","TEAS English Practice Test Set 13","TEAS English Practice Test Set 16","teas-english-practice-test-set-13","teas-english-practice-test-set-16","ATI TEAS 7 > ATI TEAS English Practice Test","ATI TEAS 7 > ATI TEAS English Practice Test","pillarPages/nursing-entrance-exam/subPages/yrdSf0KpOcuybL1SLnw7/nestedSubPages/ykWIONcheFBJ7ooEl7WK/quizzes/u1FZJxKWJpTOPwtrNB3B","pillarPages/nursing-entrance-exam/subPages/yrdSf0KpOcuybL1SLnw7/nestedSubPages/ykWIONcheFBJ7ooEl7WK/quizzes/vQ9mppphFwU4bztSDv0H"
"1.000","TEAS English Practice Test Set 14","TEAS English Practice Test Set 8","teas-english-practice-test-set-14","teas-english-practice-test-set-8","ATI TEAS 7 > ATI TEAS English Practice Test","ATI TEAS 7 > ATI TEAS English Practice Test","pillarPages/nursing-entrance-exam/subPages/yrdSf0KpOcuybL1SLnw7/nestedSubPages/ykWIONcheFBJ7ooEl7WK/quizzes/8lYboipYsfViTxjdOQGZ","pillarPages/nursing-entrance-exam/subPages/yrdSf0KpOcuybL1SLnw7/nestedSubPages/ykWIONcheFBJ7ooEl7WK/quizzes/8obTXxgarYKCJaiZAd66"
"1.000","TEAS English Practice Test Set 14","TEAS English Practice Test Set 12","teas-english-practice-test-set-14","teas-english-practice-test-set-12","ATI TEAS 7 > ATI TEAS English Practice Test","ATI TEAS 7 > ATI TEAS English Practice Test","pillarPages/nursing-entrance-exam/subPages/yrdSf0KpOcuybL1SLnw7/nestedSubPages/ykWIONcheFBJ7ooEl7WK/quizzes/8lYboipYsfViTxjdOQGZ","pillarPages/nursing-entrance-exam/subPages/yrdSf0KpOcuybL1SLnw7/nestedSubPages/ykWIONcheFBJ7ooEl7WK/quizzes/Ibx5WEnKHv6K0Mnfp3yg"
"1.000","TEAS English Practice Test Set 14","TEAS English Practice Test Set 1","teas-english-practice-test-set-14","teas-english-practice-test-set-1","ATI TEAS 7 > ATI TEAS English Practice Test","ATI TEAS 7 > ATI TEAS English Practice Test","pillarPages/nursing-entrance-exam/subPages/yrdSf0KpOcuybL1SLnw7/nestedSubPages/ykWIONcheFBJ7ooEl7WK/quizzes/8lYboipYsfViTxjdOQGZ","pillarPages/nursing-entrance-exam/subPages/yrdSf0KpOcuybL1SLnw7/nestedSubPages/ykWIONcheFBJ7ooEl7WK/quizzes/K8LSANKE4TTUE3pe4LNB"
"1.000","TEAS English Practice Test Set 14","TEAS English Practice Test Set 7","teas-english-practice-test-set-14","teas-english-practice-test-set-7","ATI TEAS 7 > ATI TEAS English Practice Test","ATI TEAS 7 > ATI TEAS English Practice Test","pillarPages/nursing-entrance-exam/subPages/yrdSf0KpOcuybL1SLnw7/nestedSubPages/ykWIONcheFBJ7ooEl7WK/quizzes/8lYboipYsfViTxjdOQGZ","pillarPages/nursing-entrance-exam/subPages/yrdSf0KpOcuybL1SLnw7/nestedSubPages/ykWIONcheFBJ7ooEl7WK/quizzes/OPjejH7bkdIPUK2eHcm9"
"1.000","TEAS English Practice Test Set 14","TEAS English Practice Test Set 3","teas-english-practice-test-set-14","teas-english-practice-test-set-3","ATI TEAS 7 > ATI TEAS English Practice Test","ATI TEAS 7 > ATI TEAS English Practice Test","pillarPages/nursing-entrance-exam/subPages/yrdSf0KpOcuybL1SLnw7/nestedSubPages/ykWIONcheFBJ7ooEl7WK/quizzes/8lYboipYsfViTxjdOQGZ","pillarPages/nursing-entrance-exam/subPages/yrdSf0KpOcuybL1SLnw7/nestedSubPages/ykWIONcheFBJ7ooEl7WK/quizzes/P6cBY4FAPBHo6oBETWFT"
"1.000","TEAS English Practice Test Set 14","TEAS English Practice Test Set 9","teas-english-practice-test-set-14","teas-english-practice-test-set-9","ATI TEAS 7 > ATI TEAS English Practice Test","ATI TEAS 7 > ATI TEAS English Practice Test","pillarPages/nursing-entrance-exam/subPages/yrdSf0KpOcuybL1SLnw7/nestedSubPages/ykWIONcheFBJ7ooEl7WK/quizzes/8lYboipYsfViTxjdOQGZ","pillarPages/nursing-entrance-exam/subPages/yrdSf0KpOcuybL1SLnw7/nestedSubPages/ykWIONcheFBJ7ooEl7WK/quizzes/Xm98bDuZCgMXnlHXpvHY"
"1.000","TEAS English Practice Test Set 14","TEAS English Practice Test Set 11","teas-english-practice-test-set-14","teas-english-practice-test-set-11","ATI TEAS 7 > ATI TEAS English Practice Test","ATI TEAS 7 > ATI TEAS English Practice Test","pillarPages/nursing-entrance-exam/subPages/yrdSf0KpOcuybL1SLnw7/nestedSubPages/ykWIONcheFBJ7ooEl7WK/quizzes/8lYboipYsfViTxjdOQGZ","pillarPages/nursing-entrance-exam/subPages/yrdSf0KpOcuybL1SLnw7/nestedSubPages/ykWIONcheFBJ7ooEl7WK/quizzes/cPcCbrma7Yg8yhlhPJN6"
"1.000","TEAS English Practice Test Set 14","TEAS English Practice Test Set 10","teas-english-practice-test-set-14","teas-english-practice-test-set-10","ATI TEAS 7 > ATI TEAS English Practice Test","ATI TEAS 7 > ATI TEAS English Practice Test","pillarPages/nursing-entrance-exam/subPages/yrdSf0KpOcuybL1SLnw7/nestedSubPages/ykWIONcheFBJ7ooEl7WK/quizzes/8lYboipYsfViTxjdOQGZ","pillarPages/nursing-entrance-exam/subPages/yrdSf0KpOcuybL1SLnw7/nestedSubPages/ykWIONcheFBJ7ooEl7WK/quizzes/q46KihvoTsR8S2HEvMub"
"1.000","TEAS English Practice Test Set 14","TEAS English Practice Test Set 13","teas-english-practice-test-set-14","teas-english-practice-test-set-13","ATI TEAS 7 > ATI TEAS English Practice Test","ATI TEAS 7 > ATI TEAS English Practice Test","pillarPages/nursing-entrance-exam/subPages/yrdSf0KpOcuybL1SLnw7/nestedSubPages/ykWIONcheFBJ7ooEl7WK/quizzes/8lYboipYsfViTxjdOQGZ","pillarPages/nursing-entrance-exam/subPages/yrdSf0KpOcuybL1SLnw7/nestedSubPages/ykWIONcheFBJ7ooEl7WK/quizzes/u1FZJxKWJpTOPwtrNB3B"
"1.000","TEAS English Practice Test Set 14","TEAS English Practice Test Set 16","teas-english-practice-test-set-14","teas-english-practice-test-set-16","ATI TEAS 7 > ATI TEAS English Practice Test","ATI TEAS 7 > ATI TEAS English Practice Test","pillarPages/nursing-entrance-exam/subPages/yrdSf0KpOcuybL1SLnw7/nestedSubPages/ykWIONcheFBJ7ooEl7WK/quizzes/8lYboipYsfViTxjdOQGZ","pillarPages/nursing-entrance-exam/subPages/yrdSf0KpOcuybL1SLnw7/nestedSubPages/ykWIONcheFBJ7ooEl7WK/quizzes/vQ9mppphFwU4bztSDv0H"
"1.000","TEAS English Practice Test Set 15","TEAS English Practice Test Set 6","teas-english-practice-test-set-15","teas-english-practice-test-set-6","ATI TEAS 7 > ATI TEAS English Practice Test","ATI TEAS 7 > ATI TEAS English Practice Test","pillarPages/nursing-entrance-exam/subPages/yrdSf0KpOcuybL1SLnw7/nestedSubPages/ykWIONcheFBJ7ooEl7WK/quizzes/3KVLAfDxTrwFyVJn2Uqc","pillarPages/nursing-entrance-exam/subPages/yrdSf0KpOcuybL1SLnw7/nestedSubPages/ykWIONcheFBJ7ooEl7WK/quizzes/3QnlEkG493V1yvUnCrWJ"
"1.000","TEAS English Practice Test Set 15","TEAS English Practice Test Set 2","teas-english-practice-test-set-15","teas-english-practice-test-set-2","ATI TEAS 7 > ATI TEAS English Practice Test","ATI TEAS 7 > ATI TEAS English Practice Test","pillarPages/nursing-entrance-exam/subPages/yrdSf0KpOcuybL1SLnw7/nestedSubPages/ykWIONcheFBJ7ooEl7WK/quizzes/3KVLAfDxTrwFyVJn2Uqc","pillarPages/nursing-entrance-exam/subPages/yrdSf0KpOcuybL1SLnw7/nestedSubPages/ykWIONcheFBJ7ooEl7WK/quizzes/7rIYkvuZpCUq0uBF6lSX"
"1.000","TEAS English Practice Test Set 15","TEAS English Practice Test Set 14","teas-english-practice-test-set-15","teas-english-practice-test-set-14","ATI TEAS 7 > ATI TEAS English Practice Test","ATI TEAS 7 > ATI TEAS English Practice Test","pillarPages/nursing-entrance-exam/subPages/yrdSf0KpOcuybL1SLnw7/nestedSubPages/ykWIONcheFBJ7ooEl7WK/quizzes/3KVLAfDxTrwFyVJn2Uqc","pillarPages/nursing-entrance-exam/subPages/yrdSf0KpOcuybL1SLnw7/nestedSubPages/ykWIONcheFBJ7ooEl7WK/quizzes/8lYboipYsfViTxjdOQGZ"
"1.000","TEAS English Practice Test Set 15","TEAS English Practice Test Set 8","teas-english-practice-test-set-15","teas-english-practice-test-set-8","ATI TEAS 7 > ATI TEAS English Practice Test","ATI TEAS 7 > ATI TEAS English Practice Test","pillarPages/nursing-entrance-exam/subPages/yrdSf0KpOcuybL1SLnw7/nestedSubPages/ykWIONcheFBJ7ooEl7WK/quizzes/3KVLAfDxTrwFyVJn2Uqc","pillarPages/nursing-entrance-exam/subPages/yrdSf0KpOcuybL1SLnw7/nestedSubPages/ykWIONcheFBJ7ooEl7WK/quizzes/8obTXxgarYKCJaiZAd66"
"1.000","TEAS English Practice Test Set 15","TEAS English Practice Test Set 12","teas-english-practice-test-set-15","teas-english-practice-test-set-12","ATI TEAS 7 > ATI TEAS English Practice Test","ATI TEAS 7 > ATI TEAS English Practice Test","pillarPages/nursing-entrance-exam/subPages/yrdSf0KpOcuybL1SLnw7/nestedSubPages/ykWIONcheFBJ7ooEl7WK/quizzes/3KVLAfDxTrwFyVJn2Uqc","pillarPages/nursing-entrance-exam/subPages/yrdSf0KpOcuybL1SLnw7/nestedSubPages/ykWIONcheFBJ7ooEl7WK/quizzes/Ibx5WEnKHv6K0Mnfp3yg"
"1.000","TEAS English Practice Test Set 15","TEAS English Practice Test Set 1","teas-english-practice-test-set-15","teas-english-practice-test-set-1","ATI TEAS 7 > ATI TEAS English Practice Test","ATI TEAS 7 > ATI TEAS English Practice Test","pillarPages/nursing-entrance-exam/subPages/yrdSf0KpOcuybL1SLnw7/nestedSubPages/ykWIONcheFBJ7ooEl7WK/quizzes/3KVLAfDxTrwFyVJn2Uqc","pillarPages/nursing-entrance-exam/subPages/yrdSf0KpOcuybL1SLnw7/nestedSubPages/ykWIONcheFBJ7ooEl7WK/quizzes/K8LSANKE4TTUE3pe4LNB"
"1.000","TEAS English Practice Test Set 15","TEAS English Practice Test Set 7","teas-english-practice-test-set-15","teas-english-practice-test-set-7","ATI TEAS 7 > ATI TEAS English Practice Test","ATI TEAS 7 > ATI TEAS English Practice Test","pillarPages/nursing-entrance-exam/subPages/yrdSf0KpOcuybL1SLnw7/nestedSubPages/ykWIONcheFBJ7ooEl7WK/quizzes/3KVLAfDxTrwFyVJn2Uqc","pillarPages/nursing-entrance-exam/subPages/yrdSf0KpOcuybL1SLnw7/nestedSubPages/ykWIONcheFBJ7ooEl7WK/quizzes/OPjejH7bkdIPUK2eHcm9"
"1.000","TEAS English Practice Test Set 15","TEAS English Practice Test Set 3","teas-english-practice-test-set-15","teas-english-practice-test-set-3","ATI TEAS 7 > ATI TEAS English Practice Test","ATI TEAS 7 > ATI TEAS English Practice Test","pillarPages/nursing-entrance-exam/subPages/yrdSf0KpOcuybL1SLnw7/nestedSubPages/ykWIONcheFBJ7ooEl7WK/quizzes/3KVLAfDxTrwFyVJn2Uqc","pillarPages/nursing-entrance-exam/subPages/yrdSf0KpOcuybL1SLnw7/nestedSubPages/ykWIONcheFBJ7ooEl7WK/quizzes/P6cBY4FAPBHo6oBETWFT"
"1.000","TEAS English Practice Test Set 15","TEAS English Practice Test Set 9","teas-english-practice-test-set-15","teas-english-practice-test-set-9","ATI TEAS 7 > ATI TEAS English Practice Test","ATI TEAS 7 > ATI TEAS English Practice Test","pillarPages/nursing-entrance-exam/subPages/yrdSf0KpOcuybL1SLnw7/nestedSubPages/ykWIONcheFBJ7ooEl7WK/quizzes/3KVLAfDxTrwFyVJn2Uqc","pillarPages/nursing-entrance-exam/subPages/yrdSf0KpOcuybL1SLnw7/nestedSubPages/ykWIONcheFBJ7ooEl7WK/quizzes/Xm98bDuZCgMXnlHXpvHY"
"1.000","TEAS English Practice Test Set 15","TEAS English Practice Test Set 11","teas-english-practice-test-set-15","teas-english-practice-test-set-11","ATI TEAS 7 > ATI TEAS English Practice Test","ATI TEAS 7 > ATI TEAS English Practice Test","pillarPages/nursing-entrance-exam/subPages/yrdSf0KpOcuybL1SLnw7/nestedSubPages/ykWIONcheFBJ7ooEl7WK/quizzes/3KVLAfDxTrwFyVJn2Uqc","pillarPages/nursing-entrance-exam/subPages/yrdSf0KpOcuybL1SLnw7/nestedSubPages/ykWIONcheFBJ7ooEl7WK/quizzes/cPcCbrma7Yg8yhlhPJN6"
"1.000","TEAS English Practice Test Set 15","TEAS English Practice Test Set 10","teas-english-practice-test-set-15","teas-english-practice-test-set-10","ATI TEAS 7 > ATI TEAS English Practice Test","ATI TEAS 7 > ATI TEAS English Practice Test","pillarPages/nursing-entrance-exam/subPages/yrdSf0KpOcuybL1SLnw7/nestedSubPages/ykWIONcheFBJ7ooEl7WK/quizzes/3KVLAfDxTrwFyVJn2Uqc","pillarPages/nursing-entrance-exam/subPages/yrdSf0KpOcuybL1SLnw7/nestedSubPages/ykWIONcheFBJ7ooEl7WK/quizzes/q46KihvoTsR8S2HEvMub"
"1.000","TEAS English Practice Test Set 15","TEAS English Practice Test Set 13","teas-english-practice-test-set-15","teas-english-practice-test-set-13","ATI TEAS 7 > ATI TEAS English Practice Test","ATI TEAS 7 > ATI TEAS English Practice Test","pillarPages/nursing-entrance-exam/subPages/yrdSf0KpOcuybL1SLnw7/nestedSubPages/ykWIONcheFBJ7ooEl7WK/quizzes/3KVLAfDxTrwFyVJn2Uqc","pillarPages/nursing-entrance-exam/subPages/yrdSf0KpOcuybL1SLnw7/nestedSubPages/ykWIONcheFBJ7ooEl7WK/quizzes/u1FZJxKWJpTOPwtrNB3B"
"1.000","TEAS English Practice Test Set 15","TEAS English Practice Test Set 16","teas-english-practice-test-set-15","teas-english-practice-test-set-16","ATI TEAS 7 > ATI TEAS English Practice Test","ATI TEAS 7 > ATI TEAS English Practice Test","pillarPages/nursing-entrance-exam/subPages/yrdSf0KpOcuybL1SLnw7/nestedSubPages/ykWIONcheFBJ7ooEl7WK/quizzes/3KVLAfDxTrwFyVJn2Uqc","pillarPages/nursing-entrance-exam/subPages/yrdSf0KpOcuybL1SLnw7/nestedSubPages/ykWIONcheFBJ7ooEl7WK/quizzes/vQ9mppphFwU4bztSDv0H"
"1.000","TEAS English Practice Test Set 2","TEAS English Practice Test Set 14","teas-english-practice-test-set-2","teas-english-practice-test-set-14","ATI TEAS 7 > ATI TEAS English Practice Test","ATI TEAS 7 > ATI TEAS English Practice Test","pillarPages/nursing-entrance-exam/subPages/yrdSf0KpOcuybL1SLnw7/nestedSubPages/ykWIONcheFBJ7ooEl7WK/quizzes/7rIYkvuZpCUq0uBF6lSX","pillarPages/nursing-entrance-exam/subPages/yrdSf0KpOcuybL1SLnw7/nestedSubPages/ykWIONcheFBJ7ooEl7WK/quizzes/8lYboipYsfViTxjdOQGZ"
"1.000","TEAS English Practice Test Set 2","TEAS English Practice Test Set 8","teas-english-practice-test-set-2","teas-english-practice-test-set-8","ATI TEAS 7 > ATI TEAS English Practice Test","ATI TEAS 7 > ATI TEAS English Practice Test","pillarPages/nursing-entrance-exam/subPages/yrdSf0KpOcuybL1SLnw7/nestedSubPages/ykWIONcheFBJ7ooEl7WK/quizzes/7rIYkvuZpCUq0uBF6lSX","pillarPages/nursing-entrance-exam/subPages/yrdSf0KpOcuybL1SLnw7/nestedSubPages/ykWIONcheFBJ7ooEl7WK/quizzes/8obTXxgarYKCJaiZAd66"
"1.000","TEAS English Practice Test Set 2","TEAS English Practice Test Set 12","teas-english-practice-test-set-2","teas-english-practice-test-set-12","ATI TEAS 7 > ATI TEAS English Practice Test","ATI TEAS 7 > ATI TEAS English Practice Test","pillarPages/nursing-entrance-exam/subPages/yrdSf0KpOcuybL1SLnw7/nestedSubPages/ykWIONcheFBJ7ooEl7WK/quizzes/7rIYkvuZpCUq0uBF6lSX","pillarPages/nursing-entrance-exam/subPages/yrdSf0KpOcuybL1SLnw7/nestedSubPages/ykWIONcheFBJ7ooEl7WK/quizzes/Ibx5WEnKHv6K0Mnfp3yg"
"1.000","TEAS English Practice Test Set 2","TEAS English Practice Test Set 1","teas-english-practice-test-set-2","teas-english-practice-test-set-1","ATI TEAS 7 > ATI TEAS English Practice Test","ATI TEAS 7 > ATI TEAS English Practice Test","pillarPages/nursing-entrance-exam/subPages/yrdSf0KpOcuybL1SLnw7/nestedSubPages/ykWIONcheFBJ7ooEl7WK/quizzes/7rIYkvuZpCUq0uBF6lSX","pillarPages/nursing-entrance-exam/subPages/yrdSf0KpOcuybL1SLnw7/nestedSubPages/ykWIONcheFBJ7ooEl7WK/quizzes/K8LSANKE4TTUE3pe4LNB"
"1.000","TEAS English Practice Test Set 2","TEAS English Practice Test Set 7","teas-english-practice-test-set-2","teas-english-practice-test-set-7","ATI TEAS 7 > ATI TEAS English Practice Test","ATI TEAS 7 > ATI TEAS English Practice Test","pillarPages/nursing-entrance-exam/subPages/yrdSf0KpOcuybL1SLnw7/nestedSubPages/ykWIONcheFBJ7ooEl7WK/quizzes/7rIYkvuZpCUq0uBF6lSX","pillarPages/nursing-entrance-exam/subPages/yrdSf0KpOcuybL1SLnw7/nestedSubPages/ykWIONcheFBJ7ooEl7WK/quizzes/OPjejH7bkdIPUK2eHcm9"
"1.000","TEAS English Practice Test Set 2","TEAS English Practice Test Set 3","teas-english-practice-test-set-2","teas-english-practice-test-set-3","ATI TEAS 7 > ATI TEAS English Practice Test","ATI TEAS 7 > ATI TEAS English Practice Test","pillarPages/nursing-entrance-exam/subPages/yrdSf0KpOcuybL1SLnw7/nestedSubPages/ykWIONcheFBJ7ooEl7WK/quizzes/7rIYkvuZpCUq0uBF6lSX","pillarPages/nursing-entrance-exam/subPages/yrdSf0KpOcuybL1SLnw7/nestedSubPages/ykWIONcheFBJ7ooEl7WK/quizzes/P6cBY4FAPBHo6oBETWFT"
"1.000","TEAS English Practice Test Set 2","TEAS English Practice Test Set 9","teas-english-practice-test-set-2","teas-english-practice-test-set-9","ATI TEAS 7 > ATI TEAS English Practice Test","ATI TEAS 7 > ATI TEAS English Practice Test","pillarPages/nursing-entrance-exam/subPages/yrdSf0KpOcuybL1SLnw7/nestedSubPages/ykWIONcheFBJ7ooEl7WK/quizzes/7rIYkvuZpCUq0uBF6lSX","pillarPages/nursing-entrance-exam/subPages/yrdSf0KpOcuybL1SLnw7/nestedSubPages/ykWIONcheFBJ7ooEl7WK/quizzes/Xm98bDuZCgMXnlHXpvHY"
"1.000","TEAS English Practice Test Set 2","TEAS English Practice Test Set 11","teas-english-practice-test-set-2","teas-english-practice-test-set-11","ATI TEAS 7 > ATI TEAS English Practice Test","ATI TEAS 7 > ATI TEAS English Practice Test","pillarPages/nursing-entrance-exam/subPages/yrdSf0KpOcuybL1SLnw7/nestedSubPages/ykWIONcheFBJ7ooEl7WK/quizzes/7rIYkvuZpCUq0uBF6lSX","pillarPages/nursing-entrance-exam/subPages/yrdSf0KpOcuybL1SLnw7/nestedSubPages/ykWIONcheFBJ7ooEl7WK/quizzes/cPcCbrma7Yg8yhlhPJN6"
"1.000","TEAS English Practice Test Set 2","TEAS English Practice Test Set 10","teas-english-practice-test-set-2","teas-english-practice-test-set-10","ATI TEAS 7 > ATI TEAS English Practice Test","ATI TEAS 7 > ATI TEAS English Practice Test","pillarPages/nursing-entrance-exam/subPages/yrdSf0KpOcuybL1SLnw7/nestedSubPages/ykWIONcheFBJ7ooEl7WK/quizzes/7rIYkvuZpCUq0uBF6lSX","pillarPages/nursing-entrance-exam/subPages/yrdSf0KpOcuybL1SLnw7/nestedSubPages/ykWIONcheFBJ7ooEl7WK/quizzes/q46KihvoTsR8S2HEvMub"
"1.000","TEAS English Practice Test Set 2","TEAS English Practice Test Set 13","teas-english-practice-test-set-2","teas-english-practice-test-set-13","ATI TEAS 7 > ATI TEAS English Practice Test","ATI TEAS 7 > ATI TEAS English Practice Test","pillarPages/nursing-entrance-exam/subPages/yrdSf0KpOcuybL1SLnw7/nestedSubPages/ykWIONcheFBJ7ooEl7WK/quizzes/7rIYkvuZpCUq0uBF6lSX","pillarPages/nursing-entrance-exam/subPages/yrdSf0KpOcuybL1SLnw7/nestedSubPages/ykWIONcheFBJ7ooEl7WK/quizzes/u1FZJxKWJpTOPwtrNB3B"
"1.000","TEAS English Practice Test Set 2","TEAS English Practice Test Set 16","teas-english-practice-test-set-2","teas-english-practice-test-set-16","ATI TEAS 7 > ATI TEAS English Practice Test","ATI TEAS 7 > ATI TEAS English Practice Test","pillarPages/nursing-entrance-exam/subPages/yrdSf0KpOcuybL1SLnw7/nestedSubPages/ykWIONcheFBJ7ooEl7WK/quizzes/7rIYkvuZpCUq0uBF6lSX","pillarPages/nursing-entrance-exam/subPages/yrdSf0KpOcuybL1SLnw7/nestedSubPages/ykWIONcheFBJ7ooEl7WK/quizzes/vQ9mppphFwU4bztSDv0H"
"1.000","TEAS English Practice Test Set 3","TEAS English Practice Test Set 9","teas-english-practice-test-set-3","teas-english-practice-test-set-9","ATI TEAS 7 > ATI TEAS English Practice Test","ATI TEAS 7 > ATI TEAS English Practice Test","pillarPages/nursing-entrance-exam/subPages/yrdSf0KpOcuybL1SLnw7/nestedSubPages/ykWIONcheFBJ7ooEl7WK/quizzes/P6cBY4FAPBHo6oBETWFT","pillarPages/nursing-entrance-exam/subPages/yrdSf0KpOcuybL1SLnw7/nestedSubPages/ykWIONcheFBJ7ooEl7WK/quizzes/Xm98bDuZCgMXnlHXpvHY"
"1.000","TEAS English Practice Test Set 3","TEAS English Practice Test Set 11","teas-english-practice-test-set-3","teas-english-practice-test-set-11","ATI TEAS 7 > ATI TEAS English Practice Test","ATI TEAS 7 > ATI TEAS English Practice Test","pillarPages/nursing-entrance-exam/subPages/yrdSf0KpOcuybL1SLnw7/nestedSubPages/ykWIONcheFBJ7ooEl7WK/quizzes/P6cBY4FAPBHo6oBETWFT","pillarPages/nursing-entrance-exam/subPages/yrdSf0KpOcuybL1SLnw7/nestedSubPages/ykWIONcheFBJ7ooEl7WK/quizzes/cPcCbrma7Yg8yhlhPJN6"
"1.000","TEAS English Practice Test Set 3","TEAS English Practice Test Set 10","teas-english-practice-test-set-3","teas-english-practice-test-set-10","ATI TEAS 7 > ATI TEAS English Practice Test","ATI TEAS 7 > ATI TEAS English Practice Test","pillarPages/nursing-entrance-exam/subPages/yrdSf0KpOcuybL1SLnw7/nestedSubPages/ykWIONcheFBJ7ooEl7WK/quizzes/P6cBY4FAPBHo6oBETWFT","pillarPages/nursing-entrance-exam/subPages/yrdSf0KpOcuybL1SLnw7/nestedSubPages/ykWIONcheFBJ7ooEl7WK/quizzes/q46KihvoTsR8S2HEvMub"
"1.000","TEAS English Practice Test Set 3","TEAS English Practice Test Set 13","teas-english-practice-test-set-3","teas-english-practice-test-set-13","ATI TEAS 7 > ATI TEAS English Practice Test","ATI TEAS 7 > ATI TEAS English Practice Test","pillarPages/nursing-entrance-exam/subPages/yrdSf0KpOcuybL1SLnw7/nestedSubPages/ykWIONcheFBJ7ooEl7WK/quizzes/P6cBY4FAPBHo6oBETWFT","pillarPages/nursing-entrance-exam/subPages/yrdSf0KpOcuybL1SLnw7/nestedSubPages/ykWIONcheFBJ7ooEl7WK/quizzes/u1FZJxKWJpTOPwtrNB3B"
"1.000","TEAS English Practice Test Set 3","TEAS English Practice Test Set 16","teas-english-practice-test-set-3","teas-english-practice-test-set-16","ATI TEAS 7 > ATI TEAS English Practice Test","ATI TEAS 7 > ATI TEAS English Practice Test","pillarPages/nursing-entrance-exam/subPages/yrdSf0KpOcuybL1SLnw7/nestedSubPages/ykWIONcheFBJ7ooEl7WK/quizzes/P6cBY4FAPBHo6oBETWFT","pillarPages/nursing-entrance-exam/subPages/yrdSf0KpOcuybL1SLnw7/nestedSubPages/ykWIONcheFBJ7ooEl7WK/quizzes/vQ9mppphFwU4bztSDv0H"
"1.000","TEAS English Practice Test Set 6","TEAS English Practice Test Set 2","teas-english-practice-test-set-6","teas-english-practice-test-set-2","ATI TEAS 7 > ATI TEAS English Practice Test","ATI TEAS 7 > ATI TEAS English Practice Test","pillarPages/nursing-entrance-exam/subPages/yrdSf0KpOcuybL1SLnw7/nestedSubPages/ykWIONcheFBJ7ooEl7WK/quizzes/3QnlEkG493V1yvUnCrWJ","pillarPages/nursing-entrance-exam/subPages/yrdSf0KpOcuybL1SLnw7/nestedSubPages/ykWIONcheFBJ7ooEl7WK/quizzes/7rIYkvuZpCUq0uBF6lSX"
"1.000","TEAS English Practice Test Set 6","TEAS English Practice Test Set 14","teas-english-practice-test-set-6","teas-english-practice-test-set-14","ATI TEAS 7 > ATI TEAS English Practice Test","ATI TEAS 7 > ATI TEAS English Practice Test","pillarPages/nursing-entrance-exam/subPages/yrdSf0KpOcuybL1SLnw7/nestedSubPages/ykWIONcheFBJ7ooEl7WK/quizzes/3QnlEkG493V1yvUnCrWJ","pillarPages/nursing-entrance-exam/subPages/yrdSf0KpOcuybL1SLnw7/nestedSubPages/ykWIONcheFBJ7ooEl7WK/quizzes/8lYboipYsfViTxjdOQGZ"
"1.000","TEAS English Practice Test Set 6","TEAS English Practice Test Set 8","teas-english-practice-test-set-6","teas-english-practice-test-set-8","ATI TEAS 7 > ATI TEAS English Practice Test","ATI TEAS 7 > ATI TEAS English Practice Test","pillarPages/nursing-entrance-exam/subPages/yrdSf0KpOcuybL1SLnw7/nestedSubPages/ykWIONcheFBJ7ooEl7WK/quizzes/3QnlEkG493V1yvUnCrWJ","pillarPages/nursing-entrance-exam/subPages/yrdSf0KpOcuybL1SLnw7/nestedSubPages/ykWIONcheFBJ7ooEl7WK/quizzes/8obTXxgarYKCJaiZAd66"
"1.000","TEAS English Practice Test Set 6","TEAS English Practice Test Set 12","teas-english-practice-test-set-6","teas-english-practice-test-set-12","ATI TEAS 7 > ATI TEAS English Practice Test","ATI TEAS 7 > ATI TEAS English Practice Test","pillarPages/nursing-entrance-exam/subPages/yrdSf0KpOcuybL1SLnw7/nestedSubPages/ykWIONcheFBJ7ooEl7WK/quizzes/3QnlEkG493V1yvUnCrWJ","pillarPages/nursing-entrance-exam/subPages/yrdSf0KpOcuybL1SLnw7/nestedSubPages/ykWIONcheFBJ7ooEl7WK/quizzes/Ibx5WEnKHv6K0Mnfp3yg"
"1.000","TEAS English Practice Test Set 6","TEAS English Practice Test Set 1","teas-english-practice-test-set-6","teas-english-practice-test-set-1","ATI TEAS 7 > ATI TEAS English Practice Test","ATI TEAS 7 > ATI TEAS English Practice Test","pillarPages/nursing-entrance-exam/subPages/yrdSf0KpOcuybL1SLnw7/nestedSubPages/ykWIONcheFBJ7ooEl7WK/quizzes/3QnlEkG493V1yvUnCrWJ","pillarPages/nursing-entrance-exam/subPages/yrdSf0KpOcuybL1SLnw7/nestedSubPages/ykWIONcheFBJ7ooEl7WK/quizzes/K8LSANKE4TTUE3pe4LNB"
"1.000","TEAS English Practice Test Set 6","TEAS English Practice Test Set 7","teas-english-practice-test-set-6","teas-english-practice-test-set-7","ATI TEAS 7 > ATI TEAS English Practice Test","ATI TEAS 7 > ATI TEAS English Practice Test","pillarPages/nursing-entrance-exam/subPages/yrdSf0KpOcuybL1SLnw7/nestedSubPages/ykWIONcheFBJ7ooEl7WK/quizzes/3QnlEkG493V1yvUnCrWJ","pillarPages/nursing-entrance-exam/subPages/yrdSf0KpOcuybL1SLnw7/nestedSubPages/ykWIONcheFBJ7ooEl7WK/quizzes/OPjejH7bkdIPUK2eHcm9"
"1.000","TEAS English Practice Test Set 6","TEAS English Practice Test Set 3","teas-english-practice-test-set-6","teas-english-practice-test-set-3","ATI TEAS 7 > ATI TEAS English Practice Test","ATI TEAS 7 > ATI TEAS English Practice Test","pillarPages/nursing-entrance-exam/subPages/yrdSf0KpOcuybL1SLnw7/nestedSubPages/ykWIONcheFBJ7ooEl7WK/quizzes/3QnlEkG493V1yvUnCrWJ","pillarPages/nursing-entrance-exam/subPages/yrdSf0KpOcuybL1SLnw7/nestedSubPages/ykWIONcheFBJ7ooEl7WK/quizzes/P6cBY4FAPBHo6oBETWFT"
"1.000","TEAS English Practice Test Set 6","TEAS English Practice Test Set 9","teas-english-practice-test-set-6","teas-english-practice-test-set-9","ATI TEAS 7 > ATI TEAS English Practice Test","ATI TEAS 7 > ATI TEAS English Practice Test","pillarPages/nursing-entrance-exam/subPages/yrdSf0KpOcuybL1SLnw7/nestedSubPages/ykWIONcheFBJ7ooEl7WK/quizzes/3QnlEkG493V1yvUnCrWJ","pillarPages/nursing-entrance-exam/subPages/yrdSf0KpOcuybL1SLnw7/nestedSubPages/ykWIONcheFBJ7ooEl7WK/quizzes/Xm98bDuZCgMXnlHXpvHY"
"1.000","TEAS English Practice Test Set 6","TEAS English Practice Test Set 11","teas-english-practice-test-set-6","teas-english-practice-test-set-11","ATI TEAS 7 > ATI TEAS English Practice Test","ATI TEAS 7 > ATI TEAS English Practice Test","pillarPages/nursing-entrance-exam/subPages/yrdSf0KpOcuybL1SLnw7/nestedSubPages/ykWIONcheFBJ7ooEl7WK/quizzes/3QnlEkG493V1yvUnCrWJ","pillarPages/nursing-entrance-exam/subPages/yrdSf0KpOcuybL1SLnw7/nestedSubPages/ykWIONcheFBJ7ooEl7WK/quizzes/cPcCbrma7Yg8yhlhPJN6"
"1.000","TEAS English Practice Test Set 6","TEAS English Practice Test Set 10","teas-english-practice-test-set-6","teas-english-practice-test-set-10","ATI TEAS 7 > ATI TEAS English Practice Test","ATI TEAS 7 > ATI TEAS English Practice Test","pillarPages/nursing-entrance-exam/subPages/yrdSf0KpOcuybL1SLnw7/nestedSubPages/ykWIONcheFBJ7ooEl7WK/quizzes/3QnlEkG493V1yvUnCrWJ","pillarPages/nursing-entrance-exam/subPages/yrdSf0KpOcuybL1SLnw7/nestedSubPages/ykWIONcheFBJ7ooEl7WK/quizzes/q46KihvoTsR8S2HEvMub"
"1.000","TEAS English Practice Test Set 6","TEAS English Practice Test Set 13","teas-english-practice-test-set-6","teas-english-practice-test-set-13","ATI TEAS 7 > ATI TEAS English Practice Test","ATI TEAS 7 > ATI TEAS English Practice Test","pillarPages/nursing-entrance-exam/subPages/yrdSf0KpOcuybL1SLnw7/nestedSubPages/ykWIONcheFBJ7ooEl7WK/quizzes/3QnlEkG493V1yvUnCrWJ","pillarPages/nursing-entrance-exam/subPages/yrdSf0KpOcuybL1SLnw7/nestedSubPages/ykWIONcheFBJ7ooEl7WK/quizzes/u1FZJxKWJpTOPwtrNB3B"
"1.000","TEAS English Practice Test Set 6","TEAS English Practice Test Set 16","teas-english-practice-test-set-6","teas-english-practice-test-set-16","ATI TEAS 7 > ATI TEAS English Practice Test","ATI TEAS 7 > ATI TEAS English Practice Test","pillarPages/nursing-entrance-exam/subPages/yrdSf0KpOcuybL1SLnw7/nestedSubPages/ykWIONcheFBJ7ooEl7WK/quizzes/3QnlEkG493V1yvUnCrWJ","pillarPages/nursing-entrance-exam/subPages/yrdSf0KpOcuybL1SLnw7/nestedSubPages/ykWIONcheFBJ7ooEl7WK/quizzes/vQ9mppphFwU4bztSDv0H"
"1.000","TEAS English Practice Test Set 7","TEAS English Practice Test Set 3","teas-english-practice-test-set-7","teas-english-practice-test-set-3","ATI TEAS 7 > ATI TEAS English Practice Test","ATI TEAS 7 > ATI TEAS English Practice Test","pillarPages/nursing-entrance-exam/subPages/yrdSf0KpOcuybL1SLnw7/nestedSubPages/ykWIONcheFBJ7ooEl7WK/quizzes/OPjejH7bkdIPUK2eHcm9","pillarPages/nursing-entrance-exam/subPages/yrdSf0KpOcuybL1SLnw7/nestedSubPages/ykWIONcheFBJ7ooEl7WK/quizzes/P6cBY4FAPBHo6oBETWFT"
"1.000","TEAS English Practice Test Set 7","TEAS English Practice Test Set 9","teas-english-practice-test-set-7","teas-english-practice-test-set-9","ATI TEAS 7 > ATI TEAS English Practice Test","ATI TEAS 7 > ATI TEAS English Practice Test","pillarPages/nursing-entrance-exam/subPages/yrdSf0KpOcuybL1SLnw7/nestedSubPages/ykWIONcheFBJ7ooEl7WK/quizzes/OPjejH7bkdIPUK2eHcm9","pillarPages/nursing-entrance-exam/subPages/yrdSf0KpOcuybL1SLnw7/nestedSubPages/ykWIONcheFBJ7ooEl7WK/quizzes/Xm98bDuZCgMXnlHXpvHY"
"1.000","TEAS English Practice Test Set 7","TEAS English Practice Test Set 11","teas-english-practice-test-set-7","teas-english-practice-test-set-11","ATI TEAS 7 > ATI TEAS English Practice Test","ATI TEAS 7 > ATI TEAS English Practice Test","pillarPages/nursing-entrance-exam/subPages/yrdSf0KpOcuybL1SLnw7/nestedSubPages/ykWIONcheFBJ7ooEl7WK/quizzes/OPjejH7bkdIPUK2eHcm9","pillarPages/nursing-entrance-exam/subPages/yrdSf0KpOcuybL1SLnw7/nestedSubPages/ykWIONcheFBJ7ooEl7WK/quizzes/cPcCbrma7Yg8yhlhPJN6"
"1.000","TEAS English Practice Test Set 7","TEAS English Practice Test Set 10","teas-english-practice-test-set-7","teas-english-practice-test-set-10","ATI TEAS 7 > ATI TEAS English Practice Test","ATI TEAS 7 > ATI TEAS English Practice Test","pillarPages/nursing-entrance-exam/subPages/yrdSf0KpOcuybL1SLnw7/nestedSubPages/ykWIONcheFBJ7ooEl7WK/quizzes/OPjejH7bkdIPUK2eHcm9","pillarPages/nursing-entrance-exam/subPages/yrdSf0KpOcuybL1SLnw7/nestedSubPages/ykWIONcheFBJ7ooEl7WK/quizzes/q46KihvoTsR8S2HEvMub"
"1.000","TEAS English Practice Test Set 7","TEAS English Practice Test Set 13","teas-english-practice-test-set-7","teas-english-practice-test-set-13","ATI TEAS 7 > ATI TEAS English Practice Test","ATI TEAS 7 > ATI TEAS English Practice Test","pillarPages/nursing-entrance-exam/subPages/yrdSf0KpOcuybL1SLnw7/nestedSubPages/ykWIONcheFBJ7ooEl7WK/quizzes/OPjejH7bkdIPUK2eHcm9","pillarPages/nursing-entrance-exam/subPages/yrdSf0KpOcuybL1SLnw7/nestedSubPages/ykWIONcheFBJ7ooEl7WK/quizzes/u1FZJxKWJpTOPwtrNB3B"
"1.000","TEAS English Practice Test Set 7","TEAS English Practice Test Set 16","teas-english-practice-test-set-7","teas-english-practice-test-set-16","ATI TEAS 7 > ATI TEAS English Practice Test","ATI TEAS 7 > ATI TEAS English Practice Test","pillarPages/nursing-entrance-exam/subPages/yrdSf0KpOcuybL1SLnw7/nestedSubPages/ykWIONcheFBJ7ooEl7WK/quizzes/OPjejH7bkdIPUK2eHcm9","pillarPages/nursing-entrance-exam/subPages/yrdSf0KpOcuybL1SLnw7/nestedSubPages/ykWIONcheFBJ7ooEl7WK/quizzes/vQ9mppphFwU4bztSDv0H"
"1.000","TEAS English Practice Test Set 8","TEAS English Practice Test Set 12","teas-english-practice-test-set-8","teas-english-practice-test-set-12","ATI TEAS 7 > ATI TEAS English Practice Test","ATI TEAS 7 > ATI TEAS English Practice Test","pillarPages/nursing-entrance-exam/subPages/yrdSf0KpOcuybL1SLnw7/nestedSubPages/ykWIONcheFBJ7ooEl7WK/quizzes/8obTXxgarYKCJaiZAd66","pillarPages/nursing-entrance-exam/subPages/yrdSf0KpOcuybL1SLnw7/nestedSubPages/ykWIONcheFBJ7ooEl7WK/quizzes/Ibx5WEnKHv6K0Mnfp3yg"
"1.000","TEAS English Practice Test Set 8","TEAS English Practice Test Set 1","teas-english-practice-test-set-8","teas-english-practice-test-set-1","ATI TEAS 7 > ATI TEAS English Practice Test","ATI TEAS 7 > ATI TEAS English Practice Test","pillarPages/nursing-entrance-exam/subPages/yrdSf0KpOcuybL1SLnw7/nestedSubPages/ykWIONcheFBJ7ooEl7WK/quizzes/8obTXxgarYKCJaiZAd66","pillarPages/nursing-entrance-exam/subPages/yrdSf0KpOcuybL1SLnw7/nestedSubPages/ykWIONcheFBJ7ooEl7WK/quizzes/K8LSANKE4TTUE3pe4LNB"
"1.000","TEAS English Practice Test Set 8","TEAS English Practice Test Set 7","teas-english-practice-test-set-8","teas-english-practice-test-set-7","ATI TEAS 7 > ATI TEAS English Practice Test","ATI TEAS 7 > ATI TEAS English Practice Test","pillarPages/nursing-entrance-exam/subPages/yrdSf0KpOcuybL1SLnw7/nestedSubPages/ykWIONcheFBJ7ooEl7WK/quizzes/8obTXxgarYKCJaiZAd66","pillarPages/nursing-entrance-exam/subPages/yrdSf0KpOcuybL1SLnw7/nestedSubPages/ykWIONcheFBJ7ooEl7WK/quizzes/OPjejH7bkdIPUK2eHcm9"
"1.000","TEAS English Practice Test Set 8","TEAS English Practice Test Set 3","teas-english-practice-test-set-8","teas-english-practice-test-set-3","ATI TEAS 7 > ATI TEAS English Practice Test","ATI TEAS 7 > ATI TEAS English Practice Test","pillarPages/nursing-entrance-exam/subPages/yrdSf0KpOcuybL1SLnw7/nestedSubPages/ykWIONcheFBJ7ooEl7WK/quizzes/8obTXxgarYKCJaiZAd66","pillarPages/nursing-entrance-exam/subPages/yrdSf0KpOcuybL1SLnw7/nestedSubPages/ykWIONcheFBJ7ooEl7WK/quizzes/P6cBY4FAPBHo6oBETWFT"
"1.000","TEAS English Practice Test Set 8","TEAS English Practice Test Set 9","teas-english-practice-test-set-8","teas-english-practice-test-set-9","ATI TEAS 7 > ATI TEAS English Practice Test","ATI TEAS 7 > ATI TEAS English Practice Test","pillarPages/nursing-entrance-exam/subPages/yrdSf0KpOcuybL1SLnw7/nestedSubPages/ykWIONcheFBJ7ooEl7WK/quizzes/8obTXxgarYKCJaiZAd66","pillarPages/nursing-entrance-exam/subPages/yrdSf0KpOcuybL1SLnw7/nestedSubPages/ykWIONcheFBJ7ooEl7WK/quizzes/Xm98bDuZCgMXnlHXpvHY"
"1.000","TEAS English Practice Test Set 8","TEAS English Practice Test Set 11","teas-english-practice-test-set-8","teas-english-practice-test-set-11","ATI TEAS 7 > ATI TEAS English Practice Test","ATI TEAS 7 > ATI TEAS English Practice Test","pillarPages/nursing-entrance-exam/subPages/yrdSf0KpOcuybL1SLnw7/nestedSubPages/ykWIONcheFBJ7ooEl7WK/quizzes/8obTXxgarYKCJaiZAd66","pillarPages/nursing-entrance-exam/subPages/yrdSf0KpOcuybL1SLnw7/nestedSubPages/ykWIONcheFBJ7ooEl7WK/quizzes/cPcCbrma7Yg8yhlhPJN6"
"1.000","TEAS English Practice Test Set 8","TEAS English Practice Test Set 10","teas-english-practice-test-set-8","teas-english-practice-test-set-10","ATI TEAS 7 > ATI TEAS English Practice Test","ATI TEAS 7 > ATI TEAS English Practice Test","pillarPages/nursing-entrance-exam/subPages/yrdSf0KpOcuybL1SLnw7/nestedSubPages/ykWIONcheFBJ7ooEl7WK/quizzes/8obTXxgarYKCJaiZAd66","pillarPages/nursing-entrance-exam/subPages/yrdSf0KpOcuybL1SLnw7/nestedSubPages/ykWIONcheFBJ7ooEl7WK/quizzes/q46KihvoTsR8S2HEvMub"
"1.000","TEAS English Practice Test Set 8","TEAS English Practice Test Set 13","teas-english-practice-test-set-8","teas-english-practice-test-set-13","ATI TEAS 7 > ATI TEAS English Practice Test","ATI TEAS 7 > ATI TEAS English Practice Test","pillarPages/nursing-entrance-exam/subPages/yrdSf0KpOcuybL1SLnw7/nestedSubPages/ykWIONcheFBJ7ooEl7WK/quizzes/8obTXxgarYKCJaiZAd66","pillarPages/nursing-entrance-exam/subPages/yrdSf0KpOcuybL1SLnw7/nestedSubPages/ykWIONcheFBJ7ooEl7WK/quizzes/u1FZJxKWJpTOPwtrNB3B"
"1.000","TEAS English Practice Test Set 8","TEAS English Practice Test Set 16","teas-english-practice-test-set-8","teas-english-practice-test-set-16","ATI TEAS 7 > ATI TEAS English Practice Test","ATI TEAS 7 > ATI TEAS English Practice Test","pillarPages/nursing-entrance-exam/subPages/yrdSf0KpOcuybL1SLnw7/nestedSubPages/ykWIONcheFBJ7ooEl7WK/quizzes/8obTXxgarYKCJaiZAd66","pillarPages/nursing-entrance-exam/subPages/yrdSf0KpOcuybL1SLnw7/nestedSubPages/ykWIONcheFBJ7ooEl7WK/quizzes/vQ9mppphFwU4bztSDv0H"
"1.000","TEAS English Practice Test Set 9","TEAS English Practice Test Set 11","teas-english-practice-test-set-9","teas-english-practice-test-set-11","ATI TEAS 7 > ATI TEAS English Practice Test","ATI TEAS 7 > ATI TEAS English Practice Test","pillarPages/nursing-entrance-exam/subPages/yrdSf0KpOcuybL1SLnw7/nestedSubPages/ykWIONcheFBJ7ooEl7WK/quizzes/Xm98bDuZCgMXnlHXpvHY","pillarPages/nursing-entrance-exam/subPages/yrdSf0KpOcuybL1SLnw7/nestedSubPages/ykWIONcheFBJ7ooEl7WK/quizzes/cPcCbrma7Yg8yhlhPJN6"
"1.000","TEAS English Practice Test Set 9","TEAS English Practice Test Set 10","teas-english-practice-test-set-9","teas-english-practice-test-set-10","ATI TEAS 7 > ATI TEAS English Practice Test","ATI TEAS 7 > ATI TEAS English Practice Test","pillarPages/nursing-entrance-exam/subPages/yrdSf0KpOcuybL1SLnw7/nestedSubPages/ykWIONcheFBJ7ooEl7WK/quizzes/Xm98bDuZCgMXnlHXpvHY","pillarPages/nursing-entrance-exam/subPages/yrdSf0KpOcuybL1SLnw7/nestedSubPages/ykWIONcheFBJ7ooEl7WK/quizzes/q46KihvoTsR8S2HEvMub"
"1.000","TEAS English Practice Test Set 9","TEAS English Practice Test Set 13","teas-english-practice-test-set-9","teas-english-practice-test-set-13","ATI TEAS 7 > ATI TEAS English Practice Test","ATI TEAS 7 > ATI TEAS English Practice Test","pillarPages/nursing-entrance-exam/subPages/yrdSf0KpOcuybL1SLnw7/nestedSubPages/ykWIONcheFBJ7ooEl7WK/quizzes/Xm98bDuZCgMXnlHXpvHY","pillarPages/nursing-entrance-exam/subPages/yrdSf0KpOcuybL1SLnw7/nestedSubPages/ykWIONcheFBJ7ooEl7WK/quizzes/u1FZJxKWJpTOPwtrNB3B"
"1.000","TEAS English Practice Test Set 9","TEAS English Practice Test Set 16","teas-english-practice-test-set-9","teas-english-practice-test-set-16","ATI TEAS 7 > ATI TEAS English Practice Test","ATI TEAS 7 > ATI TEAS English Practice Test","pillarPages/nursing-entrance-exam/subPages/yrdSf0KpOcuybL1SLnw7/nestedSubPages/ykWIONcheFBJ7ooEl7WK/quizzes/Xm98bDuZCgMXnlHXpvHY","pillarPages/nursing-entrance-exam/subPages/yrdSf0KpOcuybL1SLnw7/nestedSubPages/ykWIONcheFBJ7ooEl7WK/quizzes/vQ9mppphFwU4bztSDv0H"
"1.000","TEAS Math Practice Test Set 1","TEAS Math Practice Test Set 2","teas-math-practice-test-set-1","teas-math-practice-test-set-2","ATI TEAS 7 > ATI TEAS Math Practice Test","ATI TEAS 7 > ATI TEAS Math Practice Test","pillarPages/nursing-entrance-exam/subPages/yrdSf0KpOcuybL1SLnw7/nestedSubPages/e9EcRCWTbyKVpyLXUKzd/quizzes/3KVRmArpLdurDdIdi3S0","pillarPages/nursing-entrance-exam/subPages/yrdSf0KpOcuybL1SLnw7/nestedSubPages/e9EcRCWTbyKVpyLXUKzd/quizzes/C8oSuKgoQqrjMN6IQDcn"
"1.000","TEAS Math Practice Test Set 1","TEAS Math Practice Test Set 3","teas-math-practice-test-set-1","teas-math-practice-test-set-3","ATI TEAS 7 > ATI TEAS Math Practice Test","ATI TEAS 7 > ATI TEAS Math Practice Test","pillarPages/nursing-entrance-exam/subPages/yrdSf0KpOcuybL1SLnw7/nestedSubPages/e9EcRCWTbyKVpyLXUKzd/quizzes/3KVRmArpLdurDdIdi3S0","pillarPages/nursing-entrance-exam/subPages/yrdSf0KpOcuybL1SLnw7/nestedSubPages/e9EcRCWTbyKVpyLXUKzd/quizzes/F3udSLa0H0faEPrQaV3U"
"1.000","TEAS Math Practice Test Set 1","TEAS Math Practice Test Set 16","teas-math-practice-test-set-1","teas-math-practice-test-set-16","ATI TEAS 7 > ATI TEAS Math Practice Test","ATI TEAS 7 > ATI TEAS Math Practice Test","pillarPages/nursing-entrance-exam/subPages/yrdSf0KpOcuybL1SLnw7/nestedSubPages/e9EcRCWTbyKVpyLXUKzd/quizzes/3KVRmArpLdurDdIdi3S0","pillarPages/nursing-entrance-exam/subPages/yrdSf0KpOcuybL1SLnw7/nestedSubPages/e9EcRCWTbyKVpyLXUKzd/quizzes/IftpKs2gUa9OxXtMRbh3"
"1.000","TEAS Math Practice Test Set 1","TEAS Math Practice Test Set 14","teas-math-practice-test-set-1","teas-math-practice-test-set-14","ATI TEAS 7 > ATI TEAS Math Practice Test","ATI TEAS 7 > ATI TEAS Math Practice Test","pillarPages/nursing-entrance-exam/subPages/yrdSf0KpOcuybL1SLnw7/nestedSubPages/e9EcRCWTbyKVpyLXUKzd/quizzes/3KVRmArpLdurDdIdi3S0","pillarPages/nursing-entrance-exam/subPages/yrdSf0KpOcuybL1SLnw7/nestedSubPages/e9EcRCWTbyKVpyLXUKzd/quizzes/LIi0LBEmXKLcLv0e8m3I"
"1.000","TEAS Math Practice Test Set 1","TEAS Math Practice Test Set 9","teas-math-practice-test-set-1","teas-math-practice-test-set-9","ATI TEAS 7 > ATI TEAS Math Practice Test","ATI TEAS 7 > ATI TEAS Math Practice Test","pillarPages/nursing-entrance-exam/subPages/yrdSf0KpOcuybL1SLnw7/nestedSubPages/e9EcRCWTbyKVpyLXUKzd/quizzes/3KVRmArpLdurDdIdi3S0","pillarPages/nursing-entrance-exam/subPages/yrdSf0KpOcuybL1SLnw7/nestedSubPages/e9EcRCWTbyKVpyLXUKzd/quizzes/ZEWlsdPiaV3eZ6DLazrv"
"1.000","TEAS Math Practice Test Set 1","TEAS Math Practice Test Set 15","teas-math-practice-test-set-1","teas-math-practice-test-set-15","ATI TEAS 7 > ATI TEAS Math Practice Test","ATI TEAS 7 > ATI TEAS Math Practice Test","pillarPages/nursing-entrance-exam/subPages/yrdSf0KpOcuybL1SLnw7/nestedSubPages/e9EcRCWTbyKVpyLXUKzd/quizzes/3KVRmArpLdurDdIdi3S0","pillarPages/nursing-entrance-exam/subPages/yrdSf0KpOcuybL1SLnw7/nestedSubPages/e9EcRCWTbyKVpyLXUKzd/quizzes/ci7XXrNZpyPVT4uksNue"
"1.000","TEAS Math Practice Test Set 1","TEAS Math Practice Test Set 12","teas-math-practice-test-set-1","teas-math-practice-test-set-12","ATI TEAS 7 > ATI TEAS Math Practice Test","ATI TEAS 7 > ATI TEAS Math Practice Test","pillarPages/nursing-entrance-exam/subPages/yrdSf0KpOcuybL1SLnw7/nestedSubPages/e9EcRCWTbyKVpyLXUKzd/quizzes/3KVRmArpLdurDdIdi3S0","pillarPages/nursing-entrance-exam/subPages/yrdSf0KpOcuybL1SLnw7/nestedSubPages/e9EcRCWTbyKVpyLXUKzd/quizzes/ehjVrzL4dJP0Bii6btYm"
"1.000","TEAS Math Practice Test Set 1","TEAS Math Practice Test Set 7","teas-math-practice-test-set-1","teas-math-practice-test-set-7","ATI TEAS 7 > ATI TEAS Math Practice Test","ATI TEAS 7 > ATI TEAS Math Practice Test","pillarPages/nursing-entrance-exam/subPages/yrdSf0KpOcuybL1SLnw7/nestedSubPages/e9EcRCWTbyKVpyLXUKzd/quizzes/3KVRmArpLdurDdIdi3S0","pillarPages/nursing-entrance-exam/subPages/yrdSf0KpOcuybL1SLnw7/nestedSubPages/e9EcRCWTbyKVpyLXUKzd/quizzes/gg8CLwVXq1pVrZxqKLMd"
"1.000","TEAS Math Practice Test Set 1","TEAS Math Practice Test Set 8","teas-math-practice-test-set-1","teas-math-practice-test-set-8","ATI TEAS 7 > ATI TEAS Math Practice Test","ATI TEAS 7 > ATI TEAS Math Practice Test","pillarPages/nursing-entrance-exam/subPages/yrdSf0KpOcuybL1SLnw7/nestedSubPages/e9EcRCWTbyKVpyLXUKzd/quizzes/3KVRmArpLdurDdIdi3S0","pillarPages/nursing-entrance-exam/subPages/yrdSf0KpOcuybL1SLnw7/nestedSubPages/e9EcRCWTbyKVpyLXUKzd/quizzes/m9bPVWGpPk85VtHCz0yX"
"1.000","TEAS Math Practice Test Set 1","TEAS Math Practice Test Set 6","teas-math-practice-test-set-1","teas-math-practice-test-set-6","ATI TEAS 7 > ATI TEAS Math Practice Test","ATI TEAS 7 > ATI TEAS Math Practice Test","pillarPages/nursing-entrance-exam/subPages/yrdSf0KpOcuybL1SLnw7/nestedSubPages/e9EcRCWTbyKVpyLXUKzd/quizzes/3KVRmArpLdurDdIdi3S0","pillarPages/nursing-entrance-exam/subPages/yrdSf0KpOcuybL1SLnw7/nestedSubPages/e9EcRCWTbyKVpyLXUKzd/quizzes/rRulXMeohYgiEAcLmjiZ"
"1.000","TEAS Math Practice Test Set 1","TEAS Math Practice Test Set 11","teas-math-practice-test-set-1","teas-math-practice-test-set-11","ATI TEAS 7 > ATI TEAS Math Practice Test","ATI TEAS 7 > ATI TEAS Math Practice Test","pillarPages/nursing-entrance-exam/subPages/yrdSf0KpOcuybL1SLnw7/nestedSubPages/e9EcRCWTbyKVpyLXUKzd/quizzes/3KVRmArpLdurDdIdi3S0","pillarPages/nursing-entrance-exam/subPages/yrdSf0KpOcuybL1SLnw7/nestedSubPages/e9EcRCWTbyKVpyLXUKzd/quizzes/wm20wssdsah839RR1SLn"
"1.000","TEAS Math Practice Test Set 1","TEAS Math Practice Test Set 10","teas-math-practice-test-set-1","teas-math-practice-test-set-10","ATI TEAS 7 > ATI TEAS Math Practice Test","ATI TEAS 7 > ATI TEAS Math Practice Test","pillarPages/nursing-entrance-exam/subPages/yrdSf0KpOcuybL1SLnw7/nestedSubPages/e9EcRCWTbyKVpyLXUKzd/quizzes/3KVRmArpLdurDdIdi3S0","pillarPages/nursing-entrance-exam/subPages/yrdSf0KpOcuybL1SLnw7/nestedSubPages/e9EcRCWTbyKVpyLXUKzd/quizzes/z92YY14uxYfs8h9YvNXq"
"1.000","TEAS Math Practice Test Set 11","TEAS Math Practice Test Set 10","teas-math-practice-test-set-11","teas-math-practice-test-set-10","ATI TEAS 7 > ATI TEAS Math Practice Test","ATI TEAS 7 > ATI TEAS Math Practice Test","pillarPages/nursing-entrance-exam/subPages/yrdSf0KpOcuybL1SLnw7/nestedSubPages/e9EcRCWTbyKVpyLXUKzd/quizzes/wm20wssdsah839RR1SLn","pillarPages/nursing-entrance-exam/subPages/yrdSf0KpOcuybL1SLnw7/nestedSubPages/e9EcRCWTbyKVpyLXUKzd/quizzes/z92YY14uxYfs8h9YvNXq"
"1.000","TEAS Math Practice Test Set 12","TEAS Math Practice Test Set 7","teas-math-practice-test-set-12","teas-math-practice-test-set-7","ATI TEAS 7 > ATI TEAS Math Practice Test","ATI TEAS 7 > ATI TEAS Math Practice Test","pillarPages/nursing-entrance-exam/subPages/yrdSf0KpOcuybL1SLnw7/nestedSubPages/e9EcRCWTbyKVpyLXUKzd/quizzes/ehjVrzL4dJP0Bii6btYm","pillarPages/nursing-entrance-exam/subPages/yrdSf0KpOcuybL1SLnw7/nestedSubPages/e9EcRCWTbyKVpyLXUKzd/quizzes/gg8CLwVXq1pVrZxqKLMd"
"1.000","TEAS Math Practice Test Set 12","TEAS Math Practice Test Set 8","teas-math-practice-test-set-12","teas-math-practice-test-set-8","ATI TEAS 7 > ATI TEAS Math Practice Test","ATI TEAS 7 > ATI TEAS Math Practice Test","pillarPages/nursing-entrance-exam/subPages/yrdSf0KpOcuybL1SLnw7/nestedSubPages/e9EcRCWTbyKVpyLXUKzd/quizzes/ehjVrzL4dJP0Bii6btYm","pillarPages/nursing-entrance-exam/subPages/yrdSf0KpOcuybL1SLnw7/nestedSubPages/e9EcRCWTbyKVpyLXUKzd/quizzes/m9bPVWGpPk85VtHCz0yX"
"1.000","TEAS Math Practice Test Set 12","TEAS Math Practice Test Set 6","teas-math-practice-test-set-12","teas-math-practice-test-set-6","ATI TEAS 7 > ATI TEAS Math Practice Test","ATI TEAS 7 > ATI TEAS Math Practice Test","pillarPages/nursing-entrance-exam/subPages/yrdSf0KpOcuybL1SLnw7/nestedSubPages/e9EcRCWTbyKVpyLXUKzd/quizzes/ehjVrzL4dJP0Bii6btYm","pillarPages/nursing-entrance-exam/subPages/yrdSf0KpOcuybL1SLnw7/nestedSubPages/e9EcRCWTbyKVpyLXUKzd/quizzes/rRulXMeohYgiEAcLmjiZ"
"1.000","TEAS Math Practice Test Set 12","TEAS Math Practice Test Set 11","teas-math-practice-test-set-12","teas-math-practice-test-set-11","ATI TEAS 7 > ATI TEAS Math Practice Test","ATI TEAS 7 > ATI TEAS Math Practice Test","pillarPages/nursing-entrance-exam/subPages/yrdSf0KpOcuybL1SLnw7/nestedSubPages/e9EcRCWTbyKVpyLXUKzd/quizzes/ehjVrzL4dJP0Bii6btYm","pillarPages/nursing-entrance-exam/subPages/yrdSf0KpOcuybL1SLnw7/nestedSubPages/e9EcRCWTbyKVpyLXUKzd/quizzes/wm20wssdsah839RR1SLn"
"1.000","TEAS Math Practice Test Set 12","TEAS Math Practice Test Set 10","teas-math-practice-test-set-12","teas-math-practice-test-set-10","ATI TEAS 7 > ATI TEAS Math Practice Test","ATI TEAS 7 > ATI TEAS Math Practice Test","pillarPages/nursing-entrance-exam/subPages/yrdSf0KpOcuybL1SLnw7/nestedSubPages/e9EcRCWTbyKVpyLXUKzd/quizzes/ehjVrzL4dJP0Bii6btYm","pillarPages/nursing-entrance-exam/subPages/yrdSf0KpOcuybL1SLnw7/nestedSubPages/e9EcRCWTbyKVpyLXUKzd/quizzes/z92YY14uxYfs8h9YvNXq"
"1.000","TEAS Math Practice Test Set 13","TEAS Math Practice Test Set 1","teas-math-practice-test-set-13","teas-math-practice-test-set-1","ATI TEAS 7 > ATI TEAS Math Practice Test","ATI TEAS 7 > ATI TEAS Math Practice Test","pillarPages/nursing-entrance-exam/subPages/yrdSf0KpOcuybL1SLnw7/nestedSubPages/e9EcRCWTbyKVpyLXUKzd/quizzes/0JtFd1AYoWvYcJtUlxfa","pillarPages/nursing-entrance-exam/subPages/yrdSf0KpOcuybL1SLnw7/nestedSubPages/e9EcRCWTbyKVpyLXUKzd/quizzes/3KVRmArpLdurDdIdi3S0"
"1.000","TEAS Math Practice Test Set 13","TEAS Math Practice Test Set 2","teas-math-practice-test-set-13","teas-math-practice-test-set-2","ATI TEAS 7 > ATI TEAS Math Practice Test","ATI TEAS 7 > ATI TEAS Math Practice Test","pillarPages/nursing-entrance-exam/subPages/yrdSf0KpOcuybL1SLnw7/nestedSubPages/e9EcRCWTbyKVpyLXUKzd/quizzes/0JtFd1AYoWvYcJtUlxfa","pillarPages/nursing-entrance-exam/subPages/yrdSf0KpOcuybL1SLnw7/nestedSubPages/e9EcRCWTbyKVpyLXUKzd/quizzes/C8oSuKgoQqrjMN6IQDcn"
"1.000","TEAS Math Practice Test Set 13","TEAS Math Practice Test Set 3","teas-math-practice-test-set-13","teas-math-practice-test-set-3","ATI TEAS 7 > ATI TEAS Math Practice Test","ATI TEAS 7 > ATI TEAS Math Practice Test","pillarPages/nursing-entrance-exam/subPages/yrdSf0KpOcuybL1SLnw7/nestedSubPages/e9EcRCWTbyKVpyLXUKzd/quizzes/0JtFd1AYoWvYcJtUlxfa","pillarPages/nursing-entrance-exam/subPages/yrdSf0KpOcuybL1SLnw7/nestedSubPages/e9EcRCWTbyKVpyLXUKzd/quizzes/F3udSLa0H0faEPrQaV3U"
"1.000","TEAS Math Practice Test Set 13","TEAS Math Practice Test Set 16","teas-math-practice-test-set-13","teas-math-practice-test-set-16","ATI TEAS 7 > ATI TEAS Math Practice Test","ATI TEAS 7 > ATI TEAS Math Practice Test","pillarPages/nursing-entrance-exam/subPages/yrdSf0KpOcuybL1SLnw7/nestedSubPages/e9EcRCWTbyKVpyLXUKzd/quizzes/0JtFd1AYoWvYcJtUlxfa","pillarPages/nursing-entrance-exam/subPages/yrdSf0KpOcuybL1SLnw7/nestedSubPages/e9EcRCWTbyKVpyLXUKzd/quizzes/IftpKs2gUa9OxXtMRbh3"
"1.000","TEAS Math Practice Test Set 13","TEAS Math Practice Test Set 14","teas-math-practice-test-set-13","teas-math-practice-test-set-14","ATI TEAS 7 > ATI TEAS Math Practice Test","ATI TEAS 7 > ATI TEAS Math Practice Test","pillarPages/nursing-entrance-exam/subPages/yrdSf0KpOcuybL1SLnw7/nestedSubPages/e9EcRCWTbyKVpyLXUKzd/quizzes/0JtFd1AYoWvYcJtUlxfa","pillarPages/nursing-entrance-exam/subPages/yrdSf0KpOcuybL1SLnw7/nestedSubPages/e9EcRCWTbyKVpyLXUKzd/quizzes/LIi0LBEmXKLcLv0e8m3I"
"1.000","TEAS Math Practice Test Set 13","TEAS Math Practice Test Set 9","teas-math-practice-test-set-13","teas-math-practice-test-set-9","ATI TEAS 7 > ATI TEAS Math Practice Test","ATI TEAS 7 > ATI TEAS Math Practice Test","pillarPages/nursing-entrance-exam/subPages/yrdSf0KpOcuybL1SLnw7/nestedSubPages/e9EcRCWTbyKVpyLXUKzd/quizzes/0JtFd1AYoWvYcJtUlxfa","pillarPages/nursing-entrance-exam/subPages/yrdSf0KpOcuybL1SLnw7/nestedSubPages/e9EcRCWTbyKVpyLXUKzd/quizzes/ZEWlsdPiaV3eZ6DLazrv"
"1.000","TEAS Math Practice Test Set 13","TEAS Math Practice Test Set 15","teas-math-practice-test-set-13","teas-math-practice-test-set-15","ATI TEAS 7 > ATI TEAS Math Practice Test","ATI TEAS 7 > ATI TEAS Math Practice Test","pillarPages/nursing-entrance-exam/subPages/yrdSf0KpOcuybL1SLnw7/nestedSubPages/e9EcRCWTbyKVpyLXUKzd/quizzes/0JtFd1AYoWvYcJtUlxfa","pillarPages/nursing-entrance-exam/subPages/yrdSf0KpOcuybL1SLnw7/nestedSubPages/e9EcRCWTbyKVpyLXUKzd/quizzes/ci7XXrNZpyPVT4uksNue"
"1.000","TEAS Math Practice Test Set 13","TEAS Math Practice Test Set 12","teas-math-practice-test-set-13","teas-math-practice-test-set-12","ATI TEAS 7 > ATI TEAS Math Practice Test","ATI TEAS 7 > ATI TEAS Math Practice Test","pillarPages/nursing-entrance-exam/subPages/yrdSf0KpOcuybL1SLnw7/nestedSubPages/e9EcRCWTbyKVpyLXUKzd/quizzes/0JtFd1AYoWvYcJtUlxfa","pillarPages/nursing-entrance-exam/subPages/yrdSf0KpOcuybL1SLnw7/nestedSubPages/e9EcRCWTbyKVpyLXUKzd/quizzes/ehjVrzL4dJP0Bii6btYm"
"1.000","TEAS Math Practice Test Set 13","TEAS Math Practice Test Set 7","teas-math-practice-test-set-13","teas-math-practice-test-set-7","ATI TEAS 7 > ATI TEAS Math Practice Test","ATI TEAS 7 > ATI TEAS Math Practice Test","pillarPages/nursing-entrance-exam/subPages/yrdSf0KpOcuybL1SLnw7/nestedSubPages/e9EcRCWTbyKVpyLXUKzd/quizzes/0JtFd1AYoWvYcJtUlxfa","pillarPages/nursing-entrance-exam/subPages/yrdSf0KpOcuybL1SLnw7/nestedSubPages/e9EcRCWTbyKVpyLXUKzd/quizzes/gg8CLwVXq1pVrZxqKLMd"
"1.000","TEAS Math Practice Test Set 13","TEAS Math Practice Test Set 8","teas-math-practice-test-set-13","teas-math-practice-test-set-8","ATI TEAS 7 > ATI TEAS Math Practice Test","ATI TEAS 7 > ATI TEAS Math Practice Test","pillarPages/nursing-entrance-exam/subPages/yrdSf0KpOcuybL1SLnw7/nestedSubPages/e9EcRCWTbyKVpyLXUKzd/quizzes/0JtFd1AYoWvYcJtUlxfa","pillarPages/nursing-entrance-exam/subPages/yrdSf0KpOcuybL1SLnw7/nestedSubPages/e9EcRCWTbyKVpyLXUKzd/quizzes/m9bPVWGpPk85VtHCz0yX"
"1.000","TEAS Math Practice Test Set 13","TEAS Math Practice Test Set 6","teas-math-practice-test-set-13","teas-math-practice-test-set-6","ATI TEAS 7 > ATI TEAS Math Practice Test","ATI TEAS 7 > ATI TEAS Math Practice Test","pillarPages/nursing-entrance-exam/subPages/yrdSf0KpOcuybL1SLnw7/nestedSubPages/e9EcRCWTbyKVpyLXUKzd/quizzes/0JtFd1AYoWvYcJtUlxfa","pillarPages/nursing-entrance-exam/subPages/yrdSf0KpOcuybL1SLnw7/nestedSubPages/e9EcRCWTbyKVpyLXUKzd/quizzes/rRulXMeohYgiEAcLmjiZ"
"1.000","TEAS Math Practice Test Set 13","TEAS Math Practice Test Set 11","teas-math-practice-test-set-13","teas-math-practice-test-set-11","ATI TEAS 7 > ATI TEAS Math Practice Test","ATI TEAS 7 > ATI TEAS Math Practice Test","pillarPages/nursing-entrance-exam/subPages/yrdSf0KpOcuybL1SLnw7/nestedSubPages/e9EcRCWTbyKVpyLXUKzd/quizzes/0JtFd1AYoWvYcJtUlxfa","pillarPages/nursing-entrance-exam/subPages/yrdSf0KpOcuybL1SLnw7/nestedSubPages/e9EcRCWTbyKVpyLXUKzd/quizzes/wm20wssdsah839RR1SLn"
"1.000","TEAS Math Practice Test Set 13","TEAS Math Practice Test Set 10","teas-math-practice-test-set-13","teas-math-practice-test-set-10","ATI TEAS 7 > ATI TEAS Math Practice Test","ATI TEAS 7 > ATI TEAS Math Practice Test","pillarPages/nursing-entrance-exam/subPages/yrdSf0KpOcuybL1SLnw7/nestedSubPages/e9EcRCWTbyKVpyLXUKzd/quizzes/0JtFd1AYoWvYcJtUlxfa","pillarPages/nursing-entrance-exam/subPages/yrdSf0KpOcuybL1SLnw7/nestedSubPages/e9EcRCWTbyKVpyLXUKzd/quizzes/z92YY14uxYfs8h9YvNXq"
"1.000","TEAS Math Practice Test Set 14","TEAS Math Practice Test Set 9","teas-math-practice-test-set-14","teas-math-practice-test-set-9","ATI TEAS 7 > ATI TEAS Math Practice Test","ATI TEAS 7 > ATI TEAS Math Practice Test","pillarPages/nursing-entrance-exam/subPages/yrdSf0KpOcuybL1SLnw7/nestedSubPages/e9EcRCWTbyKVpyLXUKzd/quizzes/LIi0LBEmXKLcLv0e8m3I","pillarPages/nursing-entrance-exam/subPages/yrdSf0KpOcuybL1SLnw7/nestedSubPages/e9EcRCWTbyKVpyLXUKzd/quizzes/ZEWlsdPiaV3eZ6DLazrv"
"1.000","TEAS Math Practice Test Set 14","TEAS Math Practice Test Set 15","teas-math-practice-test-set-14","teas-math-practice-test-set-15","ATI TEAS 7 > ATI TEAS Math Practice Test","ATI TEAS 7 > ATI TEAS Math Practice Test","pillarPages/nursing-entrance-exam/subPages/yrdSf0KpOcuybL1SLnw7/nestedSubPages/e9EcRCWTbyKVpyLXUKzd/quizzes/LIi0LBEmXKLcLv0e8m3I","pillarPages/nursing-entrance-exam/subPages/yrdSf0KpOcuybL1SLnw7/nestedSubPages/e9EcRCWTbyKVpyLXUKzd/quizzes/ci7XXrNZpyPVT4uksNue"
"1.000","TEAS Math Practice Test Set 14","TEAS Math Practice Test Set 12","teas-math-practice-test-set-14","teas-math-practice-test-set-12","ATI TEAS 7 > ATI TEAS Math Practice Test","ATI TEAS 7 > ATI TEAS Math Practice Test","pillarPages/nursing-entrance-exam/subPages/yrdSf0KpOcuybL1SLnw7/nestedSubPages/e9EcRCWTbyKVpyLXUKzd/quizzes/LIi0LBEmXKLcLv0e8m3I","pillarPages/nursing-entrance-exam/subPages/yrdSf0KpOcuybL1SLnw7/nestedSubPages/e9EcRCWTbyKVpyLXUKzd/quizzes/ehjVrzL4dJP0Bii6btYm"
"1.000","TEAS Math Practice Test Set 14","TEAS Math Practice Test Set 7","teas-math-practice-test-set-14","teas-math-practice-test-set-7","ATI TEAS 7 > ATI TEAS Math Practice Test","ATI TEAS 7 > ATI TEAS Math Practice Test","pillarPages/nursing-entrance-exam/subPages/yrdSf0KpOcuybL1SLnw7/nestedSubPages/e9EcRCWTbyKVpyLXUKzd/quizzes/LIi0LBEmXKLcLv0e8m3I","pillarPages/nursing-entrance-exam/subPages/yrdSf0KpOcuybL1SLnw7/nestedSubPages/e9EcRCWTbyKVpyLXUKzd/quizzes/gg8CLwVXq1pVrZxqKLMd"
"1.000","TEAS Math Practice Test Set 14","TEAS Math Practice Test Set 8","teas-math-practice-test-set-14","teas-math-practice-test-set-8","ATI TEAS 7 > ATI TEAS Math Practice Test","ATI TEAS 7 > ATI TEAS Math Practice Test","pillarPages/nursing-entrance-exam/subPages/yrdSf0KpOcuybL1SLnw7/nestedSubPages/e9EcRCWTbyKVpyLXUKzd/quizzes/LIi0LBEmXKLcLv0e8m3I","pillarPages/nursing-entrance-exam/subPages/yrdSf0KpOcuybL1SLnw7/nestedSubPages/e9EcRCWTbyKVpyLXUKzd/quizzes/m9bPVWGpPk85VtHCz0yX"
"1.000","TEAS Math Practice Test Set 14","TEAS Math Practice Test Set 6","teas-math-practice-test-set-14","teas-math-practice-test-set-6","ATI TEAS 7 > ATI TEAS Math Practice Test","ATI TEAS 7 > ATI TEAS Math Practice Test","pillarPages/nursing-entrance-exam/subPages/yrdSf0KpOcuybL1SLnw7/nestedSubPages/e9EcRCWTbyKVpyLXUKzd/quizzes/LIi0LBEmXKLcLv0e8m3I","pillarPages/nursing-entrance-exam/subPages/yrdSf0KpOcuybL1SLnw7/nestedSubPages/e9EcRCWTbyKVpyLXUKzd/quizzes/rRulXMeohYgiEAcLmjiZ"
"1.000","TEAS Math Practice Test Set 14","TEAS Math Practice Test Set 11","teas-math-practice-test-set-14","teas-math-practice-test-set-11","ATI TEAS 7 > ATI TEAS Math Practice Test","ATI TEAS 7 > ATI TEAS Math Practice Test","pillarPages/nursing-entrance-exam/subPages/yrdSf0KpOcuybL1SLnw7/nestedSubPages/e9EcRCWTbyKVpyLXUKzd/quizzes/LIi0LBEmXKLcLv0e8m3I","pillarPages/nursing-entrance-exam/subPages/yrdSf0KpOcuybL1SLnw7/nestedSubPages/e9EcRCWTbyKVpyLXUKzd/quizzes/wm20wssdsah839RR1SLn"
"1.000","TEAS Math Practice Test Set 14","TEAS Math Practice Test Set 10","teas-math-practice-test-set-14","teas-math-practice-test-set-10","ATI TEAS 7 > ATI TEAS Math Practice Test","ATI TEAS 7 > ATI TEAS Math Practice Test","pillarPages/nursing-entrance-exam/subPages/yrdSf0KpOcuybL1SLnw7/nestedSubPages/e9EcRCWTbyKVpyLXUKzd/quizzes/LIi0LBEmXKLcLv0e8m3I","pillarPages/nursing-entrance-exam/subPages/yrdSf0KpOcuybL1SLnw7/nestedSubPages/e9EcRCWTbyKVpyLXUKzd/quizzes/z92YY14uxYfs8h9YvNXq"
"1.000","TEAS Math Practice Test Set 15","TEAS Math Practice Test Set 12","teas-math-practice-test-set-15","teas-math-practice-test-set-12","ATI TEAS 7 > ATI TEAS Math Practice Test","ATI TEAS 7 > ATI TEAS Math Practice Test","pillarPages/nursing-entrance-exam/subPages/yrdSf0KpOcuybL1SLnw7/nestedSubPages/e9EcRCWTbyKVpyLXUKzd/quizzes/ci7XXrNZpyPVT4uksNue","pillarPages/nursing-entrance-exam/subPages/yrdSf0KpOcuybL1SLnw7/nestedSubPages/e9EcRCWTbyKVpyLXUKzd/quizzes/ehjVrzL4dJP0Bii6btYm"
"1.000","TEAS Math Practice Test Set 15","TEAS Math Practice Test Set 7","teas-math-practice-test-set-15","teas-math-practice-test-set-7","ATI TEAS 7 > ATI TEAS Math Practice Test","ATI TEAS 7 > ATI TEAS Math Practice Test","pillarPages/nursing-entrance-exam/subPages/yrdSf0KpOcuybL1SLnw7/nestedSubPages/e9EcRCWTbyKVpyLXUKzd/quizzes/ci7XXrNZpyPVT4uksNue","pillarPages/nursing-entrance-exam/subPages/yrdSf0KpOcuybL1SLnw7/nestedSubPages/e9EcRCWTbyKVpyLXUKzd/quizzes/gg8CLwVXq1pVrZxqKLMd"
"1.000","TEAS Math Practice Test Set 15","TEAS Math Practice Test Set 8","teas-math-practice-test-set-15","teas-math-practice-test-set-8","ATI TEAS 7 > ATI TEAS Math Practice Test","ATI TEAS 7 > ATI TEAS Math Practice Test","pillarPages/nursing-entrance-exam/subPages/yrdSf0KpOcuybL1SLnw7/nestedSubPages/e9EcRCWTbyKVpyLXUKzd/quizzes/ci7XXrNZpyPVT4uksNue","pillarPages/nursing-entrance-exam/subPages/yrdSf0KpOcuybL1SLnw7/nestedSubPages/e9EcRCWTbyKVpyLXUKzd/quizzes/m9bPVWGpPk85VtHCz0yX"
"1.000","TEAS Math Practice Test Set 15","TEAS Math Practice Test Set 6","teas-math-practice-test-set-15","teas-math-practice-test-set-6","ATI TEAS 7 > ATI TEAS Math Practice Test","ATI TEAS 7 > ATI TEAS Math Practice Test","pillarPages/nursing-entrance-exam/subPages/yrdSf0KpOcuybL1SLnw7/nestedSubPages/e9EcRCWTbyKVpyLXUKzd/quizzes/ci7XXrNZpyPVT4uksNue","pillarPages/nursing-entrance-exam/subPages/yrdSf0KpOcuybL1SLnw7/nestedSubPages/e9EcRCWTbyKVpyLXUKzd/quizzes/rRulXMeohYgiEAcLmjiZ"
"1.000","TEAS Math Practice Test Set 15","TEAS Math Practice Test Set 11","teas-math-practice-test-set-15","teas-math-practice-test-set-11","ATI TEAS 7 > ATI TEAS Math Practice Test","ATI TEAS 7 > ATI TEAS Math Practice Test","pillarPages/nursing-entrance-exam/subPages/yrdSf0KpOcuybL1SLnw7/nestedSubPages/e9EcRCWTbyKVpyLXUKzd/quizzes/ci7XXrNZpyPVT4uksNue","pillarPages/nursing-entrance-exam/subPages/yrdSf0KpOcuybL1SLnw7/nestedSubPages/e9EcRCWTbyKVpyLXUKzd/quizzes/wm20wssdsah839RR1SLn"
"1.000","TEAS Math Practice Test Set 15","TEAS Math Practice Test Set 10","teas-math-practice-test-set-15","teas-math-practice-test-set-10","ATI TEAS 7 > ATI TEAS Math Practice Test","ATI TEAS 7 > ATI TEAS Math Practice Test","pillarPages/nursing-entrance-exam/subPages/yrdSf0KpOcuybL1SLnw7/nestedSubPages/e9EcRCWTbyKVpyLXUKzd/quizzes/ci7XXrNZpyPVT4uksNue","pillarPages/nursing-entrance-exam/subPages/yrdSf0KpOcuybL1SLnw7/nestedSubPages/e9EcRCWTbyKVpyLXUKzd/quizzes/z92YY14uxYfs8h9YvNXq"
"1.000","TEAS Math Practice Test Set 16","TEAS Math Practice Test Set 14","teas-math-practice-test-set-16","teas-math-practice-test-set-14","ATI TEAS 7 > ATI TEAS Math Practice Test","ATI TEAS 7 > ATI TEAS Math Practice Test","pillarPages/nursing-entrance-exam/subPages/yrdSf0KpOcuybL1SLnw7/nestedSubPages/e9EcRCWTbyKVpyLXUKzd/quizzes/IftpKs2gUa9OxXtMRbh3","pillarPages/nursing-entrance-exam/subPages/yrdSf0KpOcuybL1SLnw7/nestedSubPages/e9EcRCWTbyKVpyLXUKzd/quizzes/LIi0LBEmXKLcLv0e8m3I"
"1.000","TEAS Math Practice Test Set 16","TEAS Math Practice Test Set 9","teas-math-practice-test-set-16","teas-math-practice-test-set-9","ATI TEAS 7 > ATI TEAS Math Practice Test","ATI TEAS 7 > ATI TEAS Math Practice Test","pillarPages/nursing-entrance-exam/subPages/yrdSf0KpOcuybL1SLnw7/nestedSubPages/e9EcRCWTbyKVpyLXUKzd/quizzes/IftpKs2gUa9OxXtMRbh3","pillarPages/nursing-entrance-exam/subPages/yrdSf0KpOcuybL1SLnw7/nestedSubPages/e9EcRCWTbyKVpyLXUKzd/quizzes/ZEWlsdPiaV3eZ6DLazrv"
"1.000","TEAS Math Practice Test Set 16","TEAS Math Practice Test Set 15","teas-math-practice-test-set-16","teas-math-practice-test-set-15","ATI TEAS 7 > ATI TEAS Math Practice Test","ATI TEAS 7 > ATI TEAS Math Practice Test","pillarPages/nursing-entrance-exam/subPages/yrdSf0KpOcuybL1SLnw7/nestedSubPages/e9EcRCWTbyKVpyLXUKzd/quizzes/IftpKs2gUa9OxXtMRbh3","pillarPages/nursing-entrance-exam/subPages/yrdSf0KpOcuybL1SLnw7/nestedSubPages/e9EcRCWTbyKVpyLXUKzd/quizzes/ci7XXrNZpyPVT4uksNue"
"1.000","TEAS Math Practice Test Set 16","TEAS Math Practice Test Set 12","teas-math-practice-test-set-16","teas-math-practice-test-set-12","ATI TEAS 7 > ATI TEAS Math Practice Test","ATI TEAS 7 > ATI TEAS Math Practice Test","pillarPages/nursing-entrance-exam/subPages/yrdSf0KpOcuybL1SLnw7/nestedSubPages/e9EcRCWTbyKVpyLXUKzd/quizzes/IftpKs2gUa9OxXtMRbh3","pillarPages/nursing-entrance-exam/subPages/yrdSf0KpOcuybL1SLnw7/nestedSubPages/e9EcRCWTbyKVpyLXUKzd/quizzes/ehjVrzL4dJP0Bii6btYm"
"1.000","TEAS Math Practice Test Set 16","TEAS Math Practice Test Set 7","teas-math-practice-test-set-16","teas-math-practice-test-set-7","ATI TEAS 7 > ATI TEAS Math Practice Test","ATI TEAS 7 > ATI TEAS Math Practice Test","pillarPages/nursing-entrance-exam/subPages/yrdSf0KpOcuybL1SLnw7/nestedSubPages/e9EcRCWTbyKVpyLXUKzd/quizzes/IftpKs2gUa9OxXtMRbh3","pillarPages/nursing-entrance-exam/subPages/yrdSf0KpOcuybL1SLnw7/nestedSubPages/e9EcRCWTbyKVpyLXUKzd/quizzes/gg8CLwVXq1pVrZxqKLMd"
"1.000","TEAS Math Practice Test Set 16","TEAS Math Practice Test Set 8","teas-math-practice-test-set-16","teas-math-practice-test-set-8","ATI TEAS 7 > ATI TEAS Math Practice Test","ATI TEAS 7 > ATI TEAS Math Practice Test","pillarPages/nursing-entrance-exam/subPages/yrdSf0KpOcuybL1SLnw7/nestedSubPages/e9EcRCWTbyKVpyLXUKzd/quizzes/IftpKs2gUa9OxXtMRbh3","pillarPages/nursing-entrance-exam/subPages/yrdSf0KpOcuybL1SLnw7/nestedSubPages/e9EcRCWTbyKVpyLXUKzd/quizzes/m9bPVWGpPk85VtHCz0yX"
"1.000","TEAS Math Practice Test Set 16","TEAS Math Practice Test Set 6","teas-math-practice-test-set-16","teas-math-practice-test-set-6","ATI TEAS 7 > ATI TEAS Math Practice Test","ATI TEAS 7 > ATI TEAS Math Practice Test","pillarPages/nursing-entrance-exam/subPages/yrdSf0KpOcuybL1SLnw7/nestedSubPages/e9EcRCWTbyKVpyLXUKzd/quizzes/IftpKs2gUa9OxXtMRbh3","pillarPages/nursing-entrance-exam/subPages/yrdSf0KpOcuybL1SLnw7/nestedSubPages/e9EcRCWTbyKVpyLXUKzd/quizzes/rRulXMeohYgiEAcLmjiZ"
"1.000","TEAS Math Practice Test Set 16","TEAS Math Practice Test Set 11","teas-math-practice-test-set-16","teas-math-practice-test-set-11","ATI TEAS 7 > ATI TEAS Math Practice Test","ATI TEAS 7 > ATI TEAS Math Practice Test","pillarPages/nursing-entrance-exam/subPages/yrdSf0KpOcuybL1SLnw7/nestedSubPages/e9EcRCWTbyKVpyLXUKzd/quizzes/IftpKs2gUa9OxXtMRbh3","pillarPages/nursing-entrance-exam/subPages/yrdSf0KpOcuybL1SLnw7/nestedSubPages/e9EcRCWTbyKVpyLXUKzd/quizzes/wm20wssdsah839RR1SLn"
"1.000","TEAS Math Practice Test Set 16","TEAS Math Practice Test Set 10","teas-math-practice-test-set-16","teas-math-practice-test-set-10","ATI TEAS 7 > ATI TEAS Math Practice Test","ATI TEAS 7 > ATI TEAS Math Practice Test","pillarPages/nursing-entrance-exam/subPages/yrdSf0KpOcuybL1SLnw7/nestedSubPages/e9EcRCWTbyKVpyLXUKzd/quizzes/IftpKs2gUa9OxXtMRbh3","pillarPages/nursing-entrance-exam/subPages/yrdSf0KpOcuybL1SLnw7/nestedSubPages/e9EcRCWTbyKVpyLXUKzd/quizzes/z92YY14uxYfs8h9YvNXq"
"1.000","TEAS Math Practice Test Set 2","TEAS Math Practice Test Set 3","teas-math-practice-test-set-2","teas-math-practice-test-set-3","ATI TEAS 7 > ATI TEAS Math Practice Test","ATI TEAS 7 > ATI TEAS Math Practice Test","pillarPages/nursing-entrance-exam/subPages/yrdSf0KpOcuybL1SLnw7/nestedSubPages/e9EcRCWTbyKVpyLXUKzd/quizzes/C8oSuKgoQqrjMN6IQDcn","pillarPages/nursing-entrance-exam/subPages/yrdSf0KpOcuybL1SLnw7/nestedSubPages/e9EcRCWTbyKVpyLXUKzd/quizzes/F3udSLa0H0faEPrQaV3U"
"1.000","TEAS Math Practice Test Set 2","TEAS Math Practice Test Set 16","teas-math-practice-test-set-2","teas-math-practice-test-set-16","ATI TEAS 7 > ATI TEAS Math Practice Test","ATI TEAS 7 > ATI TEAS Math Practice Test","pillarPages/nursing-entrance-exam/subPages/yrdSf0KpOcuybL1SLnw7/nestedSubPages/e9EcRCWTbyKVpyLXUKzd/quizzes/C8oSuKgoQqrjMN6IQDcn","pillarPages/nursing-entrance-exam/subPages/yrdSf0KpOcuybL1SLnw7/nestedSubPages/e9EcRCWTbyKVpyLXUKzd/quizzes/IftpKs2gUa9OxXtMRbh3"
"1.000","TEAS Math Practice Test Set 2","TEAS Math Practice Test Set 14","teas-math-practice-test-set-2","teas-math-practice-test-set-14","ATI TEAS 7 > ATI TEAS Math Practice Test","ATI TEAS 7 > ATI TEAS Math Practice Test","pillarPages/nursing-entrance-exam/subPages/yrdSf0KpOcuybL1SLnw7/nestedSubPages/e9EcRCWTbyKVpyLXUKzd/quizzes/C8oSuKgoQqrjMN6IQDcn","pillarPages/nursing-entrance-exam/subPages/yrdSf0KpOcuybL1SLnw7/nestedSubPages/e9EcRCWTbyKVpyLXUKzd/quizzes/LIi0LBEmXKLcLv0e8m3I"
"1.000","TEAS Math Practice Test Set 2","TEAS Math Practice Test Set 9","teas-math-practice-test-set-2","teas-math-practice-test-set-9","ATI TEAS 7 > ATI TEAS Math Practice Test","ATI TEAS 7 > ATI TEAS Math Practice Test","pillarPages/nursing-entrance-exam/subPages/yrdSf0KpOcuybL1SLnw7/nestedSubPages/e9EcRCWTbyKVpyLXUKzd/quizzes/C8oSuKgoQqrjMN6IQDcn","pillarPages/nursing-entrance-exam/subPages/yrdSf0KpOcuybL1SLnw7/nestedSubPages/e9EcRCWTbyKVpyLXUKzd/quizzes/ZEWlsdPiaV3eZ6DLazrv"
"1.000","TEAS Math Practice Test Set 2","TEAS Math Practice Test Set 15","teas-math-practice-test-set-2","teas-math-practice-test-set-15","ATI TEAS 7 > ATI TEAS Math Practice Test","ATI TEAS 7 > ATI TEAS Math Practice Test","pillarPages/nursing-entrance-exam/subPages/yrdSf0KpOcuybL1SLnw7/nestedSubPages/e9EcRCWTbyKVpyLXUKzd/quizzes/C8oSuKgoQqrjMN6IQDcn","pillarPages/nursing-entrance-exam/subPages/yrdSf0KpOcuybL1SLnw7/nestedSubPages/e9EcRCWTbyKVpyLXUKzd/quizzes/ci7XXrNZpyPVT4uksNue"
"1.000","TEAS Math Practice Test Set 2","TEAS Math Practice Test Set 12","teas-math-practice-test-set-2","teas-math-practice-test-set-12","ATI TEAS 7 > ATI TEAS Math Practice Test","ATI TEAS 7 > ATI TEAS Math Practice Test","pillarPages/nursing-entrance-exam/subPages/yrdSf0KpOcuybL1SLnw7/nestedSubPages/e9EcRCWTbyKVpyLXUKzd/quizzes/C8oSuKgoQqrjMN6IQDcn","pillarPages/nursing-entrance-exam/subPages/yrdSf0KpOcuybL1SLnw7/nestedSubPages/e9EcRCWTbyKVpyLXUKzd/quizzes/ehjVrzL4dJP0Bii6btYm"
"1.000","TEAS Math Practice Test Set 2","TEAS Math Practice Test Set 7","teas-math-practice-test-set-2","teas-math-practice-test-set-7","ATI TEAS 7 > ATI TEAS Math Practice Test","ATI TEAS 7 > ATI TEAS Math Practice Test","pillarPages/nursing-entrance-exam/subPages/yrdSf0KpOcuybL1SLnw7/nestedSubPages/e9EcRCWTbyKVpyLXUKzd/quizzes/C8oSuKgoQqrjMN6IQDcn","pillarPages/nursing-entrance-exam/subPages/yrdSf0KpOcuybL1SLnw7/nestedSubPages/e9EcRCWTbyKVpyLXUKzd/quizzes/gg8CLwVXq1pVrZxqKLMd"
"1.000","TEAS Math Practice Test Set 2","TEAS Math Practice Test Set 8","teas-math-practice-test-set-2","teas-math-practice-test-set-8","ATI TEAS 7 > ATI TEAS Math Practice Test","ATI TEAS 7 > ATI TEAS Math Practice Test","pillarPages/nursing-entrance-exam/subPages/yrdSf0KpOcuybL1SLnw7/nestedSubPages/e9EcRCWTbyKVpyLXUKzd/quizzes/C8oSuKgoQqrjMN6IQDcn","pillarPages/nursing-entrance-exam/subPages/yrdSf0KpOcuybL1SLnw7/nestedSubPages/e9EcRCWTbyKVpyLXUKzd/quizzes/m9bPVWGpPk85VtHCz0yX"
"1.000","TEAS Math Practice Test Set 2","TEAS Math Practice Test Set 6","teas-math-practice-test-set-2","teas-math-practice-test-set-6","ATI TEAS 7 > ATI TEAS Math Practice Test","ATI TEAS 7 > ATI TEAS Math Practice Test","pillarPages/nursing-entrance-exam/subPages/yrdSf0KpOcuybL1SLnw7/nestedSubPages/e9EcRCWTbyKVpyLXUKzd/quizzes/C8oSuKgoQqrjMN6IQDcn","pillarPages/nursing-entrance-exam/subPages/yrdSf0KpOcuybL1SLnw7/nestedSubPages/e9EcRCWTbyKVpyLXUKzd/quizzes/rRulXMeohYgiEAcLmjiZ"
"1.000","TEAS Math Practice Test Set 2","TEAS Math Practice Test Set 11","teas-math-practice-test-set-2","teas-math-practice-test-set-11","ATI TEAS 7 > ATI TEAS Math Practice Test","ATI TEAS 7 > ATI TEAS Math Practice Test","pillarPages/nursing-entrance-exam/subPages/yrdSf0KpOcuybL1SLnw7/nestedSubPages/e9EcRCWTbyKVpyLXUKzd/quizzes/C8oSuKgoQqrjMN6IQDcn","pillarPages/nursing-entrance-exam/subPages/yrdSf0KpOcuybL1SLnw7/nestedSubPages/e9EcRCWTbyKVpyLXUKzd/quizzes/wm20wssdsah839RR1SLn"
"1.000","TEAS Math Practice Test Set 2","TEAS Math Practice Test Set 10","teas-math-practice-test-set-2","teas-math-practice-test-set-10","ATI TEAS 7 > ATI TEAS Math Practice Test","ATI TEAS 7 > ATI TEAS Math Practice Test","pillarPages/nursing-entrance-exam/subPages/yrdSf0KpOcuybL1SLnw7/nestedSubPages/e9EcRCWTbyKVpyLXUKzd/quizzes/C8oSuKgoQqrjMN6IQDcn","pillarPages/nursing-entrance-exam/subPages/yrdSf0KpOcuybL1SLnw7/nestedSubPages/e9EcRCWTbyKVpyLXUKzd/quizzes/z92YY14uxYfs8h9YvNXq"
"1.000","TEAS Math Practice Test Set 3","TEAS Math Practice Test Set 16","teas-math-practice-test-set-3","teas-math-practice-test-set-16","ATI TEAS 7 > ATI TEAS Math Practice Test","ATI TEAS 7 > ATI TEAS Math Practice Test","pillarPages/nursing-entrance-exam/subPages/yrdSf0KpOcuybL1SLnw7/nestedSubPages/e9EcRCWTbyKVpyLXUKzd/quizzes/F3udSLa0H0faEPrQaV3U","pillarPages/nursing-entrance-exam/subPages/yrdSf0KpOcuybL1SLnw7/nestedSubPages/e9EcRCWTbyKVpyLXUKzd/quizzes/IftpKs2gUa9OxXtMRbh3"
"1.000","TEAS Math Practice Test Set 3","TEAS Math Practice Test Set 14","teas-math-practice-test-set-3","teas-math-practice-test-set-14","ATI TEAS 7 > ATI TEAS Math Practice Test","ATI TEAS 7 > ATI TEAS Math Practice Test","pillarPages/nursing-entrance-exam/subPages/yrdSf0KpOcuybL1SLnw7/nestedSubPages/e9EcRCWTbyKVpyLXUKzd/quizzes/F3udSLa0H0faEPrQaV3U","pillarPages/nursing-entrance-exam/subPages/yrdSf0KpOcuybL1SLnw7/nestedSubPages/e9EcRCWTbyKVpyLXUKzd/quizzes/LIi0LBEmXKLcLv0e8m3I"
"1.000","TEAS Math Practice Test Set 3","TEAS Math Practice Test Set 9","teas-math-practice-test-set-3","teas-math-practice-test-set-9","ATI TEAS 7 > ATI TEAS Math Practice Test","ATI TEAS 7 > ATI TEAS Math Practice Test","pillarPages/nursing-entrance-exam/subPages/yrdSf0KpOcuybL1SLnw7/nestedSubPages/e9EcRCWTbyKVpyLXUKzd/quizzes/F3udSLa0H0faEPrQaV3U","pillarPages/nursing-entrance-exam/subPages/yrdSf0KpOcuybL1SLnw7/nestedSubPages/e9EcRCWTbyKVpyLXUKzd/quizzes/ZEWlsdPiaV3eZ6DLazrv"
"1.000","TEAS Math Practice Test Set 3","TEAS Math Practice Test Set 15","teas-math-practice-test-set-3","teas-math-practice-test-set-15","ATI TEAS 7 > ATI TEAS Math Practice Test","ATI TEAS 7 > ATI TEAS Math Practice Test","pillarPages/nursing-entrance-exam/subPages/yrdSf0KpOcuybL1SLnw7/nestedSubPages/e9EcRCWTbyKVpyLXUKzd/quizzes/F3udSLa0H0faEPrQaV3U","pillarPages/nursing-entrance-exam/subPages/yrdSf0KpOcuybL1SLnw7/nestedSubPages/e9EcRCWTbyKVpyLXUKzd/quizzes/ci7XXrNZpyPVT4uksNue"
"1.000","TEAS Math Practice Test Set 3","TEAS Math Practice Test Set 12","teas-math-practice-test-set-3","teas-math-practice-test-set-12","ATI TEAS 7 > ATI TEAS Math Practice Test","ATI TEAS 7 > ATI TEAS Math Practice Test","pillarPages/nursing-entrance-exam/subPages/yrdSf0KpOcuybL1SLnw7/nestedSubPages/e9EcRCWTbyKVpyLXUKzd/quizzes/F3udSLa0H0faEPrQaV3U","pillarPages/nursing-entrance-exam/subPages/yrdSf0KpOcuybL1SLnw7/nestedSubPages/e9EcRCWTbyKVpyLXUKzd/quizzes/ehjVrzL4dJP0Bii6btYm"
"1.000","TEAS Math Practice Test Set 3","TEAS Math Practice Test Set 7","teas-math-practice-test-set-3","teas-math-practice-test-set-7","ATI TEAS 7 > ATI TEAS Math Practice Test","ATI TEAS 7 > ATI TEAS Math Practice Test","pillarPages/nursing-entrance-exam/subPages/yrdSf0KpOcuybL1SLnw7/nestedSubPages/e9EcRCWTbyKVpyLXUKzd/quizzes/F3udSLa0H0faEPrQaV3U","pillarPages/nursing-entrance-exam/subPages/yrdSf0KpOcuybL1SLnw7/nestedSubPages/e9EcRCWTbyKVpyLXUKzd/quizzes/gg8CLwVXq1pVrZxqKLMd"
"1.000","TEAS Math Practice Test Set 3","TEAS Math Practice Test Set 8","teas-math-practice-test-set-3","teas-math-practice-test-set-8","ATI TEAS 7 > ATI TEAS Math Practice Test","ATI TEAS 7 > ATI TEAS Math Practice Test","pillarPages/nursing-entrance-exam/subPages/yrdSf0KpOcuybL1SLnw7/nestedSubPages/e9EcRCWTbyKVpyLXUKzd/quizzes/F3udSLa0H0faEPrQaV3U","pillarPages/nursing-entrance-exam/subPages/yrdSf0KpOcuybL1SLnw7/nestedSubPages/e9EcRCWTbyKVpyLXUKzd/quizzes/m9bPVWGpPk85VtHCz0yX"
"1.000","TEAS Math Practice Test Set 3","TEAS Math Practice Test Set 6","teas-math-practice-test-set-3","teas-math-practice-test-set-6","ATI TEAS 7 > ATI TEAS Math Practice Test","ATI TEAS 7 > ATI TEAS Math Practice Test","pillarPages/nursing-entrance-exam/subPages/yrdSf0KpOcuybL1SLnw7/nestedSubPages/e9EcRCWTbyKVpyLXUKzd/quizzes/F3udSLa0H0faEPrQaV3U","pillarPages/nursing-entrance-exam/subPages/yrdSf0KpOcuybL1SLnw7/nestedSubPages/e9EcRCWTbyKVpyLXUKzd/quizzes/rRulXMeohYgiEAcLmjiZ"
"1.000","TEAS Math Practice Test Set 3","TEAS Math Practice Test Set 11","teas-math-practice-test-set-3","teas-math-practice-test-set-11","ATI TEAS 7 > ATI TEAS Math Practice Test","ATI TEAS 7 > ATI TEAS Math Practice Test","pillarPages/nursing-entrance-exam/subPages/yrdSf0KpOcuybL1SLnw7/nestedSubPages/e9EcRCWTbyKVpyLXUKzd/quizzes/F3udSLa0H0faEPrQaV3U","pillarPages/nursing-entrance-exam/subPages/yrdSf0KpOcuybL1SLnw7/nestedSubPages/e9EcRCWTbyKVpyLXUKzd/quizzes/wm20wssdsah839RR1SLn"
"1.000","TEAS Math Practice Test Set 3","TEAS Math Practice Test Set 10","teas-math-practice-test-set-3","teas-math-practice-test-set-10","ATI TEAS 7 > ATI TEAS Math Practice Test","ATI TEAS 7 > ATI TEAS Math Practice Test","pillarPages/nursing-entrance-exam/subPages/yrdSf0KpOcuybL1SLnw7/nestedSubPages/e9EcRCWTbyKVpyLXUKzd/quizzes/F3udSLa0H0faEPrQaV3U","pillarPages/nursing-entrance-exam/subPages/yrdSf0KpOcuybL1SLnw7/nestedSubPages/e9EcRCWTbyKVpyLXUKzd/quizzes/z92YY14uxYfs8h9YvNXq"
"1.000","TEAS Math Practice Test Set 6","TEAS Math Practice Test Set 11","teas-math-practice-test-set-6","teas-math-practice-test-set-11","ATI TEAS 7 > ATI TEAS Math Practice Test","ATI TEAS 7 > ATI TEAS Math Practice Test","pillarPages/nursing-entrance-exam/subPages/yrdSf0KpOcuybL1SLnw7/nestedSubPages/e9EcRCWTbyKVpyLXUKzd/quizzes/rRulXMeohYgiEAcLmjiZ","pillarPages/nursing-entrance-exam/subPages/yrdSf0KpOcuybL1SLnw7/nestedSubPages/e9EcRCWTbyKVpyLXUKzd/quizzes/wm20wssdsah839RR1SLn"
"1.000","TEAS Math Practice Test Set 6","TEAS Math Practice Test Set 10","teas-math-practice-test-set-6","teas-math-practice-test-set-10","ATI TEAS 7 > ATI TEAS Math Practice Test","ATI TEAS 7 > ATI TEAS Math Practice Test","pillarPages/nursing-entrance-exam/subPages/yrdSf0KpOcuybL1SLnw7/nestedSubPages/e9EcRCWTbyKVpyLXUKzd/quizzes/rRulXMeohYgiEAcLmjiZ","pillarPages/nursing-entrance-exam/subPages/yrdSf0KpOcuybL1SLnw7/nestedSubPages/e9EcRCWTbyKVpyLXUKzd/quizzes/z92YY14uxYfs8h9YvNXq"
"1.000","TEAS Math Practice Test Set 7","TEAS Math Practice Test Set 8","teas-math-practice-test-set-7","teas-math-practice-test-set-8","ATI TEAS 7 > ATI TEAS Math Practice Test","ATI TEAS 7 > ATI TEAS Math Practice Test","pillarPages/nursing-entrance-exam/subPages/yrdSf0KpOcuybL1SLnw7/nestedSubPages/e9EcRCWTbyKVpyLXUKzd/quizzes/gg8CLwVXq1pVrZxqKLMd","pillarPages/nursing-entrance-exam/subPages/yrdSf0KpOcuybL1SLnw7/nestedSubPages/e9EcRCWTbyKVpyLXUKzd/quizzes/m9bPVWGpPk85VtHCz0yX"
"1.000","TEAS Math Practice Test Set 7","TEAS Math Practice Test Set 6","teas-math-practice-test-set-7","teas-math-practice-test-set-6","ATI TEAS 7 > ATI TEAS Math Practice Test","ATI TEAS 7 > ATI TEAS Math Practice Test","pillarPages/nursing-entrance-exam/subPages/yrdSf0KpOcuybL1SLnw7/nestedSubPages/e9EcRCWTbyKVpyLXUKzd/quizzes/gg8CLwVXq1pVrZxqKLMd","pillarPages/nursing-entrance-exam/subPages/yrdSf0KpOcuybL1SLnw7/nestedSubPages/e9EcRCWTbyKVpyLXUKzd/quizzes/rRulXMeohYgiEAcLmjiZ"
"1.000","TEAS Math Practice Test Set 7","TEAS Math Practice Test Set 11","teas-math-practice-test-set-7","teas-math-practice-test-set-11","ATI TEAS 7 > ATI TEAS Math Practice Test","ATI TEAS 7 > ATI TEAS Math Practice Test","pillarPages/nursing-entrance-exam/subPages/yrdSf0KpOcuybL1SLnw7/nestedSubPages/e9EcRCWTbyKVpyLXUKzd/quizzes/gg8CLwVXq1pVrZxqKLMd","pillarPages/nursing-entrance-exam/subPages/yrdSf0KpOcuybL1SLnw7/nestedSubPages/e9EcRCWTbyKVpyLXUKzd/quizzes/wm20wssdsah839RR1SLn"
"1.000","TEAS Math Practice Test Set 7","TEAS Math Practice Test Set 10","teas-math-practice-test-set-7","teas-math-practice-test-set-10","ATI TEAS 7 > ATI TEAS Math Practice Test","ATI TEAS 7 > ATI TEAS Math Practice Test","pillarPages/nursing-entrance-exam/subPages/yrdSf0KpOcuybL1SLnw7/nestedSubPages/e9EcRCWTbyKVpyLXUKzd/quizzes/gg8CLwVXq1pVrZxqKLMd","pillarPages/nursing-entrance-exam/subPages/yrdSf0KpOcuybL1SLnw7/nestedSubPages/e9EcRCWTbyKVpyLXUKzd/quizzes/z92YY14uxYfs8h9YvNXq"
"1.000","TEAS Math Practice Test Set 8","TEAS Math Practice Test Set 6","teas-math-practice-test-set-8","teas-math-practice-test-set-6","ATI TEAS 7 > ATI TEAS Math Practice Test","ATI TEAS 7 > ATI TEAS Math Practice Test","pillarPages/nursing-entrance-exam/subPages/yrdSf0KpOcuybL1SLnw7/nestedSubPages/e9EcRCWTbyKVpyLXUKzd/quizzes/m9bPVWGpPk85VtHCz0yX","pillarPages/nursing-entrance-exam/subPages/yrdSf0KpOcuybL1SLnw7/nestedSubPages/e9EcRCWTbyKVpyLXUKzd/quizzes/rRulXMeohYgiEAcLmjiZ"
"1.000","TEAS Math Practice Test Set 8","TEAS Math Practice Test Set 11","teas-math-practice-test-set-8","teas-math-practice-test-set-11","ATI TEAS 7 > ATI TEAS Math Practice Test","ATI TEAS 7 > ATI TEAS Math Practice Test","pillarPages/nursing-entrance-exam/subPages/yrdSf0KpOcuybL1SLnw7/nestedSubPages/e9EcRCWTbyKVpyLXUKzd/quizzes/m9bPVWGpPk85VtHCz0yX","pillarPages/nursing-entrance-exam/subPages/yrdSf0KpOcuybL1SLnw7/nestedSubPages/e9EcRCWTbyKVpyLXUKzd/quizzes/wm20wssdsah839RR1SLn"
"1.000","TEAS Math Practice Test Set 8","TEAS Math Practice Test Set 10","teas-math-practice-test-set-8","teas-math-practice-test-set-10","ATI TEAS 7 > ATI TEAS Math Practice Test","ATI TEAS 7 > ATI TEAS Math Practice Test","pillarPages/nursing-entrance-exam/subPages/yrdSf0KpOcuybL1SLnw7/nestedSubPages/e9EcRCWTbyKVpyLXUKzd/quizzes/m9bPVWGpPk85VtHCz0yX","pillarPages/nursing-entrance-exam/subPages/yrdSf0KpOcuybL1SLnw7/nestedSubPages/e9EcRCWTbyKVpyLXUKzd/quizzes/z92YY14uxYfs8h9YvNXq"
"1.000","TEAS Math Practice Test Set 9","TEAS Math Practice Test Set 15","teas-math-practice-test-set-9","teas-math-practice-test-set-15","ATI TEAS 7 > ATI TEAS Math Practice Test","ATI TEAS 7 > ATI TEAS Math Practice Test","pillarPages/nursing-entrance-exam/subPages/yrdSf0KpOcuybL1SLnw7/nestedSubPages/e9EcRCWTbyKVpyLXUKzd/quizzes/ZEWlsdPiaV3eZ6DLazrv","pillarPages/nursing-entrance-exam/subPages/yrdSf0KpOcuybL1SLnw7/nestedSubPages/e9EcRCWTbyKVpyLXUKzd/quizzes/ci7XXrNZpyPVT4uksNue"
"1.000","TEAS Math Practice Test Set 9","TEAS Math Practice Test Set 12","teas-math-practice-test-set-9","teas-math-practice-test-set-12","ATI TEAS 7 > ATI TEAS Math Practice Test","ATI TEAS 7 > ATI TEAS Math Practice Test","pillarPages/nursing-entrance-exam/subPages/yrdSf0KpOcuybL1SLnw7/nestedSubPages/e9EcRCWTbyKVpyLXUKzd/quizzes/ZEWlsdPiaV3eZ6DLazrv","pillarPages/nursing-entrance-exam/subPages/yrdSf0KpOcuybL1SLnw7/nestedSubPages/e9EcRCWTbyKVpyLXUKzd/quizzes/ehjVrzL4dJP0Bii6btYm"
"1.000","TEAS Math Practice Test Set 9","TEAS Math Practice Test Set 7","teas-math-practice-test-set-9","teas-math-practice-test-set-7","ATI TEAS 7 > ATI TEAS Math Practice Test","ATI TEAS 7 > ATI TEAS Math Practice Test","pillarPages/nursing-entrance-exam/subPages/yrdSf0KpOcuybL1SLnw7/nestedSubPages/e9EcRCWTbyKVpyLXUKzd/quizzes/ZEWlsdPiaV3eZ6DLazrv","pillarPages/nursing-entrance-exam/subPages/yrdSf0KpOcuybL1SLnw7/nestedSubPages/e9EcRCWTbyKVpyLXUKzd/quizzes/gg8CLwVXq1pVrZxqKLMd"
"1.000","TEAS Math Practice Test Set 9","TEAS Math Practice Test Set 8","teas-math-practice-test-set-9","teas-math-practice-test-set-8","ATI TEAS 7 > ATI TEAS Math Practice Test","ATI TEAS 7 > ATI TEAS Math Practice Test","pillarPages/nursing-entrance-exam/subPages/yrdSf0KpOcuybL1SLnw7/nestedSubPages/e9EcRCWTbyKVpyLXUKzd/quizzes/ZEWlsdPiaV3eZ6DLazrv","pillarPages/nursing-entrance-exam/subPages/yrdSf0KpOcuybL1SLnw7/nestedSubPages/e9EcRCWTbyKVpyLXUKzd/quizzes/m9bPVWGpPk85VtHCz0yX"
"1.000","TEAS Math Practice Test Set 9","TEAS Math Practice Test Set 6","teas-math-practice-test-set-9","teas-math-practice-test-set-6","ATI TEAS 7 > ATI TEAS Math Practice Test","ATI TEAS 7 > ATI TEAS Math Practice Test","pillarPages/nursing-entrance-exam/subPages/yrdSf0KpOcuybL1SLnw7/nestedSubPages/e9EcRCWTbyKVpyLXUKzd/quizzes/ZEWlsdPiaV3eZ6DLazrv","pillarPages/nursing-entrance-exam/subPages/yrdSf0KpOcuybL1SLnw7/nestedSubPages/e9EcRCWTbyKVpyLXUKzd/quizzes/rRulXMeohYgiEAcLmjiZ"
"1.000","TEAS Math Practice Test Set 9","TEAS Math Practice Test Set 11","teas-math-practice-test-set-9","teas-math-practice-test-set-11","ATI TEAS 7 > ATI TEAS Math Practice Test","ATI TEAS 7 > ATI TEAS Math Practice Test","pillarPages/nursing-entrance-exam/subPages/yrdSf0KpOcuybL1SLnw7/nestedSubPages/e9EcRCWTbyKVpyLXUKzd/quizzes/ZEWlsdPiaV3eZ6DLazrv","pillarPages/nursing-entrance-exam/subPages/yrdSf0KpOcuybL1SLnw7/nestedSubPages/e9EcRCWTbyKVpyLXUKzd/quizzes/wm20wssdsah839RR1SLn"
"1.000","TEAS Math Practice Test Set 9","TEAS Math Practice Test Set 10","teas-math-practice-test-set-9","teas-math-practice-test-set-10","ATI TEAS 7 > ATI TEAS Math Practice Test","ATI TEAS 7 > ATI TEAS Math Practice Test","pillarPages/nursing-entrance-exam/subPages/yrdSf0KpOcuybL1SLnw7/nestedSubPages/e9EcRCWTbyKVpyLXUKzd/quizzes/ZEWlsdPiaV3eZ6DLazrv","pillarPages/nursing-entrance-exam/subPages/yrdSf0KpOcuybL1SLnw7/nestedSubPages/e9EcRCWTbyKVpyLXUKzd/quizzes/z92YY14uxYfs8h9YvNXq"
"1.000","TEAS Reading Practice Test Set 1","TEAS Reading Practice Test Set 14","teas-reading-practice-test-set-1","teas-reading-practice-test-set-14","ATI TEAS 7 > ATI TEAS Reading Practice Test","ATI TEAS 7 > ATI TEAS Reading Practice Test","pillarPages/nursing-entrance-exam/subPages/yrdSf0KpOcuybL1SLnw7/nestedSubPages/2JIZgWhm9jUkoNFmkY7R/quizzes/eNCAkl1f48I13l0ohsbL","pillarPages/nursing-entrance-exam/subPages/yrdSf0KpOcuybL1SLnw7/nestedSubPages/2JIZgWhm9jUkoNFmkY7R/quizzes/fS0tPhwfWPmZ7p1qLhkC"
"1.000","TEAS Reading Practice Test Set 1","TEAS Reading Practice Test Set 3","teas-reading-practice-test-set-1","teas-reading-practice-test-set-3","ATI TEAS 7 > ATI TEAS Reading Practice Test","ATI TEAS 7 > ATI TEAS Reading Practice Test","pillarPages/nursing-entrance-exam/subPages/yrdSf0KpOcuybL1SLnw7/nestedSubPages/2JIZgWhm9jUkoNFmkY7R/quizzes/eNCAkl1f48I13l0ohsbL","pillarPages/nursing-entrance-exam/subPages/yrdSf0KpOcuybL1SLnw7/nestedSubPages/2JIZgWhm9jUkoNFmkY7R/quizzes/kD4oQPOQqrEb3IzASVS1"
"1.000","TEAS Reading Practice Test Set 1","TEAS Reading Practice Test Set 11","teas-reading-practice-test-set-1","teas-reading-practice-test-set-11","ATI TEAS 7 > ATI TEAS Reading Practice Test","ATI TEAS 7 > ATI TEAS Reading Practice Test","pillarPages/nursing-entrance-exam/subPages/yrdSf0KpOcuybL1SLnw7/nestedSubPages/2JIZgWhm9jUkoNFmkY7R/quizzes/eNCAkl1f48I13l0ohsbL","pillarPages/nursing-entrance-exam/subPages/yrdSf0KpOcuybL1SLnw7/nestedSubPages/2JIZgWhm9jUkoNFmkY7R/quizzes/mR7LVDa7EQWk5YBeAFsD"
"1.000","TEAS Reading Practice Test Set 1","TEAS Reading Practice Test Set 16","teas-reading-practice-test-set-1","teas-reading-practice-test-set-16","ATI TEAS 7 > ATI TEAS Reading Practice Test","ATI TEAS 7 > ATI TEAS Reading Practice Test","pillarPages/nursing-entrance-exam/subPages/yrdSf0KpOcuybL1SLnw7/nestedSubPages/2JIZgWhm9jUkoNFmkY7R/quizzes/eNCAkl1f48I13l0ohsbL","pillarPages/nursing-entrance-exam/subPages/yrdSf0KpOcuybL1SLnw7/nestedSubPages/2JIZgWhm9jUkoNFmkY7R/quizzes/qdPBG0cUyM12WznCL1yH"
"1.000","TEAS Reading Practice Test Set 10","TEAS Reading Practice Test Set 12","teas-reading-practice-test-set-10","teas-reading-practice-test-set-12","ATI TEAS 7 > ATI TEAS Reading Practice Test","ATI TEAS 7 > ATI TEAS Reading Practice Test","pillarPages/nursing-entrance-exam/subPages/yrdSf0KpOcuybL1SLnw7/nestedSubPages/2JIZgWhm9jUkoNFmkY7R/quizzes/1Q1BfIfJvBSGTfEswUs6","pillarPages/nursing-entrance-exam/subPages/yrdSf0KpOcuybL1SLnw7/nestedSubPages/2JIZgWhm9jUkoNFmkY7R/quizzes/5NTvfpVOtE5a560DsykQ"
"1.000","TEAS Reading Practice Test Set 10","TEAS Reading Practice Test Set 6","teas-reading-practice-test-set-10","teas-reading-practice-test-set-6","ATI TEAS 7 > ATI TEAS Reading Practice Test","ATI TEAS 7 > ATI TEAS Reading Practice Test","pillarPages/nursing-entrance-exam/subPages/yrdSf0KpOcuybL1SLnw7/nestedSubPages/2JIZgWhm9jUkoNFmkY7R/quizzes/1Q1BfIfJvBSGTfEswUs6","pillarPages/nursing-entrance-exam/subPages/yrdSf0KpOcuybL1SLnw7/nestedSubPages/2JIZgWhm9jUkoNFmkY7R/quizzes/8xmVvFmwDEEo4qyUN4PB"
"1.000","TEAS Reading Practice Test Set 10","TEAS Reading Practice Test Set 13","teas-reading-practice-test-set-10","teas-reading-practice-test-set-13","ATI TEAS 7 > ATI TEAS Reading Practice Test","ATI TEAS 7 > ATI TEAS Reading Practice Test","pillarPages/nursing-entrance-exam/subPages/yrdSf0KpOcuybL1SLnw7/nestedSubPages/2JIZgWhm9jUkoNFmkY7R/quizzes/1Q1BfIfJvBSGTfEswUs6","pillarPages/nursing-entrance-exam/subPages/yrdSf0KpOcuybL1SLnw7/nestedSubPages/2JIZgWhm9jUkoNFmkY7R/quizzes/DdOaj7o2STEkWwbqKigF"
"1.000","TEAS Reading Practice Test Set 10","TEAS Reading Practice Test Set 8","teas-reading-practice-test-set-10","teas-reading-practice-test-set-8","ATI TEAS 7 > ATI TEAS Reading Practice Test","ATI TEAS 7 > ATI TEAS Reading Practice Test","pillarPages/nursing-entrance-exam/subPages/yrdSf0KpOcuybL1SLnw7/nestedSubPages/2JIZgWhm9jUkoNFmkY7R/quizzes/1Q1BfIfJvBSGTfEswUs6","pillarPages/nursing-entrance-exam/subPages/yrdSf0KpOcuybL1SLnw7/nestedSubPages/2JIZgWhm9jUkoNFmkY7R/quizzes/KE4W8od6saoSm7hkp00V"
"1.000","TEAS Reading Practice Test Set 10","TEAS Reading Practice Test Set 15","teas-reading-practice-test-set-10","teas-reading-practice-test-set-15","ATI TEAS 7 > ATI TEAS Reading Practice Test","ATI TEAS 7 > ATI TEAS Reading Practice Test","pillarPages/nursing-entrance-exam/subPages/yrdSf0KpOcuybL1SLnw7/nestedSubPages/2JIZgWhm9jUkoNFmkY7R/quizzes/1Q1BfIfJvBSGTfEswUs6","pillarPages/nursing-entrance-exam/subPages/yrdSf0KpOcuybL1SLnw7/nestedSubPages/2JIZgWhm9jUkoNFmkY7R/quizzes/R8xoEcO05QfGke6epALS"
"1.000","TEAS Reading Practice Test Set 10","TEAS Reading Practice Test Set 7","teas-reading-practice-test-set-10","teas-reading-practice-test-set-7","ATI TEAS 7 > ATI TEAS Reading Practice Test","ATI TEAS 7 > ATI TEAS Reading Practice Test","pillarPages/nursing-entrance-exam/subPages/yrdSf0KpOcuybL1SLnw7/nestedSubPages/2JIZgWhm9jUkoNFmkY7R/quizzes/1Q1BfIfJvBSGTfEswUs6","pillarPages/nursing-entrance-exam/subPages/yrdSf0KpOcuybL1SLnw7/nestedSubPages/2JIZgWhm9jUkoNFmkY7R/quizzes/SXUhU5ldn3Tw8AaS1tri"
"1.000","TEAS Reading Practice Test Set 10","TEAS Reading Practice Test Set 9","teas-reading-practice-test-set-10","teas-reading-practice-test-set-9","ATI TEAS 7 > ATI TEAS Reading Practice Test","ATI TEAS 7 > ATI TEAS Reading Practice Test","pillarPages/nursing-entrance-exam/subPages/yrdSf0KpOcuybL1SLnw7/nestedSubPages/2JIZgWhm9jUkoNFmkY7R/quizzes/1Q1BfIfJvBSGTfEswUs6","pillarPages/nursing-entrance-exam/subPages/yrdSf0KpOcuybL1SLnw7/nestedSubPages/2JIZgWhm9jUkoNFmkY7R/quizzes/VN1Ns3W8Jo3kgHVmxMze"
"1.000","TEAS Reading Practice Test Set 10","TEAS Reading Practice Test Set 1","teas-reading-practice-test-set-10","teas-reading-practice-test-set-1","ATI TEAS 7 > ATI TEAS Reading Practice Test","ATI TEAS 7 > ATI TEAS Reading Practice Test","pillarPages/nursing-entrance-exam/subPages/yrdSf0KpOcuybL1SLnw7/nestedSubPages/2JIZgWhm9jUkoNFmkY7R/quizzes/1Q1BfIfJvBSGTfEswUs6","pillarPages/nursing-entrance-exam/subPages/yrdSf0KpOcuybL1SLnw7/nestedSubPages/2JIZgWhm9jUkoNFmkY7R/quizzes/eNCAkl1f48I13l0ohsbL"
"1.000","TEAS Reading Practice Test Set 10","TEAS Reading Practice Test Set 14","teas-reading-practice-test-set-10","teas-reading-practice-test-set-14","ATI TEAS 7 > ATI TEAS Reading Practice Test","ATI TEAS 7 > ATI TEAS Reading Practice Test","pillarPages/nursing-entrance-exam/subPages/yrdSf0KpOcuybL1SLnw7/nestedSubPages/2JIZgWhm9jUkoNFmkY7R/quizzes/1Q1BfIfJvBSGTfEswUs6","pillarPages/nursing-entrance-exam/subPages/yrdSf0KpOcuybL1SLnw7/nestedSubPages/2JIZgWhm9jUkoNFmkY7R/quizzes/fS0tPhwfWPmZ7p1qLhkC"
"1.000","TEAS Reading Practice Test Set 10","TEAS Reading Practice Test Set 3","teas-reading-practice-test-set-10","teas-reading-practice-test-set-3","ATI TEAS 7 > ATI TEAS Reading Practice Test","ATI TEAS 7 > ATI TEAS Reading Practice Test","pillarPages/nursing-entrance-exam/subPages/yrdSf0KpOcuybL1SLnw7/nestedSubPages/2JIZgWhm9jUkoNFmkY7R/quizzes/1Q1BfIfJvBSGTfEswUs6","pillarPages/nursing-entrance-exam/subPages/yrdSf0KpOcuybL1SLnw7/nestedSubPages/2JIZgWhm9jUkoNFmkY7R/quizzes/kD4oQPOQqrEb3IzASVS1"
"1.000","TEAS Reading Practice Test Set 10","TEAS Reading Practice Test Set 11","teas-reading-practice-test-set-10","teas-reading-practice-test-set-11","ATI TEAS 7 > ATI TEAS Reading Practice Test","ATI TEAS 7 > ATI TEAS Reading Practice Test","pillarPages/nursing-entrance-exam/subPages/yrdSf0KpOcuybL1SLnw7/nestedSubPages/2JIZgWhm9jUkoNFmkY7R/quizzes/1Q1BfIfJvBSGTfEswUs6","pillarPages/nursing-entrance-exam/subPages/yrdSf0KpOcuybL1SLnw7/nestedSubPages/2JIZgWhm9jUkoNFmkY7R/quizzes/mR7LVDa7EQWk5YBeAFsD"
"1.000","TEAS Reading Practice Test Set 10","TEAS Reading Practice Test Set 16","teas-reading-practice-test-set-10","teas-reading-practice-test-set-16","ATI TEAS 7 > ATI TEAS Reading Practice Test","ATI TEAS 7 > ATI TEAS Reading Practice Test","pillarPages/nursing-entrance-exam/subPages/yrdSf0KpOcuybL1SLnw7/nestedSubPages/2JIZgWhm9jUkoNFmkY7R/quizzes/1Q1BfIfJvBSGTfEswUs6","pillarPages/nursing-entrance-exam/subPages/yrdSf0KpOcuybL1SLnw7/nestedSubPages/2JIZgWhm9jUkoNFmkY7R/quizzes/qdPBG0cUyM12WznCL1yH"
"1.000","TEAS Reading Practice Test Set 11","TEAS Reading Practice Test Set 16","teas-reading-practice-test-set-11","teas-reading-practice-test-set-16","ATI TEAS 7 > ATI TEAS Reading Practice Test","ATI TEAS 7 > ATI TEAS Reading Practice Test","pillarPages/nursing-entrance-exam/subPages/yrdSf0KpOcuybL1SLnw7/nestedSubPages/2JIZgWhm9jUkoNFmkY7R/quizzes/mR7LVDa7EQWk5YBeAFsD","pillarPages/nursing-entrance-exam/subPages/yrdSf0KpOcuybL1SLnw7/nestedSubPages/2JIZgWhm9jUkoNFmkY7R/quizzes/qdPBG0cUyM12WznCL1yH"
"1.000","TEAS Reading Practice Test Set 12","TEAS Reading Practice Test Set 6","teas-reading-practice-test-set-12","teas-reading-practice-test-set-6","ATI TEAS 7 > ATI TEAS Reading Practice Test","ATI TEAS 7 > ATI TEAS Reading Practice Test","pillarPages/nursing-entrance-exam/subPages/yrdSf0KpOcuybL1SLnw7/nestedSubPages/2JIZgWhm9jUkoNFmkY7R/quizzes/5NTvfpVOtE5a560DsykQ","pillarPages/nursing-entrance-exam/subPages/yrdSf0KpOcuybL1SLnw7/nestedSubPages/2JIZgWhm9jUkoNFmkY7R/quizzes/8xmVvFmwDEEo4qyUN4PB"
"1.000","TEAS Reading Practice Test Set 12","TEAS Reading Practice Test Set 13","teas-reading-practice-test-set-12","teas-reading-practice-test-set-13","ATI TEAS 7 > ATI TEAS Reading Practice Test","ATI TEAS 7 > ATI TEAS Reading Practice Test","pillarPages/nursing-entrance-exam/subPages/yrdSf0KpOcuybL1SLnw7/nestedSubPages/2JIZgWhm9jUkoNFmkY7R/quizzes/5NTvfpVOtE5a560DsykQ","pillarPages/nursing-entrance-exam/subPages/yrdSf0KpOcuybL1SLnw7/nestedSubPages/2JIZgWhm9jUkoNFmkY7R/quizzes/DdOaj7o2STEkWwbqKigF"
"1.000","TEAS Reading Practice Test Set 12","TEAS Reading Practice Test Set 8","teas-reading-practice-test-set-12","teas-reading-practice-test-set-8","ATI TEAS 7 > ATI TEAS Reading Practice Test","ATI TEAS 7 > ATI TEAS Reading Practice Test","pillarPages/nursing-entrance-exam/subPages/yrdSf0KpOcuybL1SLnw7/nestedSubPages/2JIZgWhm9jUkoNFmkY7R/quizzes/5NTvfpVOtE5a560DsykQ","pillarPages/nursing-entrance-exam/subPages/yrdSf0KpOcuybL1SLnw7/nestedSubPages/2JIZgWhm9jUkoNFmkY7R/quizzes/KE4W8od6saoSm7hkp00V"
"1.000","TEAS Reading Practice Test Set 12","TEAS Reading Practice Test Set 15","teas-reading-practice-test-set-12","teas-reading-practice-test-set-15","ATI TEAS 7 > ATI TEAS Reading Practice Test","ATI TEAS 7 > ATI TEAS Reading Practice Test","pillarPages/nursing-entrance-exam/subPages/yrdSf0KpOcuybL1SLnw7/nestedSubPages/2JIZgWhm9jUkoNFmkY7R/quizzes/5NTvfpVOtE5a560DsykQ","pillarPages/nursing-entrance-exam/subPages/yrdSf0KpOcuybL1SLnw7/nestedSubPages/2JIZgWhm9jUkoNFmkY7R/quizzes/R8xoEcO05QfGke6epALS"
"1.000","TEAS Reading Practice Test Set 12","TEAS Reading Practice Test Set 7","teas-reading-practice-test-set-12","teas-reading-practice-test-set-7","ATI TEAS 7 > ATI TEAS Reading Practice Test","ATI TEAS 7 > ATI TEAS Reading Practice Test","pillarPages/nursing-entrance-exam/subPages/yrdSf0KpOcuybL1SLnw7/nestedSubPages/2JIZgWhm9jUkoNFmkY7R/quizzes/5NTvfpVOtE5a560DsykQ","pillarPages/nursing-entrance-exam/subPages/yrdSf0KpOcuybL1SLnw7/nestedSubPages/2JIZgWhm9jUkoNFmkY7R/quizzes/SXUhU5ldn3Tw8AaS1tri"
"1.000","TEAS Reading Practice Test Set 12","TEAS Reading Practice Test Set 9","teas-reading-practice-test-set-12","teas-reading-practice-test-set-9","ATI TEAS 7 > ATI TEAS Reading Practice Test","ATI TEAS 7 > ATI TEAS Reading Practice Test","pillarPages/nursing-entrance-exam/subPages/yrdSf0KpOcuybL1SLnw7/nestedSubPages/2JIZgWhm9jUkoNFmkY7R/quizzes/5NTvfpVOtE5a560DsykQ","pillarPages/nursing-entrance-exam/subPages/yrdSf0KpOcuybL1SLnw7/nestedSubPages/2JIZgWhm9jUkoNFmkY7R/quizzes/VN1Ns3W8Jo3kgHVmxMze"
"1.000","TEAS Reading Practice Test Set 12","TEAS Reading Practice Test Set 1","teas-reading-practice-test-set-12","teas-reading-practice-test-set-1","ATI TEAS 7 > ATI TEAS Reading Practice Test","ATI TEAS 7 > ATI TEAS Reading Practice Test","pillarPages/nursing-entrance-exam/subPages/yrdSf0KpOcuybL1SLnw7/nestedSubPages/2JIZgWhm9jUkoNFmkY7R/quizzes/5NTvfpVOtE5a560DsykQ","pillarPages/nursing-entrance-exam/subPages/yrdSf0KpOcuybL1SLnw7/nestedSubPages/2JIZgWhm9jUkoNFmkY7R/quizzes/eNCAkl1f48I13l0ohsbL"
"1.000","TEAS Reading Practice Test Set 12","TEAS Reading Practice Test Set 14","teas-reading-practice-test-set-12","teas-reading-practice-test-set-14","ATI TEAS 7 > ATI TEAS Reading Practice Test","ATI TEAS 7 > ATI TEAS Reading Practice Test","pillarPages/nursing-entrance-exam/subPages/yrdSf0KpOcuybL1SLnw7/nestedSubPages/2JIZgWhm9jUkoNFmkY7R/quizzes/5NTvfpVOtE5a560DsykQ","pillarPages/nursing-entrance-exam/subPages/yrdSf0KpOcuybL1SLnw7/nestedSubPages/2JIZgWhm9jUkoNFmkY7R/quizzes/fS0tPhwfWPmZ7p1qLhkC"
"1.000","TEAS Reading Practice Test Set 12","TEAS Reading Practice Test Set 3","teas-reading-practice-test-set-12","teas-reading-practice-test-set-3","ATI TEAS 7 > ATI TEAS Reading Practice Test","ATI TEAS 7 > ATI TEAS Reading Practice Test","pillarPages/nursing-entrance-exam/subPages/yrdSf0KpOcuybL1SLnw7/nestedSubPages/2JIZgWhm9jUkoNFmkY7R/quizzes/5NTvfpVOtE5a560DsykQ","pillarPages/nursing-entrance-exam/subPages/yrdSf0KpOcuybL1SLnw7/nestedSubPages/2JIZgWhm9jUkoNFmkY7R/quizzes/kD4oQPOQqrEb3IzASVS1"
"1.000","TEAS Reading Practice Test Set 12","TEAS Reading Practice Test Set 11","teas-reading-practice-test-set-12","teas-reading-practice-test-set-11","ATI TEAS 7 > ATI TEAS Reading Practice Test","ATI TEAS 7 > ATI TEAS Reading Practice Test","pillarPages/nursing-entrance-exam/subPages/yrdSf0KpOcuybL1SLnw7/nestedSubPages/2JIZgWhm9jUkoNFmkY7R/quizzes/5NTvfpVOtE5a560DsykQ","pillarPages/nursing-entrance-exam/subPages/yrdSf0KpOcuybL1SLnw7/nestedSubPages/2JIZgWhm9jUkoNFmkY7R/quizzes/mR7LVDa7EQWk5YBeAFsD"
"1.000","TEAS Reading Practice Test Set 12","TEAS Reading Practice Test Set 16","teas-reading-practice-test-set-12","teas-reading-practice-test-set-16","ATI TEAS 7 > ATI TEAS Reading Practice Test","ATI TEAS 7 > ATI TEAS Reading Practice Test","pillarPages/nursing-entrance-exam/subPages/yrdSf0KpOcuybL1SLnw7/nestedSubPages/2JIZgWhm9jUkoNFmkY7R/quizzes/5NTvfpVOtE5a560DsykQ","pillarPages/nursing-entrance-exam/subPages/yrdSf0KpOcuybL1SLnw7/nestedSubPages/2JIZgWhm9jUkoNFmkY7R/quizzes/qdPBG0cUyM12WznCL1yH"
"1.000","TEAS Reading Practice Test Set 13","TEAS Reading Practice Test Set 8","teas-reading-practice-test-set-13","teas-reading-practice-test-set-8","ATI TEAS 7 > ATI TEAS Reading Practice Test","ATI TEAS 7 > ATI TEAS Reading Practice Test","pillarPages/nursing-entrance-exam/subPages/yrdSf0KpOcuybL1SLnw7/nestedSubPages/2JIZgWhm9jUkoNFmkY7R/quizzes/DdOaj7o2STEkWwbqKigF","pillarPages/nursing-entrance-exam/subPages/yrdSf0KpOcuybL1SLnw7/nestedSubPages/2JIZgWhm9jUkoNFmkY7R/quizzes/KE4W8od6saoSm7hkp00V"
"1.000","TEAS Reading Practice Test Set 13","TEAS Reading Practice Test Set 15","teas-reading-practice-test-set-13","teas-reading-practice-test-set-15","ATI TEAS 7 > ATI TEAS Reading Practice Test","ATI TEAS 7 > ATI TEAS Reading Practice Test","pillarPages/nursing-entrance-exam/subPages/yrdSf0KpOcuybL1SLnw7/nestedSubPages/2JIZgWhm9jUkoNFmkY7R/quizzes/DdOaj7o2STEkWwbqKigF","pillarPages/nursing-entrance-exam/subPages/yrdSf0KpOcuybL1SLnw7/nestedSubPages/2JIZgWhm9jUkoNFmkY7R/quizzes/R8xoEcO05QfGke6epALS"
"1.000","TEAS Reading Practice Test Set 13","TEAS Reading Practice Test Set 7","teas-reading-practice-test-set-13","teas-reading-practice-test-set-7","ATI TEAS 7 > ATI TEAS Reading Practice Test","ATI TEAS 7 > ATI TEAS Reading Practice Test","pillarPages/nursing-entrance-exam/subPages/yrdSf0KpOcuybL1SLnw7/nestedSubPages/2JIZgWhm9jUkoNFmkY7R/quizzes/DdOaj7o2STEkWwbqKigF","pillarPages/nursing-entrance-exam/subPages/yrdSf0KpOcuybL1SLnw7/nestedSubPages/2JIZgWhm9jUkoNFmkY7R/quizzes/SXUhU5ldn3Tw8AaS1tri"
"1.000","TEAS Reading Practice Test Set 13","TEAS Reading Practice Test Set 9","teas-reading-practice-test-set-13","teas-reading-practice-test-set-9","ATI TEAS 7 > ATI TEAS Reading Practice Test","ATI TEAS 7 > ATI TEAS Reading Practice Test","pillarPages/nursing-entrance-exam/subPages/yrdSf0KpOcuybL1SLnw7/nestedSubPages/2JIZgWhm9jUkoNFmkY7R/quizzes/DdOaj7o2STEkWwbqKigF","pillarPages/nursing-entrance-exam/subPages/yrdSf0KpOcuybL1SLnw7/nestedSubPages/2JIZgWhm9jUkoNFmkY7R/quizzes/VN1Ns3W8Jo3kgHVmxMze"
"1.000","TEAS Reading Practice Test Set 13","TEAS Reading Practice Test Set 1","teas-reading-practice-test-set-13","teas-reading-practice-test-set-1","ATI TEAS 7 > ATI TEAS Reading Practice Test","ATI TEAS 7 > ATI TEAS Reading Practice Test","pillarPages/nursing-entrance-exam/subPages/yrdSf0KpOcuybL1SLnw7/nestedSubPages/2JIZgWhm9jUkoNFmkY7R/quizzes/DdOaj7o2STEkWwbqKigF","pillarPages/nursing-entrance-exam/subPages/yrdSf0KpOcuybL1SLnw7/nestedSubPages/2JIZgWhm9jUkoNFmkY7R/quizzes/eNCAkl1f48I13l0ohsbL"
"1.000","TEAS Reading Practice Test Set 13","TEAS Reading Practice Test Set 14","teas-reading-practice-test-set-13","teas-reading-practice-test-set-14","ATI TEAS 7 > ATI TEAS Reading Practice Test","ATI TEAS 7 > ATI TEAS Reading Practice Test","pillarPages/nursing-entrance-exam/subPages/yrdSf0KpOcuybL1SLnw7/nestedSubPages/2JIZgWhm9jUkoNFmkY7R/quizzes/DdOaj7o2STEkWwbqKigF","pillarPages/nursing-entrance-exam/subPages/yrdSf0KpOcuybL1SLnw7/nestedSubPages/2JIZgWhm9jUkoNFmkY7R/quizzes/fS0tPhwfWPmZ7p1qLhkC"
"1.000","TEAS Reading Practice Test Set 13","TEAS Reading Practice Test Set 3","teas-reading-practice-test-set-13","teas-reading-practice-test-set-3","ATI TEAS 7 > ATI TEAS Reading Practice Test","ATI TEAS 7 > ATI TEAS Reading Practice Test","pillarPages/nursing-entrance-exam/subPages/yrdSf0KpOcuybL1SLnw7/nestedSubPages/2JIZgWhm9jUkoNFmkY7R/quizzes/DdOaj7o2STEkWwbqKigF","pillarPages/nursing-entrance-exam/subPages/yrdSf0KpOcuybL1SLnw7/nestedSubPages/2JIZgWhm9jUkoNFmkY7R/quizzes/kD4oQPOQqrEb3IzASVS1"
"1.000","TEAS Reading Practice Test Set 13","TEAS Reading Practice Test Set 11","teas-reading-practice-test-set-13","teas-reading-practice-test-set-11","ATI TEAS 7 > ATI TEAS Reading Practice Test","ATI TEAS 7 > ATI TEAS Reading Practice Test","pillarPages/nursing-entrance-exam/subPages/yrdSf0KpOcuybL1SLnw7/nestedSubPages/2JIZgWhm9jUkoNFmkY7R/quizzes/DdOaj7o2STEkWwbqKigF","pillarPages/nursing-entrance-exam/subPages/yrdSf0KpOcuybL1SLnw7/nestedSubPages/2JIZgWhm9jUkoNFmkY7R/quizzes/mR7LVDa7EQWk5YBeAFsD"
"1.000","TEAS Reading Practice Test Set 13","TEAS Reading Practice Test Set 16","teas-reading-practice-test-set-13","teas-reading-practice-test-set-16","ATI TEAS 7 > ATI TEAS Reading Practice Test","ATI TEAS 7 > ATI TEAS Reading Practice Test","pillarPages/nursing-entrance-exam/subPages/yrdSf0KpOcuybL1SLnw7/nestedSubPages/2JIZgWhm9jUkoNFmkY7R/quizzes/DdOaj7o2STEkWwbqKigF","pillarPages/nursing-entrance-exam/subPages/yrdSf0KpOcuybL1SLnw7/nestedSubPages/2JIZgWhm9jUkoNFmkY7R/quizzes/qdPBG0cUyM12WznCL1yH"
"1.000","TEAS Reading Practice Test Set 14","TEAS Reading Practice Test Set 3","teas-reading-practice-test-set-14","teas-reading-practice-test-set-3","ATI TEAS 7 > ATI TEAS Reading Practice Test","ATI TEAS 7 > ATI TEAS Reading Practice Test","pillarPages/nursing-entrance-exam/subPages/yrdSf0KpOcuybL1SLnw7/nestedSubPages/2JIZgWhm9jUkoNFmkY7R/quizzes/fS0tPhwfWPmZ7p1qLhkC","pillarPages/nursing-entrance-exam/subPages/yrdSf0KpOcuybL1SLnw7/nestedSubPages/2JIZgWhm9jUkoNFmkY7R/quizzes/kD4oQPOQqrEb3IzASVS1"
"1.000","TEAS Reading Practice Test Set 14","TEAS Reading Practice Test Set 11","teas-reading-practice-test-set-14","teas-reading-practice-test-set-11","ATI TEAS 7 > ATI TEAS Reading Practice Test","ATI TEAS 7 > ATI TEAS Reading Practice Test","pillarPages/nursing-entrance-exam/subPages/yrdSf0KpOcuybL1SLnw7/nestedSubPages/2JIZgWhm9jUkoNFmkY7R/quizzes/fS0tPhwfWPmZ7p1qLhkC","pillarPages/nursing-entrance-exam/subPages/yrdSf0KpOcuybL1SLnw7/nestedSubPages/2JIZgWhm9jUkoNFmkY7R/quizzes/mR7LVDa7EQWk5YBeAFsD"
"1.000","TEAS Reading Practice Test Set 14","TEAS Reading Practice Test Set 16","teas-reading-practice-test-set-14","teas-reading-practice-test-set-16","ATI TEAS 7 > ATI TEAS Reading Practice Test","ATI TEAS 7 > ATI TEAS Reading Practice Test","pillarPages/nursing-entrance-exam/subPages/yrdSf0KpOcuybL1SLnw7/nestedSubPages/2JIZgWhm9jUkoNFmkY7R/quizzes/fS0tPhwfWPmZ7p1qLhkC","pillarPages/nursing-entrance-exam/subPages/yrdSf0KpOcuybL1SLnw7/nestedSubPages/2JIZgWhm9jUkoNFmkY7R/quizzes/qdPBG0cUyM12WznCL1yH"
"1.000","TEAS Reading Practice Test Set 15","TEAS Reading Practice Test Set 7","teas-reading-practice-test-set-15","teas-reading-practice-test-set-7","ATI TEAS 7 > ATI TEAS Reading Practice Test","ATI TEAS 7 > ATI TEAS Reading Practice Test","pillarPages/nursing-entrance-exam/subPages/yrdSf0KpOcuybL1SLnw7/nestedSubPages/2JIZgWhm9jUkoNFmkY7R/quizzes/R8xoEcO05QfGke6epALS","pillarPages/nursing-entrance-exam/subPages/yrdSf0KpOcuybL1SLnw7/nestedSubPages/2JIZgWhm9jUkoNFmkY7R/quizzes/SXUhU5ldn3Tw8AaS1tri"
"1.000","TEAS Reading Practice Test Set 15","TEAS Reading Practice Test Set 9","teas-reading-practice-test-set-15","teas-reading-practice-test-set-9","ATI TEAS 7 > ATI TEAS Reading Practice Test","ATI TEAS 7 > ATI TEAS Reading Practice Test","pillarPages/nursing-entrance-exam/subPages/yrdSf0KpOcuybL1SLnw7/nestedSubPages/2JIZgWhm9jUkoNFmkY7R/quizzes/R8xoEcO05QfGke6epALS","pillarPages/nursing-entrance-exam/subPages/yrdSf0KpOcuybL1SLnw7/nestedSubPages/2JIZgWhm9jUkoNFmkY7R/quizzes/VN1Ns3W8Jo3kgHVmxMze"
"1.000","TEAS Reading Practice Test Set 15","TEAS Reading Practice Test Set 1","teas-reading-practice-test-set-15","teas-reading-practice-test-set-1","ATI TEAS 7 > ATI TEAS Reading Practice Test","ATI TEAS 7 > ATI TEAS Reading Practice Test","pillarPages/nursing-entrance-exam/subPages/yrdSf0KpOcuybL1SLnw7/nestedSubPages/2JIZgWhm9jUkoNFmkY7R/quizzes/R8xoEcO05QfGke6epALS","pillarPages/nursing-entrance-exam/subPages/yrdSf0KpOcuybL1SLnw7/nestedSubPages/2JIZgWhm9jUkoNFmkY7R/quizzes/eNCAkl1f48I13l0ohsbL"
"1.000","TEAS Reading Practice Test Set 15","TEAS Reading Practice Test Set 14","teas-reading-practice-test-set-15","teas-reading-practice-test-set-14","ATI TEAS 7 > ATI TEAS Reading Practice Test","ATI TEAS 7 > ATI TEAS Reading Practice Test","pillarPages/nursing-entrance-exam/subPages/yrdSf0KpOcuybL1SLnw7/nestedSubPages/2JIZgWhm9jUkoNFmkY7R/quizzes/R8xoEcO05QfGke6epALS","pillarPages/nursing-entrance-exam/subPages/yrdSf0KpOcuybL1SLnw7/nestedSubPages/2JIZgWhm9jUkoNFmkY7R/quizzes/fS0tPhwfWPmZ7p1qLhkC"
"1.000","TEAS Reading Practice Test Set 15","TEAS Reading Practice Test Set 3","teas-reading-practice-test-set-15","teas-reading-practice-test-set-3","ATI TEAS 7 > ATI TEAS Reading Practice Test","ATI TEAS 7 > ATI TEAS Reading Practice Test","pillarPages/nursing-entrance-exam/subPages/yrdSf0KpOcuybL1SLnw7/nestedSubPages/2JIZgWhm9jUkoNFmkY7R/quizzes/R8xoEcO05QfGke6epALS","pillarPages/nursing-entrance-exam/subPages/yrdSf0KpOcuybL1SLnw7/nestedSubPages/2JIZgWhm9jUkoNFmkY7R/quizzes/kD4oQPOQqrEb3IzASVS1"
"1.000","TEAS Reading Practice Test Set 15","TEAS Reading Practice Test Set 11","teas-reading-practice-test-set-15","teas-reading-practice-test-set-11","ATI TEAS 7 > ATI TEAS Reading Practice Test","ATI TEAS 7 > ATI TEAS Reading Practice Test","pillarPages/nursing-entrance-exam/subPages/yrdSf0KpOcuybL1SLnw7/nestedSubPages/2JIZgWhm9jUkoNFmkY7R/quizzes/R8xoEcO05QfGke6epALS","pillarPages/nursing-entrance-exam/subPages/yrdSf0KpOcuybL1SLnw7/nestedSubPages/2JIZgWhm9jUkoNFmkY7R/quizzes/mR7LVDa7EQWk5YBeAFsD"
"1.000","TEAS Reading Practice Test Set 15","TEAS Reading Practice Test Set 16","teas-reading-practice-test-set-15","teas-reading-practice-test-set-16","ATI TEAS 7 > ATI TEAS Reading Practice Test","ATI TEAS 7 > ATI TEAS Reading Practice Test","pillarPages/nursing-entrance-exam/subPages/yrdSf0KpOcuybL1SLnw7/nestedSubPages/2JIZgWhm9jUkoNFmkY7R/quizzes/R8xoEcO05QfGke6epALS","pillarPages/nursing-entrance-exam/subPages/yrdSf0KpOcuybL1SLnw7/nestedSubPages/2JIZgWhm9jUkoNFmkY7R/quizzes/qdPBG0cUyM12WznCL1yH"
"1.000","TEAS Reading Practice Test Set 2","TEAS Reading Practice Test Set 10","teas-reading-practice-test-set-2","teas-reading-practice-test-set-10","ATI TEAS 7 > ATI TEAS Reading Practice Test","ATI TEAS 7 > ATI TEAS Reading Practice Test","pillarPages/nursing-entrance-exam/subPages/yrdSf0KpOcuybL1SLnw7/nestedSubPages/2JIZgWhm9jUkoNFmkY7R/quizzes/15BJZ9M7ZzW0shv3jcPl","pillarPages/nursing-entrance-exam/subPages/yrdSf0KpOcuybL1SLnw7/nestedSubPages/2JIZgWhm9jUkoNFmkY7R/quizzes/1Q1BfIfJvBSGTfEswUs6"
"1.000","TEAS Reading Practice Test Set 2","TEAS Reading Practice Test Set 12","teas-reading-practice-test-set-2","teas-reading-practice-test-set-12","ATI TEAS 7 > ATI TEAS Reading Practice Test","ATI TEAS 7 > ATI TEAS Reading Practice Test","pillarPages/nursing-entrance-exam/subPages/yrdSf0KpOcuybL1SLnw7/nestedSubPages/2JIZgWhm9jUkoNFmkY7R/quizzes/15BJZ9M7ZzW0shv3jcPl","pillarPages/nursing-entrance-exam/subPages/yrdSf0KpOcuybL1SLnw7/nestedSubPages/2JIZgWhm9jUkoNFmkY7R/quizzes/5NTvfpVOtE5a560DsykQ"
"1.000","TEAS Reading Practice Test Set 2","TEAS Reading Practice Test Set 6","teas-reading-practice-test-set-2","teas-reading-practice-test-set-6","ATI TEAS 7 > ATI TEAS Reading Practice Test","ATI TEAS 7 > ATI TEAS Reading Practice Test","pillarPages/nursing-entrance-exam/subPages/yrdSf0KpOcuybL1SLnw7/nestedSubPages/2JIZgWhm9jUkoNFmkY7R/quizzes/15BJZ9M7ZzW0shv3jcPl","pillarPages/nursing-entrance-exam/subPages/yrdSf0KpOcuybL1SLnw7/nestedSubPages/2JIZgWhm9jUkoNFmkY7R/quizzes/8xmVvFmwDEEo4qyUN4PB"
"1.000","TEAS Reading Practice Test Set 2","TEAS Reading Practice Test Set 13","teas-reading-practice-test-set-2","teas-reading-practice-test-set-13","ATI TEAS 7 > ATI TEAS Reading Practice Test","ATI TEAS 7 > ATI TEAS Reading Practice Test","pillarPages/nursing-entrance-exam/subPages/yrdSf0KpOcuybL1SLnw7/nestedSubPages/2JIZgWhm9jUkoNFmkY7R/quizzes/15BJZ9M7ZzW0shv3jcPl","pillarPages/nursing-entrance-exam/subPages/yrdSf0KpOcuybL1SLnw7/nestedSubPages/2JIZgWhm9jUkoNFmkY7R/quizzes/DdOaj7o2STEkWwbqKigF"
"1.000","TEAS Reading Practice Test Set 2","TEAS Reading Practice Test Set 8","teas-reading-practice-test-set-2","teas-reading-practice-test-set-8","ATI TEAS 7 > ATI TEAS Reading Practice Test","ATI TEAS 7 > ATI TEAS Reading Practice Test","pillarPages/nursing-entrance-exam/subPages/yrdSf0KpOcuybL1SLnw7/nestedSubPages/2JIZgWhm9jUkoNFmkY7R/quizzes/15BJZ9M7ZzW0shv3jcPl","pillarPages/nursing-entrance-exam/subPages/yrdSf0KpOcuybL1SLnw7/nestedSubPages/2JIZgWhm9jUkoNFmkY7R/quizzes/KE4W8od6saoSm7hkp00V"
"1.000","TEAS Reading Practice Test Set 2","TEAS Reading Practice Test Set 15","teas-reading-practice-test-set-2","teas-reading-practice-test-set-15","ATI TEAS 7 > ATI TEAS Reading Practice Test","ATI TEAS 7 > ATI TEAS Reading Practice Test","pillarPages/nursing-entrance-exam/subPages/yrdSf0KpOcuybL1SLnw7/nestedSubPages/2JIZgWhm9jUkoNFmkY7R/quizzes/15BJZ9M7ZzW0shv3jcPl","pillarPages/nursing-entrance-exam/subPages/yrdSf0KpOcuybL1SLnw7/nestedSubPages/2JIZgWhm9jUkoNFmkY7R/quizzes/R8xoEcO05QfGke6epALS"
"1.000","TEAS Reading Practice Test Set 2","TEAS Reading Practice Test Set 7","teas-reading-practice-test-set-2","teas-reading-practice-test-set-7","ATI TEAS 7 > ATI TEAS Reading Practice Test","ATI TEAS 7 > ATI TEAS Reading Practice Test","pillarPages/nursing-entrance-exam/subPages/yrdSf0KpOcuybL1SLnw7/nestedSubPages/2JIZgWhm9jUkoNFmkY7R/quizzes/15BJZ9M7ZzW0shv3jcPl","pillarPages/nursing-entrance-exam/subPages/yrdSf0KpOcuybL1SLnw7/nestedSubPages/2JIZgWhm9jUkoNFmkY7R/quizzes/SXUhU5ldn3Tw8AaS1tri"
"1.000","TEAS Reading Practice Test Set 2","TEAS Reading Practice Test Set 9","teas-reading-practice-test-set-2","teas-reading-practice-test-set-9","ATI TEAS 7 > ATI TEAS Reading Practice Test","ATI TEAS 7 > ATI TEAS Reading Practice Test","pillarPages/nursing-entrance-exam/subPages/yrdSf0KpOcuybL1SLnw7/nestedSubPages/2JIZgWhm9jUkoNFmkY7R/quizzes/15BJZ9M7ZzW0shv3jcPl","pillarPages/nursing-entrance-exam/subPages/yrdSf0KpOcuybL1SLnw7/nestedSubPages/2JIZgWhm9jUkoNFmkY7R/quizzes/VN1Ns3W8Jo3kgHVmxMze"
"1.000","TEAS Reading Practice Test Set 2","TEAS Reading Practice Test Set 1","teas-reading-practice-test-set-2","teas-reading-practice-test-set-1","ATI TEAS 7 > ATI TEAS Reading Practice Test","ATI TEAS 7 > ATI TEAS Reading Practice Test","pillarPages/nursing-entrance-exam/subPages/yrdSf0KpOcuybL1SLnw7/nestedSubPages/2JIZgWhm9jUkoNFmkY7R/quizzes/15BJZ9M7ZzW0shv3jcPl","pillarPages/nursing-entrance-exam/subPages/yrdSf0KpOcuybL1SLnw7/nestedSubPages/2JIZgWhm9jUkoNFmkY7R/quizzes/eNCAkl1f48I13l0ohsbL"
"1.000","TEAS Reading Practice Test Set 2","TEAS Reading Practice Test Set 14","teas-reading-practice-test-set-2","teas-reading-practice-test-set-14","ATI TEAS 7 > ATI TEAS Reading Practice Test","ATI TEAS 7 > ATI TEAS Reading Practice Test","pillarPages/nursing-entrance-exam/subPages/yrdSf0KpOcuybL1SLnw7/nestedSubPages/2JIZgWhm9jUkoNFmkY7R/quizzes/15BJZ9M7ZzW0shv3jcPl","pillarPages/nursing-entrance-exam/subPages/yrdSf0KpOcuybL1SLnw7/nestedSubPages/2JIZgWhm9jUkoNFmkY7R/quizzes/fS0tPhwfWPmZ7p1qLhkC"
"1.000","TEAS Reading Practice Test Set 2","TEAS Reading Practice Test Set 3","teas-reading-practice-test-set-2","teas-reading-practice-test-set-3","ATI TEAS 7 > ATI TEAS Reading Practice Test","ATI TEAS 7 > ATI TEAS Reading Practice Test","pillarPages/nursing-entrance-exam/subPages/yrdSf0KpOcuybL1SLnw7/nestedSubPages/2JIZgWhm9jUkoNFmkY7R/quizzes/15BJZ9M7ZzW0shv3jcPl","pillarPages/nursing-entrance-exam/subPages/yrdSf0KpOcuybL1SLnw7/nestedSubPages/2JIZgWhm9jUkoNFmkY7R/quizzes/kD4oQPOQqrEb3IzASVS1"
"1.000","TEAS Reading Practice Test Set 2","TEAS Reading Practice Test Set 11","teas-reading-practice-test-set-2","teas-reading-practice-test-set-11","ATI TEAS 7 > ATI TEAS Reading Practice Test","ATI TEAS 7 > ATI TEAS Reading Practice Test","pillarPages/nursing-entrance-exam/subPages/yrdSf0KpOcuybL1SLnw7/nestedSubPages/2JIZgWhm9jUkoNFmkY7R/quizzes/15BJZ9M7ZzW0shv3jcPl","pillarPages/nursing-entrance-exam/subPages/yrdSf0KpOcuybL1SLnw7/nestedSubPages/2JIZgWhm9jUkoNFmkY7R/quizzes/mR7LVDa7EQWk5YBeAFsD"
"1.000","TEAS Reading Practice Test Set 2","TEAS Reading Practice Test Set 16","teas-reading-practice-test-set-2","teas-reading-practice-test-set-16","ATI TEAS 7 > ATI TEAS Reading Practice Test","ATI TEAS 7 > ATI TEAS Reading Practice Test","pillarPages/nursing-entrance-exam/subPages/yrdSf0KpOcuybL1SLnw7/nestedSubPages/2JIZgWhm9jUkoNFmkY7R/quizzes/15BJZ9M7ZzW0shv3jcPl","pillarPages/nursing-entrance-exam/subPages/yrdSf0KpOcuybL1SLnw7/nestedSubPages/2JIZgWhm9jUkoNFmkY7R/quizzes/qdPBG0cUyM12WznCL1yH"
"1.000","TEAS Reading Practice Test Set 3","TEAS Reading Practice Test Set 11","teas-reading-practice-test-set-3","teas-reading-practice-test-set-11","ATI TEAS 7 > ATI TEAS Reading Practice Test","ATI TEAS 7 > ATI TEAS Reading Practice Test","pillarPages/nursing-entrance-exam/subPages/yrdSf0KpOcuybL1SLnw7/nestedSubPages/2JIZgWhm9jUkoNFmkY7R/quizzes/kD4oQPOQqrEb3IzASVS1","pillarPages/nursing-entrance-exam/subPages/yrdSf0KpOcuybL1SLnw7/nestedSubPages/2JIZgWhm9jUkoNFmkY7R/quizzes/mR7LVDa7EQWk5YBeAFsD"
"1.000","TEAS Reading Practice Test Set 3","TEAS Reading Practice Test Set 16","teas-reading-practice-test-set-3","teas-reading-practice-test-set-16","ATI TEAS 7 > ATI TEAS Reading Practice Test","ATI TEAS 7 > ATI TEAS Reading Practice Test","pillarPages/nursing-entrance-exam/subPages/yrdSf0KpOcuybL1SLnw7/nestedSubPages/2JIZgWhm9jUkoNFmkY7R/quizzes/kD4oQPOQqrEb3IzASVS1","pillarPages/nursing-entrance-exam/subPages/yrdSf0KpOcuybL1SLnw7/nestedSubPages/2JIZgWhm9jUkoNFmkY7R/quizzes/qdPBG0cUyM12WznCL1yH"
"1.000","TEAS Reading Practice Test Set 6","TEAS Reading Practice Test Set 13","teas-reading-practice-test-set-6","teas-reading-practice-test-set-13","ATI TEAS 7 > ATI TEAS Reading Practice Test","ATI TEAS 7 > ATI TEAS Reading Practice Test","pillarPages/nursing-entrance-exam/subPages/yrdSf0KpOcuybL1SLnw7/nestedSubPages/2JIZgWhm9jUkoNFmkY7R/quizzes/8xmVvFmwDEEo4qyUN4PB","pillarPages/nursing-entrance-exam/subPages/yrdSf0KpOcuybL1SLnw7/nestedSubPages/2JIZgWhm9jUkoNFmkY7R/quizzes/DdOaj7o2STEkWwbqKigF"
"1.000","TEAS Reading Practice Test Set 6","TEAS Reading Practice Test Set 8","teas-reading-practice-test-set-6","teas-reading-practice-test-set-8","ATI TEAS 7 > ATI TEAS Reading Practice Test","ATI TEAS 7 > ATI TEAS Reading Practice Test","pillarPages/nursing-entrance-exam/subPages/yrdSf0KpOcuybL1SLnw7/nestedSubPages/2JIZgWhm9jUkoNFmkY7R/quizzes/8xmVvFmwDEEo4qyUN4PB","pillarPages/nursing-entrance-exam/subPages/yrdSf0KpOcuybL1SLnw7/nestedSubPages/2JIZgWhm9jUkoNFmkY7R/quizzes/KE4W8od6saoSm7hkp00V"
"1.000","TEAS Reading Practice Test Set 6","TEAS Reading Practice Test Set 15","teas-reading-practice-test-set-6","teas-reading-practice-test-set-15","ATI TEAS 7 > ATI TEAS Reading Practice Test","ATI TEAS 7 > ATI TEAS Reading Practice Test","pillarPages/nursing-entrance-exam/subPages/yrdSf0KpOcuybL1SLnw7/nestedSubPages/2JIZgWhm9jUkoNFmkY7R/quizzes/8xmVvFmwDEEo4qyUN4PB","pillarPages/nursing-entrance-exam/subPages/yrdSf0KpOcuybL1SLnw7/nestedSubPages/2JIZgWhm9jUkoNFmkY7R/quizzes/R8xoEcO05QfGke6epALS"
"1.000","TEAS Reading Practice Test Set 6","TEAS Reading Practice Test Set 7","teas-reading-practice-test-set-6","teas-reading-practice-test-set-7","ATI TEAS 7 > ATI TEAS Reading Practice Test","ATI TEAS 7 > ATI TEAS Reading Practice Test","pillarPages/nursing-entrance-exam/subPages/yrdSf0KpOcuybL1SLnw7/nestedSubPages/2JIZgWhm9jUkoNFmkY7R/quizzes/8xmVvFmwDEEo4qyUN4PB","pillarPages/nursing-entrance-exam/subPages/yrdSf0KpOcuybL1SLnw7/nestedSubPages/2JIZgWhm9jUkoNFmkY7R/quizzes/SXUhU5ldn3Tw8AaS1tri"
"1.000","TEAS Reading Practice Test Set 6","TEAS Reading Practice Test Set 9","teas-reading-practice-test-set-6","teas-reading-practice-test-set-9","ATI TEAS 7 > ATI TEAS Reading Practice Test","ATI TEAS 7 > ATI TEAS Reading Practice Test","pillarPages/nursing-entrance-exam/subPages/yrdSf0KpOcuybL1SLnw7/nestedSubPages/2JIZgWhm9jUkoNFmkY7R/quizzes/8xmVvFmwDEEo4qyUN4PB","pillarPages/nursing-entrance-exam/subPages/yrdSf0KpOcuybL1SLnw7/nestedSubPages/2JIZgWhm9jUkoNFmkY7R/quizzes/VN1Ns3W8Jo3kgHVmxMze"
"1.000","TEAS Reading Practice Test Set 6","TEAS Reading Practice Test Set 1","teas-reading-practice-test-set-6","teas-reading-practice-test-set-1","ATI TEAS 7 > ATI TEAS Reading Practice Test","ATI TEAS 7 > ATI TEAS Reading Practice Test","pillarPages/nursing-entrance-exam/subPages/yrdSf0KpOcuybL1SLnw7/nestedSubPages/2JIZgWhm9jUkoNFmkY7R/quizzes/8xmVvFmwDEEo4qyUN4PB","pillarPages/nursing-entrance-exam/subPages/yrdSf0KpOcuybL1SLnw7/nestedSubPages/2JIZgWhm9jUkoNFmkY7R/quizzes/eNCAkl1f48I13l0ohsbL"
"1.000","TEAS Reading Practice Test Set 6","TEAS Reading Practice Test Set 14","teas-reading-practice-test-set-6","teas-reading-practice-test-set-14","ATI TEAS 7 > ATI TEAS Reading Practice Test","ATI TEAS 7 > ATI TEAS Reading Practice Test","pillarPages/nursing-entrance-exam/subPages/yrdSf0KpOcuybL1SLnw7/nestedSubPages/2JIZgWhm9jUkoNFmkY7R/quizzes/8xmVvFmwDEEo4qyUN4PB","pillarPages/nursing-entrance-exam/subPages/yrdSf0KpOcuybL1SLnw7/nestedSubPages/2JIZgWhm9jUkoNFmkY7R/quizzes/fS0tPhwfWPmZ7p1qLhkC"
"1.000","TEAS Reading Practice Test Set 6","TEAS Reading Practice Test Set 3","teas-reading-practice-test-set-6","teas-reading-practice-test-set-3","ATI TEAS 7 > ATI TEAS Reading Practice Test","ATI TEAS 7 > ATI TEAS Reading Practice Test","pillarPages/nursing-entrance-exam/subPages/yrdSf0KpOcuybL1SLnw7/nestedSubPages/2JIZgWhm9jUkoNFmkY7R/quizzes/8xmVvFmwDEEo4qyUN4PB","pillarPages/nursing-entrance-exam/subPages/yrdSf0KpOcuybL1SLnw7/nestedSubPages/2JIZgWhm9jUkoNFmkY7R/quizzes/kD4oQPOQqrEb3IzASVS1"
"1.000","TEAS Reading Practice Test Set 6","TEAS Reading Practice Test Set 11","teas-reading-practice-test-set-6","teas-reading-practice-test-set-11","ATI TEAS 7 > ATI TEAS Reading Practice Test","ATI TEAS 7 > ATI TEAS Reading Practice Test","pillarPages/nursing-entrance-exam/subPages/yrdSf0KpOcuybL1SLnw7/nestedSubPages/2JIZgWhm9jUkoNFmkY7R/quizzes/8xmVvFmwDEEo4qyUN4PB","pillarPages/nursing-entrance-exam/subPages/yrdSf0KpOcuybL1SLnw7/nestedSubPages/2JIZgWhm9jUkoNFmkY7R/quizzes/mR7LVDa7EQWk5YBeAFsD"
"1.000","TEAS Reading Practice Test Set 6","TEAS Reading Practice Test Set 16","teas-reading-practice-test-set-6","teas-reading-practice-test-set-16","ATI TEAS 7 > ATI TEAS Reading Practice Test","ATI TEAS 7 > ATI TEAS Reading Practice Test","pillarPages/nursing-entrance-exam/subPages/yrdSf0KpOcuybL1SLnw7/nestedSubPages/2JIZgWhm9jUkoNFmkY7R/quizzes/8xmVvFmwDEEo4qyUN4PB","pillarPages/nursing-entrance-exam/subPages/yrdSf0KpOcuybL1SLnw7/nestedSubPages/2JIZgWhm9jUkoNFmkY7R/quizzes/qdPBG0cUyM12WznCL1yH"
"1.000","TEAS Reading Practice Test Set 7","TEAS Reading Practice Test Set 9","teas-reading-practice-test-set-7","teas-reading-practice-test-set-9","ATI TEAS 7 > ATI TEAS Reading Practice Test","ATI TEAS 7 > ATI TEAS Reading Practice Test","pillarPages/nursing-entrance-exam/subPages/yrdSf0KpOcuybL1SLnw7/nestedSubPages/2JIZgWhm9jUkoNFmkY7R/quizzes/SXUhU5ldn3Tw8AaS1tri","pillarPages/nursing-entrance-exam/subPages/yrdSf0KpOcuybL1SLnw7/nestedSubPages/2JIZgWhm9jUkoNFmkY7R/quizzes/VN1Ns3W8Jo3kgHVmxMze"
"1.000","TEAS Reading Practice Test Set 7","TEAS Reading Practice Test Set 1","teas-reading-practice-test-set-7","teas-reading-practice-test-set-1","ATI TEAS 7 > ATI TEAS Reading Practice Test","ATI TEAS 7 > ATI TEAS Reading Practice Test","pillarPages/nursing-entrance-exam/subPages/yrdSf0KpOcuybL1SLnw7/nestedSubPages/2JIZgWhm9jUkoNFmkY7R/quizzes/SXUhU5ldn3Tw8AaS1tri","pillarPages/nursing-entrance-exam/subPages/yrdSf0KpOcuybL1SLnw7/nestedSubPages/2JIZgWhm9jUkoNFmkY7R/quizzes/eNCAkl1f48I13l0ohsbL"
"1.000","TEAS Reading Practice Test Set 7","TEAS Reading Practice Test Set 14","teas-reading-practice-test-set-7","teas-reading-practice-test-set-14","ATI TEAS 7 > ATI TEAS Reading Practice Test","ATI TEAS 7 > ATI TEAS Reading Practice Test","pillarPages/nursing-entrance-exam/subPages/yrdSf0KpOcuybL1SLnw7/nestedSubPages/2JIZgWhm9jUkoNFmkY7R/quizzes/SXUhU5ldn3Tw8AaS1tri","pillarPages/nursing-entrance-exam/subPages/yrdSf0KpOcuybL1SLnw7/nestedSubPages/2JIZgWhm9jUkoNFmkY7R/quizzes/fS0tPhwfWPmZ7p1qLhkC"
"1.000","TEAS Reading Practice Test Set 7","TEAS Reading Practice Test Set 3","teas-reading-practice-test-set-7","teas-reading-practice-test-set-3","ATI TEAS 7 > ATI TEAS Reading Practice Test","ATI TEAS 7 > ATI TEAS Reading Practice Test","pillarPages/nursing-entrance-exam/subPages/yrdSf0KpOcuybL1SLnw7/nestedSubPages/2JIZgWhm9jUkoNFmkY7R/quizzes/SXUhU5ldn3Tw8AaS1tri","pillarPages/nursing-entrance-exam/subPages/yrdSf0KpOcuybL1SLnw7/nestedSubPages/2JIZgWhm9jUkoNFmkY7R/quizzes/kD4oQPOQqrEb3IzASVS1"
"1.000","TEAS Reading Practice Test Set 7","TEAS Reading Practice Test Set 11","teas-reading-practice-test-set-7","teas-reading-practice-test-set-11","ATI TEAS 7 > ATI TEAS Reading Practice Test","ATI TEAS 7 > ATI TEAS Reading Practice Test","pillarPages/nursing-entrance-exam/subPages/yrdSf0KpOcuybL1SLnw7/nestedSubPages/2JIZgWhm9jUkoNFmkY7R/quizzes/SXUhU5ldn3Tw8AaS1tri","pillarPages/nursing-entrance-exam/subPages/yrdSf0KpOcuybL1SLnw7/nestedSubPages/2JIZgWhm9jUkoNFmkY7R/quizzes/mR7LVDa7EQWk5YBeAFsD"
"1.000","TEAS Reading Practice Test Set 7","TEAS Reading Practice Test Set 16","teas-reading-practice-test-set-7","teas-reading-practice-test-set-16","ATI TEAS 7 > ATI TEAS Reading Practice Test","ATI TEAS 7 > ATI TEAS Reading Practice Test","pillarPages/nursing-entrance-exam/subPages/yrdSf0KpOcuybL1SLnw7/nestedSubPages/2JIZgWhm9jUkoNFmkY7R/quizzes/SXUhU5ldn3Tw8AaS1tri","pillarPages/nursing-entrance-exam/subPages/yrdSf0KpOcuybL1SLnw7/nestedSubPages/2JIZgWhm9jUkoNFmkY7R/quizzes/qdPBG0cUyM12WznCL1yH"
"1.000","TEAS Reading Practice Test Set 8","TEAS Reading Practice Test Set 15","teas-reading-practice-test-set-8","teas-reading-practice-test-set-15","ATI TEAS 7 > ATI TEAS Reading Practice Test","ATI TEAS 7 > ATI TEAS Reading Practice Test","pillarPages/nursing-entrance-exam/subPages/yrdSf0KpOcuybL1SLnw7/nestedSubPages/2JIZgWhm9jUkoNFmkY7R/quizzes/KE4W8od6saoSm7hkp00V","pillarPages/nursing-entrance-exam/subPages/yrdSf0KpOcuybL1SLnw7/nestedSubPages/2JIZgWhm9jUkoNFmkY7R/quizzes/R8xoEcO05QfGke6epALS"
"1.000","TEAS Reading Practice Test Set 8","TEAS Reading Practice Test Set 7","teas-reading-practice-test-set-8","teas-reading-practice-test-set-7","ATI TEAS 7 > ATI TEAS Reading Practice Test","ATI TEAS 7 > ATI TEAS Reading Practice Test","pillarPages/nursing-entrance-exam/subPages/yrdSf0KpOcuybL1SLnw7/nestedSubPages/2JIZgWhm9jUkoNFmkY7R/quizzes/KE4W8od6saoSm7hkp00V","pillarPages/nursing-entrance-exam/subPages/yrdSf0KpOcuybL1SLnw7/nestedSubPages/2JIZgWhm9jUkoNFmkY7R/quizzes/SXUhU5ldn3Tw8AaS1tri"
"1.000","TEAS Reading Practice Test Set 8","TEAS Reading Practice Test Set 9","teas-reading-practice-test-set-8","teas-reading-practice-test-set-9","ATI TEAS 7 > ATI TEAS Reading Practice Test","ATI TEAS 7 > ATI TEAS Reading Practice Test","pillarPages/nursing-entrance-exam/subPages/yrdSf0KpOcuybL1SLnw7/nestedSubPages/2JIZgWhm9jUkoNFmkY7R/quizzes/KE4W8od6saoSm7hkp00V","pillarPages/nursing-entrance-exam/subPages/yrdSf0KpOcuybL1SLnw7/nestedSubPages/2JIZgWhm9jUkoNFmkY7R/quizzes/VN1Ns3W8Jo3kgHVmxMze"
"1.000","TEAS Reading Practice Test Set 8","TEAS Reading Practice Test Set 1","teas-reading-practice-test-set-8","teas-reading-practice-test-set-1","ATI TEAS 7 > ATI TEAS Reading Practice Test","ATI TEAS 7 > ATI TEAS Reading Practice Test","pillarPages/nursing-entrance-exam/subPages/yrdSf0KpOcuybL1SLnw7/nestedSubPages/2JIZgWhm9jUkoNFmkY7R/quizzes/KE4W8od6saoSm7hkp00V","pillarPages/nursing-entrance-exam/subPages/yrdSf0KpOcuybL1SLnw7/nestedSubPages/2JIZgWhm9jUkoNFmkY7R/quizzes/eNCAkl1f48I13l0ohsbL"
"1.000","TEAS Reading Practice Test Set 8","TEAS Reading Practice Test Set 14","teas-reading-practice-test-set-8","teas-reading-practice-test-set-14","ATI TEAS 7 > ATI TEAS Reading Practice Test","ATI TEAS 7 > ATI TEAS Reading Practice Test","pillarPages/nursing-entrance-exam/subPages/yrdSf0KpOcuybL1SLnw7/nestedSubPages/2JIZgWhm9jUkoNFmkY7R/quizzes/KE4W8od6saoSm7hkp00V","pillarPages/nursing-entrance-exam/subPages/yrdSf0KpOcuybL1SLnw7/nestedSubPages/2JIZgWhm9jUkoNFmkY7R/quizzes/fS0tPhwfWPmZ7p1qLhkC"
"1.000","TEAS Reading Practice Test Set 8","TEAS Reading Practice Test Set 3","teas-reading-practice-test-set-8","teas-reading-practice-test-set-3","ATI TEAS 7 > ATI TEAS Reading Practice Test","ATI TEAS 7 > ATI TEAS Reading Practice Test","pillarPages/nursing-entrance-exam/subPages/yrdSf0KpOcuybL1SLnw7/nestedSubPages/2JIZgWhm9jUkoNFmkY7R/quizzes/KE4W8od6saoSm7hkp00V","pillarPages/nursing-entrance-exam/subPages/yrdSf0KpOcuybL1SLnw7/nestedSubPages/2JIZgWhm9jUkoNFmkY7R/quizzes/kD4oQPOQqrEb3IzASVS1"
"1.000","TEAS Reading Practice Test Set 8","TEAS Reading Practice Test Set 11","teas-reading-practice-test-set-8","teas-reading-practice-test-set-11","ATI TEAS 7 > ATI TEAS Reading Practice Test","ATI TEAS 7 > ATI TEAS Reading Practice Test","pillarPages/nursing-entrance-exam/subPages/yrdSf0KpOcuybL1SLnw7/nestedSubPages/2JIZgWhm9jUkoNFmkY7R/quizzes/KE4W8od6saoSm7hkp00V","pillarPages/nursing-entrance-exam/subPages/yrdSf0KpOcuybL1SLnw7/nestedSubPages/2JIZgWhm9jUkoNFmkY7R/quizzes/mR7LVDa7EQWk5YBeAFsD"
"1.000","TEAS Reading Practice Test Set 8","TEAS Reading Practice Test Set 16","teas-reading-practice-test-set-8","teas-reading-practice-test-set-16","ATI TEAS 7 > ATI TEAS Reading Practice Test","ATI TEAS 7 > ATI TEAS Reading Practice Test","pillarPages/nursing-entrance-exam/subPages/yrdSf0KpOcuybL1SLnw7/nestedSubPages/2JIZgWhm9jUkoNFmkY7R/quizzes/KE4W8od6saoSm7hkp00V","pillarPages/nursing-entrance-exam/subPages/yrdSf0KpOcuybL1SLnw7/nestedSubPages/2JIZgWhm9jUkoNFmkY7R/quizzes/qdPBG0cUyM12WznCL1yH"
"1.000","TEAS Reading Practice Test Set 9","TEAS Reading Practice Test Set 1","teas-reading-practice-test-set-9","teas-reading-practice-test-set-1","ATI TEAS 7 > ATI TEAS Reading Practice Test","ATI TEAS 7 > ATI TEAS Reading Practice Test","pillarPages/nursing-entrance-exam/subPages/yrdSf0KpOcuybL1SLnw7/nestedSubPages/2JIZgWhm9jUkoNFmkY7R/quizzes/VN1Ns3W8Jo3kgHVmxMze","pillarPages/nursing-entrance-exam/subPages/yrdSf0KpOcuybL1SLnw7/nestedSubPages/2JIZgWhm9jUkoNFmkY7R/quizzes/eNCAkl1f48I13l0ohsbL"
"1.000","TEAS Reading Practice Test Set 9","TEAS Reading Practice Test Set 14","teas-reading-practice-test-set-9","teas-reading-practice-test-set-14","ATI TEAS 7 > ATI TEAS Reading Practice Test","ATI TEAS 7 > ATI TEAS Reading Practice Test","pillarPages/nursing-entrance-exam/subPages/yrdSf0KpOcuybL1SLnw7/nestedSubPages/2JIZgWhm9jUkoNFmkY7R/quizzes/VN1Ns3W8Jo3kgHVmxMze","pillarPages/nursing-entrance-exam/subPages/yrdSf0KpOcuybL1SLnw7/nestedSubPages/2JIZgWhm9jUkoNFmkY7R/quizzes/fS0tPhwfWPmZ7p1qLhkC"
"1.000","TEAS Reading Practice Test Set 9","TEAS Reading Practice Test Set 3","teas-reading-practice-test-set-9","teas-reading-practice-test-set-3","ATI TEAS 7 > ATI TEAS Reading Practice Test","ATI TEAS 7 > ATI TEAS Reading Practice Test","pillarPages/nursing-entrance-exam/subPages/yrdSf0KpOcuybL1SLnw7/nestedSubPages/2JIZgWhm9jUkoNFmkY7R/quizzes/VN1Ns3W8Jo3kgHVmxMze","pillarPages/nursing-entrance-exam/subPages/yrdSf0KpOcuybL1SLnw7/nestedSubPages/2JIZgWhm9jUkoNFmkY7R/quizzes/kD4oQPOQqrEb3IzASVS1"
"1.000","TEAS Reading Practice Test Set 9","TEAS Reading Practice Test Set 11","teas-reading-practice-test-set-9","teas-reading-practice-test-set-11","ATI TEAS 7 > ATI TEAS Reading Practice Test","ATI TEAS 7 > ATI TEAS Reading Practice Test","pillarPages/nursing-entrance-exam/subPages/yrdSf0KpOcuybL1SLnw7/nestedSubPages/2JIZgWhm9jUkoNFmkY7R/quizzes/VN1Ns3W8Jo3kgHVmxMze","pillarPages/nursing-entrance-exam/subPages/yrdSf0KpOcuybL1SLnw7/nestedSubPages/2JIZgWhm9jUkoNFmkY7R/quizzes/mR7LVDa7EQWk5YBeAFsD"
"1.000","TEAS Reading Practice Test Set 9","TEAS Reading Practice Test Set 16","teas-reading-practice-test-set-9","teas-reading-practice-test-set-16","ATI TEAS 7 > ATI TEAS Reading Practice Test","ATI TEAS 7 > ATI TEAS Reading Practice Test","pillarPages/nursing-entrance-exam/subPages/yrdSf0KpOcuybL1SLnw7/nestedSubPages/2JIZgWhm9jUkoNFmkY7R/quizzes/VN1Ns3W8Jo3kgHVmxMze","pillarPages/nursing-entrance-exam/subPages/yrdSf0KpOcuybL1SLnw7/nestedSubPages/2JIZgWhm9jUkoNFmkY7R/quizzes/qdPBG0cUyM12WznCL1yH"
"1.000","TEAS Science Practice Test Set 1","TEAS Science Practice Test Set 6","teas-science-practice-test-set-1","teas-science-practice-test-set-6","ATI TEAS 7 > ATI TEAS Science Practice Test","ATI TEAS 7 > ATI TEAS Science Practice Test","pillarPages/nursing-entrance-exam/subPages/yrdSf0KpOcuybL1SLnw7/nestedSubPages/uJVUx7wiwgxZ5HPJXNkV/quizzes/UvEuW1Z0fRO17XHXu1x2","pillarPages/nursing-entrance-exam/subPages/yrdSf0KpOcuybL1SLnw7/nestedSubPages/uJVUx7wiwgxZ5HPJXNkV/quizzes/XpcEyjkwv0v5BgqypxxZ"
"1.000","TEAS Science Practice Test Set 1","TEAS Science Practice Test Set 16","teas-science-practice-test-set-1","teas-science-practice-test-set-16","ATI TEAS 7 > ATI TEAS Science Practice Test","ATI TEAS 7 > ATI TEAS Science Practice Test","pillarPages/nursing-entrance-exam/subPages/yrdSf0KpOcuybL1SLnw7/nestedSubPages/uJVUx7wiwgxZ5HPJXNkV/quizzes/UvEuW1Z0fRO17XHXu1x2","pillarPages/nursing-entrance-exam/subPages/yrdSf0KpOcuybL1SLnw7/nestedSubPages/uJVUx7wiwgxZ5HPJXNkV/quizzes/ZbYXynRJRw9OmOPqbrnE"
"1.000","TEAS Science Practice Test Set 1","TEAS Science Practice Test Set 12","teas-science-practice-test-set-1","teas-science-practice-test-set-12","ATI TEAS 7 > ATI TEAS Science Practice Test","ATI TEAS 7 > ATI TEAS Science Practice Test","pillarPages/nursing-entrance-exam/subPages/yrdSf0KpOcuybL1SLnw7/nestedSubPages/uJVUx7wiwgxZ5HPJXNkV/quizzes/UvEuW1Z0fRO17XHXu1x2","pillarPages/nursing-entrance-exam/subPages/yrdSf0KpOcuybL1SLnw7/nestedSubPages/uJVUx7wiwgxZ5HPJXNkV/quizzes/blek3a3uvnkK43zakrtQ"
"1.000","TEAS Science Practice Test Set 1","TEAS Science Practice Test Set 7","teas-science-practice-test-set-1","teas-science-practice-test-set-7","ATI TEAS 7 > ATI TEAS Science Practice Test","ATI TEAS 7 > ATI TEAS Science Practice Test","pillarPages/nursing-entrance-exam/subPages/yrdSf0KpOcuybL1SLnw7/nestedSubPages/uJVUx7wiwgxZ5HPJXNkV/quizzes/UvEuW1Z0fRO17XHXu1x2","pillarPages/nursing-entrance-exam/subPages/yrdSf0KpOcuybL1SLnw7/nestedSubPages/uJVUx7wiwgxZ5HPJXNkV/quizzes/gtuKle3JV8tjfVgkJyUM"
"1.000","TEAS Science Practice Test Set 1","TEAS Science Practice Test Set 2","teas-science-practice-test-set-1","teas-science-practice-test-set-2","ATI TEAS 7 > ATI TEAS Science Practice Test","ATI TEAS 7 > ATI TEAS Science Practice Test","pillarPages/nursing-entrance-exam/subPages/yrdSf0KpOcuybL1SLnw7/nestedSubPages/uJVUx7wiwgxZ5HPJXNkV/quizzes/UvEuW1Z0fRO17XHXu1x2","pillarPages/nursing-entrance-exam/subPages/yrdSf0KpOcuybL1SLnw7/nestedSubPages/uJVUx7wiwgxZ5HPJXNkV/quizzes/uATEJmnYDUxhccUtLq5m"
"1.000","TEAS Science Practice Test Set 1","TEAS Science Practice Test Set 15","teas-science-practice-test-set-1","teas-science-practice-test-set-15","ATI TEAS 7 > ATI TEAS Science Practice Test","ATI TEAS 7 > ATI TEAS Science Practice Test","pillarPages/nursing-entrance-exam/subPages/yrdSf0KpOcuybL1SLnw7/nestedSubPages/uJVUx7wiwgxZ5HPJXNkV/quizzes/UvEuW1Z0fRO17XHXu1x2","pillarPages/nursing-entrance-exam/subPages/yrdSf0KpOcuybL1SLnw7/nestedSubPages/uJVUx7wiwgxZ5HPJXNkV/quizzes/uMOXcJU1m3JgCidP4eSJ"
"1.000","TEAS Science Practice Test Set 1","TEAS Science Practice Test Set 8","teas-science-practice-test-set-1","teas-science-practice-test-set-8","ATI TEAS 7 > ATI TEAS Science Practice Test","ATI TEAS 7 > ATI TEAS Science Practice Test","pillarPages/nursing-entrance-exam/subPages/yrdSf0KpOcuybL1SLnw7/nestedSubPages/uJVUx7wiwgxZ5HPJXNkV/quizzes/UvEuW1Z0fRO17XHXu1x2","pillarPages/nursing-entrance-exam/subPages/yrdSf0KpOcuybL1SLnw7/nestedSubPages/uJVUx7wiwgxZ5HPJXNkV/quizzes/umNkptw2XbbrjGNSsyt0"
"1.000","TEAS Science Practice Test Set 1","TEAS Science Practice Test Set 14","teas-science-practice-test-set-1","teas-science-practice-test-set-14","ATI TEAS 7 > ATI TEAS Science Practice Test","ATI TEAS 7 > ATI TEAS Science Practice Test","pillarPages/nursing-entrance-exam/subPages/yrdSf0KpOcuybL1SLnw7/nestedSubPages/uJVUx7wiwgxZ5HPJXNkV/quizzes/UvEuW1Z0fRO17XHXu1x2","pillarPages/nursing-entrance-exam/subPages/yrdSf0KpOcuybL1SLnw7/nestedSubPages/uJVUx7wiwgxZ5HPJXNkV/quizzes/ws1uYtDiQROAfJCXe0nY"
"1.000","TEAS Science Practice Test Set 10","TEAS Science Practice Test Set 11","teas-science-practice-test-set-10","teas-science-practice-test-set-11","ATI TEAS 7 > ATI TEAS Science Practice Test","ATI TEAS 7 > ATI TEAS Science Practice Test","pillarPages/nursing-entrance-exam/subPages/yrdSf0KpOcuybL1SLnw7/nestedSubPages/uJVUx7wiwgxZ5HPJXNkV/quizzes/ETBx9CBxxtElsMiUWr2r","pillarPages/nursing-entrance-exam/subPages/yrdSf0KpOcuybL1SLnw7/nestedSubPages/uJVUx7wiwgxZ5HPJXNkV/quizzes/NOu29y5q7Cm459xGO6J4"
"1.000","TEAS Science Practice Test Set 10","TEAS Science Practice Test Set 3","teas-science-practice-test-set-10","teas-science-practice-test-set-3","ATI TEAS 7 > ATI TEAS Science Practice Test","ATI TEAS 7 > ATI TEAS Science Practice Test","pillarPages/nursing-entrance-exam/subPages/yrdSf0KpOcuybL1SLnw7/nestedSubPages/uJVUx7wiwgxZ5HPJXNkV/quizzes/ETBx9CBxxtElsMiUWr2r","pillarPages/nursing-entrance-exam/subPages/yrdSf0KpOcuybL1SLnw7/nestedSubPages/uJVUx7wiwgxZ5HPJXNkV/quizzes/PZcRFfW9egi6tu4on6wi"
"1.000","TEAS Science Practice Test Set 10","TEAS Science Practice Test Set 1","teas-science-practice-test-set-10","teas-science-practice-test-set-1","ATI TEAS 7 > ATI TEAS Science Practice Test","ATI TEAS 7 > ATI TEAS Science Practice Test","pillarPages/nursing-entrance-exam/subPages/yrdSf0KpOcuybL1SLnw7/nestedSubPages/uJVUx7wiwgxZ5HPJXNkV/quizzes/ETBx9CBxxtElsMiUWr2r","pillarPages/nursing-entrance-exam/subPages/yrdSf0KpOcuybL1SLnw7/nestedSubPages/uJVUx7wiwgxZ5HPJXNkV/quizzes/UvEuW1Z0fRO17XHXu1x2"
"1.000","TEAS Science Practice Test Set 10","TEAS Science Practice Test Set 6","teas-science-practice-test-set-10","teas-science-practice-test-set-6","ATI TEAS 7 > ATI TEAS Science Practice Test","ATI TEAS 7 > ATI TEAS Science Practice Test","pillarPages/nursing-entrance-exam/subPages/yrdSf0KpOcuybL1SLnw7/nestedSubPages/uJVUx7wiwgxZ5HPJXNkV/quizzes/ETBx9CBxxtElsMiUWr2r","pillarPages/nursing-entrance-exam/subPages/yrdSf0KpOcuybL1SLnw7/nestedSubPages/uJVUx7wiwgxZ5HPJXNkV/quizzes/XpcEyjkwv0v5BgqypxxZ"
"1.000","TEAS Science Practice Test Set 10","TEAS Science Practice Test Set 16","teas-science-practice-test-set-10","teas-science-practice-test-set-16","ATI TEAS 7 > ATI TEAS Science Practice Test","ATI TEAS 7 > ATI TEAS Science Practice Test","pillarPages/nursing-entrance-exam/subPages/yrdSf0KpOcuybL1SLnw7/nestedSubPages/uJVUx7wiwgxZ5HPJXNkV/quizzes/ETBx9CBxxtElsMiUWr2r","pillarPages/nursing-entrance-exam/subPages/yrdSf0KpOcuybL1SLnw7/nestedSubPages/uJVUx7wiwgxZ5HPJXNkV/quizzes/ZbYXynRJRw9OmOPqbrnE"
"1.000","TEAS Science Practice Test Set 10","TEAS Science Practice Test Set 12","teas-science-practice-test-set-10","teas-science-practice-test-set-12","ATI TEAS 7 > ATI TEAS Science Practice Test","ATI TEAS 7 > ATI TEAS Science Practice Test","pillarPages/nursing-entrance-exam/subPages/yrdSf0KpOcuybL1SLnw7/nestedSubPages/uJVUx7wiwgxZ5HPJXNkV/quizzes/ETBx9CBxxtElsMiUWr2r","pillarPages/nursing-entrance-exam/subPages/yrdSf0KpOcuybL1SLnw7/nestedSubPages/uJVUx7wiwgxZ5HPJXNkV/quizzes/blek3a3uvnkK43zakrtQ"
"1.000","TEAS Science Practice Test Set 10","TEAS Science Practice Test Set 7","teas-science-practice-test-set-10","teas-science-practice-test-set-7","ATI TEAS 7 > ATI TEAS Science Practice Test","ATI TEAS 7 > ATI TEAS Science Practice Test","pillarPages/nursing-entrance-exam/subPages/yrdSf0KpOcuybL1SLnw7/nestedSubPages/uJVUx7wiwgxZ5HPJXNkV/quizzes/ETBx9CBxxtElsMiUWr2r","pillarPages/nursing-entrance-exam/subPages/yrdSf0KpOcuybL1SLnw7/nestedSubPages/uJVUx7wiwgxZ5HPJXNkV/quizzes/gtuKle3JV8tjfVgkJyUM"
"1.000","TEAS Science Practice Test Set 10","TEAS Science Practice Test Set 2","teas-science-practice-test-set-10","teas-science-practice-test-set-2","ATI TEAS 7 > ATI TEAS Science Practice Test","ATI TEAS 7 > ATI TEAS Science Practice Test","pillarPages/nursing-entrance-exam/subPages/yrdSf0KpOcuybL1SLnw7/nestedSubPages/uJVUx7wiwgxZ5HPJXNkV/quizzes/ETBx9CBxxtElsMiUWr2r","pillarPages/nursing-entrance-exam/subPages/yrdSf0KpOcuybL1SLnw7/nestedSubPages/uJVUx7wiwgxZ5HPJXNkV/quizzes/uATEJmnYDUxhccUtLq5m"
"1.000","TEAS Science Practice Test Set 10","TEAS Science Practice Test Set 15","teas-science-practice-test-set-10","teas-science-practice-test-set-15","ATI TEAS 7 > ATI TEAS Science Practice Test","ATI TEAS 7 > ATI TEAS Science Practice Test","pillarPages/nursing-entrance-exam/subPages/yrdSf0KpOcuybL1SLnw7/nestedSubPages/uJVUx7wiwgxZ5HPJXNkV/quizzes/ETBx9CBxxtElsMiUWr2r","pillarPages/nursing-entrance-exam/subPages/yrdSf0KpOcuybL1SLnw7/nestedSubPages/uJVUx7wiwgxZ5HPJXNkV/quizzes/uMOXcJU1m3JgCidP4eSJ"
"1.000","TEAS Science Practice Test Set 10","TEAS Science Practice Test Set 8","teas-science-practice-test-set-10","teas-science-practice-test-set-8","ATI TEAS 7 > ATI TEAS Science Practice Test","ATI TEAS 7 > ATI TEAS Science Practice Test","pillarPages/nursing-entrance-exam/subPages/yrdSf0KpOcuybL1SLnw7/nestedSubPages/uJVUx7wiwgxZ5HPJXNkV/quizzes/ETBx9CBxxtElsMiUWr2r","pillarPages/nursing-entrance-exam/subPages/yrdSf0KpOcuybL1SLnw7/nestedSubPages/uJVUx7wiwgxZ5HPJXNkV/quizzes/umNkptw2XbbrjGNSsyt0"
"1.000","TEAS Science Practice Test Set 10","TEAS Science Practice Test Set 14","teas-science-practice-test-set-10","teas-science-practice-test-set-14","ATI TEAS 7 > ATI TEAS Science Practice Test","ATI TEAS 7 > ATI TEAS Science Practice Test","pillarPages/nursing-entrance-exam/subPages/yrdSf0KpOcuybL1SLnw7/nestedSubPages/uJVUx7wiwgxZ5HPJXNkV/quizzes/ETBx9CBxxtElsMiUWr2r","pillarPages/nursing-entrance-exam/subPages/yrdSf0KpOcuybL1SLnw7/nestedSubPages/uJVUx7wiwgxZ5HPJXNkV/quizzes/ws1uYtDiQROAfJCXe0nY"
"1.000","TEAS Science Practice Test Set 11","TEAS Science Practice Test Set 3","teas-science-practice-test-set-11","teas-science-practice-test-set-3","ATI TEAS 7 > ATI TEAS Science Practice Test","ATI TEAS 7 > ATI TEAS Science Practice Test","pillarPages/nursing-entrance-exam/subPages/yrdSf0KpOcuybL1SLnw7/nestedSubPages/uJVUx7wiwgxZ5HPJXNkV/quizzes/NOu29y5q7Cm459xGO6J4","pillarPages/nursing-entrance-exam/subPages/yrdSf0KpOcuybL1SLnw7/nestedSubPages/uJVUx7wiwgxZ5HPJXNkV/quizzes/PZcRFfW9egi6tu4on6wi"
"1.000","TEAS Science Practice Test Set 11","TEAS Science Practice Test Set 1","teas-science-practice-test-set-11","teas-science-practice-test-set-1","ATI TEAS 7 > ATI TEAS Science Practice Test","ATI TEAS 7 > ATI TEAS Science Practice Test","pillarPages/nursing-entrance-exam/subPages/yrdSf0KpOcuybL1SLnw7/nestedSubPages/uJVUx7wiwgxZ5HPJXNkV/quizzes/NOu29y5q7Cm459xGO6J4","pillarPages/nursing-entrance-exam/subPages/yrdSf0KpOcuybL1SLnw7/nestedSubPages/uJVUx7wiwgxZ5HPJXNkV/quizzes/UvEuW1Z0fRO17XHXu1x2"
"1.000","TEAS Science Practice Test Set 11","TEAS Science Practice Test Set 6","teas-science-practice-test-set-11","teas-science-practice-test-set-6","ATI TEAS 7 > ATI TEAS Science Practice Test","ATI TEAS 7 > ATI TEAS Science Practice Test","pillarPages/nursing-entrance-exam/subPages/yrdSf0KpOcuybL1SLnw7/nestedSubPages/uJVUx7wiwgxZ5HPJXNkV/quizzes/NOu29y5q7Cm459xGO6J4","pillarPages/nursing-entrance-exam/subPages/yrdSf0KpOcuybL1SLnw7/nestedSubPages/uJVUx7wiwgxZ5HPJXNkV/quizzes/XpcEyjkwv0v5BgqypxxZ"
"1.000","TEAS Science Practice Test Set 11","TEAS Science Practice Test Set 16","teas-science-practice-test-set-11","teas-science-practice-test-set-16","ATI TEAS 7 > ATI TEAS Science Practice Test","ATI TEAS 7 > ATI TEAS Science Practice Test","pillarPages/nursing-entrance-exam/subPages/yrdSf0KpOcuybL1SLnw7/nestedSubPages/uJVUx7wiwgxZ5HPJXNkV/quizzes/NOu29y5q7Cm459xGO6J4","pillarPages/nursing-entrance-exam/subPages/yrdSf0KpOcuybL1SLnw7/nestedSubPages/uJVUx7wiwgxZ5HPJXNkV/quizzes/ZbYXynRJRw9OmOPqbrnE"
"1.000","TEAS Science Practice Test Set 11","TEAS Science Practice Test Set 12","teas-science-practice-test-set-11","teas-science-practice-test-set-12","ATI TEAS 7 > ATI TEAS Science Practice Test","ATI TEAS 7 > ATI TEAS Science Practice Test","pillarPages/nursing-entrance-exam/subPages/yrdSf0KpOcuybL1SLnw7/nestedSubPages/uJVUx7wiwgxZ5HPJXNkV/quizzes/NOu29y5q7Cm459xGO6J4","pillarPages/nursing-entrance-exam/subPages/yrdSf0KpOcuybL1SLnw7/nestedSubPages/uJVUx7wiwgxZ5HPJXNkV/quizzes/blek3a3uvnkK43zakrtQ"
"1.000","TEAS Science Practice Test Set 11","TEAS Science Practice Test Set 7","teas-science-practice-test-set-11","teas-science-practice-test-set-7","ATI TEAS 7 > ATI TEAS Science Practice Test","ATI TEAS 7 > ATI TEAS Science Practice Test","pillarPages/nursing-entrance-exam/subPages/yrdSf0KpOcuybL1SLnw7/nestedSubPages/uJVUx7wiwgxZ5HPJXNkV/quizzes/NOu29y5q7Cm459xGO6J4","pillarPages/nursing-entrance-exam/subPages/yrdSf0KpOcuybL1SLnw7/nestedSubPages/uJVUx7wiwgxZ5HPJXNkV/quizzes/gtuKle3JV8tjfVgkJyUM"
"1.000","TEAS Science Practice Test Set 11","TEAS Science Practice Test Set 2","teas-science-practice-test-set-11","teas-science-practice-test-set-2","ATI TEAS 7 > ATI TEAS Science Practice Test","ATI TEAS 7 > ATI TEAS Science Practice Test","pillarPages/nursing-entrance-exam/subPages/yrdSf0KpOcuybL1SLnw7/nestedSubPages/uJVUx7wiwgxZ5HPJXNkV/quizzes/NOu29y5q7Cm459xGO6J4","pillarPages/nursing-entrance-exam/subPages/yrdSf0KpOcuybL1SLnw7/nestedSubPages/uJVUx7wiwgxZ5HPJXNkV/quizzes/uATEJmnYDUxhccUtLq5m"
"1.000","TEAS Science Practice Test Set 11","TEAS Science Practice Test Set 15","teas-science-practice-test-set-11","teas-science-practice-test-set-15","ATI TEAS 7 > ATI TEAS Science Practice Test","ATI TEAS 7 > ATI TEAS Science Practice Test","pillarPages/nursing-entrance-exam/subPages/yrdSf0KpOcuybL1SLnw7/nestedSubPages/uJVUx7wiwgxZ5HPJXNkV/quizzes/NOu29y5q7Cm459xGO6J4","pillarPages/nursing-entrance-exam/subPages/yrdSf0KpOcuybL1SLnw7/nestedSubPages/uJVUx7wiwgxZ5HPJXNkV/quizzes/uMOXcJU1m3JgCidP4eSJ"
"1.000","TEAS Science Practice Test Set 11","TEAS Science Practice Test Set 8","teas-science-practice-test-set-11","teas-science-practice-test-set-8","ATI TEAS 7 > ATI TEAS Science Practice Test","ATI TEAS 7 > ATI TEAS Science Practice Test","pillarPages/nursing-entrance-exam/subPages/yrdSf0KpOcuybL1SLnw7/nestedSubPages/uJVUx7wiwgxZ5HPJXNkV/quizzes/NOu29y5q7Cm459xGO6J4","pillarPages/nursing-entrance-exam/subPages/yrdSf0KpOcuybL1SLnw7/nestedSubPages/uJVUx7wiwgxZ5HPJXNkV/quizzes/umNkptw2XbbrjGNSsyt0"
"1.000","TEAS Science Practice Test Set 11","TEAS Science Practice Test Set 14","teas-science-practice-test-set-11","teas-science-practice-test-set-14","ATI TEAS 7 > ATI TEAS Science Practice Test","ATI TEAS 7 > ATI TEAS Science Practice Test","pillarPages/nursing-entrance-exam/subPages/yrdSf0KpOcuybL1SLnw7/nestedSubPages/uJVUx7wiwgxZ5HPJXNkV/quizzes/NOu29y5q7Cm459xGO6J4","pillarPages/nursing-entrance-exam/subPages/yrdSf0KpOcuybL1SLnw7/nestedSubPages/uJVUx7wiwgxZ5HPJXNkV/quizzes/ws1uYtDiQROAfJCXe0nY"
"1.000","TEAS Science Practice Test Set 12","TEAS Science Practice Test Set 7","teas-science-practice-test-set-12","teas-science-practice-test-set-7","ATI TEAS 7 > ATI TEAS Science Practice Test","ATI TEAS 7 > ATI TEAS Science Practice Test","pillarPages/nursing-entrance-exam/subPages/yrdSf0KpOcuybL1SLnw7/nestedSubPages/uJVUx7wiwgxZ5HPJXNkV/quizzes/blek3a3uvnkK43zakrtQ","pillarPages/nursing-entrance-exam/subPages/yrdSf0KpOcuybL1SLnw7/nestedSubPages/uJVUx7wiwgxZ5HPJXNkV/quizzes/gtuKle3JV8tjfVgkJyUM"
"1.000","TEAS Science Practice Test Set 12","TEAS Science Practice Test Set 2","teas-science-practice-test-set-12","teas-science-practice-test-set-2","ATI TEAS 7 > ATI TEAS Science Practice Test","ATI TEAS 7 > ATI TEAS Science Practice Test","pillarPages/nursing-entrance-exam/subPages/yrdSf0KpOcuybL1SLnw7/nestedSubPages/uJVUx7wiwgxZ5HPJXNkV/quizzes/blek3a3uvnkK43zakrtQ","pillarPages/nursing-entrance-exam/subPages/yrdSf0KpOcuybL1SLnw7/nestedSubPages/uJVUx7wiwgxZ5HPJXNkV/quizzes/uATEJmnYDUxhccUtLq5m"
"1.000","TEAS Science Practice Test Set 12","TEAS Science Practice Test Set 15","teas-science-practice-test-set-12","teas-science-practice-test-set-15","ATI TEAS 7 > ATI TEAS Science Practice Test","ATI TEAS 7 > ATI TEAS Science Practice Test","pillarPages/nursing-entrance-exam/subPages/yrdSf0KpOcuybL1SLnw7/nestedSubPages/uJVUx7wiwgxZ5HPJXNkV/quizzes/blek3a3uvnkK43zakrtQ","pillarPages/nursing-entrance-exam/subPages/yrdSf0KpOcuybL1SLnw7/nestedSubPages/uJVUx7wiwgxZ5HPJXNkV/quizzes/uMOXcJU1m3JgCidP4eSJ"
"1.000","TEAS Science Practice Test Set 12","TEAS Science Practice Test Set 8","teas-science-practice-test-set-12","teas-science-practice-test-set-8","ATI TEAS 7 > ATI TEAS Science Practice Test","ATI TEAS 7 > ATI TEAS Science Practice Test","pillarPages/nursing-entrance-exam/subPages/yrdSf0KpOcuybL1SLnw7/nestedSubPages/uJVUx7wiwgxZ5HPJXNkV/quizzes/blek3a3uvnkK43zakrtQ","pillarPages/nursing-entrance-exam/subPages/yrdSf0KpOcuybL1SLnw7/nestedSubPages/uJVUx7wiwgxZ5HPJXNkV/quizzes/umNkptw2XbbrjGNSsyt0"
"1.000","TEAS Science Practice Test Set 12","TEAS Science Practice Test Set 14","teas-science-practice-test-set-12","teas-science-practice-test-set-14","ATI TEAS 7 > ATI TEAS Science Practice Test","ATI TEAS 7 > ATI TEAS Science Practice Test","pillarPages/nursing-entrance-exam/subPages/yrdSf0KpOcuybL1SLnw7/nestedSubPages/uJVUx7wiwgxZ5HPJXNkV/quizzes/blek3a3uvnkK43zakrtQ","pillarPages/nursing-entrance-exam/subPages/yrdSf0KpOcuybL1SLnw7/nestedSubPages/uJVUx7wiwgxZ5HPJXNkV/quizzes/ws1uYtDiQROAfJCXe0nY"
"1.000","TEAS Science Practice Test Set 13","TEAS Science Practice Test Set 9","teas-science-practice-test-set-13","teas-science-practice-test-set-9","ATI TEAS 7 > ATI TEAS Science Practice Test","ATI TEAS 7 > ATI TEAS Science Practice Test","pillarPages/nursing-entrance-exam/subPages/yrdSf0KpOcuybL1SLnw7/nestedSubPages/uJVUx7wiwgxZ5HPJXNkV/quizzes/0M5GAnL3YfFymcZ97W1d","pillarPages/nursing-entrance-exam/subPages/yrdSf0KpOcuybL1SLnw7/nestedSubPages/uJVUx7wiwgxZ5HPJXNkV/quizzes/5Vp0mXJvZRYH8qzeugav"
"1.000","TEAS Science Practice Test Set 13","TEAS Science Practice Test Set 10","teas-science-practice-test-set-13","teas-science-practice-test-set-10","ATI TEAS 7 > ATI TEAS Science Practice Test","ATI TEAS 7 > ATI TEAS Science Practice Test","pillarPages/nursing-entrance-exam/subPages/yrdSf0KpOcuybL1SLnw7/nestedSubPages/uJVUx7wiwgxZ5HPJXNkV/quizzes/0M5GAnL3YfFymcZ97W1d","pillarPages/nursing-entrance-exam/subPages/yrdSf0KpOcuybL1SLnw7/nestedSubPages/uJVUx7wiwgxZ5HPJXNkV/quizzes/ETBx9CBxxtElsMiUWr2r"
"1.000","TEAS Science Practice Test Set 13","TEAS Science Practice Test Set 11","teas-science-practice-test-set-13","teas-science-practice-test-set-11","ATI TEAS 7 > ATI TEAS Science Practice Test","ATI TEAS 7 > ATI TEAS Science Practice Test","pillarPages/nursing-entrance-exam/subPages/yrdSf0KpOcuybL1SLnw7/nestedSubPages/uJVUx7wiwgxZ5HPJXNkV/quizzes/0M5GAnL3YfFymcZ97W1d","pillarPages/nursing-entrance-exam/subPages/yrdSf0KpOcuybL1SLnw7/nestedSubPages/uJVUx7wiwgxZ5HPJXNkV/quizzes/NOu29y5q7Cm459xGO6J4"
"1.000","TEAS Science Practice Test Set 13","TEAS Science Practice Test Set 3","teas-science-practice-test-set-13","teas-science-practice-test-set-3","ATI TEAS 7 > ATI TEAS Science Practice Test","ATI TEAS 7 > ATI TEAS Science Practice Test","pillarPages/nursing-entrance-exam/subPages/yrdSf0KpOcuybL1SLnw7/nestedSubPages/uJVUx7wiwgxZ5HPJXNkV/quizzes/0M5GAnL3YfFymcZ97W1d","pillarPages/nursing-entrance-exam/subPages/yrdSf0KpOcuybL1SLnw7/nestedSubPages/uJVUx7wiwgxZ5HPJXNkV/quizzes/PZcRFfW9egi6tu4on6wi"
"1.000","TEAS Science Practice Test Set 13","TEAS Science Practice Test Set 1","teas-science-practice-test-set-13","teas-science-practice-test-set-1","ATI TEAS 7 > ATI TEAS Science Practice Test","ATI TEAS 7 > ATI TEAS Science Practice Test","pillarPages/nursing-entrance-exam/subPages/yrdSf0KpOcuybL1SLnw7/nestedSubPages/uJVUx7wiwgxZ5HPJXNkV/quizzes/0M5GAnL3YfFymcZ97W1d","pillarPages/nursing-entrance-exam/subPages/yrdSf0KpOcuybL1SLnw7/nestedSubPages/uJVUx7wiwgxZ5HPJXNkV/quizzes/UvEuW1Z0fRO17XHXu1x2"
"1.000","TEAS Science Practice Test Set 13","TEAS Science Practice Test Set 6","teas-science-practice-test-set-13","teas-science-practice-test-set-6","ATI TEAS 7 > ATI TEAS Science Practice Test","ATI TEAS 7 > ATI TEAS Science Practice Test","pillarPages/nursing-entrance-exam/subPages/yrdSf0KpOcuybL1SLnw7/nestedSubPages/uJVUx7wiwgxZ5HPJXNkV/quizzes/0M5GAnL3YfFymcZ97W1d","pillarPages/nursing-entrance-exam/subPages/yrdSf0KpOcuybL1SLnw7/nestedSubPages/uJVUx7wiwgxZ5HPJXNkV/quizzes/XpcEyjkwv0v5BgqypxxZ"
"1.000","TEAS Science Practice Test Set 13","TEAS Science Practice Test Set 16","teas-science-practice-test-set-13","teas-science-practice-test-set-16","ATI TEAS 7 > ATI TEAS Science Practice Test","ATI TEAS 7 > ATI TEAS Science Practice Test","pillarPages/nursing-entrance-exam/subPages/yrdSf0KpOcuybL1SLnw7/nestedSubPages/uJVUx7wiwgxZ5HPJXNkV/quizzes/0M5GAnL3YfFymcZ97W1d","pillarPages/nursing-entrance-exam/subPages/yrdSf0KpOcuybL1SLnw7/nestedSubPages/uJVUx7wiwgxZ5HPJXNkV/quizzes/ZbYXynRJRw9OmOPqbrnE"
"1.000","TEAS Science Practice Test Set 13","TEAS Science Practice Test Set 12","teas-science-practice-test-set-13","teas-science-practice-test-set-12","ATI TEAS 7 > ATI TEAS Science Practice Test","ATI TEAS 7 > ATI TEAS Science Practice Test","pillarPages/nursing-entrance-exam/subPages/yrdSf0KpOcuybL1SLnw7/nestedSubPages/uJVUx7wiwgxZ5HPJXNkV/quizzes/0M5GAnL3YfFymcZ97W1d","pillarPages/nursing-entrance-exam/subPages/yrdSf0KpOcuybL1SLnw7/nestedSubPages/uJVUx7wiwgxZ5HPJXNkV/quizzes/blek3a3uvnkK43zakrtQ"
"1.000","TEAS Science Practice Test Set 13","TEAS Science Practice Test Set 7","teas-science-practice-test-set-13","teas-science-practice-test-set-7","ATI TEAS 7 > ATI TEAS Science Practice Test","ATI TEAS 7 > ATI TEAS Science Practice Test","pillarPages/nursing-entrance-exam/subPages/yrdSf0KpOcuybL1SLnw7/nestedSubPages/uJVUx7wiwgxZ5HPJXNkV/quizzes/0M5GAnL3YfFymcZ97W1d","pillarPages/nursing-entrance-exam/subPages/yrdSf0KpOcuybL1SLnw7/nestedSubPages/uJVUx7wiwgxZ5HPJXNkV/quizzes/gtuKle3JV8tjfVgkJyUM"
"1.000","TEAS Science Practice Test Set 13","TEAS Science Practice Test Set 2","teas-science-practice-test-set-13","teas-science-practice-test-set-2","ATI TEAS 7 > ATI TEAS Science Practice Test","ATI TEAS 7 > ATI TEAS Science Practice Test","pillarPages/nursing-entrance-exam/subPages/yrdSf0KpOcuybL1SLnw7/nestedSubPages/uJVUx7wiwgxZ5HPJXNkV/quizzes/0M5GAnL3YfFymcZ97W1d","pillarPages/nursing-entrance-exam/subPages/yrdSf0KpOcuybL1SLnw7/nestedSubPages/uJVUx7wiwgxZ5HPJXNkV/quizzes/uATEJmnYDUxhccUtLq5m"
"1.000","TEAS Science Practice Test Set 13","TEAS Science Practice Test Set 15","teas-science-practice-test-set-13","teas-science-practice-test-set-15","ATI TEAS 7 > ATI TEAS Science Practice Test","ATI TEAS 7 > ATI TEAS Science Practice Test","pillarPages/nursing-entrance-exam/subPages/yrdSf0KpOcuybL1SLnw7/nestedSubPages/uJVUx7wiwgxZ5HPJXNkV/quizzes/0M5GAnL3YfFymcZ97W1d","pillarPages/nursing-entrance-exam/subPages/yrdSf0KpOcuybL1SLnw7/nestedSubPages/uJVUx7wiwgxZ5HPJXNkV/quizzes/uMOXcJU1m3JgCidP4eSJ"
"1.000","TEAS Science Practice Test Set 13","TEAS Science Practice Test Set 8","teas-science-practice-test-set-13","teas-science-practice-test-set-8","ATI TEAS 7 > ATI TEAS Science Practice Test","ATI TEAS 7 > ATI TEAS Science Practice Test","pillarPages/nursing-entrance-exam/subPages/yrdSf0KpOcuybL1SLnw7/nestedSubPages/uJVUx7wiwgxZ5HPJXNkV/quizzes/0M5GAnL3YfFymcZ97W1d","pillarPages/nursing-entrance-exam/subPages/yrdSf0KpOcuybL1SLnw7/nestedSubPages/uJVUx7wiwgxZ5HPJXNkV/quizzes/umNkptw2XbbrjGNSsyt0"
"1.000","TEAS Science Practice Test Set 13","TEAS Science Practice Test Set 14","teas-science-practice-test-set-13","teas-science-practice-test-set-14","ATI TEAS 7 > ATI TEAS Science Practice Test","ATI TEAS 7 > ATI TEAS Science Practice Test","pillarPages/nursing-entrance-exam/subPages/yrdSf0KpOcuybL1SLnw7/nestedSubPages/uJVUx7wiwgxZ5HPJXNkV/quizzes/0M5GAnL3YfFymcZ97W1d","pillarPages/nursing-entrance-exam/subPages/yrdSf0KpOcuybL1SLnw7/nestedSubPages/uJVUx7wiwgxZ5HPJXNkV/quizzes/ws1uYtDiQROAfJCXe0nY"
"1.000","TEAS Science Practice Test Set 15","TEAS Science Practice Test Set 8","teas-science-practice-test-set-15","teas-science-practice-test-set-8","ATI TEAS 7 > ATI TEAS Science Practice Test","ATI TEAS 7 > ATI TEAS Science Practice Test","pillarPages/nursing-entrance-exam/subPages/yrdSf0KpOcuybL1SLnw7/nestedSubPages/uJVUx7wiwgxZ5HPJXNkV/quizzes/uMOXcJU1m3JgCidP4eSJ","pillarPages/nursing-entrance-exam/subPages/yrdSf0KpOcuybL1SLnw7/nestedSubPages/uJVUx7wiwgxZ5HPJXNkV/quizzes/umNkptw2XbbrjGNSsyt0"
"1.000","TEAS Science Practice Test Set 15","TEAS Science Practice Test Set 14","teas-science-practice-test-set-15","teas-science-practice-test-set-14","ATI TEAS 7 > ATI TEAS Science Practice Test","ATI TEAS 7 > ATI TEAS Science Practice Test","pillarPages/nursing-entrance-exam/subPages/yrdSf0KpOcuybL1SLnw7/nestedSubPages/uJVUx7wiwgxZ5HPJXNkV/quizzes/uMOXcJU1m3JgCidP4eSJ","pillarPages/nursing-entrance-exam/subPages/yrdSf0KpOcuybL1SLnw7/nestedSubPages/uJVUx7wiwgxZ5HPJXNkV/quizzes/ws1uYtDiQROAfJCXe0nY"
"1.000","TEAS Science Practice Test Set 16","TEAS Science Practice Test Set 12","teas-science-practice-test-set-16","teas-science-practice-test-set-12","ATI TEAS 7 > ATI TEAS Science Practice Test","ATI TEAS 7 > ATI TEAS Science Practice Test","pillarPages/nursing-entrance-exam/subPages/yrdSf0KpOcuybL1SLnw7/nestedSubPages/uJVUx7wiwgxZ5HPJXNkV/quizzes/ZbYXynRJRw9OmOPqbrnE","pillarPages/nursing-entrance-exam/subPages/yrdSf0KpOcuybL1SLnw7/nestedSubPages/uJVUx7wiwgxZ5HPJXNkV/quizzes/blek3a3uvnkK43zakrtQ"
"1.000","TEAS Science Practice Test Set 16","TEAS Science Practice Test Set 7","teas-science-practice-test-set-16","teas-science-practice-test-set-7","ATI TEAS 7 > ATI TEAS Science Practice Test","ATI TEAS 7 > ATI TEAS Science Practice Test","pillarPages/nursing-entrance-exam/subPages/yrdSf0KpOcuybL1SLnw7/nestedSubPages/uJVUx7wiwgxZ5HPJXNkV/quizzes/ZbYXynRJRw9OmOPqbrnE","pillarPages/nursing-entrance-exam/subPages/yrdSf0KpOcuybL1SLnw7/nestedSubPages/uJVUx7wiwgxZ5HPJXNkV/quizzes/gtuKle3JV8tjfVgkJyUM"
"1.000","TEAS Science Practice Test Set 16","TEAS Science Practice Test Set 2","teas-science-practice-test-set-16","teas-science-practice-test-set-2","ATI TEAS 7 > ATI TEAS Science Practice Test","ATI TEAS 7 > ATI TEAS Science Practice Test","pillarPages/nursing-entrance-exam/subPages/yrdSf0KpOcuybL1SLnw7/nestedSubPages/uJVUx7wiwgxZ5HPJXNkV/quizzes/ZbYXynRJRw9OmOPqbrnE","pillarPages/nursing-entrance-exam/subPages/yrdSf0KpOcuybL1SLnw7/nestedSubPages/uJVUx7wiwgxZ5HPJXNkV/quizzes/uATEJmnYDUxhccUtLq5m"
"1.000","TEAS Science Practice Test Set 16","TEAS Science Practice Test Set 15","teas-science-practice-test-set-16","teas-science-practice-test-set-15","ATI TEAS 7 > ATI TEAS Science Practice Test","ATI TEAS 7 > ATI TEAS Science Practice Test","pillarPages/nursing-entrance-exam/subPages/yrdSf0KpOcuybL1SLnw7/nestedSubPages/uJVUx7wiwgxZ5HPJXNkV/quizzes/ZbYXynRJRw9OmOPqbrnE","pillarPages/nursing-entrance-exam/subPages/yrdSf0KpOcuybL1SLnw7/nestedSubPages/uJVUx7wiwgxZ5HPJXNkV/quizzes/uMOXcJU1m3JgCidP4eSJ"
"1.000","TEAS Science Practice Test Set 16","TEAS Science Practice Test Set 8","teas-science-practice-test-set-16","teas-science-practice-test-set-8","ATI TEAS 7 > ATI TEAS Science Practice Test","ATI TEAS 7 > ATI TEAS Science Practice Test","pillarPages/nursing-entrance-exam/subPages/yrdSf0KpOcuybL1SLnw7/nestedSubPages/uJVUx7wiwgxZ5HPJXNkV/quizzes/ZbYXynRJRw9OmOPqbrnE","pillarPages/nursing-entrance-exam/subPages/yrdSf0KpOcuybL1SLnw7/nestedSubPages/uJVUx7wiwgxZ5HPJXNkV/quizzes/umNkptw2XbbrjGNSsyt0"
"1.000","TEAS Science Practice Test Set 16","TEAS Science Practice Test Set 14","teas-science-practice-test-set-16","teas-science-practice-test-set-14","ATI TEAS 7 > ATI TEAS Science Practice Test","ATI TEAS 7 > ATI TEAS Science Practice Test","pillarPages/nursing-entrance-exam/subPages/yrdSf0KpOcuybL1SLnw7/nestedSubPages/uJVUx7wiwgxZ5HPJXNkV/quizzes/ZbYXynRJRw9OmOPqbrnE","pillarPages/nursing-entrance-exam/subPages/yrdSf0KpOcuybL1SLnw7/nestedSubPages/uJVUx7wiwgxZ5HPJXNkV/quizzes/ws1uYtDiQROAfJCXe0nY"
"1.000","TEAS Science Practice Test Set 2","TEAS Science Practice Test Set 15","teas-science-practice-test-set-2","teas-science-practice-test-set-15","ATI TEAS 7 > ATI TEAS Science Practice Test","ATI TEAS 7 > ATI TEAS Science Practice Test","pillarPages/nursing-entrance-exam/subPages/yrdSf0KpOcuybL1SLnw7/nestedSubPages/uJVUx7wiwgxZ5HPJXNkV/quizzes/uATEJmnYDUxhccUtLq5m","pillarPages/nursing-entrance-exam/subPages/yrdSf0KpOcuybL1SLnw7/nestedSubPages/uJVUx7wiwgxZ5HPJXNkV/quizzes/uMOXcJU1m3JgCidP4eSJ"
"1.000","TEAS Science Practice Test Set 2","TEAS Science Practice Test Set 8","teas-science-practice-test-set-2","teas-science-practice-test-set-8","ATI TEAS 7 > ATI TEAS Science Practice Test","ATI TEAS 7 > ATI TEAS Science Practice Test","pillarPages/nursing-entrance-exam/subPages/yrdSf0KpOcuybL1SLnw7/nestedSubPages/uJVUx7wiwgxZ5HPJXNkV/quizzes/uATEJmnYDUxhccUtLq5m","pillarPages/nursing-entrance-exam/subPages/yrdSf0KpOcuybL1SLnw7/nestedSubPages/uJVUx7wiwgxZ5HPJXNkV/quizzes/umNkptw2XbbrjGNSsyt0"
"1.000","TEAS Science Practice Test Set 2","TEAS Science Practice Test Set 14","teas-science-practice-test-set-2","teas-science-practice-test-set-14","ATI TEAS 7 > ATI TEAS Science Practice Test","ATI TEAS 7 > ATI TEAS Science Practice Test","pillarPages/nursing-entrance-exam/subPages/yrdSf0KpOcuybL1SLnw7/nestedSubPages/uJVUx7wiwgxZ5HPJXNkV/quizzes/uATEJmnYDUxhccUtLq5m","pillarPages/nursing-entrance-exam/subPages/yrdSf0KpOcuybL1SLnw7/nestedSubPages/uJVUx7wiwgxZ5HPJXNkV/quizzes/ws1uYtDiQROAfJCXe0nY"
"1.000","TEAS Science Practice Test Set 3","TEAS Science Practice Test Set 1","teas-science-practice-test-set-3","teas-science-practice-test-set-1","ATI TEAS 7 > ATI TEAS Science Practice Test","ATI TEAS 7 > ATI TEAS Science Practice Test","pillarPages/nursing-entrance-exam/subPages/yrdSf0KpOcuybL1SLnw7/nestedSubPages/uJVUx7wiwgxZ5HPJXNkV/quizzes/PZcRFfW9egi6tu4on6wi","pillarPages/nursing-entrance-exam/subPages/yrdSf0KpOcuybL1SLnw7/nestedSubPages/uJVUx7wiwgxZ5HPJXNkV/quizzes/UvEuW1Z0fRO17XHXu1x2"
"1.000","TEAS Science Practice Test Set 3","TEAS Science Practice Test Set 6","teas-science-practice-test-set-3","teas-science-practice-test-set-6","ATI TEAS 7 > ATI TEAS Science Practice Test","ATI TEAS 7 > ATI TEAS Science Practice Test","pillarPages/nursing-entrance-exam/subPages/yrdSf0KpOcuybL1SLnw7/nestedSubPages/uJVUx7wiwgxZ5HPJXNkV/quizzes/PZcRFfW9egi6tu4on6wi","pillarPages/nursing-entrance-exam/subPages/yrdSf0KpOcuybL1SLnw7/nestedSubPages/uJVUx7wiwgxZ5HPJXNkV/quizzes/XpcEyjkwv0v5BgqypxxZ"
"1.000","TEAS Science Practice Test Set 3","TEAS Science Practice Test Set 16","teas-science-practice-test-set-3","teas-science-practice-test-set-16","ATI TEAS 7 > ATI TEAS Science Practice Test","ATI TEAS 7 > ATI TEAS Science Practice Test","pillarPages/nursing-entrance-exam/subPages/yrdSf0KpOcuybL1SLnw7/nestedSubPages/uJVUx7wiwgxZ5HPJXNkV/quizzes/PZcRFfW9egi6tu4on6wi","pillarPages/nursing-entrance-exam/subPages/yrdSf0KpOcuybL1SLnw7/nestedSubPages/uJVUx7wiwgxZ5HPJXNkV/quizzes/ZbYXynRJRw9OmOPqbrnE"
"1.000","TEAS Science Practice Test Set 3","TEAS Science Practice Test Set 12","teas-science-practice-test-set-3","teas-science-practice-test-set-12","ATI TEAS 7 > ATI TEAS Science Practice Test","ATI TEAS 7 > ATI TEAS Science Practice Test","pillarPages/nursing-entrance-exam/subPages/yrdSf0KpOcuybL1SLnw7/nestedSubPages/uJVUx7wiwgxZ5HPJXNkV/quizzes/PZcRFfW9egi6tu4on6wi","pillarPages/nursing-entrance-exam/subPages/yrdSf0KpOcuybL1SLnw7/nestedSubPages/uJVUx7wiwgxZ5HPJXNkV/quizzes/blek3a3uvnkK43zakrtQ"
"1.000","TEAS Science Practice Test Set 3","TEAS Science Practice Test Set 7","teas-science-practice-test-set-3","teas-science-practice-test-set-7","ATI TEAS 7 > ATI TEAS Science Practice Test","ATI TEAS 7 > ATI TEAS Science Practice Test","pillarPages/nursing-entrance-exam/subPages/yrdSf0KpOcuybL1SLnw7/nestedSubPages/uJVUx7wiwgxZ5HPJXNkV/quizzes/PZcRFfW9egi6tu4on6wi","pillarPages/nursing-entrance-exam/subPages/yrdSf0KpOcuybL1SLnw7/nestedSubPages/uJVUx7wiwgxZ5HPJXNkV/quizzes/gtuKle3JV8tjfVgkJyUM"
"1.000","TEAS Science Practice Test Set 3","TEAS Science Practice Test Set 2","teas-science-practice-test-set-3","teas-science-practice-test-set-2","ATI TEAS 7 > ATI TEAS Science Practice Test","ATI TEAS 7 > ATI TEAS Science Practice Test","pillarPages/nursing-entrance-exam/subPages/yrdSf0KpOcuybL1SLnw7/nestedSubPages/uJVUx7wiwgxZ5HPJXNkV/quizzes/PZcRFfW9egi6tu4on6wi","pillarPages/nursing-entrance-exam/subPages/yrdSf0KpOcuybL1SLnw7/nestedSubPages/uJVUx7wiwgxZ5HPJXNkV/quizzes/uATEJmnYDUxhccUtLq5m"
"1.000","TEAS Science Practice Test Set 3","TEAS Science Practice Test Set 15","teas-science-practice-test-set-3","teas-science-practice-test-set-15","ATI TEAS 7 > ATI TEAS Science Practice Test","ATI TEAS 7 > ATI TEAS Science Practice Test","pillarPages/nursing-entrance-exam/subPages/yrdSf0KpOcuybL1SLnw7/nestedSubPages/uJVUx7wiwgxZ5HPJXNkV/quizzes/PZcRFfW9egi6tu4on6wi","pillarPages/nursing-entrance-exam/subPages/yrdSf0KpOcuybL1SLnw7/nestedSubPages/uJVUx7wiwgxZ5HPJXNkV/quizzes/uMOXcJU1m3JgCidP4eSJ"
"1.000","TEAS Science Practice Test Set 3","TEAS Science Practice Test Set 8","teas-science-practice-test-set-3","teas-science-practice-test-set-8","ATI TEAS 7 > ATI TEAS Science Practice Test","ATI TEAS 7 > ATI TEAS Science Practice Test","pillarPages/nursing-entrance-exam/subPages/yrdSf0KpOcuybL1SLnw7/nestedSubPages/uJVUx7wiwgxZ5HPJXNkV/quizzes/PZcRFfW9egi6tu4on6wi","pillarPages/nursing-entrance-exam/subPages/yrdSf0KpOcuybL1SLnw7/nestedSubPages/uJVUx7wiwgxZ5HPJXNkV/quizzes/umNkptw2XbbrjGNSsyt0"
"1.000","TEAS Science Practice Test Set 3","TEAS Science Practice Test Set 14","teas-science-practice-test-set-3","teas-science-practice-test-set-14","ATI TEAS 7 > ATI TEAS Science Practice Test","ATI TEAS 7 > ATI TEAS Science Practice Test","pillarPages/nursing-entrance-exam/subPages/yrdSf0KpOcuybL1SLnw7/nestedSubPages/uJVUx7wiwgxZ5HPJXNkV/quizzes/PZcRFfW9egi6tu4on6wi","pillarPages/nursing-entrance-exam/subPages/yrdSf0KpOcuybL1SLnw7/nestedSubPages/uJVUx7wiwgxZ5HPJXNkV/quizzes/ws1uYtDiQROAfJCXe0nY"
"1.000","TEAS Science Practice Test Set 6","TEAS Science Practice Test Set 16","teas-science-practice-test-set-6","teas-science-practice-test-set-16","ATI TEAS 7 > ATI TEAS Science Practice Test","ATI TEAS 7 > ATI TEAS Science Practice Test","pillarPages/nursing-entrance-exam/subPages/yrdSf0KpOcuybL1SLnw7/nestedSubPages/uJVUx7wiwgxZ5HPJXNkV/quizzes/XpcEyjkwv0v5BgqypxxZ","pillarPages/nursing-entrance-exam/subPages/yrdSf0KpOcuybL1SLnw7/nestedSubPages/uJVUx7wiwgxZ5HPJXNkV/quizzes/ZbYXynRJRw9OmOPqbrnE"
"1.000","TEAS Science Practice Test Set 6","TEAS Science Practice Test Set 12","teas-science-practice-test-set-6","teas-science-practice-test-set-12","ATI TEAS 7 > ATI TEAS Science Practice Test","ATI TEAS 7 > ATI TEAS Science Practice Test","pillarPages/nursing-entrance-exam/subPages/yrdSf0KpOcuybL1SLnw7/nestedSubPages/uJVUx7wiwgxZ5HPJXNkV/quizzes/XpcEyjkwv0v5BgqypxxZ","pillarPages/nursing-entrance-exam/subPages/yrdSf0KpOcuybL1SLnw7/nestedSubPages/uJVUx7wiwgxZ5HPJXNkV/quizzes/blek3a3uvnkK43zakrtQ"
"1.000","TEAS Science Practice Test Set 6","TEAS Science Practice Test Set 7","teas-science-practice-test-set-6","teas-science-practice-test-set-7","ATI TEAS 7 > ATI TEAS Science Practice Test","ATI TEAS 7 > ATI TEAS Science Practice Test","pillarPages/nursing-entrance-exam/subPages/yrdSf0KpOcuybL1SLnw7/nestedSubPages/uJVUx7wiwgxZ5HPJXNkV/quizzes/XpcEyjkwv0v5BgqypxxZ","pillarPages/nursing-entrance-exam/subPages/yrdSf0KpOcuybL1SLnw7/nestedSubPages/uJVUx7wiwgxZ5HPJXNkV/quizzes/gtuKle3JV8tjfVgkJyUM"
"1.000","TEAS Science Practice Test Set 6","TEAS Science Practice Test Set 2","teas-science-practice-test-set-6","teas-science-practice-test-set-2","ATI TEAS 7 > ATI TEAS Science Practice Test","ATI TEAS 7 > ATI TEAS Science Practice Test","pillarPages/nursing-entrance-exam/subPages/yrdSf0KpOcuybL1SLnw7/nestedSubPages/uJVUx7wiwgxZ5HPJXNkV/quizzes/XpcEyjkwv0v5BgqypxxZ","pillarPages/nursing-entrance-exam/subPages/yrdSf0KpOcuybL1SLnw7/nestedSubPages/uJVUx7wiwgxZ5HPJXNkV/quizzes/uATEJmnYDUxhccUtLq5m"
"1.000","TEAS Science Practice Test Set 6","TEAS Science Practice Test Set 15","teas-science-practice-test-set-6","teas-science-practice-test-set-15","ATI TEAS 7 > ATI TEAS Science Practice Test","ATI TEAS 7 > ATI TEAS Science Practice Test","pillarPages/nursing-entrance-exam/subPages/yrdSf0KpOcuybL1SLnw7/nestedSubPages/uJVUx7wiwgxZ5HPJXNkV/quizzes/XpcEyjkwv0v5BgqypxxZ","pillarPages/nursing-entrance-exam/subPages/yrdSf0KpOcuybL1SLnw7/nestedSubPages/uJVUx7wiwgxZ5HPJXNkV/quizzes/uMOXcJU1m3JgCidP4eSJ"
"1.000","TEAS Science Practice Test Set 6","TEAS Science Practice Test Set 8","teas-science-practice-test-set-6","teas-science-practice-test-set-8","ATI TEAS 7 > ATI TEAS Science Practice Test","ATI TEAS 7 > ATI TEAS Science Practice Test","pillarPages/nursing-entrance-exam/subPages/yrdSf0KpOcuybL1SLnw7/nestedSubPages/uJVUx7wiwgxZ5HPJXNkV/quizzes/XpcEyjkwv0v5BgqypxxZ","pillarPages/nursing-entrance-exam/subPages/yrdSf0KpOcuybL1SLnw7/nestedSubPages/uJVUx7wiwgxZ5HPJXNkV/quizzes/umNkptw2XbbrjGNSsyt0"
"1.000","TEAS Science Practice Test Set 6","TEAS Science Practice Test Set 14","teas-science-practice-test-set-6","teas-science-practice-test-set-14","ATI TEAS 7 > ATI TEAS Science Practice Test","ATI TEAS 7 > ATI TEAS Science Practice Test","pillarPages/nursing-entrance-exam/subPages/yrdSf0KpOcuybL1SLnw7/nestedSubPages/uJVUx7wiwgxZ5HPJXNkV/quizzes/XpcEyjkwv0v5BgqypxxZ","pillarPages/nursing-entrance-exam/subPages/yrdSf0KpOcuybL1SLnw7/nestedSubPages/uJVUx7wiwgxZ5HPJXNkV/quizzes/ws1uYtDiQROAfJCXe0nY"
"1.000","TEAS Science Practice Test Set 7","TEAS Science Practice Test Set 2","teas-science-practice-test-set-7","teas-science-practice-test-set-2","ATI TEAS 7 > ATI TEAS Science Practice Test","ATI TEAS 7 > ATI TEAS Science Practice Test","pillarPages/nursing-entrance-exam/subPages/yrdSf0KpOcuybL1SLnw7/nestedSubPages/uJVUx7wiwgxZ5HPJXNkV/quizzes/gtuKle3JV8tjfVgkJyUM","pillarPages/nursing-entrance-exam/subPages/yrdSf0KpOcuybL1SLnw7/nestedSubPages/uJVUx7wiwgxZ5HPJXNkV/quizzes/uATEJmnYDUxhccUtLq5m"
"1.000","TEAS Science Practice Test Set 7","TEAS Science Practice Test Set 15","teas-science-practice-test-set-7","teas-science-practice-test-set-15","ATI TEAS 7 > ATI TEAS Science Practice Test","ATI TEAS 7 > ATI TEAS Science Practice Test","pillarPages/nursing-entrance-exam/subPages/yrdSf0KpOcuybL1SLnw7/nestedSubPages/uJVUx7wiwgxZ5HPJXNkV/quizzes/gtuKle3JV8tjfVgkJyUM","pillarPages/nursing-entrance-exam/subPages/yrdSf0KpOcuybL1SLnw7/nestedSubPages/uJVUx7wiwgxZ5HPJXNkV/quizzes/uMOXcJU1m3JgCidP4eSJ"
"1.000","TEAS Science Practice Test Set 7","TEAS Science Practice Test Set 8","teas-science-practice-test-set-7","teas-science-practice-test-set-8","ATI TEAS 7 > ATI TEAS Science Practice Test","ATI TEAS 7 > ATI TEAS Science Practice Test","pillarPages/nursing-entrance-exam/subPages/yrdSf0KpOcuybL1SLnw7/nestedSubPages/uJVUx7wiwgxZ5HPJXNkV/quizzes/gtuKle3JV8tjfVgkJyUM","pillarPages/nursing-entrance-exam/subPages/yrdSf0KpOcuybL1SLnw7/nestedSubPages/uJVUx7wiwgxZ5HPJXNkV/quizzes/umNkptw2XbbrjGNSsyt0"
"1.000","TEAS Science Practice Test Set 7","TEAS Science Practice Test Set 14","teas-science-practice-test-set-7","teas-science-practice-test-set-14","ATI TEAS 7 > ATI TEAS Science Practice Test","ATI TEAS 7 > ATI TEAS Science Practice Test","pillarPages/nursing-entrance-exam/subPages/yrdSf0KpOcuybL1SLnw7/nestedSubPages/uJVUx7wiwgxZ5HPJXNkV/quizzes/gtuKle3JV8tjfVgkJyUM","pillarPages/nursing-entrance-exam/subPages/yrdSf0KpOcuybL1SLnw7/nestedSubPages/uJVUx7wiwgxZ5HPJXNkV/quizzes/ws1uYtDiQROAfJCXe0nY"
"1.000","TEAS Science Practice Test Set 8","TEAS Science Practice Test Set 14","teas-science-practice-test-set-8","teas-science-practice-test-set-14","ATI TEAS 7 > ATI TEAS Science Practice Test","ATI TEAS 7 > ATI TEAS Science Practice Test","pillarPages/nursing-entrance-exam/subPages/yrdSf0KpOcuybL1SLnw7/nestedSubPages/uJVUx7wiwgxZ5HPJXNkV/quizzes/umNkptw2XbbrjGNSsyt0","pillarPages/nursing-entrance-exam/subPages/yrdSf0KpOcuybL1SLnw7/nestedSubPages/uJVUx7wiwgxZ5HPJXNkV/quizzes/ws1uYtDiQROAfJCXe0nY"
"1.000","TEAS Science Practice Test Set 9","TEAS Science Practice Test Set 10","teas-science-practice-test-set-9","teas-science-practice-test-set-10","ATI TEAS 7 > ATI TEAS Science Practice Test","ATI TEAS 7 > ATI TEAS Science Practice Test","pillarPages/nursing-entrance-exam/subPages/yrdSf0KpOcuybL1SLnw7/nestedSubPages/uJVUx7wiwgxZ5HPJXNkV/quizzes/5Vp0mXJvZRYH8qzeugav","pillarPages/nursing-entrance-exam/subPages/yrdSf0KpOcuybL1SLnw7/nestedSubPages/uJVUx7wiwgxZ5HPJXNkV/quizzes/ETBx9CBxxtElsMiUWr2r"
"1.000","TEAS Science Practice Test Set 9","TEAS Science Practice Test Set 11","teas-science-practice-test-set-9","teas-science-practice-test-set-11","ATI TEAS 7 > ATI TEAS Science Practice Test","ATI TEAS 7 > ATI TEAS Science Practice Test","pillarPages/nursing-entrance-exam/subPages/yrdSf0KpOcuybL1SLnw7/nestedSubPages/uJVUx7wiwgxZ5HPJXNkV/quizzes/5Vp0mXJvZRYH8qzeugav","pillarPages/nursing-entrance-exam/subPages/yrdSf0KpOcuybL1SLnw7/nestedSubPages/uJVUx7wiwgxZ5HPJXNkV/quizzes/NOu29y5q7Cm459xGO6J4"
"1.000","TEAS Science Practice Test Set 9","TEAS Science Practice Test Set 3","teas-science-practice-test-set-9","teas-science-practice-test-set-3","ATI TEAS 7 > ATI TEAS Science Practice Test","ATI TEAS 7 > ATI TEAS Science Practice Test","pillarPages/nursing-entrance-exam/subPages/yrdSf0KpOcuybL1SLnw7/nestedSubPages/uJVUx7wiwgxZ5HPJXNkV/quizzes/5Vp0mXJvZRYH8qzeugav","pillarPages/nursing-entrance-exam/subPages/yrdSf0KpOcuybL1SLnw7/nestedSubPages/uJVUx7wiwgxZ5HPJXNkV/quizzes/PZcRFfW9egi6tu4on6wi"
"1.000","TEAS Science Practice Test Set 9","TEAS Science Practice Test Set 1","teas-science-practice-test-set-9","teas-science-practice-test-set-1","ATI TEAS 7 > ATI TEAS Science Practice Test","ATI TEAS 7 > ATI TEAS Science Practice Test","pillarPages/nursing-entrance-exam/subPages/yrdSf0KpOcuybL1SLnw7/nestedSubPages/uJVUx7wiwgxZ5HPJXNkV/quizzes/5Vp0mXJvZRYH8qzeugav","pillarPages/nursing-entrance-exam/subPages/yrdSf0KpOcuybL1SLnw7/nestedSubPages/uJVUx7wiwgxZ5HPJXNkV/quizzes/UvEuW1Z0fRO17XHXu1x2"
"1.000","TEAS Science Practice Test Set 9","TEAS Science Practice Test Set 6","teas-science-practice-test-set-9","teas-science-practice-test-set-6","ATI TEAS 7 > ATI TEAS Science Practice Test","ATI TEAS 7 > ATI TEAS Science Practice Test","pillarPages/nursing-entrance-exam/subPages/yrdSf0KpOcuybL1SLnw7/nestedSubPages/uJVUx7wiwgxZ5HPJXNkV/quizzes/5Vp0mXJvZRYH8qzeugav","pillarPages/nursing-entrance-exam/subPages/yrdSf0KpOcuybL1SLnw7/nestedSubPages/uJVUx7wiwgxZ5HPJXNkV/quizzes/XpcEyjkwv0v5BgqypxxZ"
"1.000","TEAS Science Practice Test Set 9","TEAS Science Practice Test Set 16","teas-science-practice-test-set-9","teas-science-practice-test-set-16","ATI TEAS 7 > ATI TEAS Science Practice Test","ATI TEAS 7 > ATI TEAS Science Practice Test","pillarPages/nursing-entrance-exam/subPages/yrdSf0KpOcuybL1SLnw7/nestedSubPages/uJVUx7wiwgxZ5HPJXNkV/quizzes/5Vp0mXJvZRYH8qzeugav","pillarPages/nursing-entrance-exam/subPages/yrdSf0KpOcuybL1SLnw7/nestedSubPages/uJVUx7wiwgxZ5HPJXNkV/quizzes/ZbYXynRJRw9OmOPqbrnE"
"1.000","TEAS Science Practice Test Set 9","TEAS Science Practice Test Set 12","teas-science-practice-test-set-9","teas-science-practice-test-set-12","ATI TEAS 7 > ATI TEAS Science Practice Test","ATI TEAS 7 > ATI TEAS Science Practice Test","pillarPages/nursing-entrance-exam/subPages/yrdSf0KpOcuybL1SLnw7/nestedSubPages/uJVUx7wiwgxZ5HPJXNkV/quizzes/5Vp0mXJvZRYH8qzeugav","pillarPages/nursing-entrance-exam/subPages/yrdSf0KpOcuybL1SLnw7/nestedSubPages/uJVUx7wiwgxZ5HPJXNkV/quizzes/blek3a3uvnkK43zakrtQ"
"1.000","TEAS Science Practice Test Set 9","TEAS Science Practice Test Set 7","teas-science-practice-test-set-9","teas-science-practice-test-set-7","ATI TEAS 7 > ATI TEAS Science Practice Test","ATI TEAS 7 > ATI TEAS Science Practice Test","pillarPages/nursing-entrance-exam/subPages/yrdSf0KpOcuybL1SLnw7/nestedSubPages/uJVUx7wiwgxZ5HPJXNkV/quizzes/5Vp0mXJvZRYH8qzeugav","pillarPages/nursing-entrance-exam/subPages/yrdSf0KpOcuybL1SLnw7/nestedSubPages/uJVUx7wiwgxZ5HPJXNkV/quizzes/gtuKle3JV8tjfVgkJyUM"
"1.000","TEAS Science Practice Test Set 9","TEAS Science Practice Test Set 2","teas-science-practice-test-set-9","teas-science-practice-test-set-2","ATI TEAS 7 > ATI TEAS Science Practice Test","ATI TEAS 7 > ATI TEAS Science Practice Test","pillarPages/nursing-entrance-exam/subPages/yrdSf0KpOcuybL1SLnw7/nestedSubPages/uJVUx7wiwgxZ5HPJXNkV/quizzes/5Vp0mXJvZRYH8qzeugav","pillarPages/nursing-entrance-exam/subPages/yrdSf0KpOcuybL1SLnw7/nestedSubPages/uJVUx7wiwgxZ5HPJXNkV/quizzes/uATEJmnYDUxhccUtLq5m"
"1.000","TEAS Science Practice Test Set 9","TEAS Science Practice Test Set 15","teas-science-practice-test-set-9","teas-science-practice-test-set-15","ATI TEAS 7 > ATI TEAS Science Practice Test","ATI TEAS 7 > ATI TEAS Science Practice Test","pillarPages/nursing-entrance-exam/subPages/yrdSf0KpOcuybL1SLnw7/nestedSubPages/uJVUx7wiwgxZ5HPJXNkV/quizzes/5Vp0mXJvZRYH8qzeugav","pillarPages/nursing-entrance-exam/subPages/yrdSf0KpOcuybL1SLnw7/nestedSubPages/uJVUx7wiwgxZ5HPJXNkV/quizzes/uMOXcJU1m3JgCidP4eSJ"
"1.000","TEAS Science Practice Test Set 9","TEAS Science Practice Test Set 8","teas-science-practice-test-set-9","teas-science-practice-test-set-8","ATI TEAS 7 > ATI TEAS Science Practice Test","ATI TEAS 7 > ATI TEAS Science Practice Test","pillarPages/nursing-entrance-exam/subPages/yrdSf0KpOcuybL1SLnw7/nestedSubPages/uJVUx7wiwgxZ5HPJXNkV/quizzes/5Vp0mXJvZRYH8qzeugav","pillarPages/nursing-entrance-exam/subPages/yrdSf0KpOcuybL1SLnw7/nestedSubPages/uJVUx7wiwgxZ5HPJXNkV/quizzes/umNkptw2XbbrjGNSsyt0"
"1.000","TEAS Science Practice Test Set 9","TEAS Science Practice Test Set 14","teas-science-practice-test-set-9","teas-science-practice-test-set-14","ATI TEAS 7 > ATI TEAS Science Practice Test","ATI TEAS 7 > ATI TEAS Science Practice Test","pillarPages/nursing-entrance-exam/subPages/yrdSf0KpOcuybL1SLnw7/nestedSubPages/uJVUx7wiwgxZ5HPJXNkV/quizzes/5Vp0mXJvZRYH8qzeugav","pillarPages/nursing-entrance-exam/subPages/yrdSf0KpOcuybL1SLnw7/nestedSubPages/uJVUx7wiwgxZ5HPJXNkV/quizzes/ws1uYtDiQROAfJCXe0nY"
"1.000","VATI ATI Comprehensive Predictor 2023 Proctored Exam","VATI PN Comprehensive Predictor 2020 Proctored Exam","vati-ati-comprehensive-predictor-2023-proctored-exam","vati-pn-comprehensive-predictor-2020-proctored-exam","RN Exams > ATI","LPN Exams > ATI","pillarPages/nursing-exit-exam/subPages/S4vSoa5bxDgZ1L5kLOJe/nestedSubPages/QsMAv9L9bzYoFjgdfKgH/quizzes/rw8qWNY44gw9BYs2tD6N","pillarPages/nursing-exit-exam/subPages/nkXaaMfkkbvjmrSRwtVq/nestedSubPages/ShdTxCRHYWbhmGg06Sgw/quizzes/qjOgIh4lCH9JhxsoZg9x"
"1.000","WGU HESI RN Dosage Calculation Proctored Exam Practice Questions","HESI RN Dosage Calculation WGU Proctored Exam Practice Questions","wgu-hesi-rn-dosage-calculation-proctored-exam-practice-questions","hesi-rn-dosage-calculation-wgu-proctored-exam-practice-questions","RN Exams > HESI RN Exams > Dosage Calculations","RN Exams > HESI RN Exams > Dosage Calculations","pillarPages/nursing-test-bank/subPages/SuT1noZoNGEjKGR1vTbi/nestedSubPages/iT55qp9NAFOvZLBAiQzC/topics/dfRlrdGOvpDhVVXIqa0H/quizzes/17Z1HkCyEz2VncRiHgJt","pillarPages/nursing-test-bank/subPages/SuT1noZoNGEjKGR1vTbi/nestedSubPages/iT55qp9NAFOvZLBAiQzC/topics/dfRlrdGOvpDhVVXIqa0H/quizzes/41W9jpEeZxMQyMGRZ9Lg"
"1.000","WGU Pathophysiology Proctored Exam Practice Questions - Set 18","WGU Pathophysiology Proctored Exam Practice Questions - Set 9","wgu-pathophysiology-proctored-exam-practice-questions-set-18","wgu-pathophysiology-proctored-exam-practice-questions-set-9","RN Exams > RN Nursing Course Exams > Pathophysiology","RN Exams > RN Nursing Course Exams > Pathophysiology","pillarPages/nursing-test-bank/subPages/SuT1noZoNGEjKGR1vTbi/nestedSubPages/zMFBI0XMiRsJnnXWhL5S/topics/KyUeIK7zxUi2K91H84Bj/quizzes/eoxvBnBQI6hdzIrkCEbo","pillarPages/nursing-test-bank/subPages/SuT1noZoNGEjKGR1vTbi/nestedSubPages/zMFBI0XMiRsJnnXWhL5S/topics/KyUeIK7zxUi2K91H84Bj/quizzes/poiZC80zhEt3J4cbY0fl"
